Copyright 1986-2022 Xilinx, Inc. All Rights Reserved. Copyright 2022-2024 Advanced Micro Devices, Inc. All Rights Reserved.
---------------------------------------------------------------------------------------------------------------------------------------------------------------------------------------------------------
| Tool Version : Vivado v.2024.2 (win64) Build 5239630 Fri Nov 08 22:35:27 MST 2024
| Date         : Fri Apr  3 12:21:52 2026
| Host         : C27-5CG3123P67 running 64-bit major release  (build 9200)
| Command      : report_timing_summary -max_paths 10 -report_unconstrained -file Lab4_timing_summary_routed.rpt -pb Lab4_timing_summary_routed.pb -rpx Lab4_timing_summary_routed.rpx -warn_on_violation
| Design       : Lab4
| Device       : 7a200t-sbg484
| Speed File   : -1  PRODUCTION 1.23 2018-06-13
| Design State : Routed
---------------------------------------------------------------------------------------------------------------------------------------------------------------------------------------------------------

Timing Summary Report

------------------------------------------------------------------------------------------------
| Timer Settings
| --------------
------------------------------------------------------------------------------------------------

  Enable Multi Corner Analysis               :  Yes
  Enable Pessimism Removal                   :  Yes
  Pessimism Removal Resolution               :  Nearest Common Node
  Enable Input Delay Default Clock           :  No
  Enable Preset / Clear Arcs                 :  No
  Disable Flight Delays                      :  No
  Ignore I/O Paths                           :  No
  Timing Early Launch at Borrowing Latches   :  No
  Borrow Time for Max Delay Exceptions       :  Yes
  Merge Timing Exceptions                    :  Yes
  Inter-SLR Compensation                     :  Conservative

  Corner  Analyze    Analyze    
  Name    Max Paths  Min Paths  
  ------  ---------  ---------  
  Slow    Yes        Yes        
  Fast    Yes        Yes        


------------------------------------------------------------------------------------------------
| Report Methodology
| ------------------
------------------------------------------------------------------------------------------------

Rule       Severity          Description                                        Violations  
---------  ----------------  -------------------------------------------------  ----------  
TIMING-17  Critical Warning  Non-clocked sequential cell                        103         
TIMING-27  Critical Warning  Invalid primary clock on hierarchical pin          1           
LUTAR-1    Warning           LUT drives async reset alert                       3           
TIMING-20  Warning           Non-clocked latch                                  3           
XDCC-2     Warning           Scoped Non-Timing constraint/property overwritten  1           
LATCH-1    Advisory          Existing latches in the design                     1           

Note: This report is based on the most recent report_methodology run and may not be up-to-date. Run report_methodology on the current design for the latest report.



check_timing report

Table of Contents
-----------------
1. checking no_clock (112)
2. checking constant_clock (0)
3. checking pulse_width_clock (0)
4. checking unconstrained_internal_endpoints (225)
5. checking no_input_delay (9)
6. checking no_output_delay (5)
7. checking multiple_clock (0)
8. checking generated_clocks (0)
9. checking loops (0)
10. checking partial_input_delay (0)
11. checking partial_output_delay (0)
12. checking latch_loops (0)

1. checking no_clock (112)
--------------------------
 There are 103 register/latch pins with no clock driven by root clock pin: clk (HIGH)

 There is 1 register/latch pin with no clock driven by root clock pin: Audio_Codec/ready_sig_reg/Q (HIGH)

 There are 2 register/latch pins with no clock driven by root clock pin: CU/state_reg[0]/Q (HIGH)

 There are 3 register/latch pins with no clock driven by root clock pin: CU/state_reg[1]/Q (HIGH)

 There are 3 register/latch pins with no clock driven by root clock pin: CU/state_reg[2]/Q (HIGH)


2. checking constant_clock (0)
------------------------------
 There are 0 register/latch pins with constant_clock.


3. checking pulse_width_clock (0)
---------------------------------
 There are 0 register/latch pins which need pulse_width check


4. checking unconstrained_internal_endpoints (225)
--------------------------------------------------
 There are 225 pins that are not constrained for maximum delay. (HIGH)

 There are 0 pins that are not constrained for maximum delay due to constant clock.


5. checking no_input_delay (9)
------------------------------
 There are 9 input ports with no input delay specified. (HIGH)

 There are 0 input ports with no input delay but user has a false path constraint.


6. checking no_output_delay (5)
-------------------------------
 There are 5 ports with no output delay specified. (HIGH)

 There are 0 ports with no output delay but user has a false path constraint

 There are 0 ports with no output delay but with a timing clock defined on it or propagating through it


7. checking multiple_clock (0)
------------------------------
 There are 0 register/latch pins with multiple clocks.


8. checking generated_clocks (0)
--------------------------------
 There are 0 generated clocks that are not connected to a clock source.


9. checking loops (0)
---------------------
 There are 0 combinational loops in the design.


10. checking partial_input_delay (0)
------------------------------------
 There are 0 input ports with partial input delay specified.


11. checking partial_output_delay (0)
-------------------------------------
 There are 0 ports with partial output delay specified.


12. checking latch_loops (0)
----------------------------
 There are 0 combinational latch loops in the design through latch input



------------------------------------------------------------------------------------------------
| Design Timing Summary
| ---------------------
------------------------------------------------------------------------------------------------

    WNS(ns)      TNS(ns)  TNS Failing Endpoints  TNS Total Endpoints      WHS(ns)      THS(ns)  THS Failing Endpoints  THS Total Endpoints     WPWS(ns)     TPWS(ns)  TPWS Failing Endpoints  TPWS Total Endpoints  
    -------      -------  ---------------------  -------------------      -------      -------  ---------------------  -------------------     --------     --------  ----------------------  --------------------  
     13.693        0.000                      0                  204        0.156        0.000                      0                  204        3.000        0.000                       0                   123  


All user specified timing constraints are met.


------------------------------------------------------------------------------------------------
| Clock Summary
| -------------
------------------------------------------------------------------------------------------------

Clock                                             Waveform(ns)       Period(ns)      Frequency(MHz)
-----                                             ------------       ----------      --------------
Audio_Codec/audiocodec_master_clock/inst/clk_in1  {0.000 5.000}      10.000          100.000         
  clk_out1_clk_wiz_0                              {0.000 40.687}     81.375          12.289          
  clk_out2_clk_wiz_0                              {0.000 10.000}     20.000          50.000          
  clkfbout_clk_wiz_0                              {0.000 5.000}      10.000          100.000         


------------------------------------------------------------------------------------------------
| Intra Clock Table
| -----------------
------------------------------------------------------------------------------------------------

Clock                                                 WNS(ns)      TNS(ns)  TNS Failing Endpoints  TNS Total Endpoints      WHS(ns)      THS(ns)  THS Failing Endpoints  THS Total Endpoints     WPWS(ns)     TPWS(ns)  TPWS Failing Endpoints  TPWS Total Endpoints  
-----                                                 -------      -------  ---------------------  -------------------      -------      -------  ---------------------  -------------------     --------     --------  ----------------------  --------------------  
Audio_Codec/audiocodec_master_clock/inst/clk_in1                                                                                                                                                    3.000        0.000                       0                     1  
  clk_out1_clk_wiz_0                                                                                                                                                                               79.220        0.000                       0                     2  
  clk_out2_clk_wiz_0                                   13.693        0.000                      0                  204        0.156        0.000                      0                  204        9.500        0.000                       0                   117  
  clkfbout_clk_wiz_0                                                                                                                                                                                7.845        0.000                       0                     3  


------------------------------------------------------------------------------------------------
| Inter Clock Table
| -----------------
------------------------------------------------------------------------------------------------

From Clock    To Clock          WNS(ns)      TNS(ns)  TNS Failing Endpoints  TNS Total Endpoints      WHS(ns)      THS(ns)  THS Failing Endpoints  THS Total Endpoints  
----------    --------          -------      -------  ---------------------  -------------------      -------      -------  ---------------------  -------------------  


------------------------------------------------------------------------------------------------
| Other Path Groups Table
| -----------------------
------------------------------------------------------------------------------------------------

Path Group    From Clock    To Clock          WNS(ns)      TNS(ns)  TNS Failing Endpoints  TNS Total Endpoints      WHS(ns)      THS(ns)  THS Failing Endpoints  THS Total Endpoints  
----------    ----------    --------          -------      -------  ---------------------  -------------------      -------      -------  ---------------------  -------------------  


------------------------------------------------------------------------------------------------
| User Ignored Path Table
| -----------------------
------------------------------------------------------------------------------------------------

Path Group    From Clock    To Clock    
----------    ----------    --------    


------------------------------------------------------------------------------------------------
| Unconstrained Path Table
| ------------------------
------------------------------------------------------------------------------------------------

Path Group          From Clock          To Clock          
----------          ----------          --------          
(none)                                                      
(none)              clk_out1_clk_wiz_0                      
(none)              clk_out2_clk_wiz_0                      
(none)              clkfbout_clk_wiz_0                      
(none)                                  clk_out2_clk_wiz_0  


------------------------------------------------------------------------------------------------
| Timing Details
| --------------
------------------------------------------------------------------------------------------------


---------------------------------------------------------------------------------------------------
From Clock:  Audio_Codec/audiocodec_master_clock/inst/clk_in1
  To Clock:  Audio_Codec/audiocodec_master_clock/inst/clk_in1

Setup :           NA  Failing Endpoints,  Worst Slack           NA  ,  Total Violation           NA
Hold  :           NA  Failing Endpoints,  Worst Slack           NA  ,  Total Violation           NA
PW    :            0  Failing Endpoints,  Worst Slack        3.000ns,  Total Violation        0.000ns
---------------------------------------------------------------------------------------------------


Pulse Width Checks
--------------------------------------------------------------------------------------
Clock Name:         Audio_Codec/audiocodec_master_clock/inst/clk_in1
Waveform(ns):       { 0.000 5.000 }
Period(ns):         10.000
Sources:            { Audio_Codec/audiocodec_master_clock/inst/clk_in1 }

Check Type        Corner  Lib Pin            Reference Pin  Required(ns)  Actual(ns)  Slack(ns)  Location         Pin
Min Period        n/a     MMCME2_ADV/CLKIN1  n/a            1.249         10.000      8.751      MMCME2_ADV_X1Y0  Audio_Codec/audiocodec_master_clock/inst/mmcm_adv_inst/CLKIN1
Max Period        n/a     MMCME2_ADV/CLKIN1  n/a            100.000       10.000      90.000     MMCME2_ADV_X1Y0  Audio_Codec/audiocodec_master_clock/inst/mmcm_adv_inst/CLKIN1
Low Pulse Width   Slow    MMCME2_ADV/CLKIN1  n/a            2.000         5.000       3.000      MMCME2_ADV_X1Y0  Audio_Codec/audiocodec_master_clock/inst/mmcm_adv_inst/CLKIN1
Low Pulse Width   Fast    MMCME2_ADV/CLKIN1  n/a            2.000         5.000       3.000      MMCME2_ADV_X1Y0  Audio_Codec/audiocodec_master_clock/inst/mmcm_adv_inst/CLKIN1
High Pulse Width  Slow    MMCME2_ADV/CLKIN1  n/a            2.000         5.000       3.000      MMCME2_ADV_X1Y0  Audio_Codec/audiocodec_master_clock/inst/mmcm_adv_inst/CLKIN1
High Pulse Width  Fast    MMCME2_ADV/CLKIN1  n/a            2.000         5.000       3.000      MMCME2_ADV_X1Y0  Audio_Codec/audiocodec_master_clock/inst/mmcm_adv_inst/CLKIN1



---------------------------------------------------------------------------------------------------
From Clock:  clk_out1_clk_wiz_0
  To Clock:  clk_out1_clk_wiz_0

Setup :           NA  Failing Endpoints,  Worst Slack           NA  ,  Total Violation           NA
Hold  :           NA  Failing Endpoints,  Worst Slack           NA  ,  Total Violation           NA
PW    :            0  Failing Endpoints,  Worst Slack       79.220ns,  Total Violation        0.000ns
---------------------------------------------------------------------------------------------------


Pulse Width Checks
--------------------------------------------------------------------------------------
Clock Name:         clk_out1_clk_wiz_0
Waveform(ns):       { 0.000 40.688 }
Period(ns):         81.375
Sources:            { Audio_Codec/audiocodec_master_clock/inst/mmcm_adv_inst/CLKOUT0 }

Check Type  Corner  Lib Pin             Reference Pin  Required(ns)  Actual(ns)  Slack(ns)  Location         Pin
Min Period  n/a     BUFG/I              n/a            2.155         81.375      79.220     BUFGCTRL_X0Y0    Audio_Codec/audiocodec_master_clock/inst/clkout1_buf/I
Min Period  n/a     MMCME2_ADV/CLKOUT0  n/a            1.249         81.375      80.126     MMCME2_ADV_X1Y0  Audio_Codec/audiocodec_master_clock/inst/mmcm_adv_inst/CLKOUT0
Max Period  n/a     MMCME2_ADV/CLKOUT0  n/a            213.360       81.375      131.985    MMCME2_ADV_X1Y0  Audio_Codec/audiocodec_master_clock/inst/mmcm_adv_inst/CLKOUT0



---------------------------------------------------------------------------------------------------
From Clock:  clk_out2_clk_wiz_0
  To Clock:  clk_out2_clk_wiz_0

Setup :            0  Failing Endpoints,  Worst Slack       13.693ns,  Total Violation        0.000ns
Hold  :            0  Failing Endpoints,  Worst Slack        0.156ns,  Total Violation        0.000ns
PW    :            0  Failing Endpoints,  Worst Slack        9.500ns,  Total Violation        0.000ns
---------------------------------------------------------------------------------------------------


Max Delay Paths
--------------------------------------------------------------------------------------
Slack (MET) :             13.693ns  (required time - arrival time)
  Source:                 Audio_Codec/initialize_audio/twi_controller/sclCnt_reg[3]/C
                            (rising edge-triggered cell FDSE clocked by clk_out2_clk_wiz_0  {rise@0.000ns fall@10.000ns period=20.000ns})
  Destination:            Audio_Codec/initialize_audio/twi_controller/sclCnt_reg[3]/S
                            (rising edge-triggered cell FDSE clocked by clk_out2_clk_wiz_0  {rise@0.000ns fall@10.000ns period=20.000ns})
  Path Group:             clk_out2_clk_wiz_0
  Path Type:              Setup (Max at Slow Process Corner)
  Requirement:            20.000ns  (clk_out2_clk_wiz_0 rise@20.000ns - clk_out2_clk_wiz_0 rise@0.000ns)
  Data Path Delay:        5.487ns  (logic 1.144ns (20.850%)  route 4.343ns (79.150%))
  Logic Levels:           3  (LUT2=1 LUT5=1 LUT6=1)
  Clock Path Skew:        -0.005ns (DCD - SCD + CPR)
    Destination Clock Delay (DCD):    1.878ns = ( 21.878 - 20.000 ) 
    Source Clock Delay      (SCD):    2.005ns
    Clock Pessimism Removal (CPR):    0.122ns
  Clock Uncertainty:      0.084ns  ((TSJ^2 + DJ^2)^1/2) / 2 + PE
    Total System Jitter     (TSJ):    0.071ns
    Discrete Jitter          (DJ):    0.152ns
    Phase Error              (PE):    0.000ns

    Location             Delay type                Incr(ns)  Path(ns)    Netlist Resource(s)
  -------------------------------------------------------------------    -------------------
                         (clock clk_out2_clk_wiz_0 rise edge)
                                                      0.000     0.000 r  
    BUFGCTRL_X0Y2        BUFG                         0.000     0.000 r  clk_IBUF_BUFG_inst/O
                         net (fo=105, routed)         2.106     2.106    Audio_Codec/audiocodec_master_clock/inst/clk_in1
    MMCME2_ADV_X1Y0      MMCME2_ADV (Prop_mmcme2_adv_CLKIN1_CLKOUT1)
                                                     -4.900    -2.793 r  Audio_Codec/audiocodec_master_clock/inst/mmcm_adv_inst/CLKOUT1
                         net (fo=1, routed)           2.697    -0.096    Audio_Codec/audiocodec_master_clock/inst/clk_out2_clk_wiz_0
    BUFGCTRL_X0Y1        BUFG (Prop_bufg_I_O)         0.096    -0.000 r  Audio_Codec/audiocodec_master_clock/inst/clkout2_buf/O
                         net (fo=115, routed)         2.005     2.005    Audio_Codec/initialize_audio/twi_controller/clk_out2
    SLICE_X162Y94        FDSE                                         r  Audio_Codec/initialize_audio/twi_controller/sclCnt_reg[3]/C
  -------------------------------------------------------------------    -------------------
    SLICE_X162Y94        FDSE (Prop_fdse_C_Q)         0.518     2.523 f  Audio_Codec/initialize_audio/twi_controller/sclCnt_reg[3]/Q
                         net (fo=4, routed)           0.818     3.342    Audio_Codec/initialize_audio/twi_controller/sclCnt_reg[3]
    SLICE_X162Y94        LUT6 (Prop_lut6_I1_O)        0.124     3.466 f  Audio_Codec/initialize_audio/twi_controller/sclCnt[6]_i_4/O
                         net (fo=2, routed)           1.347     4.813    Audio_Codec/initialize_audio/twi_controller/sclCnt[6]_i_4_n_0
    SLICE_X162Y109       LUT2 (Prop_lut2_I1_O)        0.146     4.959 r  Audio_Codec/initialize_audio/twi_controller/subState[1]_i_2/O
                         net (fo=12, routed)          1.001     5.960    Audio_Codec/initialize_audio/twi_controller/subState[1]_i_2_n_0
    SLICE_X163Y111       LUT5 (Prop_lut5_I0_O)        0.356     6.316 r  Audio_Codec/initialize_audio/twi_controller/sclCnt[6]_i_1/O
                         net (fo=7, routed)           1.176     7.492    Audio_Codec/initialize_audio/twi_controller/sclCnt[6]_i_1_n_0
    SLICE_X162Y94        FDSE                                         r  Audio_Codec/initialize_audio/twi_controller/sclCnt_reg[3]/S
  -------------------------------------------------------------------    -------------------

                         (clock clk_out2_clk_wiz_0 rise edge)
                                                     20.000    20.000 r  
    BUFGCTRL_X0Y2        BUFG                         0.000    20.000 r  clk_IBUF_BUFG_inst/O
                         net (fo=105, routed)         1.972    21.972    Audio_Codec/audiocodec_master_clock/inst/clk_in1
    MMCME2_ADV_X1Y0      MMCME2_ADV (Prop_mmcme2_adv_CLKIN1_CLKOUT1)
                                                     -4.637    17.335 r  Audio_Codec/audiocodec_master_clock/inst/mmcm_adv_inst/CLKOUT1
                         net (fo=1, routed)           2.574    19.909    Audio_Codec/audiocodec_master_clock/inst/clk_out2_clk_wiz_0
    BUFGCTRL_X0Y1        BUFG (Prop_bufg_I_O)         0.091    20.000 r  Audio_Codec/audiocodec_master_clock/inst/clkout2_buf/O
                         net (fo=115, routed)         1.878    21.878    Audio_Codec/initialize_audio/twi_controller/clk_out2
    SLICE_X162Y94        FDSE                                         r  Audio_Codec/initialize_audio/twi_controller/sclCnt_reg[3]/C
                         clock pessimism              0.122    22.000    
                         clock uncertainty           -0.084    21.917    
    SLICE_X162Y94        FDSE (Setup_fdse_C_S)       -0.732    21.185    Audio_Codec/initialize_audio/twi_controller/sclCnt_reg[3]
  -------------------------------------------------------------------
                         required time                         21.185    
                         arrival time                          -7.492    
  -------------------------------------------------------------------
                         slack                                 13.693    

Slack (MET) :             13.693ns  (required time - arrival time)
  Source:                 Audio_Codec/initialize_audio/twi_controller/sclCnt_reg[3]/C
                            (rising edge-triggered cell FDSE clocked by clk_out2_clk_wiz_0  {rise@0.000ns fall@10.000ns period=20.000ns})
  Destination:            Audio_Codec/initialize_audio/twi_controller/sclCnt_reg[4]/S
                            (rising edge-triggered cell FDSE clocked by clk_out2_clk_wiz_0  {rise@0.000ns fall@10.000ns period=20.000ns})
  Path Group:             clk_out2_clk_wiz_0
  Path Type:              Setup (Max at Slow Process Corner)
  Requirement:            20.000ns  (clk_out2_clk_wiz_0 rise@20.000ns - clk_out2_clk_wiz_0 rise@0.000ns)
  Data Path Delay:        5.487ns  (logic 1.144ns (20.850%)  route 4.343ns (79.150%))
  Logic Levels:           3  (LUT2=1 LUT5=1 LUT6=1)
  Clock Path Skew:        -0.005ns (DCD - SCD + CPR)
    Destination Clock Delay (DCD):    1.878ns = ( 21.878 - 20.000 ) 
    Source Clock Delay      (SCD):    2.005ns
    Clock Pessimism Removal (CPR):    0.122ns
  Clock Uncertainty:      0.084ns  ((TSJ^2 + DJ^2)^1/2) / 2 + PE
    Total System Jitter     (TSJ):    0.071ns
    Discrete Jitter          (DJ):    0.152ns
    Phase Error              (PE):    0.000ns

    Location             Delay type                Incr(ns)  Path(ns)    Netlist Resource(s)
  -------------------------------------------------------------------    -------------------
                         (clock clk_out2_clk_wiz_0 rise edge)
                                                      0.000     0.000 r  
    BUFGCTRL_X0Y2        BUFG                         0.000     0.000 r  clk_IBUF_BUFG_inst/O
                         net (fo=105, routed)         2.106     2.106    Audio_Codec/audiocodec_master_clock/inst/clk_in1
    MMCME2_ADV_X1Y0      MMCME2_ADV (Prop_mmcme2_adv_CLKIN1_CLKOUT1)
                                                     -4.900    -2.793 r  Audio_Codec/audiocodec_master_clock/inst/mmcm_adv_inst/CLKOUT1
                         net (fo=1, routed)           2.697    -0.096    Audio_Codec/audiocodec_master_clock/inst/clk_out2_clk_wiz_0
    BUFGCTRL_X0Y1        BUFG (Prop_bufg_I_O)         0.096    -0.000 r  Audio_Codec/audiocodec_master_clock/inst/clkout2_buf/O
                         net (fo=115, routed)         2.005     2.005    Audio_Codec/initialize_audio/twi_controller/clk_out2
    SLICE_X162Y94        FDSE                                         r  Audio_Codec/initialize_audio/twi_controller/sclCnt_reg[3]/C
  -------------------------------------------------------------------    -------------------
    SLICE_X162Y94        FDSE (Prop_fdse_C_Q)         0.518     2.523 f  Audio_Codec/initialize_audio/twi_controller/sclCnt_reg[3]/Q
                         net (fo=4, routed)           0.818     3.342    Audio_Codec/initialize_audio/twi_controller/sclCnt_reg[3]
    SLICE_X162Y94        LUT6 (Prop_lut6_I1_O)        0.124     3.466 f  Audio_Codec/initialize_audio/twi_controller/sclCnt[6]_i_4/O
                         net (fo=2, routed)           1.347     4.813    Audio_Codec/initialize_audio/twi_controller/sclCnt[6]_i_4_n_0
    SLICE_X162Y109       LUT2 (Prop_lut2_I1_O)        0.146     4.959 r  Audio_Codec/initialize_audio/twi_controller/subState[1]_i_2/O
                         net (fo=12, routed)          1.001     5.960    Audio_Codec/initialize_audio/twi_controller/subState[1]_i_2_n_0
    SLICE_X163Y111       LUT5 (Prop_lut5_I0_O)        0.356     6.316 r  Audio_Codec/initialize_audio/twi_controller/sclCnt[6]_i_1/O
                         net (fo=7, routed)           1.176     7.492    Audio_Codec/initialize_audio/twi_controller/sclCnt[6]_i_1_n_0
    SLICE_X162Y94        FDSE                                         r  Audio_Codec/initialize_audio/twi_controller/sclCnt_reg[4]/S
  -------------------------------------------------------------------    -------------------

                         (clock clk_out2_clk_wiz_0 rise edge)
                                                     20.000    20.000 r  
    BUFGCTRL_X0Y2        BUFG                         0.000    20.000 r  clk_IBUF_BUFG_inst/O
                         net (fo=105, routed)         1.972    21.972    Audio_Codec/audiocodec_master_clock/inst/clk_in1
    MMCME2_ADV_X1Y0      MMCME2_ADV (Prop_mmcme2_adv_CLKIN1_CLKOUT1)
                                                     -4.637    17.335 r  Audio_Codec/audiocodec_master_clock/inst/mmcm_adv_inst/CLKOUT1
                         net (fo=1, routed)           2.574    19.909    Audio_Codec/audiocodec_master_clock/inst/clk_out2_clk_wiz_0
    BUFGCTRL_X0Y1        BUFG (Prop_bufg_I_O)         0.091    20.000 r  Audio_Codec/audiocodec_master_clock/inst/clkout2_buf/O
                         net (fo=115, routed)         1.878    21.878    Audio_Codec/initialize_audio/twi_controller/clk_out2
    SLICE_X162Y94        FDSE                                         r  Audio_Codec/initialize_audio/twi_controller/sclCnt_reg[4]/C
                         clock pessimism              0.122    22.000    
                         clock uncertainty           -0.084    21.917    
    SLICE_X162Y94        FDSE (Setup_fdse_C_S)       -0.732    21.185    Audio_Codec/initialize_audio/twi_controller/sclCnt_reg[4]
  -------------------------------------------------------------------
                         required time                         21.185    
                         arrival time                          -7.492    
  -------------------------------------------------------------------
                         slack                                 13.693    

Slack (MET) :             13.693ns  (required time - arrival time)
  Source:                 Audio_Codec/initialize_audio/twi_controller/sclCnt_reg[3]/C
                            (rising edge-triggered cell FDSE clocked by clk_out2_clk_wiz_0  {rise@0.000ns fall@10.000ns period=20.000ns})
  Destination:            Audio_Codec/initialize_audio/twi_controller/sclCnt_reg[5]/R
                            (rising edge-triggered cell FDRE clocked by clk_out2_clk_wiz_0  {rise@0.000ns fall@10.000ns period=20.000ns})
  Path Group:             clk_out2_clk_wiz_0
  Path Type:              Setup (Max at Slow Process Corner)
  Requirement:            20.000ns  (clk_out2_clk_wiz_0 rise@20.000ns - clk_out2_clk_wiz_0 rise@0.000ns)
  Data Path Delay:        5.487ns  (logic 1.144ns (20.850%)  route 4.343ns (79.150%))
  Logic Levels:           3  (LUT2=1 LUT5=1 LUT6=1)
  Clock Path Skew:        -0.005ns (DCD - SCD + CPR)
    Destination Clock Delay (DCD):    1.878ns = ( 21.878 - 20.000 ) 
    Source Clock Delay      (SCD):    2.005ns
    Clock Pessimism Removal (CPR):    0.122ns
  Clock Uncertainty:      0.084ns  ((TSJ^2 + DJ^2)^1/2) / 2 + PE
    Total System Jitter     (TSJ):    0.071ns
    Discrete Jitter          (DJ):    0.152ns
    Phase Error              (PE):    0.000ns

    Location             Delay type                Incr(ns)  Path(ns)    Netlist Resource(s)
  -------------------------------------------------------------------    -------------------
                         (clock clk_out2_clk_wiz_0 rise edge)
                                                      0.000     0.000 r  
    BUFGCTRL_X0Y2        BUFG                         0.000     0.000 r  clk_IBUF_BUFG_inst/O
                         net (fo=105, routed)         2.106     2.106    Audio_Codec/audiocodec_master_clock/inst/clk_in1
    MMCME2_ADV_X1Y0      MMCME2_ADV (Prop_mmcme2_adv_CLKIN1_CLKOUT1)
                                                     -4.900    -2.793 r  Audio_Codec/audiocodec_master_clock/inst/mmcm_adv_inst/CLKOUT1
                         net (fo=1, routed)           2.697    -0.096    Audio_Codec/audiocodec_master_clock/inst/clk_out2_clk_wiz_0
    BUFGCTRL_X0Y1        BUFG (Prop_bufg_I_O)         0.096    -0.000 r  Audio_Codec/audiocodec_master_clock/inst/clkout2_buf/O
                         net (fo=115, routed)         2.005     2.005    Audio_Codec/initialize_audio/twi_controller/clk_out2
    SLICE_X162Y94        FDSE                                         r  Audio_Codec/initialize_audio/twi_controller/sclCnt_reg[3]/C
  -------------------------------------------------------------------    -------------------
    SLICE_X162Y94        FDSE (Prop_fdse_C_Q)         0.518     2.523 f  Audio_Codec/initialize_audio/twi_controller/sclCnt_reg[3]/Q
                         net (fo=4, routed)           0.818     3.342    Audio_Codec/initialize_audio/twi_controller/sclCnt_reg[3]
    SLICE_X162Y94        LUT6 (Prop_lut6_I1_O)        0.124     3.466 f  Audio_Codec/initialize_audio/twi_controller/sclCnt[6]_i_4/O
                         net (fo=2, routed)           1.347     4.813    Audio_Codec/initialize_audio/twi_controller/sclCnt[6]_i_4_n_0
    SLICE_X162Y109       LUT2 (Prop_lut2_I1_O)        0.146     4.959 r  Audio_Codec/initialize_audio/twi_controller/subState[1]_i_2/O
                         net (fo=12, routed)          1.001     5.960    Audio_Codec/initialize_audio/twi_controller/subState[1]_i_2_n_0
    SLICE_X163Y111       LUT5 (Prop_lut5_I0_O)        0.356     6.316 r  Audio_Codec/initialize_audio/twi_controller/sclCnt[6]_i_1/O
                         net (fo=7, routed)           1.176     7.492    Audio_Codec/initialize_audio/twi_controller/sclCnt[6]_i_1_n_0
    SLICE_X162Y94        FDRE                                         r  Audio_Codec/initialize_audio/twi_controller/sclCnt_reg[5]/R
  -------------------------------------------------------------------    -------------------

                         (clock clk_out2_clk_wiz_0 rise edge)
                                                     20.000    20.000 r  
    BUFGCTRL_X0Y2        BUFG                         0.000    20.000 r  clk_IBUF_BUFG_inst/O
                         net (fo=105, routed)         1.972    21.972    Audio_Codec/audiocodec_master_clock/inst/clk_in1
    MMCME2_ADV_X1Y0      MMCME2_ADV (Prop_mmcme2_adv_CLKIN1_CLKOUT1)
                                                     -4.637    17.335 r  Audio_Codec/audiocodec_master_clock/inst/mmcm_adv_inst/CLKOUT1
                         net (fo=1, routed)           2.574    19.909    Audio_Codec/audiocodec_master_clock/inst/clk_out2_clk_wiz_0
    BUFGCTRL_X0Y1        BUFG (Prop_bufg_I_O)         0.091    20.000 r  Audio_Codec/audiocodec_master_clock/inst/clkout2_buf/O
                         net (fo=115, routed)         1.878    21.878    Audio_Codec/initialize_audio/twi_controller/clk_out2
    SLICE_X162Y94        FDRE                                         r  Audio_Codec/initialize_audio/twi_controller/sclCnt_reg[5]/C
                         clock pessimism              0.122    22.000    
                         clock uncertainty           -0.084    21.917    
    SLICE_X162Y94        FDRE (Setup_fdre_C_R)       -0.732    21.185    Audio_Codec/initialize_audio/twi_controller/sclCnt_reg[5]
  -------------------------------------------------------------------
                         required time                         21.185    
                         arrival time                          -7.492    
  -------------------------------------------------------------------
                         slack                                 13.693    

Slack (MET) :             13.759ns  (required time - arrival time)
  Source:                 Audio_Codec/initialize_audio/twi_controller/sclCnt_reg[3]/C
                            (rising edge-triggered cell FDSE clocked by clk_out2_clk_wiz_0  {rise@0.000ns fall@10.000ns period=20.000ns})
  Destination:            Audio_Codec/initialize_audio/twi_controller/FSM_gray_state_reg[1]/CE
                            (rising edge-triggered cell FDRE clocked by clk_out2_clk_wiz_0  {rise@0.000ns fall@10.000ns period=20.000ns})
  Path Group:             clk_out2_clk_wiz_0
  Path Type:              Setup (Max at Slow Process Corner)
  Requirement:            20.000ns  (clk_out2_clk_wiz_0 rise@20.000ns - clk_out2_clk_wiz_0 rise@0.000ns)
  Data Path Delay:        5.694ns  (logic 1.474ns (25.886%)  route 4.220ns (74.114%))
  Logic Levels:           4  (LUT2=1 LUT5=1 LUT6=2)
  Clock Path Skew:        -0.294ns (DCD - SCD + CPR)
    Destination Clock Delay (DCD):    1.708ns = ( 21.708 - 20.000 ) 
    Source Clock Delay      (SCD):    2.005ns
    Clock Pessimism Removal (CPR):    0.003ns
  Clock Uncertainty:      0.084ns  ((TSJ^2 + DJ^2)^1/2) / 2 + PE
    Total System Jitter     (TSJ):    0.071ns
    Discrete Jitter          (DJ):    0.152ns
    Phase Error              (PE):    0.000ns

    Location             Delay type                Incr(ns)  Path(ns)    Netlist Resource(s)
  -------------------------------------------------------------------    -------------------
                         (clock clk_out2_clk_wiz_0 rise edge)
                                                      0.000     0.000 r  
    BUFGCTRL_X0Y2        BUFG                         0.000     0.000 r  clk_IBUF_BUFG_inst/O
                         net (fo=105, routed)         2.106     2.106    Audio_Codec/audiocodec_master_clock/inst/clk_in1
    MMCME2_ADV_X1Y0      MMCME2_ADV (Prop_mmcme2_adv_CLKIN1_CLKOUT1)
                                                     -4.900    -2.793 r  Audio_Codec/audiocodec_master_clock/inst/mmcm_adv_inst/CLKOUT1
                         net (fo=1, routed)           2.697    -0.096    Audio_Codec/audiocodec_master_clock/inst/clk_out2_clk_wiz_0
    BUFGCTRL_X0Y1        BUFG (Prop_bufg_I_O)         0.096    -0.000 r  Audio_Codec/audiocodec_master_clock/inst/clkout2_buf/O
                         net (fo=115, routed)         2.005     2.005    Audio_Codec/initialize_audio/twi_controller/clk_out2
    SLICE_X162Y94        FDSE                                         r  Audio_Codec/initialize_audio/twi_controller/sclCnt_reg[3]/C
  -------------------------------------------------------------------    -------------------
    SLICE_X162Y94        FDSE (Prop_fdse_C_Q)         0.518     2.523 f  Audio_Codec/initialize_audio/twi_controller/sclCnt_reg[3]/Q
                         net (fo=4, routed)           0.818     3.342    Audio_Codec/initialize_audio/twi_controller/sclCnt_reg[3]
    SLICE_X162Y94        LUT6 (Prop_lut6_I1_O)        0.124     3.466 f  Audio_Codec/initialize_audio/twi_controller/sclCnt[6]_i_4/O
                         net (fo=2, routed)           1.347     4.813    Audio_Codec/initialize_audio/twi_controller/sclCnt[6]_i_4_n_0
    SLICE_X162Y109       LUT2 (Prop_lut2_I1_O)        0.146     4.959 r  Audio_Codec/initialize_audio/twi_controller/subState[1]_i_2/O
                         net (fo=12, routed)          0.929     5.888    Audio_Codec/initialize_audio/twi_controller/subState[1]_i_2_n_0
    SLICE_X160Y111       LUT5 (Prop_lut5_I1_O)        0.354     6.242 r  Audio_Codec/initialize_audio/twi_controller/FSM_gray_state[3]_i_3/O
                         net (fo=1, routed)           0.503     6.745    Audio_Codec/initialize_audio/twi_controller/FSM_gray_state[3]_i_3_n_0
    SLICE_X161Y111       LUT6 (Prop_lut6_I0_O)        0.332     7.077 r  Audio_Codec/initialize_audio/twi_controller/FSM_gray_state[3]_i_1/O
                         net (fo=4, routed)           0.622     7.700    Audio_Codec/initialize_audio/twi_controller/FSM_gray_state[3]_i_1_n_0
    SLICE_X162Y113       FDRE                                         r  Audio_Codec/initialize_audio/twi_controller/FSM_gray_state_reg[1]/CE
  -------------------------------------------------------------------    -------------------

                         (clock clk_out2_clk_wiz_0 rise edge)
                                                     20.000    20.000 r  
    BUFGCTRL_X0Y2        BUFG                         0.000    20.000 r  clk_IBUF_BUFG_inst/O
                         net (fo=105, routed)         1.972    21.972    Audio_Codec/audiocodec_master_clock/inst/clk_in1
    MMCME2_ADV_X1Y0      MMCME2_ADV (Prop_mmcme2_adv_CLKIN1_CLKOUT1)
                                                     -4.637    17.335 r  Audio_Codec/audiocodec_master_clock/inst/mmcm_adv_inst/CLKOUT1
                         net (fo=1, routed)           2.574    19.909    Audio_Codec/audiocodec_master_clock/inst/clk_out2_clk_wiz_0
    BUFGCTRL_X0Y1        BUFG (Prop_bufg_I_O)         0.091    20.000 r  Audio_Codec/audiocodec_master_clock/inst/clkout2_buf/O
                         net (fo=115, routed)         1.708    21.708    Audio_Codec/initialize_audio/twi_controller/clk_out2
    SLICE_X162Y113       FDRE                                         r  Audio_Codec/initialize_audio/twi_controller/FSM_gray_state_reg[1]/C
                         clock pessimism              0.003    21.711    
                         clock uncertainty           -0.084    21.628    
    SLICE_X162Y113       FDRE (Setup_fdre_C_CE)      -0.169    21.459    Audio_Codec/initialize_audio/twi_controller/FSM_gray_state_reg[1]
  -------------------------------------------------------------------
                         required time                         21.459    
                         arrival time                          -7.700    
  -------------------------------------------------------------------
                         slack                                 13.759    

Slack (MET) :             13.766ns  (required time - arrival time)
  Source:                 Audio_Codec/initialize_audio/twi_controller/sclCnt_reg[3]/C
                            (rising edge-triggered cell FDSE clocked by clk_out2_clk_wiz_0  {rise@0.000ns fall@10.000ns period=20.000ns})
  Destination:            Audio_Codec/initialize_audio/twi_controller/sclCnt_reg[0]/S
                            (rising edge-triggered cell FDSE clocked by clk_out2_clk_wiz_0  {rise@0.000ns fall@10.000ns period=20.000ns})
  Path Group:             clk_out2_clk_wiz_0
  Path Type:              Setup (Max at Slow Process Corner)
  Requirement:            20.000ns  (clk_out2_clk_wiz_0 rise@20.000ns - clk_out2_clk_wiz_0 rise@0.000ns)
  Data Path Delay:        5.487ns  (logic 1.144ns (20.850%)  route 4.343ns (79.150%))
  Logic Levels:           3  (LUT2=1 LUT5=1 LUT6=1)
  Clock Path Skew:        -0.027ns (DCD - SCD + CPR)
    Destination Clock Delay (DCD):    1.878ns = ( 21.878 - 20.000 ) 
    Source Clock Delay      (SCD):    2.005ns
    Clock Pessimism Removal (CPR):    0.100ns
  Clock Uncertainty:      0.084ns  ((TSJ^2 + DJ^2)^1/2) / 2 + PE
    Total System Jitter     (TSJ):    0.071ns
    Discrete Jitter          (DJ):    0.152ns
    Phase Error              (PE):    0.000ns

    Location             Delay type                Incr(ns)  Path(ns)    Netlist Resource(s)
  -------------------------------------------------------------------    -------------------
                         (clock clk_out2_clk_wiz_0 rise edge)
                                                      0.000     0.000 r  
    BUFGCTRL_X0Y2        BUFG                         0.000     0.000 r  clk_IBUF_BUFG_inst/O
                         net (fo=105, routed)         2.106     2.106    Audio_Codec/audiocodec_master_clock/inst/clk_in1
    MMCME2_ADV_X1Y0      MMCME2_ADV (Prop_mmcme2_adv_CLKIN1_CLKOUT1)
                                                     -4.900    -2.793 r  Audio_Codec/audiocodec_master_clock/inst/mmcm_adv_inst/CLKOUT1
                         net (fo=1, routed)           2.697    -0.096    Audio_Codec/audiocodec_master_clock/inst/clk_out2_clk_wiz_0
    BUFGCTRL_X0Y1        BUFG (Prop_bufg_I_O)         0.096    -0.000 r  Audio_Codec/audiocodec_master_clock/inst/clkout2_buf/O
                         net (fo=115, routed)         2.005     2.005    Audio_Codec/initialize_audio/twi_controller/clk_out2
    SLICE_X162Y94        FDSE                                         r  Audio_Codec/initialize_audio/twi_controller/sclCnt_reg[3]/C
  -------------------------------------------------------------------    -------------------
    SLICE_X162Y94        FDSE (Prop_fdse_C_Q)         0.518     2.523 f  Audio_Codec/initialize_audio/twi_controller/sclCnt_reg[3]/Q
                         net (fo=4, routed)           0.818     3.342    Audio_Codec/initialize_audio/twi_controller/sclCnt_reg[3]
    SLICE_X162Y94        LUT6 (Prop_lut6_I1_O)        0.124     3.466 f  Audio_Codec/initialize_audio/twi_controller/sclCnt[6]_i_4/O
                         net (fo=2, routed)           1.347     4.813    Audio_Codec/initialize_audio/twi_controller/sclCnt[6]_i_4_n_0
    SLICE_X162Y109       LUT2 (Prop_lut2_I1_O)        0.146     4.959 r  Audio_Codec/initialize_audio/twi_controller/subState[1]_i_2/O
                         net (fo=12, routed)          1.001     5.960    Audio_Codec/initialize_audio/twi_controller/subState[1]_i_2_n_0
    SLICE_X163Y111       LUT5 (Prop_lut5_I0_O)        0.356     6.316 r  Audio_Codec/initialize_audio/twi_controller/sclCnt[6]_i_1/O
                         net (fo=7, routed)           1.176     7.492    Audio_Codec/initialize_audio/twi_controller/sclCnt[6]_i_1_n_0
    SLICE_X163Y94        FDSE                                         r  Audio_Codec/initialize_audio/twi_controller/sclCnt_reg[0]/S
  -------------------------------------------------------------------    -------------------

                         (clock clk_out2_clk_wiz_0 rise edge)
                                                     20.000    20.000 r  
    BUFGCTRL_X0Y2        BUFG                         0.000    20.000 r  clk_IBUF_BUFG_inst/O
                         net (fo=105, routed)         1.972    21.972    Audio_Codec/audiocodec_master_clock/inst/clk_in1
    MMCME2_ADV_X1Y0      MMCME2_ADV (Prop_mmcme2_adv_CLKIN1_CLKOUT1)
                                                     -4.637    17.335 r  Audio_Codec/audiocodec_master_clock/inst/mmcm_adv_inst/CLKOUT1
                         net (fo=1, routed)           2.574    19.909    Audio_Codec/audiocodec_master_clock/inst/clk_out2_clk_wiz_0
    BUFGCTRL_X0Y1        BUFG (Prop_bufg_I_O)         0.091    20.000 r  Audio_Codec/audiocodec_master_clock/inst/clkout2_buf/O
                         net (fo=115, routed)         1.878    21.878    Audio_Codec/initialize_audio/twi_controller/clk_out2
    SLICE_X163Y94        FDSE                                         r  Audio_Codec/initialize_audio/twi_controller/sclCnt_reg[0]/C
                         clock pessimism              0.100    21.978    
                         clock uncertainty           -0.084    21.895    
    SLICE_X163Y94        FDSE (Setup_fdse_C_S)       -0.637    21.258    Audio_Codec/initialize_audio/twi_controller/sclCnt_reg[0]
  -------------------------------------------------------------------
                         required time                         21.258    
                         arrival time                          -7.492    
  -------------------------------------------------------------------
                         slack                                 13.766    

Slack (MET) :             13.766ns  (required time - arrival time)
  Source:                 Audio_Codec/initialize_audio/twi_controller/sclCnt_reg[3]/C
                            (rising edge-triggered cell FDSE clocked by clk_out2_clk_wiz_0  {rise@0.000ns fall@10.000ns period=20.000ns})
  Destination:            Audio_Codec/initialize_audio/twi_controller/sclCnt_reg[1]/S
                            (rising edge-triggered cell FDSE clocked by clk_out2_clk_wiz_0  {rise@0.000ns fall@10.000ns period=20.000ns})
  Path Group:             clk_out2_clk_wiz_0
  Path Type:              Setup (Max at Slow Process Corner)
  Requirement:            20.000ns  (clk_out2_clk_wiz_0 rise@20.000ns - clk_out2_clk_wiz_0 rise@0.000ns)
  Data Path Delay:        5.487ns  (logic 1.144ns (20.850%)  route 4.343ns (79.150%))
  Logic Levels:           3  (LUT2=1 LUT5=1 LUT6=1)
  Clock Path Skew:        -0.027ns (DCD - SCD + CPR)
    Destination Clock Delay (DCD):    1.878ns = ( 21.878 - 20.000 ) 
    Source Clock Delay      (SCD):    2.005ns
    Clock Pessimism Removal (CPR):    0.100ns
  Clock Uncertainty:      0.084ns  ((TSJ^2 + DJ^2)^1/2) / 2 + PE
    Total System Jitter     (TSJ):    0.071ns
    Discrete Jitter          (DJ):    0.152ns
    Phase Error              (PE):    0.000ns

    Location             Delay type                Incr(ns)  Path(ns)    Netlist Resource(s)
  -------------------------------------------------------------------    -------------------
                         (clock clk_out2_clk_wiz_0 rise edge)
                                                      0.000     0.000 r  
    BUFGCTRL_X0Y2        BUFG                         0.000     0.000 r  clk_IBUF_BUFG_inst/O
                         net (fo=105, routed)         2.106     2.106    Audio_Codec/audiocodec_master_clock/inst/clk_in1
    MMCME2_ADV_X1Y0      MMCME2_ADV (Prop_mmcme2_adv_CLKIN1_CLKOUT1)
                                                     -4.900    -2.793 r  Audio_Codec/audiocodec_master_clock/inst/mmcm_adv_inst/CLKOUT1
                         net (fo=1, routed)           2.697    -0.096    Audio_Codec/audiocodec_master_clock/inst/clk_out2_clk_wiz_0
    BUFGCTRL_X0Y1        BUFG (Prop_bufg_I_O)         0.096    -0.000 r  Audio_Codec/audiocodec_master_clock/inst/clkout2_buf/O
                         net (fo=115, routed)         2.005     2.005    Audio_Codec/initialize_audio/twi_controller/clk_out2
    SLICE_X162Y94        FDSE                                         r  Audio_Codec/initialize_audio/twi_controller/sclCnt_reg[3]/C
  -------------------------------------------------------------------    -------------------
    SLICE_X162Y94        FDSE (Prop_fdse_C_Q)         0.518     2.523 f  Audio_Codec/initialize_audio/twi_controller/sclCnt_reg[3]/Q
                         net (fo=4, routed)           0.818     3.342    Audio_Codec/initialize_audio/twi_controller/sclCnt_reg[3]
    SLICE_X162Y94        LUT6 (Prop_lut6_I1_O)        0.124     3.466 f  Audio_Codec/initialize_audio/twi_controller/sclCnt[6]_i_4/O
                         net (fo=2, routed)           1.347     4.813    Audio_Codec/initialize_audio/twi_controller/sclCnt[6]_i_4_n_0
    SLICE_X162Y109       LUT2 (Prop_lut2_I1_O)        0.146     4.959 r  Audio_Codec/initialize_audio/twi_controller/subState[1]_i_2/O
                         net (fo=12, routed)          1.001     5.960    Audio_Codec/initialize_audio/twi_controller/subState[1]_i_2_n_0
    SLICE_X163Y111       LUT5 (Prop_lut5_I0_O)        0.356     6.316 r  Audio_Codec/initialize_audio/twi_controller/sclCnt[6]_i_1/O
                         net (fo=7, routed)           1.176     7.492    Audio_Codec/initialize_audio/twi_controller/sclCnt[6]_i_1_n_0
    SLICE_X163Y94        FDSE                                         r  Audio_Codec/initialize_audio/twi_controller/sclCnt_reg[1]/S
  -------------------------------------------------------------------    -------------------

                         (clock clk_out2_clk_wiz_0 rise edge)
                                                     20.000    20.000 r  
    BUFGCTRL_X0Y2        BUFG                         0.000    20.000 r  clk_IBUF_BUFG_inst/O
                         net (fo=105, routed)         1.972    21.972    Audio_Codec/audiocodec_master_clock/inst/clk_in1
    MMCME2_ADV_X1Y0      MMCME2_ADV (Prop_mmcme2_adv_CLKIN1_CLKOUT1)
                                                     -4.637    17.335 r  Audio_Codec/audiocodec_master_clock/inst/mmcm_adv_inst/CLKOUT1
                         net (fo=1, routed)           2.574    19.909    Audio_Codec/audiocodec_master_clock/inst/clk_out2_clk_wiz_0
    BUFGCTRL_X0Y1        BUFG (Prop_bufg_I_O)         0.091    20.000 r  Audio_Codec/audiocodec_master_clock/inst/clkout2_buf/O
                         net (fo=115, routed)         1.878    21.878    Audio_Codec/initialize_audio/twi_controller/clk_out2
    SLICE_X163Y94        FDSE                                         r  Audio_Codec/initialize_audio/twi_controller/sclCnt_reg[1]/C
                         clock pessimism              0.100    21.978    
                         clock uncertainty           -0.084    21.895    
    SLICE_X163Y94        FDSE (Setup_fdse_C_S)       -0.637    21.258    Audio_Codec/initialize_audio/twi_controller/sclCnt_reg[1]
  -------------------------------------------------------------------
                         required time                         21.258    
                         arrival time                          -7.492    
  -------------------------------------------------------------------
                         slack                                 13.766    

Slack (MET) :             13.766ns  (required time - arrival time)
  Source:                 Audio_Codec/initialize_audio/twi_controller/sclCnt_reg[3]/C
                            (rising edge-triggered cell FDSE clocked by clk_out2_clk_wiz_0  {rise@0.000ns fall@10.000ns period=20.000ns})
  Destination:            Audio_Codec/initialize_audio/twi_controller/sclCnt_reg[2]/S
                            (rising edge-triggered cell FDSE clocked by clk_out2_clk_wiz_0  {rise@0.000ns fall@10.000ns period=20.000ns})
  Path Group:             clk_out2_clk_wiz_0
  Path Type:              Setup (Max at Slow Process Corner)
  Requirement:            20.000ns  (clk_out2_clk_wiz_0 rise@20.000ns - clk_out2_clk_wiz_0 rise@0.000ns)
  Data Path Delay:        5.487ns  (logic 1.144ns (20.850%)  route 4.343ns (79.150%))
  Logic Levels:           3  (LUT2=1 LUT5=1 LUT6=1)
  Clock Path Skew:        -0.027ns (DCD - SCD + CPR)
    Destination Clock Delay (DCD):    1.878ns = ( 21.878 - 20.000 ) 
    Source Clock Delay      (SCD):    2.005ns
    Clock Pessimism Removal (CPR):    0.100ns
  Clock Uncertainty:      0.084ns  ((TSJ^2 + DJ^2)^1/2) / 2 + PE
    Total System Jitter     (TSJ):    0.071ns
    Discrete Jitter          (DJ):    0.152ns
    Phase Error              (PE):    0.000ns

    Location             Delay type                Incr(ns)  Path(ns)    Netlist Resource(s)
  -------------------------------------------------------------------    -------------------
                         (clock clk_out2_clk_wiz_0 rise edge)
                                                      0.000     0.000 r  
    BUFGCTRL_X0Y2        BUFG                         0.000     0.000 r  clk_IBUF_BUFG_inst/O
                         net (fo=105, routed)         2.106     2.106    Audio_Codec/audiocodec_master_clock/inst/clk_in1
    MMCME2_ADV_X1Y0      MMCME2_ADV (Prop_mmcme2_adv_CLKIN1_CLKOUT1)
                                                     -4.900    -2.793 r  Audio_Codec/audiocodec_master_clock/inst/mmcm_adv_inst/CLKOUT1
                         net (fo=1, routed)           2.697    -0.096    Audio_Codec/audiocodec_master_clock/inst/clk_out2_clk_wiz_0
    BUFGCTRL_X0Y1        BUFG (Prop_bufg_I_O)         0.096    -0.000 r  Audio_Codec/audiocodec_master_clock/inst/clkout2_buf/O
                         net (fo=115, routed)         2.005     2.005    Audio_Codec/initialize_audio/twi_controller/clk_out2
    SLICE_X162Y94        FDSE                                         r  Audio_Codec/initialize_audio/twi_controller/sclCnt_reg[3]/C
  -------------------------------------------------------------------    -------------------
    SLICE_X162Y94        FDSE (Prop_fdse_C_Q)         0.518     2.523 f  Audio_Codec/initialize_audio/twi_controller/sclCnt_reg[3]/Q
                         net (fo=4, routed)           0.818     3.342    Audio_Codec/initialize_audio/twi_controller/sclCnt_reg[3]
    SLICE_X162Y94        LUT6 (Prop_lut6_I1_O)        0.124     3.466 f  Audio_Codec/initialize_audio/twi_controller/sclCnt[6]_i_4/O
                         net (fo=2, routed)           1.347     4.813    Audio_Codec/initialize_audio/twi_controller/sclCnt[6]_i_4_n_0
    SLICE_X162Y109       LUT2 (Prop_lut2_I1_O)        0.146     4.959 r  Audio_Codec/initialize_audio/twi_controller/subState[1]_i_2/O
                         net (fo=12, routed)          1.001     5.960    Audio_Codec/initialize_audio/twi_controller/subState[1]_i_2_n_0
    SLICE_X163Y111       LUT5 (Prop_lut5_I0_O)        0.356     6.316 r  Audio_Codec/initialize_audio/twi_controller/sclCnt[6]_i_1/O
                         net (fo=7, routed)           1.176     7.492    Audio_Codec/initialize_audio/twi_controller/sclCnt[6]_i_1_n_0
    SLICE_X163Y94        FDSE                                         r  Audio_Codec/initialize_audio/twi_controller/sclCnt_reg[2]/S
  -------------------------------------------------------------------    -------------------

                         (clock clk_out2_clk_wiz_0 rise edge)
                                                     20.000    20.000 r  
    BUFGCTRL_X0Y2        BUFG                         0.000    20.000 r  clk_IBUF_BUFG_inst/O
                         net (fo=105, routed)         1.972    21.972    Audio_Codec/audiocodec_master_clock/inst/clk_in1
    MMCME2_ADV_X1Y0      MMCME2_ADV (Prop_mmcme2_adv_CLKIN1_CLKOUT1)
                                                     -4.637    17.335 r  Audio_Codec/audiocodec_master_clock/inst/mmcm_adv_inst/CLKOUT1
                         net (fo=1, routed)           2.574    19.909    Audio_Codec/audiocodec_master_clock/inst/clk_out2_clk_wiz_0
    BUFGCTRL_X0Y1        BUFG (Prop_bufg_I_O)         0.091    20.000 r  Audio_Codec/audiocodec_master_clock/inst/clkout2_buf/O
                         net (fo=115, routed)         1.878    21.878    Audio_Codec/initialize_audio/twi_controller/clk_out2
    SLICE_X163Y94        FDSE                                         r  Audio_Codec/initialize_audio/twi_controller/sclCnt_reg[2]/C
                         clock pessimism              0.100    21.978    
                         clock uncertainty           -0.084    21.895    
    SLICE_X163Y94        FDSE (Setup_fdse_C_S)       -0.637    21.258    Audio_Codec/initialize_audio/twi_controller/sclCnt_reg[2]
  -------------------------------------------------------------------
                         required time                         21.258    
                         arrival time                          -7.492    
  -------------------------------------------------------------------
                         slack                                 13.766    

Slack (MET) :             13.900ns  (required time - arrival time)
  Source:                 Audio_Codec/initialize_audio/twi_controller/sclCnt_reg[3]/C
                            (rising edge-triggered cell FDSE clocked by clk_out2_clk_wiz_0  {rise@0.000ns fall@10.000ns period=20.000ns})
  Destination:            Audio_Codec/initialize_audio/twi_controller/FSM_gray_state_reg[0]/CE
                            (rising edge-triggered cell FDRE clocked by clk_out2_clk_wiz_0  {rise@0.000ns fall@10.000ns period=20.000ns})
  Path Group:             clk_out2_clk_wiz_0
  Path Type:              Setup (Max at Slow Process Corner)
  Requirement:            20.000ns  (clk_out2_clk_wiz_0 rise@20.000ns - clk_out2_clk_wiz_0 rise@0.000ns)
  Data Path Delay:        5.554ns  (logic 1.474ns (26.538%)  route 4.080ns (73.462%))
  Logic Levels:           4  (LUT2=1 LUT5=1 LUT6=2)
  Clock Path Skew:        -0.293ns (DCD - SCD + CPR)
    Destination Clock Delay (DCD):    1.709ns = ( 21.709 - 20.000 ) 
    Source Clock Delay      (SCD):    2.005ns
    Clock Pessimism Removal (CPR):    0.003ns
  Clock Uncertainty:      0.084ns  ((TSJ^2 + DJ^2)^1/2) / 2 + PE
    Total System Jitter     (TSJ):    0.071ns
    Discrete Jitter          (DJ):    0.152ns
    Phase Error              (PE):    0.000ns

    Location             Delay type                Incr(ns)  Path(ns)    Netlist Resource(s)
  -------------------------------------------------------------------    -------------------
                         (clock clk_out2_clk_wiz_0 rise edge)
                                                      0.000     0.000 r  
    BUFGCTRL_X0Y2        BUFG                         0.000     0.000 r  clk_IBUF_BUFG_inst/O
                         net (fo=105, routed)         2.106     2.106    Audio_Codec/audiocodec_master_clock/inst/clk_in1
    MMCME2_ADV_X1Y0      MMCME2_ADV (Prop_mmcme2_adv_CLKIN1_CLKOUT1)
                                                     -4.900    -2.793 r  Audio_Codec/audiocodec_master_clock/inst/mmcm_adv_inst/CLKOUT1
                         net (fo=1, routed)           2.697    -0.096    Audio_Codec/audiocodec_master_clock/inst/clk_out2_clk_wiz_0
    BUFGCTRL_X0Y1        BUFG (Prop_bufg_I_O)         0.096    -0.000 r  Audio_Codec/audiocodec_master_clock/inst/clkout2_buf/O
                         net (fo=115, routed)         2.005     2.005    Audio_Codec/initialize_audio/twi_controller/clk_out2
    SLICE_X162Y94        FDSE                                         r  Audio_Codec/initialize_audio/twi_controller/sclCnt_reg[3]/C
  -------------------------------------------------------------------    -------------------
    SLICE_X162Y94        FDSE (Prop_fdse_C_Q)         0.518     2.523 f  Audio_Codec/initialize_audio/twi_controller/sclCnt_reg[3]/Q
                         net (fo=4, routed)           0.818     3.342    Audio_Codec/initialize_audio/twi_controller/sclCnt_reg[3]
    SLICE_X162Y94        LUT6 (Prop_lut6_I1_O)        0.124     3.466 f  Audio_Codec/initialize_audio/twi_controller/sclCnt[6]_i_4/O
                         net (fo=2, routed)           1.347     4.813    Audio_Codec/initialize_audio/twi_controller/sclCnt[6]_i_4_n_0
    SLICE_X162Y109       LUT2 (Prop_lut2_I1_O)        0.146     4.959 r  Audio_Codec/initialize_audio/twi_controller/subState[1]_i_2/O
                         net (fo=12, routed)          0.929     5.888    Audio_Codec/initialize_audio/twi_controller/subState[1]_i_2_n_0
    SLICE_X160Y111       LUT5 (Prop_lut5_I1_O)        0.354     6.242 r  Audio_Codec/initialize_audio/twi_controller/FSM_gray_state[3]_i_3/O
                         net (fo=1, routed)           0.503     6.745    Audio_Codec/initialize_audio/twi_controller/FSM_gray_state[3]_i_3_n_0
    SLICE_X161Y111       LUT6 (Prop_lut6_I0_O)        0.332     7.077 r  Audio_Codec/initialize_audio/twi_controller/FSM_gray_state[3]_i_1/O
                         net (fo=4, routed)           0.482     7.560    Audio_Codec/initialize_audio/twi_controller/FSM_gray_state[3]_i_1_n_0
    SLICE_X162Y112       FDRE                                         r  Audio_Codec/initialize_audio/twi_controller/FSM_gray_state_reg[0]/CE
  -------------------------------------------------------------------    -------------------

                         (clock clk_out2_clk_wiz_0 rise edge)
                                                     20.000    20.000 r  
    BUFGCTRL_X0Y2        BUFG                         0.000    20.000 r  clk_IBUF_BUFG_inst/O
                         net (fo=105, routed)         1.972    21.972    Audio_Codec/audiocodec_master_clock/inst/clk_in1
    MMCME2_ADV_X1Y0      MMCME2_ADV (Prop_mmcme2_adv_CLKIN1_CLKOUT1)
                                                     -4.637    17.335 r  Audio_Codec/audiocodec_master_clock/inst/mmcm_adv_inst/CLKOUT1
                         net (fo=1, routed)           2.574    19.909    Audio_Codec/audiocodec_master_clock/inst/clk_out2_clk_wiz_0
    BUFGCTRL_X0Y1        BUFG (Prop_bufg_I_O)         0.091    20.000 r  Audio_Codec/audiocodec_master_clock/inst/clkout2_buf/O
                         net (fo=115, routed)         1.709    21.709    Audio_Codec/initialize_audio/twi_controller/clk_out2
    SLICE_X162Y112       FDRE                                         r  Audio_Codec/initialize_audio/twi_controller/FSM_gray_state_reg[0]/C
                         clock pessimism              0.003    21.712    
                         clock uncertainty           -0.084    21.629    
    SLICE_X162Y112       FDRE (Setup_fdre_C_CE)      -0.169    21.460    Audio_Codec/initialize_audio/twi_controller/FSM_gray_state_reg[0]
  -------------------------------------------------------------------
                         required time                         21.460    
                         arrival time                          -7.560    
  -------------------------------------------------------------------
                         slack                                 13.900    

Slack (MET) :             13.928ns  (required time - arrival time)
  Source:                 Audio_Codec/initialize_audio/twi_controller/sclCnt_reg[3]/C
                            (rising edge-triggered cell FDSE clocked by clk_out2_clk_wiz_0  {rise@0.000ns fall@10.000ns period=20.000ns})
  Destination:            Audio_Codec/initialize_audio/twi_controller/sclCnt_reg[6]/R
                            (rising edge-triggered cell FDRE clocked by clk_out2_clk_wiz_0  {rise@0.000ns fall@10.000ns period=20.000ns})
  Path Group:             clk_out2_clk_wiz_0
  Path Type:              Setup (Max at Slow Process Corner)
  Requirement:            20.000ns  (clk_out2_clk_wiz_0 rise@20.000ns - clk_out2_clk_wiz_0 rise@0.000ns)
  Data Path Delay:        4.966ns  (logic 1.144ns (23.038%)  route 3.822ns (76.962%))
  Logic Levels:           3  (LUT2=1 LUT5=1 LUT6=1)
  Clock Path Skew:        -0.291ns (DCD - SCD + CPR)
    Destination Clock Delay (DCD):    1.711ns = ( 21.711 - 20.000 ) 
    Source Clock Delay      (SCD):    2.005ns
    Clock Pessimism Removal (CPR):    0.003ns
  Clock Uncertainty:      0.084ns  ((TSJ^2 + DJ^2)^1/2) / 2 + PE
    Total System Jitter     (TSJ):    0.071ns
    Discrete Jitter          (DJ):    0.152ns
    Phase Error              (PE):    0.000ns

    Location             Delay type                Incr(ns)  Path(ns)    Netlist Resource(s)
  -------------------------------------------------------------------    -------------------
                         (clock clk_out2_clk_wiz_0 rise edge)
                                                      0.000     0.000 r  
    BUFGCTRL_X0Y2        BUFG                         0.000     0.000 r  clk_IBUF_BUFG_inst/O
                         net (fo=105, routed)         2.106     2.106    Audio_Codec/audiocodec_master_clock/inst/clk_in1
    MMCME2_ADV_X1Y0      MMCME2_ADV (Prop_mmcme2_adv_CLKIN1_CLKOUT1)
                                                     -4.900    -2.793 r  Audio_Codec/audiocodec_master_clock/inst/mmcm_adv_inst/CLKOUT1
                         net (fo=1, routed)           2.697    -0.096    Audio_Codec/audiocodec_master_clock/inst/clk_out2_clk_wiz_0
    BUFGCTRL_X0Y1        BUFG (Prop_bufg_I_O)         0.096    -0.000 r  Audio_Codec/audiocodec_master_clock/inst/clkout2_buf/O
                         net (fo=115, routed)         2.005     2.005    Audio_Codec/initialize_audio/twi_controller/clk_out2
    SLICE_X162Y94        FDSE                                         r  Audio_Codec/initialize_audio/twi_controller/sclCnt_reg[3]/C
  -------------------------------------------------------------------    -------------------
    SLICE_X162Y94        FDSE (Prop_fdse_C_Q)         0.518     2.523 f  Audio_Codec/initialize_audio/twi_controller/sclCnt_reg[3]/Q
                         net (fo=4, routed)           0.818     3.342    Audio_Codec/initialize_audio/twi_controller/sclCnt_reg[3]
    SLICE_X162Y94        LUT6 (Prop_lut6_I1_O)        0.124     3.466 f  Audio_Codec/initialize_audio/twi_controller/sclCnt[6]_i_4/O
                         net (fo=2, routed)           1.347     4.813    Audio_Codec/initialize_audio/twi_controller/sclCnt[6]_i_4_n_0
    SLICE_X162Y109       LUT2 (Prop_lut2_I1_O)        0.146     4.959 r  Audio_Codec/initialize_audio/twi_controller/subState[1]_i_2/O
                         net (fo=12, routed)          1.001     5.960    Audio_Codec/initialize_audio/twi_controller/subState[1]_i_2_n_0
    SLICE_X163Y111       LUT5 (Prop_lut5_I0_O)        0.356     6.316 r  Audio_Codec/initialize_audio/twi_controller/sclCnt[6]_i_1/O
                         net (fo=7, routed)           0.655     6.971    Audio_Codec/initialize_audio/twi_controller/sclCnt[6]_i_1_n_0
    SLICE_X162Y109       FDRE                                         r  Audio_Codec/initialize_audio/twi_controller/sclCnt_reg[6]/R
  -------------------------------------------------------------------    -------------------

                         (clock clk_out2_clk_wiz_0 rise edge)
                                                     20.000    20.000 r  
    BUFGCTRL_X0Y2        BUFG                         0.000    20.000 r  clk_IBUF_BUFG_inst/O
                         net (fo=105, routed)         1.972    21.972    Audio_Codec/audiocodec_master_clock/inst/clk_in1
    MMCME2_ADV_X1Y0      MMCME2_ADV (Prop_mmcme2_adv_CLKIN1_CLKOUT1)
                                                     -4.637    17.335 r  Audio_Codec/audiocodec_master_clock/inst/mmcm_adv_inst/CLKOUT1
                         net (fo=1, routed)           2.574    19.909    Audio_Codec/audiocodec_master_clock/inst/clk_out2_clk_wiz_0
    BUFGCTRL_X0Y1        BUFG (Prop_bufg_I_O)         0.091    20.000 r  Audio_Codec/audiocodec_master_clock/inst/clkout2_buf/O
                         net (fo=115, routed)         1.711    21.711    Audio_Codec/initialize_audio/twi_controller/clk_out2
    SLICE_X162Y109       FDRE                                         r  Audio_Codec/initialize_audio/twi_controller/sclCnt_reg[6]/C
                         clock pessimism              0.003    21.714    
                         clock uncertainty           -0.084    21.631    
    SLICE_X162Y109       FDRE (Setup_fdre_C_R)       -0.732    20.899    Audio_Codec/initialize_audio/twi_controller/sclCnt_reg[6]
  -------------------------------------------------------------------
                         required time                         20.899    
                         arrival time                          -6.971    
  -------------------------------------------------------------------
                         slack                                 13.928    

Slack (MET) :             14.051ns  (required time - arrival time)
  Source:                 Audio_Codec/initialize_audio/twi_controller/sclCnt_reg[3]/C
                            (rising edge-triggered cell FDSE clocked by clk_out2_clk_wiz_0  {rise@0.000ns fall@10.000ns period=20.000ns})
  Destination:            Audio_Codec/initialize_audio/twi_controller/FSM_gray_state_reg[2]/CE
                            (rising edge-triggered cell FDRE clocked by clk_out2_clk_wiz_0  {rise@0.000ns fall@10.000ns period=20.000ns})
  Path Group:             clk_out2_clk_wiz_0
  Path Type:              Setup (Max at Slow Process Corner)
  Requirement:            20.000ns  (clk_out2_clk_wiz_0 rise@20.000ns - clk_out2_clk_wiz_0 rise@0.000ns)
  Data Path Delay:        5.405ns  (logic 1.474ns (27.273%)  route 3.931ns (72.727%))
  Logic Levels:           4  (LUT2=1 LUT5=1 LUT6=2)
  Clock Path Skew:        -0.292ns (DCD - SCD + CPR)
    Destination Clock Delay (DCD):    1.710ns = ( 21.710 - 20.000 ) 
    Source Clock Delay      (SCD):    2.005ns
    Clock Pessimism Removal (CPR):    0.003ns
  Clock Uncertainty:      0.084ns  ((TSJ^2 + DJ^2)^1/2) / 2 + PE
    Total System Jitter     (TSJ):    0.071ns
    Discrete Jitter          (DJ):    0.152ns
    Phase Error              (PE):    0.000ns

    Location             Delay type                Incr(ns)  Path(ns)    Netlist Resource(s)
  -------------------------------------------------------------------    -------------------
                         (clock clk_out2_clk_wiz_0 rise edge)
                                                      0.000     0.000 r  
    BUFGCTRL_X0Y2        BUFG                         0.000     0.000 r  clk_IBUF_BUFG_inst/O
                         net (fo=105, routed)         2.106     2.106    Audio_Codec/audiocodec_master_clock/inst/clk_in1
    MMCME2_ADV_X1Y0      MMCME2_ADV (Prop_mmcme2_adv_CLKIN1_CLKOUT1)
                                                     -4.900    -2.793 r  Audio_Codec/audiocodec_master_clock/inst/mmcm_adv_inst/CLKOUT1
                         net (fo=1, routed)           2.697    -0.096    Audio_Codec/audiocodec_master_clock/inst/clk_out2_clk_wiz_0
    BUFGCTRL_X0Y1        BUFG (Prop_bufg_I_O)         0.096    -0.000 r  Audio_Codec/audiocodec_master_clock/inst/clkout2_buf/O
                         net (fo=115, routed)         2.005     2.005    Audio_Codec/initialize_audio/twi_controller/clk_out2
    SLICE_X162Y94        FDSE                                         r  Audio_Codec/initialize_audio/twi_controller/sclCnt_reg[3]/C
  -------------------------------------------------------------------    -------------------
    SLICE_X162Y94        FDSE (Prop_fdse_C_Q)         0.518     2.523 f  Audio_Codec/initialize_audio/twi_controller/sclCnt_reg[3]/Q
                         net (fo=4, routed)           0.818     3.342    Audio_Codec/initialize_audio/twi_controller/sclCnt_reg[3]
    SLICE_X162Y94        LUT6 (Prop_lut6_I1_O)        0.124     3.466 f  Audio_Codec/initialize_audio/twi_controller/sclCnt[6]_i_4/O
                         net (fo=2, routed)           1.347     4.813    Audio_Codec/initialize_audio/twi_controller/sclCnt[6]_i_4_n_0
    SLICE_X162Y109       LUT2 (Prop_lut2_I1_O)        0.146     4.959 r  Audio_Codec/initialize_audio/twi_controller/subState[1]_i_2/O
                         net (fo=12, routed)          0.929     5.888    Audio_Codec/initialize_audio/twi_controller/subState[1]_i_2_n_0
    SLICE_X160Y111       LUT5 (Prop_lut5_I1_O)        0.354     6.242 r  Audio_Codec/initialize_audio/twi_controller/FSM_gray_state[3]_i_3/O
                         net (fo=1, routed)           0.503     6.745    Audio_Codec/initialize_audio/twi_controller/FSM_gray_state[3]_i_3_n_0
    SLICE_X161Y111       LUT6 (Prop_lut6_I0_O)        0.332     7.077 r  Audio_Codec/initialize_audio/twi_controller/FSM_gray_state[3]_i_1/O
                         net (fo=4, routed)           0.333     7.410    Audio_Codec/initialize_audio/twi_controller/FSM_gray_state[3]_i_1_n_0
    SLICE_X162Y111       FDRE                                         r  Audio_Codec/initialize_audio/twi_controller/FSM_gray_state_reg[2]/CE
  -------------------------------------------------------------------    -------------------

                         (clock clk_out2_clk_wiz_0 rise edge)
                                                     20.000    20.000 r  
    BUFGCTRL_X0Y2        BUFG                         0.000    20.000 r  clk_IBUF_BUFG_inst/O
                         net (fo=105, routed)         1.972    21.972    Audio_Codec/audiocodec_master_clock/inst/clk_in1
    MMCME2_ADV_X1Y0      MMCME2_ADV (Prop_mmcme2_adv_CLKIN1_CLKOUT1)
                                                     -4.637    17.335 r  Audio_Codec/audiocodec_master_clock/inst/mmcm_adv_inst/CLKOUT1
                         net (fo=1, routed)           2.574    19.909    Audio_Codec/audiocodec_master_clock/inst/clk_out2_clk_wiz_0
    BUFGCTRL_X0Y1        BUFG (Prop_bufg_I_O)         0.091    20.000 r  Audio_Codec/audiocodec_master_clock/inst/clkout2_buf/O
                         net (fo=115, routed)         1.710    21.710    Audio_Codec/initialize_audio/twi_controller/clk_out2
    SLICE_X162Y111       FDRE                                         r  Audio_Codec/initialize_audio/twi_controller/FSM_gray_state_reg[2]/C
                         clock pessimism              0.003    21.713    
                         clock uncertainty           -0.084    21.630    
    SLICE_X162Y111       FDRE (Setup_fdre_C_CE)      -0.169    21.461    Audio_Codec/initialize_audio/twi_controller/FSM_gray_state_reg[2]
  -------------------------------------------------------------------
                         required time                         21.461    
                         arrival time                          -7.410    
  -------------------------------------------------------------------
                         slack                                 14.051    





Min Delay Paths
--------------------------------------------------------------------------------------
Slack (MET) :             0.156ns  (arrival time - required time)
  Source:                 Audio_Codec/initialize_audio/initWord_reg[30]/C
                            (rising edge-triggered cell FDRE clocked by clk_out2_clk_wiz_0  {rise@0.000ns fall@10.000ns period=20.000ns})
  Destination:            Audio_Codec/initialize_audio/data_i_reg[6]/D
                            (rising edge-triggered cell FDRE clocked by clk_out2_clk_wiz_0  {rise@0.000ns fall@10.000ns period=20.000ns})
  Path Group:             clk_out2_clk_wiz_0
  Path Type:              Hold (Min at Fast Process Corner)
  Requirement:            0.000ns  (clk_out2_clk_wiz_0 rise@0.000ns - clk_out2_clk_wiz_0 rise@0.000ns)
  Data Path Delay:        0.260ns  (logic 0.209ns (80.352%)  route 0.051ns (19.648%))
  Logic Levels:           1  (LUT6=1)
  Clock Path Skew:        0.013ns (DCD - SCD - CPR)
    Destination Clock Delay (DCD):    0.918ns
    Source Clock Delay      (SCD):    0.645ns
    Clock Pessimism Removal (CPR):    0.260ns

    Location             Delay type                Incr(ns)  Path(ns)    Netlist Resource(s)
  -------------------------------------------------------------------    -------------------
                         (clock clk_out2_clk_wiz_0 rise edge)
                                                      0.000     0.000 r  
    BUFGCTRL_X0Y2        BUFG                         0.000     0.000 r  clk_IBUF_BUFG_inst/O
                         net (fo=105, routed)         0.745     0.745    Audio_Codec/audiocodec_master_clock/inst/clk_in1
    MMCME2_ADV_X1Y0      MMCME2_ADV (Prop_mmcme2_adv_CLKIN1_CLKOUT1)
                                                     -1.683    -0.938 r  Audio_Codec/audiocodec_master_clock/inst/mmcm_adv_inst/CLKOUT1
                         net (fo=1, routed)           0.912    -0.026    Audio_Codec/audiocodec_master_clock/inst/clk_out2_clk_wiz_0
    BUFGCTRL_X0Y1        BUFG (Prop_bufg_I_O)         0.026    -0.000 r  Audio_Codec/audiocodec_master_clock/inst/clkout2_buf/O
                         net (fo=115, routed)         0.645     0.645    Audio_Codec/initialize_audio/clk_out2
    SLICE_X158Y111       FDRE                                         r  Audio_Codec/initialize_audio/initWord_reg[30]/C
  -------------------------------------------------------------------    -------------------
    SLICE_X158Y111       FDRE (Prop_fdre_C_Q)         0.164     0.809 r  Audio_Codec/initialize_audio/initWord_reg[30]/Q
                         net (fo=1, routed)           0.051     0.860    Audio_Codec/initialize_audio/data0[6]
    SLICE_X159Y111       LUT6 (Prop_lut6_I4_O)        0.045     0.905 r  Audio_Codec/initialize_audio/data_i[6]_i_1/O
                         net (fo=1, routed)           0.000     0.905    Audio_Codec/initialize_audio/data_i[6]_i_1_n_0
    SLICE_X159Y111       FDRE                                         r  Audio_Codec/initialize_audio/data_i_reg[6]/D
  -------------------------------------------------------------------    -------------------

                         (clock clk_out2_clk_wiz_0 rise edge)
                                                      0.000     0.000 r  
    BUFGCTRL_X0Y2        BUFG                         0.000     0.000 r  clk_IBUF_BUFG_inst/O
                         net (fo=105, routed)         1.022     1.022    Audio_Codec/audiocodec_master_clock/inst/clk_in1
    MMCME2_ADV_X1Y0      MMCME2_ADV (Prop_mmcme2_adv_CLKIN1_CLKOUT1)
                                                     -2.040    -1.018 r  Audio_Codec/audiocodec_master_clock/inst/mmcm_adv_inst/CLKOUT1
                         net (fo=1, routed)           0.989    -0.029    Audio_Codec/audiocodec_master_clock/inst/clk_out2_clk_wiz_0
    BUFGCTRL_X0Y1        BUFG (Prop_bufg_I_O)         0.029    -0.000 r  Audio_Codec/audiocodec_master_clock/inst/clkout2_buf/O
                         net (fo=115, routed)         0.918     0.918    Audio_Codec/initialize_audio/clk_out2
    SLICE_X159Y111       FDRE                                         r  Audio_Codec/initialize_audio/data_i_reg[6]/C
                         clock pessimism             -0.260     0.658    
    SLICE_X159Y111       FDRE (Hold_fdre_C_D)         0.091     0.749    Audio_Codec/initialize_audio/data_i_reg[6]
  -------------------------------------------------------------------
                         required time                         -0.749    
                         arrival time                           0.905    
  -------------------------------------------------------------------
                         slack                                  0.156    

Slack (MET) :             0.175ns  (arrival time - required time)
  Source:                 Audio_Codec/initialize_audio/data_i_reg[4]/C
                            (rising edge-triggered cell FDRE clocked by clk_out2_clk_wiz_0  {rise@0.000ns fall@10.000ns period=20.000ns})
  Destination:            Audio_Codec/initialize_audio/twi_controller/dataByte_reg[4]/D
                            (rising edge-triggered cell FDRE clocked by clk_out2_clk_wiz_0  {rise@0.000ns fall@10.000ns period=20.000ns})
  Path Group:             clk_out2_clk_wiz_0
  Path Type:              Hold (Min at Fast Process Corner)
  Requirement:            0.000ns  (clk_out2_clk_wiz_0 rise@0.000ns - clk_out2_clk_wiz_0 rise@0.000ns)
  Data Path Delay:        0.306ns  (logic 0.186ns (60.723%)  route 0.120ns (39.277%))
  Logic Levels:           1  (LUT4=1)
  Clock Path Skew:        0.039ns (DCD - SCD - CPR)
    Destination Clock Delay (DCD):    0.916ns
    Source Clock Delay      (SCD):    0.643ns
    Clock Pessimism Removal (CPR):    0.234ns

    Location             Delay type                Incr(ns)  Path(ns)    Netlist Resource(s)
  -------------------------------------------------------------------    -------------------
                         (clock clk_out2_clk_wiz_0 rise edge)
                                                      0.000     0.000 r  
    BUFGCTRL_X0Y2        BUFG                         0.000     0.000 r  clk_IBUF_BUFG_inst/O
                         net (fo=105, routed)         0.745     0.745    Audio_Codec/audiocodec_master_clock/inst/clk_in1
    MMCME2_ADV_X1Y0      MMCME2_ADV (Prop_mmcme2_adv_CLKIN1_CLKOUT1)
                                                     -1.683    -0.938 r  Audio_Codec/audiocodec_master_clock/inst/mmcm_adv_inst/CLKOUT1
                         net (fo=1, routed)           0.912    -0.026    Audio_Codec/audiocodec_master_clock/inst/clk_out2_clk_wiz_0
    BUFGCTRL_X0Y1        BUFG (Prop_bufg_I_O)         0.026    -0.000 r  Audio_Codec/audiocodec_master_clock/inst/clkout2_buf/O
                         net (fo=115, routed)         0.643     0.643    Audio_Codec/initialize_audio/clk_out2
    SLICE_X159Y113       FDRE                                         r  Audio_Codec/initialize_audio/data_i_reg[4]/C
  -------------------------------------------------------------------    -------------------
    SLICE_X159Y113       FDRE (Prop_fdre_C_Q)         0.141     0.784 r  Audio_Codec/initialize_audio/data_i_reg[4]/Q
                         net (fo=1, routed)           0.120     0.904    Audio_Codec/initialize_audio/twi_controller/data_i[4]
    SLICE_X160Y113       LUT4 (Prop_lut4_I2_O)        0.045     0.949 r  Audio_Codec/initialize_audio/twi_controller/dataByte[4]_i_1/O
                         net (fo=1, routed)           0.000     0.949    Audio_Codec/initialize_audio/twi_controller/dataByte[4]_i_1_n_0
    SLICE_X160Y113       FDRE                                         r  Audio_Codec/initialize_audio/twi_controller/dataByte_reg[4]/D
  -------------------------------------------------------------------    -------------------

                         (clock clk_out2_clk_wiz_0 rise edge)
                                                      0.000     0.000 r  
    BUFGCTRL_X0Y2        BUFG                         0.000     0.000 r  clk_IBUF_BUFG_inst/O
                         net (fo=105, routed)         1.022     1.022    Audio_Codec/audiocodec_master_clock/inst/clk_in1
    MMCME2_ADV_X1Y0      MMCME2_ADV (Prop_mmcme2_adv_CLKIN1_CLKOUT1)
                                                     -2.040    -1.018 r  Audio_Codec/audiocodec_master_clock/inst/mmcm_adv_inst/CLKOUT1
                         net (fo=1, routed)           0.989    -0.029    Audio_Codec/audiocodec_master_clock/inst/clk_out2_clk_wiz_0
    BUFGCTRL_X0Y1        BUFG (Prop_bufg_I_O)         0.029    -0.000 r  Audio_Codec/audiocodec_master_clock/inst/clkout2_buf/O
                         net (fo=115, routed)         0.916     0.916    Audio_Codec/initialize_audio/twi_controller/clk_out2
    SLICE_X160Y113       FDRE                                         r  Audio_Codec/initialize_audio/twi_controller/dataByte_reg[4]/C
                         clock pessimism             -0.234     0.682    
    SLICE_X160Y113       FDRE (Hold_fdre_C_D)         0.092     0.774    Audio_Codec/initialize_audio/twi_controller/dataByte_reg[4]
  -------------------------------------------------------------------
                         required time                         -0.774    
                         arrival time                           0.949    
  -------------------------------------------------------------------
                         slack                                  0.175    

Slack (MET) :             0.176ns  (arrival time - required time)
  Source:                 Audio_Codec/initialize_audio/twi_controller/sclCnt_reg[1]/C
                            (rising edge-triggered cell FDSE clocked by clk_out2_clk_wiz_0  {rise@0.000ns fall@10.000ns period=20.000ns})
  Destination:            Audio_Codec/initialize_audio/twi_controller/sclCnt_reg[5]/D
                            (rising edge-triggered cell FDRE clocked by clk_out2_clk_wiz_0  {rise@0.000ns fall@10.000ns period=20.000ns})
  Path Group:             clk_out2_clk_wiz_0
  Path Type:              Hold (Min at Fast Process Corner)
  Requirement:            0.000ns  (clk_out2_clk_wiz_0 rise@0.000ns - clk_out2_clk_wiz_0 rise@0.000ns)
  Data Path Delay:        0.310ns  (logic 0.186ns (59.959%)  route 0.124ns (40.041%))
  Logic Levels:           1  (LUT6=1)
  Clock Path Skew:        0.013ns (DCD - SCD - CPR)
    Destination Clock Delay (DCD):    0.991ns
    Source Clock Delay      (SCD):    0.714ns
    Clock Pessimism Removal (CPR):    0.263ns

    Location             Delay type                Incr(ns)  Path(ns)    Netlist Resource(s)
  -------------------------------------------------------------------    -------------------
                         (clock clk_out2_clk_wiz_0 rise edge)
                                                      0.000     0.000 r  
    BUFGCTRL_X0Y2        BUFG                         0.000     0.000 r  clk_IBUF_BUFG_inst/O
                         net (fo=105, routed)         0.745     0.745    Audio_Codec/audiocodec_master_clock/inst/clk_in1
    MMCME2_ADV_X1Y0      MMCME2_ADV (Prop_mmcme2_adv_CLKIN1_CLKOUT1)
                                                     -1.683    -0.938 r  Audio_Codec/audiocodec_master_clock/inst/mmcm_adv_inst/CLKOUT1
                         net (fo=1, routed)           0.912    -0.026    Audio_Codec/audiocodec_master_clock/inst/clk_out2_clk_wiz_0
    BUFGCTRL_X0Y1        BUFG (Prop_bufg_I_O)         0.026    -0.000 r  Audio_Codec/audiocodec_master_clock/inst/clkout2_buf/O
                         net (fo=115, routed)         0.714     0.714    Audio_Codec/initialize_audio/twi_controller/clk_out2
    SLICE_X163Y94        FDSE                                         r  Audio_Codec/initialize_audio/twi_controller/sclCnt_reg[1]/C
  -------------------------------------------------------------------    -------------------
    SLICE_X163Y94        FDSE (Prop_fdse_C_Q)         0.141     0.855 r  Audio_Codec/initialize_audio/twi_controller/sclCnt_reg[1]/Q
                         net (fo=6, routed)           0.124     0.979    Audio_Codec/initialize_audio/twi_controller/sclCnt_reg[1]
    SLICE_X162Y94        LUT6 (Prop_lut6_I3_O)        0.045     1.024 r  Audio_Codec/initialize_audio/twi_controller/sclCnt[5]_i_1/O
                         net (fo=1, routed)           0.000     1.024    Audio_Codec/initialize_audio/twi_controller/sclCnt0[5]
    SLICE_X162Y94        FDRE                                         r  Audio_Codec/initialize_audio/twi_controller/sclCnt_reg[5]/D
  -------------------------------------------------------------------    -------------------

                         (clock clk_out2_clk_wiz_0 rise edge)
                                                      0.000     0.000 r  
    BUFGCTRL_X0Y2        BUFG                         0.000     0.000 r  clk_IBUF_BUFG_inst/O
                         net (fo=105, routed)         1.022     1.022    Audio_Codec/audiocodec_master_clock/inst/clk_in1
    MMCME2_ADV_X1Y0      MMCME2_ADV (Prop_mmcme2_adv_CLKIN1_CLKOUT1)
                                                     -2.040    -1.018 r  Audio_Codec/audiocodec_master_clock/inst/mmcm_adv_inst/CLKOUT1
                         net (fo=1, routed)           0.989    -0.029    Audio_Codec/audiocodec_master_clock/inst/clk_out2_clk_wiz_0
    BUFGCTRL_X0Y1        BUFG (Prop_bufg_I_O)         0.029    -0.000 r  Audio_Codec/audiocodec_master_clock/inst/clkout2_buf/O
                         net (fo=115, routed)         0.991     0.991    Audio_Codec/initialize_audio/twi_controller/clk_out2
    SLICE_X162Y94        FDRE                                         r  Audio_Codec/initialize_audio/twi_controller/sclCnt_reg[5]/C
                         clock pessimism             -0.263     0.727    
    SLICE_X162Y94        FDRE (Hold_fdre_C_D)         0.121     0.848    Audio_Codec/initialize_audio/twi_controller/sclCnt_reg[5]
  -------------------------------------------------------------------
                         required time                         -0.848    
                         arrival time                           1.024    
  -------------------------------------------------------------------
                         slack                                  0.176    

Slack (MET) :             0.211ns  (arrival time - required time)
  Source:                 Audio_Codec/initialize_audio/state_reg[2]/C
                            (rising edge-triggered cell FDSE clocked by clk_out2_clk_wiz_0  {rise@0.000ns fall@10.000ns period=20.000ns})
  Destination:            Audio_Codec/initialize_audio/data_i_reg[7]/D
                            (rising edge-triggered cell FDRE clocked by clk_out2_clk_wiz_0  {rise@0.000ns fall@10.000ns period=20.000ns})
  Path Group:             clk_out2_clk_wiz_0
  Path Type:              Hold (Min at Fast Process Corner)
  Requirement:            0.000ns  (clk_out2_clk_wiz_0 rise@0.000ns - clk_out2_clk_wiz_0 rise@0.000ns)
  Data Path Delay:        0.368ns  (logic 0.186ns (50.498%)  route 0.182ns (49.502%))
  Logic Levels:           1  (LUT6=1)
  Clock Path Skew:        0.037ns (DCD - SCD - CPR)
    Destination Clock Delay (DCD):    0.916ns
    Source Clock Delay      (SCD):    0.645ns
    Clock Pessimism Removal (CPR):    0.234ns

    Location             Delay type                Incr(ns)  Path(ns)    Netlist Resource(s)
  -------------------------------------------------------------------    -------------------
                         (clock clk_out2_clk_wiz_0 rise edge)
                                                      0.000     0.000 r  
    BUFGCTRL_X0Y2        BUFG                         0.000     0.000 r  clk_IBUF_BUFG_inst/O
                         net (fo=105, routed)         0.745     0.745    Audio_Codec/audiocodec_master_clock/inst/clk_in1
    MMCME2_ADV_X1Y0      MMCME2_ADV (Prop_mmcme2_adv_CLKIN1_CLKOUT1)
                                                     -1.683    -0.938 r  Audio_Codec/audiocodec_master_clock/inst/mmcm_adv_inst/CLKOUT1
                         net (fo=1, routed)           0.912    -0.026    Audio_Codec/audiocodec_master_clock/inst/clk_out2_clk_wiz_0
    BUFGCTRL_X0Y1        BUFG (Prop_bufg_I_O)         0.026    -0.000 r  Audio_Codec/audiocodec_master_clock/inst/clkout2_buf/O
                         net (fo=115, routed)         0.645     0.645    Audio_Codec/initialize_audio/clk_out2
    SLICE_X160Y112       FDSE                                         r  Audio_Codec/initialize_audio/state_reg[2]/C
  -------------------------------------------------------------------    -------------------
    SLICE_X160Y112       FDSE (Prop_fdse_C_Q)         0.141     0.786 f  Audio_Codec/initialize_audio/state_reg[2]/Q
                         net (fo=16, routed)          0.182     0.968    Audio_Codec/initialize_audio/state_reg_n_0_[2]
    SLICE_X158Y112       LUT6 (Prop_lut6_I0_O)        0.045     1.013 r  Audio_Codec/initialize_audio/data_i[7]_i_1/O
                         net (fo=1, routed)           0.000     1.013    Audio_Codec/initialize_audio/data_i[7]_i_1_n_0
    SLICE_X158Y112       FDRE                                         r  Audio_Codec/initialize_audio/data_i_reg[7]/D
  -------------------------------------------------------------------    -------------------

                         (clock clk_out2_clk_wiz_0 rise edge)
                                                      0.000     0.000 r  
    BUFGCTRL_X0Y2        BUFG                         0.000     0.000 r  clk_IBUF_BUFG_inst/O
                         net (fo=105, routed)         1.022     1.022    Audio_Codec/audiocodec_master_clock/inst/clk_in1
    MMCME2_ADV_X1Y0      MMCME2_ADV (Prop_mmcme2_adv_CLKIN1_CLKOUT1)
                                                     -2.040    -1.018 r  Audio_Codec/audiocodec_master_clock/inst/mmcm_adv_inst/CLKOUT1
                         net (fo=1, routed)           0.989    -0.029    Audio_Codec/audiocodec_master_clock/inst/clk_out2_clk_wiz_0
    BUFGCTRL_X0Y1        BUFG (Prop_bufg_I_O)         0.029    -0.000 r  Audio_Codec/audiocodec_master_clock/inst/clkout2_buf/O
                         net (fo=115, routed)         0.916     0.916    Audio_Codec/initialize_audio/clk_out2
    SLICE_X158Y112       FDRE                                         r  Audio_Codec/initialize_audio/data_i_reg[7]/C
                         clock pessimism             -0.234     0.682    
    SLICE_X158Y112       FDRE (Hold_fdre_C_D)         0.120     0.802    Audio_Codec/initialize_audio/data_i_reg[7]
  -------------------------------------------------------------------
                         required time                         -0.802    
                         arrival time                           1.013    
  -------------------------------------------------------------------
                         slack                                  0.211    

Slack (MET) :             0.218ns  (arrival time - required time)
  Source:                 Audio_Codec/initialize_audio/initWord_reg[8]/C
                            (rising edge-triggered cell FDRE clocked by clk_out2_clk_wiz_0  {rise@0.000ns fall@10.000ns period=20.000ns})
  Destination:            Audio_Codec/initialize_audio/data_i_reg[0]/D
                            (rising edge-triggered cell FDRE clocked by clk_out2_clk_wiz_0  {rise@0.000ns fall@10.000ns period=20.000ns})
  Path Group:             clk_out2_clk_wiz_0
  Path Type:              Hold (Min at Fast Process Corner)
  Requirement:            0.000ns  (clk_out2_clk_wiz_0 rise@0.000ns - clk_out2_clk_wiz_0 rise@0.000ns)
  Data Path Delay:        0.323ns  (logic 0.186ns (57.567%)  route 0.137ns (42.433%))
  Logic Levels:           1  (LUT6=1)
  Clock Path Skew:        0.013ns (DCD - SCD - CPR)
    Destination Clock Delay (DCD):    0.916ns
    Source Clock Delay      (SCD):    0.644ns
    Clock Pessimism Removal (CPR):    0.259ns

    Location             Delay type                Incr(ns)  Path(ns)    Netlist Resource(s)
  -------------------------------------------------------------------    -------------------
                         (clock clk_out2_clk_wiz_0 rise edge)
                                                      0.000     0.000 r  
    BUFGCTRL_X0Y2        BUFG                         0.000     0.000 r  clk_IBUF_BUFG_inst/O
                         net (fo=105, routed)         0.745     0.745    Audio_Codec/audiocodec_master_clock/inst/clk_in1
    MMCME2_ADV_X1Y0      MMCME2_ADV (Prop_mmcme2_adv_CLKIN1_CLKOUT1)
                                                     -1.683    -0.938 r  Audio_Codec/audiocodec_master_clock/inst/mmcm_adv_inst/CLKOUT1
                         net (fo=1, routed)           0.912    -0.026    Audio_Codec/audiocodec_master_clock/inst/clk_out2_clk_wiz_0
    BUFGCTRL_X0Y1        BUFG (Prop_bufg_I_O)         0.026    -0.000 r  Audio_Codec/audiocodec_master_clock/inst/clkout2_buf/O
                         net (fo=115, routed)         0.644     0.644    Audio_Codec/initialize_audio/clk_out2
    SLICE_X157Y112       FDRE                                         r  Audio_Codec/initialize_audio/initWord_reg[8]/C
  -------------------------------------------------------------------    -------------------
    SLICE_X157Y112       FDRE (Prop_fdre_C_Q)         0.141     0.785 r  Audio_Codec/initialize_audio/initWord_reg[8]/Q
                         net (fo=1, routed)           0.137     0.922    Audio_Codec/initialize_audio/data2[0]
    SLICE_X156Y112       LUT6 (Prop_lut6_I0_O)        0.045     0.967 r  Audio_Codec/initialize_audio/data_i[0]_i_1/O
                         net (fo=1, routed)           0.000     0.967    Audio_Codec/initialize_audio/data_i[0]_i_1_n_0
    SLICE_X156Y112       FDRE                                         r  Audio_Codec/initialize_audio/data_i_reg[0]/D
  -------------------------------------------------------------------    -------------------

                         (clock clk_out2_clk_wiz_0 rise edge)
                                                      0.000     0.000 r  
    BUFGCTRL_X0Y2        BUFG                         0.000     0.000 r  clk_IBUF_BUFG_inst/O
                         net (fo=105, routed)         1.022     1.022    Audio_Codec/audiocodec_master_clock/inst/clk_in1
    MMCME2_ADV_X1Y0      MMCME2_ADV (Prop_mmcme2_adv_CLKIN1_CLKOUT1)
                                                     -2.040    -1.018 r  Audio_Codec/audiocodec_master_clock/inst/mmcm_adv_inst/CLKOUT1
                         net (fo=1, routed)           0.989    -0.029    Audio_Codec/audiocodec_master_clock/inst/clk_out2_clk_wiz_0
    BUFGCTRL_X0Y1        BUFG (Prop_bufg_I_O)         0.029    -0.000 r  Audio_Codec/audiocodec_master_clock/inst/clkout2_buf/O
                         net (fo=115, routed)         0.916     0.916    Audio_Codec/initialize_audio/clk_out2
    SLICE_X156Y112       FDRE                                         r  Audio_Codec/initialize_audio/data_i_reg[0]/C
                         clock pessimism             -0.259     0.657    
    SLICE_X156Y112       FDRE (Hold_fdre_C_D)         0.092     0.749    Audio_Codec/initialize_audio/data_i_reg[0]
  -------------------------------------------------------------------
                         required time                         -0.749    
                         arrival time                           0.967    
  -------------------------------------------------------------------
                         slack                                  0.218    

Slack (MET) :             0.219ns  (arrival time - required time)
  Source:                 Audio_Codec/initialize_audio/twi_controller/ddSda_reg/C
                            (rising edge-triggered cell FDRE clocked by clk_out2_clk_wiz_0  {rise@0.000ns fall@10.000ns period=20.000ns})
  Destination:            Audio_Codec/initialize_audio/twi_controller/busState_reg[1]/D
                            (rising edge-triggered cell FDRE clocked by clk_out2_clk_wiz_0  {rise@0.000ns fall@10.000ns period=20.000ns})
  Path Group:             clk_out2_clk_wiz_0
  Path Type:              Hold (Min at Fast Process Corner)
  Requirement:            0.000ns  (clk_out2_clk_wiz_0 rise@0.000ns - clk_out2_clk_wiz_0 rise@0.000ns)
  Data Path Delay:        0.311ns  (logic 0.227ns (73.093%)  route 0.084ns (26.907%))
  Logic Levels:           1  (LUT6=1)
  Clock Path Skew:        0.000ns (DCD - SCD - CPR)
    Destination Clock Delay (DCD):    0.916ns
    Source Clock Delay      (SCD):    0.644ns
    Clock Pessimism Removal (CPR):    0.272ns

    Location             Delay type                Incr(ns)  Path(ns)    Netlist Resource(s)
  -------------------------------------------------------------------    -------------------
                         (clock clk_out2_clk_wiz_0 rise edge)
                                                      0.000     0.000 r  
    BUFGCTRL_X0Y2        BUFG                         0.000     0.000 r  clk_IBUF_BUFG_inst/O
                         net (fo=105, routed)         0.745     0.745    Audio_Codec/audiocodec_master_clock/inst/clk_in1
    MMCME2_ADV_X1Y0      MMCME2_ADV (Prop_mmcme2_adv_CLKIN1_CLKOUT1)
                                                     -1.683    -0.938 r  Audio_Codec/audiocodec_master_clock/inst/mmcm_adv_inst/CLKOUT1
                         net (fo=1, routed)           0.912    -0.026    Audio_Codec/audiocodec_master_clock/inst/clk_out2_clk_wiz_0
    BUFGCTRL_X0Y1        BUFG (Prop_bufg_I_O)         0.026    -0.000 r  Audio_Codec/audiocodec_master_clock/inst/clkout2_buf/O
                         net (fo=115, routed)         0.644     0.644    Audio_Codec/initialize_audio/twi_controller/clk_out2
    SLICE_X161Y114       FDRE                                         r  Audio_Codec/initialize_audio/twi_controller/ddSda_reg/C
  -------------------------------------------------------------------    -------------------
    SLICE_X161Y114       FDRE (Prop_fdre_C_Q)         0.128     0.772 r  Audio_Codec/initialize_audio/twi_controller/ddSda_reg/Q
                         net (fo=3, routed)           0.084     0.855    Audio_Codec/initialize_audio/twi_controller/ddSda
    SLICE_X161Y114       LUT6 (Prop_lut6_I2_O)        0.099     0.954 r  Audio_Codec/initialize_audio/twi_controller/busState[1]_i_1/O
                         net (fo=1, routed)           0.000     0.954    Audio_Codec/initialize_audio/twi_controller/busState[1]_i_1_n_0
    SLICE_X161Y114       FDRE                                         r  Audio_Codec/initialize_audio/twi_controller/busState_reg[1]/D
  -------------------------------------------------------------------    -------------------

                         (clock clk_out2_clk_wiz_0 rise edge)
                                                      0.000     0.000 r  
    BUFGCTRL_X0Y2        BUFG                         0.000     0.000 r  clk_IBUF_BUFG_inst/O
                         net (fo=105, routed)         1.022     1.022    Audio_Codec/audiocodec_master_clock/inst/clk_in1
    MMCME2_ADV_X1Y0      MMCME2_ADV (Prop_mmcme2_adv_CLKIN1_CLKOUT1)
                                                     -2.040    -1.018 r  Audio_Codec/audiocodec_master_clock/inst/mmcm_adv_inst/CLKOUT1
                         net (fo=1, routed)           0.989    -0.029    Audio_Codec/audiocodec_master_clock/inst/clk_out2_clk_wiz_0
    BUFGCTRL_X0Y1        BUFG (Prop_bufg_I_O)         0.029    -0.000 r  Audio_Codec/audiocodec_master_clock/inst/clkout2_buf/O
                         net (fo=115, routed)         0.916     0.916    Audio_Codec/initialize_audio/twi_controller/clk_out2
    SLICE_X161Y114       FDRE                                         r  Audio_Codec/initialize_audio/twi_controller/busState_reg[1]/C
                         clock pessimism             -0.272     0.644    
    SLICE_X161Y114       FDRE (Hold_fdre_C_D)         0.092     0.736    Audio_Codec/initialize_audio/twi_controller/busState_reg[1]
  -------------------------------------------------------------------
                         required time                         -0.736    
                         arrival time                           0.954    
  -------------------------------------------------------------------
                         slack                                  0.219    

Slack (MET) :             0.221ns  (arrival time - required time)
  Source:                 Audio_Codec/initialize_audio/twi_controller/ddSda_reg/C
                            (rising edge-triggered cell FDRE clocked by clk_out2_clk_wiz_0  {rise@0.000ns fall@10.000ns period=20.000ns})
  Destination:            Audio_Codec/initialize_audio/twi_controller/busState_reg[0]/D
                            (rising edge-triggered cell FDRE clocked by clk_out2_clk_wiz_0  {rise@0.000ns fall@10.000ns period=20.000ns})
  Path Group:             clk_out2_clk_wiz_0
  Path Type:              Hold (Min at Fast Process Corner)
  Requirement:            0.000ns  (clk_out2_clk_wiz_0 rise@0.000ns - clk_out2_clk_wiz_0 rise@0.000ns)
  Data Path Delay:        0.312ns  (logic 0.227ns (72.858%)  route 0.085ns (27.142%))
  Logic Levels:           1  (LUT6=1)
  Clock Path Skew:        0.000ns (DCD - SCD - CPR)
    Destination Clock Delay (DCD):    0.916ns
    Source Clock Delay      (SCD):    0.644ns
    Clock Pessimism Removal (CPR):    0.272ns

    Location             Delay type                Incr(ns)  Path(ns)    Netlist Resource(s)
  -------------------------------------------------------------------    -------------------
                         (clock clk_out2_clk_wiz_0 rise edge)
                                                      0.000     0.000 r  
    BUFGCTRL_X0Y2        BUFG                         0.000     0.000 r  clk_IBUF_BUFG_inst/O
                         net (fo=105, routed)         0.745     0.745    Audio_Codec/audiocodec_master_clock/inst/clk_in1
    MMCME2_ADV_X1Y0      MMCME2_ADV (Prop_mmcme2_adv_CLKIN1_CLKOUT1)
                                                     -1.683    -0.938 r  Audio_Codec/audiocodec_master_clock/inst/mmcm_adv_inst/CLKOUT1
                         net (fo=1, routed)           0.912    -0.026    Audio_Codec/audiocodec_master_clock/inst/clk_out2_clk_wiz_0
    BUFGCTRL_X0Y1        BUFG (Prop_bufg_I_O)         0.026    -0.000 r  Audio_Codec/audiocodec_master_clock/inst/clkout2_buf/O
                         net (fo=115, routed)         0.644     0.644    Audio_Codec/initialize_audio/twi_controller/clk_out2
    SLICE_X161Y114       FDRE                                         r  Audio_Codec/initialize_audio/twi_controller/ddSda_reg/C
  -------------------------------------------------------------------    -------------------
    SLICE_X161Y114       FDRE (Prop_fdre_C_Q)         0.128     0.772 f  Audio_Codec/initialize_audio/twi_controller/ddSda_reg/Q
                         net (fo=3, routed)           0.085     0.856    Audio_Codec/initialize_audio/twi_controller/ddSda
    SLICE_X161Y114       LUT6 (Prop_lut6_I3_O)        0.099     0.955 r  Audio_Codec/initialize_audio/twi_controller/busState[0]_i_1/O
                         net (fo=1, routed)           0.000     0.955    Audio_Codec/initialize_audio/twi_controller/busState[0]_i_1_n_0
    SLICE_X161Y114       FDRE                                         r  Audio_Codec/initialize_audio/twi_controller/busState_reg[0]/D
  -------------------------------------------------------------------    -------------------

                         (clock clk_out2_clk_wiz_0 rise edge)
                                                      0.000     0.000 r  
    BUFGCTRL_X0Y2        BUFG                         0.000     0.000 r  clk_IBUF_BUFG_inst/O
                         net (fo=105, routed)         1.022     1.022    Audio_Codec/audiocodec_master_clock/inst/clk_in1
    MMCME2_ADV_X1Y0      MMCME2_ADV (Prop_mmcme2_adv_CLKIN1_CLKOUT1)
                                                     -2.040    -1.018 r  Audio_Codec/audiocodec_master_clock/inst/mmcm_adv_inst/CLKOUT1
                         net (fo=1, routed)           0.989    -0.029    Audio_Codec/audiocodec_master_clock/inst/clk_out2_clk_wiz_0
    BUFGCTRL_X0Y1        BUFG (Prop_bufg_I_O)         0.029    -0.000 r  Audio_Codec/audiocodec_master_clock/inst/clkout2_buf/O
                         net (fo=115, routed)         0.916     0.916    Audio_Codec/initialize_audio/twi_controller/clk_out2
    SLICE_X161Y114       FDRE                                         r  Audio_Codec/initialize_audio/twi_controller/busState_reg[0]/C
                         clock pessimism             -0.272     0.644    
    SLICE_X161Y114       FDRE (Hold_fdre_C_D)         0.091     0.735    Audio_Codec/initialize_audio/twi_controller/busState_reg[0]
  -------------------------------------------------------------------
                         required time                         -0.735    
                         arrival time                           0.955    
  -------------------------------------------------------------------
                         slack                                  0.221    

Slack (MET) :             0.221ns  (arrival time - required time)
  Source:                 Audio_Codec/initialize_audio/data_i_reg[3]/C
                            (rising edge-triggered cell FDRE clocked by clk_out2_clk_wiz_0  {rise@0.000ns fall@10.000ns period=20.000ns})
  Destination:            Audio_Codec/initialize_audio/twi_controller/dataByte_reg[3]/D
                            (rising edge-triggered cell FDRE clocked by clk_out2_clk_wiz_0  {rise@0.000ns fall@10.000ns period=20.000ns})
  Path Group:             clk_out2_clk_wiz_0
  Path Type:              Hold (Min at Fast Process Corner)
  Requirement:            0.000ns  (clk_out2_clk_wiz_0 rise@0.000ns - clk_out2_clk_wiz_0 rise@0.000ns)
  Data Path Delay:        0.351ns  (logic 0.186ns (52.949%)  route 0.165ns (47.051%))
  Logic Levels:           1  (LUT4=1)
  Clock Path Skew:        0.038ns (DCD - SCD - CPR)
    Destination Clock Delay (DCD):    0.916ns
    Source Clock Delay      (SCD):    0.644ns
    Clock Pessimism Removal (CPR):    0.234ns

    Location             Delay type                Incr(ns)  Path(ns)    Netlist Resource(s)
  -------------------------------------------------------------------    -------------------
                         (clock clk_out2_clk_wiz_0 rise edge)
                                                      0.000     0.000 r  
    BUFGCTRL_X0Y2        BUFG                         0.000     0.000 r  clk_IBUF_BUFG_inst/O
                         net (fo=105, routed)         0.745     0.745    Audio_Codec/audiocodec_master_clock/inst/clk_in1
    MMCME2_ADV_X1Y0      MMCME2_ADV (Prop_mmcme2_adv_CLKIN1_CLKOUT1)
                                                     -1.683    -0.938 r  Audio_Codec/audiocodec_master_clock/inst/mmcm_adv_inst/CLKOUT1
                         net (fo=1, routed)           0.912    -0.026    Audio_Codec/audiocodec_master_clock/inst/clk_out2_clk_wiz_0
    BUFGCTRL_X0Y1        BUFG (Prop_bufg_I_O)         0.026    -0.000 r  Audio_Codec/audiocodec_master_clock/inst/clkout2_buf/O
                         net (fo=115, routed)         0.644     0.644    Audio_Codec/initialize_audio/clk_out2
    SLICE_X156Y112       FDRE                                         r  Audio_Codec/initialize_audio/data_i_reg[3]/C
  -------------------------------------------------------------------    -------------------
    SLICE_X156Y112       FDRE (Prop_fdre_C_Q)         0.141     0.785 r  Audio_Codec/initialize_audio/data_i_reg[3]/Q
                         net (fo=1, routed)           0.165     0.950    Audio_Codec/initialize_audio/twi_controller/data_i[3]
    SLICE_X160Y113       LUT4 (Prop_lut4_I2_O)        0.045     0.995 r  Audio_Codec/initialize_audio/twi_controller/dataByte[3]_i_1/O
                         net (fo=1, routed)           0.000     0.995    Audio_Codec/initialize_audio/twi_controller/dataByte[3]_i_1_n_0
    SLICE_X160Y113       FDRE                                         r  Audio_Codec/initialize_audio/twi_controller/dataByte_reg[3]/D
  -------------------------------------------------------------------    -------------------

                         (clock clk_out2_clk_wiz_0 rise edge)
                                                      0.000     0.000 r  
    BUFGCTRL_X0Y2        BUFG                         0.000     0.000 r  clk_IBUF_BUFG_inst/O
                         net (fo=105, routed)         1.022     1.022    Audio_Codec/audiocodec_master_clock/inst/clk_in1
    MMCME2_ADV_X1Y0      MMCME2_ADV (Prop_mmcme2_adv_CLKIN1_CLKOUT1)
                                                     -2.040    -1.018 r  Audio_Codec/audiocodec_master_clock/inst/mmcm_adv_inst/CLKOUT1
                         net (fo=1, routed)           0.989    -0.029    Audio_Codec/audiocodec_master_clock/inst/clk_out2_clk_wiz_0
    BUFGCTRL_X0Y1        BUFG (Prop_bufg_I_O)         0.029    -0.000 r  Audio_Codec/audiocodec_master_clock/inst/clkout2_buf/O
                         net (fo=115, routed)         0.916     0.916    Audio_Codec/initialize_audio/twi_controller/clk_out2
    SLICE_X160Y113       FDRE                                         r  Audio_Codec/initialize_audio/twi_controller/dataByte_reg[3]/C
                         clock pessimism             -0.234     0.682    
    SLICE_X160Y113       FDRE (Hold_fdre_C_D)         0.092     0.774    Audio_Codec/initialize_audio/twi_controller/dataByte_reg[3]
  -------------------------------------------------------------------
                         required time                         -0.774    
                         arrival time                           0.995    
  -------------------------------------------------------------------
                         slack                                  0.221    

Slack (MET) :             0.226ns  (arrival time - required time)
  Source:                 Audio_Codec/initialize_audio/initA_reg[4]/C
                            (rising edge-triggered cell FDRE clocked by clk_out2_clk_wiz_0  {rise@0.000ns fall@10.000ns period=20.000ns})
  Destination:            Audio_Codec/initialize_audio/initA_reg[5]/D
                            (rising edge-triggered cell FDRE clocked by clk_out2_clk_wiz_0  {rise@0.000ns fall@10.000ns period=20.000ns})
  Path Group:             clk_out2_clk_wiz_0
  Path Type:              Hold (Min at Fast Process Corner)
  Requirement:            0.000ns  (clk_out2_clk_wiz_0 rise@0.000ns - clk_out2_clk_wiz_0 rise@0.000ns)
  Data Path Delay:        0.331ns  (logic 0.186ns (56.119%)  route 0.145ns (43.881%))
  Logic Levels:           1  (LUT5=1)
  Clock Path Skew:        0.013ns (DCD - SCD - CPR)
    Destination Clock Delay (DCD):    0.915ns
    Source Clock Delay      (SCD):    0.643ns
    Clock Pessimism Removal (CPR):    0.259ns

    Location             Delay type                Incr(ns)  Path(ns)    Netlist Resource(s)
  -------------------------------------------------------------------    -------------------
                         (clock clk_out2_clk_wiz_0 rise edge)
                                                      0.000     0.000 r  
    BUFGCTRL_X0Y2        BUFG                         0.000     0.000 r  clk_IBUF_BUFG_inst/O
                         net (fo=105, routed)         0.745     0.745    Audio_Codec/audiocodec_master_clock/inst/clk_in1
    MMCME2_ADV_X1Y0      MMCME2_ADV (Prop_mmcme2_adv_CLKIN1_CLKOUT1)
                                                     -1.683    -0.938 r  Audio_Codec/audiocodec_master_clock/inst/mmcm_adv_inst/CLKOUT1
                         net (fo=1, routed)           0.912    -0.026    Audio_Codec/audiocodec_master_clock/inst/clk_out2_clk_wiz_0
    BUFGCTRL_X0Y1        BUFG (Prop_bufg_I_O)         0.026    -0.000 r  Audio_Codec/audiocodec_master_clock/inst/clkout2_buf/O
                         net (fo=115, routed)         0.643     0.643    Audio_Codec/initialize_audio/clk_out2
    SLICE_X157Y114       FDRE                                         r  Audio_Codec/initialize_audio/initA_reg[4]/C
  -------------------------------------------------------------------    -------------------
    SLICE_X157Y114       FDRE (Prop_fdre_C_Q)         0.141     0.784 r  Audio_Codec/initialize_audio/initA_reg[4]/Q
                         net (fo=20, routed)          0.145     0.929    Audio_Codec/initialize_audio/twi_controller/initA_reg[4]
    SLICE_X156Y114       LUT5 (Prop_lut5_I2_O)        0.045     0.974 r  Audio_Codec/initialize_audio/twi_controller/initA[5]_i_1/O
                         net (fo=1, routed)           0.000     0.974    Audio_Codec/initialize_audio/twi_controller_n_11
    SLICE_X156Y114       FDRE                                         r  Audio_Codec/initialize_audio/initA_reg[5]/D
  -------------------------------------------------------------------    -------------------

                         (clock clk_out2_clk_wiz_0 rise edge)
                                                      0.000     0.000 r  
    BUFGCTRL_X0Y2        BUFG                         0.000     0.000 r  clk_IBUF_BUFG_inst/O
                         net (fo=105, routed)         1.022     1.022    Audio_Codec/audiocodec_master_clock/inst/clk_in1
    MMCME2_ADV_X1Y0      MMCME2_ADV (Prop_mmcme2_adv_CLKIN1_CLKOUT1)
                                                     -2.040    -1.018 r  Audio_Codec/audiocodec_master_clock/inst/mmcm_adv_inst/CLKOUT1
                         net (fo=1, routed)           0.989    -0.029    Audio_Codec/audiocodec_master_clock/inst/clk_out2_clk_wiz_0
    BUFGCTRL_X0Y1        BUFG (Prop_bufg_I_O)         0.029    -0.000 r  Audio_Codec/audiocodec_master_clock/inst/clkout2_buf/O
                         net (fo=115, routed)         0.915     0.915    Audio_Codec/initialize_audio/clk_out2
    SLICE_X156Y114       FDRE                                         r  Audio_Codec/initialize_audio/initA_reg[5]/C
                         clock pessimism             -0.259     0.656    
    SLICE_X156Y114       FDRE (Hold_fdre_C_D)         0.092     0.748    Audio_Codec/initialize_audio/initA_reg[5]
  -------------------------------------------------------------------
                         required time                         -0.748    
                         arrival time                           0.974    
  -------------------------------------------------------------------
                         slack                                  0.226    

Slack (MET) :             0.227ns  (arrival time - required time)
  Source:                 Audio_Codec/initialize_audio/twi_controller/addrNData_reg/C
                            (rising edge-triggered cell FDRE clocked by clk_out2_clk_wiz_0  {rise@0.000ns fall@10.000ns period=20.000ns})
  Destination:            Audio_Codec/initialize_audio/twi_controller/addrNData_reg/D
                            (rising edge-triggered cell FDRE clocked by clk_out2_clk_wiz_0  {rise@0.000ns fall@10.000ns period=20.000ns})
  Path Group:             clk_out2_clk_wiz_0
  Path Type:              Hold (Min at Fast Process Corner)
  Requirement:            0.000ns  (clk_out2_clk_wiz_0 rise@0.000ns - clk_out2_clk_wiz_0 rise@0.000ns)
  Data Path Delay:        0.319ns  (logic 0.186ns (58.308%)  route 0.133ns (41.692%))
  Logic Levels:           1  (LUT6=1)
  Clock Path Skew:        0.000ns (DCD - SCD - CPR)
    Destination Clock Delay (DCD):    0.919ns
    Source Clock Delay      (SCD):    0.646ns
    Clock Pessimism Removal (CPR):    0.273ns

    Location             Delay type                Incr(ns)  Path(ns)    Netlist Resource(s)
  -------------------------------------------------------------------    -------------------
                         (clock clk_out2_clk_wiz_0 rise edge)
                                                      0.000     0.000 r  
    BUFGCTRL_X0Y2        BUFG                         0.000     0.000 r  clk_IBUF_BUFG_inst/O
                         net (fo=105, routed)         0.745     0.745    Audio_Codec/audiocodec_master_clock/inst/clk_in1
    MMCME2_ADV_X1Y0      MMCME2_ADV (Prop_mmcme2_adv_CLKIN1_CLKOUT1)
                                                     -1.683    -0.938 r  Audio_Codec/audiocodec_master_clock/inst/mmcm_adv_inst/CLKOUT1
                         net (fo=1, routed)           0.912    -0.026    Audio_Codec/audiocodec_master_clock/inst/clk_out2_clk_wiz_0
    BUFGCTRL_X0Y1        BUFG (Prop_bufg_I_O)         0.026    -0.000 r  Audio_Codec/audiocodec_master_clock/inst/clkout2_buf/O
                         net (fo=115, routed)         0.646     0.646    Audio_Codec/initialize_audio/twi_controller/clk_out2
    SLICE_X161Y111       FDRE                                         r  Audio_Codec/initialize_audio/twi_controller/addrNData_reg/C
  -------------------------------------------------------------------    -------------------
    SLICE_X161Y111       FDRE (Prop_fdre_C_Q)         0.141     0.787 r  Audio_Codec/initialize_audio/twi_controller/addrNData_reg/Q
                         net (fo=4, routed)           0.133     0.920    Audio_Codec/initialize_audio/twi_controller/addrNData
    SLICE_X161Y111       LUT6 (Prop_lut6_I0_O)        0.045     0.965 r  Audio_Codec/initialize_audio/twi_controller/addrNData_i_1/O
                         net (fo=1, routed)           0.000     0.965    Audio_Codec/initialize_audio/twi_controller/addrNData_i_1_n_0
    SLICE_X161Y111       FDRE                                         r  Audio_Codec/initialize_audio/twi_controller/addrNData_reg/D
  -------------------------------------------------------------------    -------------------

                         (clock clk_out2_clk_wiz_0 rise edge)
                                                      0.000     0.000 r  
    BUFGCTRL_X0Y2        BUFG                         0.000     0.000 r  clk_IBUF_BUFG_inst/O
                         net (fo=105, routed)         1.022     1.022    Audio_Codec/audiocodec_master_clock/inst/clk_in1
    MMCME2_ADV_X1Y0      MMCME2_ADV (Prop_mmcme2_adv_CLKIN1_CLKOUT1)
                                                     -2.040    -1.018 r  Audio_Codec/audiocodec_master_clock/inst/mmcm_adv_inst/CLKOUT1
                         net (fo=1, routed)           0.989    -0.029    Audio_Codec/audiocodec_master_clock/inst/clk_out2_clk_wiz_0
    BUFGCTRL_X0Y1        BUFG (Prop_bufg_I_O)         0.029    -0.000 r  Audio_Codec/audiocodec_master_clock/inst/clkout2_buf/O
                         net (fo=115, routed)         0.919     0.919    Audio_Codec/initialize_audio/twi_controller/clk_out2
    SLICE_X161Y111       FDRE                                         r  Audio_Codec/initialize_audio/twi_controller/addrNData_reg/C
                         clock pessimism             -0.273     0.646    
    SLICE_X161Y111       FDRE (Hold_fdre_C_D)         0.092     0.738    Audio_Codec/initialize_audio/twi_controller/addrNData_reg
  -------------------------------------------------------------------
                         required time                         -0.738    
                         arrival time                           0.965    
  -------------------------------------------------------------------
                         slack                                  0.227    





Pulse Width Checks
--------------------------------------------------------------------------------------
Clock Name:         clk_out2_clk_wiz_0
Waveform(ns):       { 0.000 10.000 }
Period(ns):         20.000
Sources:            { Audio_Codec/audiocodec_master_clock/inst/mmcm_adv_inst/CLKOUT1 }

Check Type        Corner  Lib Pin             Reference Pin  Required(ns)  Actual(ns)  Slack(ns)  Location         Pin
Min Period        n/a     BUFG/I              n/a            2.155         20.000      17.845     BUFGCTRL_X0Y1    Audio_Codec/audiocodec_master_clock/inst/clkout2_buf/I
Min Period        n/a     MMCME2_ADV/CLKOUT1  n/a            1.249         20.000      18.751     MMCME2_ADV_X1Y0  Audio_Codec/audiocodec_master_clock/inst/mmcm_adv_inst/CLKOUT1
Min Period        n/a     FDRE/C              n/a            1.000         20.000      19.000     SLICE_X156Y112   Audio_Codec/initialize_audio/data_i_reg[0]/C
Min Period        n/a     FDRE/C              n/a            1.000         20.000      19.000     SLICE_X158Y112   Audio_Codec/initialize_audio/data_i_reg[1]/C
Min Period        n/a     FDRE/C              n/a            1.000         20.000      19.000     SLICE_X156Y112   Audio_Codec/initialize_audio/data_i_reg[2]/C
Min Period        n/a     FDRE/C              n/a            1.000         20.000      19.000     SLICE_X156Y112   Audio_Codec/initialize_audio/data_i_reg[3]/C
Min Period        n/a     FDRE/C              n/a            1.000         20.000      19.000     SLICE_X159Y113   Audio_Codec/initialize_audio/data_i_reg[4]/C
Min Period        n/a     FDRE/C              n/a            1.000         20.000      19.000     SLICE_X156Y112   Audio_Codec/initialize_audio/data_i_reg[5]/C
Min Period        n/a     FDRE/C              n/a            1.000         20.000      19.000     SLICE_X159Y111   Audio_Codec/initialize_audio/data_i_reg[6]/C
Min Period        n/a     FDRE/C              n/a            1.000         20.000      19.000     SLICE_X158Y112   Audio_Codec/initialize_audio/data_i_reg[7]/C
Max Period        n/a     MMCME2_ADV/CLKOUT1  n/a            213.360       20.000      193.360    MMCME2_ADV_X1Y0  Audio_Codec/audiocodec_master_clock/inst/mmcm_adv_inst/CLKOUT1
Low Pulse Width   Slow    FDRE/C              n/a            0.500         10.000      9.500      SLICE_X156Y112   Audio_Codec/initialize_audio/data_i_reg[0]/C
Low Pulse Width   Fast    FDRE/C              n/a            0.500         10.000      9.500      SLICE_X156Y112   Audio_Codec/initialize_audio/data_i_reg[0]/C
Low Pulse Width   Slow    FDRE/C              n/a            0.500         10.000      9.500      SLICE_X158Y112   Audio_Codec/initialize_audio/data_i_reg[1]/C
Low Pulse Width   Fast    FDRE/C              n/a            0.500         10.000      9.500      SLICE_X158Y112   Audio_Codec/initialize_audio/data_i_reg[1]/C
Low Pulse Width   Slow    FDRE/C              n/a            0.500         10.000      9.500      SLICE_X156Y112   Audio_Codec/initialize_audio/data_i_reg[2]/C
Low Pulse Width   Fast    FDRE/C              n/a            0.500         10.000      9.500      SLICE_X156Y112   Audio_Codec/initialize_audio/data_i_reg[2]/C
Low Pulse Width   Slow    FDRE/C              n/a            0.500         10.000      9.500      SLICE_X156Y112   Audio_Codec/initialize_audio/data_i_reg[3]/C
Low Pulse Width   Fast    FDRE/C              n/a            0.500         10.000      9.500      SLICE_X156Y112   Audio_Codec/initialize_audio/data_i_reg[3]/C
Low Pulse Width   Slow    FDRE/C              n/a            0.500         10.000      9.500      SLICE_X159Y113   Audio_Codec/initialize_audio/data_i_reg[4]/C
Low Pulse Width   Fast    FDRE/C              n/a            0.500         10.000      9.500      SLICE_X159Y113   Audio_Codec/initialize_audio/data_i_reg[4]/C
High Pulse Width  Slow    FDRE/C              n/a            0.500         10.000      9.500      SLICE_X156Y112   Audio_Codec/initialize_audio/data_i_reg[0]/C
High Pulse Width  Fast    FDRE/C              n/a            0.500         10.000      9.500      SLICE_X156Y112   Audio_Codec/initialize_audio/data_i_reg[0]/C
High Pulse Width  Slow    FDRE/C              n/a            0.500         10.000      9.500      SLICE_X158Y112   Audio_Codec/initialize_audio/data_i_reg[1]/C
High Pulse Width  Fast    FDRE/C              n/a            0.500         10.000      9.500      SLICE_X158Y112   Audio_Codec/initialize_audio/data_i_reg[1]/C
High Pulse Width  Slow    FDRE/C              n/a            0.500         10.000      9.500      SLICE_X156Y112   Audio_Codec/initialize_audio/data_i_reg[2]/C
High Pulse Width  Fast    FDRE/C              n/a            0.500         10.000      9.500      SLICE_X156Y112   Audio_Codec/initialize_audio/data_i_reg[2]/C
High Pulse Width  Slow    FDRE/C              n/a            0.500         10.000      9.500      SLICE_X156Y112   Audio_Codec/initialize_audio/data_i_reg[3]/C
High Pulse Width  Fast    FDRE/C              n/a            0.500         10.000      9.500      SLICE_X156Y112   Audio_Codec/initialize_audio/data_i_reg[3]/C
High Pulse Width  Slow    FDRE/C              n/a            0.500         10.000      9.500      SLICE_X159Y113   Audio_Codec/initialize_audio/data_i_reg[4]/C
High Pulse Width  Fast    FDRE/C              n/a            0.500         10.000      9.500      SLICE_X159Y113   Audio_Codec/initialize_audio/data_i_reg[4]/C



---------------------------------------------------------------------------------------------------
From Clock:  clkfbout_clk_wiz_0
  To Clock:  clkfbout_clk_wiz_0

Setup :           NA  Failing Endpoints,  Worst Slack           NA  ,  Total Violation           NA
Hold  :           NA  Failing Endpoints,  Worst Slack           NA  ,  Total Violation           NA
PW    :            0  Failing Endpoints,  Worst Slack        7.845ns,  Total Violation        0.000ns
---------------------------------------------------------------------------------------------------


Pulse Width Checks
--------------------------------------------------------------------------------------
Clock Name:         clkfbout_clk_wiz_0
Waveform(ns):       { 0.000 5.000 }
Period(ns):         10.000
Sources:            { Audio_Codec/audiocodec_master_clock/inst/mmcm_adv_inst/CLKFBOUT }

Check Type  Corner  Lib Pin              Reference Pin  Required(ns)  Actual(ns)  Slack(ns)  Location         Pin
Min Period  n/a     BUFG/I               n/a            2.155         10.000      7.845      BUFGCTRL_X0Y3    Audio_Codec/audiocodec_master_clock/inst/clkf_buf/I
Min Period  n/a     MMCME2_ADV/CLKFBOUT  n/a            1.249         10.000      8.751      MMCME2_ADV_X1Y0  Audio_Codec/audiocodec_master_clock/inst/mmcm_adv_inst/CLKFBOUT
Min Period  n/a     MMCME2_ADV/CLKFBIN   n/a            1.249         10.000      8.751      MMCME2_ADV_X1Y0  Audio_Codec/audiocodec_master_clock/inst/mmcm_adv_inst/CLKFBIN
Max Period  n/a     MMCME2_ADV/CLKFBIN   n/a            100.000       10.000      90.000     MMCME2_ADV_X1Y0  Audio_Codec/audiocodec_master_clock/inst/mmcm_adv_inst/CLKFBIN
Max Period  n/a     MMCME2_ADV/CLKFBOUT  n/a            213.360       10.000      203.360    MMCME2_ADV_X1Y0  Audio_Codec/audiocodec_master_clock/inst/mmcm_adv_inst/CLKFBOUT



--------------------------------------------------------------------------------------
Path Group:  (none)
From Clock:  
  To Clock:  

Max Delay           228 Endpoints
Min Delay           228 Endpoints
--------------------------------------------------------------------------------------


Max Delay Paths
--------------------------------------------------------------------------------------
Slack:                    inf
  Source:                 btn[0]
                            (input port)
  Destination:            DP/Interpolate_inst/delta_x_offset/B[5]
  Path Group:             (none)
  Path Type:              Max at Slow Process Corner
  Data Path Delay:        12.965ns  (logic 2.077ns (16.023%)  route 10.888ns (83.977%))
  Logic Levels:           4  (CARRY4=2 IBUF=1 LUT6=1)

    Location             Delay type                Incr(ns)  Path(ns)    Netlist Resource(s)
  -------------------------------------------------------------------    -------------------
    F15                                               0.000     0.000 r  btn[0] (IN)
                         net (fo=0)                   0.000     0.000    btn[0]
    F15                  IBUF (Prop_ibuf_I_O)         1.069     1.069 r  btn_IBUF[0]_inst/O
                         net (fo=24, routed)         10.341    11.410    DP/IndexOffsetReg_inst/btn_IBUF[0]
    SLICE_X151Y115       LUT6 (Prop_lut6_I5_O)        0.124    11.534 r  DP/IndexOffsetReg_inst/index_offset_reg0_carry_i_3/O
                         net (fo=1, routed)           0.000    11.534    DP/IndexOffsetReg_inst/index_offset_reg0_carry_i_3_n_0
    SLICE_X151Y115       CARRY4 (Prop_carry4_S[1]_CO[3])
                                                      0.550    12.084 r  DP/IndexOffsetReg_inst/index_offset_reg0_carry/CO[3]
                         net (fo=1, routed)           0.000    12.084    DP/IndexOffsetReg_inst/index_offset_reg0_carry_n_0
    SLICE_X151Y116       CARRY4 (Prop_carry4_CI_O[1])
                                                      0.334    12.418 r  DP/IndexOffsetReg_inst/index_offset_reg0_carry__0/O[1]
                         net (fo=1, routed)           0.547    12.965    DP/Interpolate_inst/B[5]
    DSP48_X8Y46          DSP48E1                                      r  DP/Interpolate_inst/delta_x_offset/B[5]
  -------------------------------------------------------------------    -------------------

Slack:                    inf
  Source:                 btn[0]
                            (input port)
  Destination:            DP/Interpolate_inst/delta_x_offset/B[6]
  Path Group:             (none)
  Path Type:              Max at Slow Process Corner
  Data Path Delay:        12.867ns  (logic 1.982ns (15.407%)  route 10.885ns (84.593%))
  Logic Levels:           4  (CARRY4=2 IBUF=1 LUT6=1)

    Location             Delay type                Incr(ns)  Path(ns)    Netlist Resource(s)
  -------------------------------------------------------------------    -------------------
    F15                                               0.000     0.000 r  btn[0] (IN)
                         net (fo=0)                   0.000     0.000    btn[0]
    F15                  IBUF (Prop_ibuf_I_O)         1.069     1.069 r  btn_IBUF[0]_inst/O
                         net (fo=24, routed)         10.341    11.410    DP/IndexOffsetReg_inst/btn_IBUF[0]
    SLICE_X151Y115       LUT6 (Prop_lut6_I5_O)        0.124    11.534 r  DP/IndexOffsetReg_inst/index_offset_reg0_carry_i_3/O
                         net (fo=1, routed)           0.000    11.534    DP/IndexOffsetReg_inst/index_offset_reg0_carry_i_3_n_0
    SLICE_X151Y115       CARRY4 (Prop_carry4_S[1]_CO[3])
                                                      0.550    12.084 r  DP/IndexOffsetReg_inst/index_offset_reg0_carry/CO[3]
                         net (fo=1, routed)           0.000    12.084    DP/IndexOffsetReg_inst/index_offset_reg0_carry_n_0
    SLICE_X151Y116       CARRY4 (Prop_carry4_CI_O[2])
                                                      0.239    12.323 r  DP/IndexOffsetReg_inst/index_offset_reg0_carry__0/O[2]
                         net (fo=1, routed)           0.544    12.867    DP/Interpolate_inst/B[6]
    DSP48_X8Y46          DSP48E1                                      r  DP/Interpolate_inst/delta_x_offset/B[6]
  -------------------------------------------------------------------    -------------------

Slack:                    inf
  Source:                 btn[0]
                            (input port)
  Destination:            DP/Interpolate_inst/delta_x_offset/B[7]
  Path Group:             (none)
  Path Type:              Max at Slow Process Corner
  Data Path Delay:        12.801ns  (logic 2.056ns (16.064%)  route 10.745ns (83.936%))
  Logic Levels:           4  (CARRY4=2 IBUF=1 LUT6=1)

    Location             Delay type                Incr(ns)  Path(ns)    Netlist Resource(s)
  -------------------------------------------------------------------    -------------------
    F15                                               0.000     0.000 r  btn[0] (IN)
                         net (fo=0)                   0.000     0.000    btn[0]
    F15                  IBUF (Prop_ibuf_I_O)         1.069     1.069 r  btn_IBUF[0]_inst/O
                         net (fo=24, routed)         10.341    11.410    DP/IndexOffsetReg_inst/btn_IBUF[0]
    SLICE_X151Y115       LUT6 (Prop_lut6_I5_O)        0.124    11.534 r  DP/IndexOffsetReg_inst/index_offset_reg0_carry_i_3/O
                         net (fo=1, routed)           0.000    11.534    DP/IndexOffsetReg_inst/index_offset_reg0_carry_i_3_n_0
    SLICE_X151Y115       CARRY4 (Prop_carry4_S[1]_CO[3])
                                                      0.550    12.084 r  DP/IndexOffsetReg_inst/index_offset_reg0_carry/CO[3]
                         net (fo=1, routed)           0.000    12.084    DP/IndexOffsetReg_inst/index_offset_reg0_carry_n_0
    SLICE_X151Y116       CARRY4 (Prop_carry4_CI_O[3])
                                                      0.313    12.397 r  DP/IndexOffsetReg_inst/index_offset_reg0_carry__0/O[3]
                         net (fo=1, routed)           0.404    12.801    DP/Interpolate_inst/B[7]
    DSP48_X8Y46          DSP48E1                                      r  DP/Interpolate_inst/delta_x_offset/B[7]
  -------------------------------------------------------------------    -------------------

Slack:                    inf
  Source:                 btn[0]
                            (input port)
  Destination:            DP/IndexOffsetReg_inst/index_offset_reg_reg[13]/D
  Path Group:             (none)
  Path Type:              Max at Slow Process Corner
  Data Path Delay:        12.756ns  (logic 2.528ns (19.821%)  route 10.228ns (80.179%))
  Logic Levels:           6  (CARRY4=4 IBUF=1 LUT5=1)

    Location             Delay type                Incr(ns)  Path(ns)    Netlist Resource(s)
  -------------------------------------------------------------------    -------------------
    F15                                               0.000     0.000 f  btn[0] (IN)
                         net (fo=0)                   0.000     0.000    btn[0]
    F15                  IBUF (Prop_ibuf_I_O)         1.069     1.069 f  btn_IBUF[0]_inst/O
                         net (fo=24, routed)          9.697    10.766    DP/IndexOffsetReg_inst/btn_IBUF[0]
    SLICE_X149Y116       LUT5 (Prop_lut5_I0_O)        0.150    10.916 r  DP/IndexOffsetReg_inst/index_offset_reg[0]_i_2/O
                         net (fo=1, routed)           0.531    11.447    DP/IndexOffsetReg_inst/index_offset_reg[0]_i_2_n_0
    SLICE_X150Y115       CARRY4 (Prop_carry4_DI[0]_CO[3])
                                                      0.752    12.199 r  DP/IndexOffsetReg_inst/index_offset_reg_reg[0]_i_1/CO[3]
                         net (fo=1, routed)           0.000    12.199    DP/IndexOffsetReg_inst/index_offset_reg_reg[0]_i_1_n_0
    SLICE_X150Y116       CARRY4 (Prop_carry4_CI_CO[3])
                                                      0.117    12.316 r  DP/IndexOffsetReg_inst/index_offset_reg_reg[4]_i_1/CO[3]
                         net (fo=1, routed)           0.000    12.316    DP/IndexOffsetReg_inst/index_offset_reg_reg[4]_i_1_n_0
    SLICE_X150Y117       CARRY4 (Prop_carry4_CI_CO[3])
                                                      0.117    12.433 r  DP/IndexOffsetReg_inst/index_offset_reg_reg[8]_i_1/CO[3]
                         net (fo=1, routed)           0.000    12.433    DP/IndexOffsetReg_inst/index_offset_reg_reg[8]_i_1_n_0
    SLICE_X150Y118       CARRY4 (Prop_carry4_CI_O[1])
                                                      0.323    12.756 r  DP/IndexOffsetReg_inst/index_offset_reg_reg[12]_i_1/O[1]
                         net (fo=1, routed)           0.000    12.756    DP/IndexOffsetReg_inst/index_offset_reg_reg[12]_i_1_n_6
    SLICE_X150Y118       FDRE                                         r  DP/IndexOffsetReg_inst/index_offset_reg_reg[13]/D
  -------------------------------------------------------------------    -------------------

Slack:                    inf
  Source:                 btn[0]
                            (input port)
  Destination:            DP/IndexOffsetReg_inst/index_offset_reg_reg[15]/D
  Path Group:             (none)
  Path Type:              Max at Slow Process Corner
  Data Path Delay:        12.748ns  (logic 2.520ns (19.771%)  route 10.228ns (80.229%))
  Logic Levels:           6  (CARRY4=4 IBUF=1 LUT5=1)

    Location             Delay type                Incr(ns)  Path(ns)    Netlist Resource(s)
  -------------------------------------------------------------------    -------------------
    F15                                               0.000     0.000 f  btn[0] (IN)
                         net (fo=0)                   0.000     0.000    btn[0]
    F15                  IBUF (Prop_ibuf_I_O)         1.069     1.069 f  btn_IBUF[0]_inst/O
                         net (fo=24, routed)          9.697    10.766    DP/IndexOffsetReg_inst/btn_IBUF[0]
    SLICE_X149Y116       LUT5 (Prop_lut5_I0_O)        0.150    10.916 r  DP/IndexOffsetReg_inst/index_offset_reg[0]_i_2/O
                         net (fo=1, routed)           0.531    11.447    DP/IndexOffsetReg_inst/index_offset_reg[0]_i_2_n_0
    SLICE_X150Y115       CARRY4 (Prop_carry4_DI[0]_CO[3])
                                                      0.752    12.199 r  DP/IndexOffsetReg_inst/index_offset_reg_reg[0]_i_1/CO[3]
                         net (fo=1, routed)           0.000    12.199    DP/IndexOffsetReg_inst/index_offset_reg_reg[0]_i_1_n_0
    SLICE_X150Y116       CARRY4 (Prop_carry4_CI_CO[3])
                                                      0.117    12.316 r  DP/IndexOffsetReg_inst/index_offset_reg_reg[4]_i_1/CO[3]
                         net (fo=1, routed)           0.000    12.316    DP/IndexOffsetReg_inst/index_offset_reg_reg[4]_i_1_n_0
    SLICE_X150Y117       CARRY4 (Prop_carry4_CI_CO[3])
                                                      0.117    12.433 r  DP/IndexOffsetReg_inst/index_offset_reg_reg[8]_i_1/CO[3]
                         net (fo=1, routed)           0.000    12.433    DP/IndexOffsetReg_inst/index_offset_reg_reg[8]_i_1_n_0
    SLICE_X150Y118       CARRY4 (Prop_carry4_CI_O[3])
                                                      0.315    12.748 r  DP/IndexOffsetReg_inst/index_offset_reg_reg[12]_i_1/O[3]
                         net (fo=1, routed)           0.000    12.748    DP/IndexOffsetReg_inst/index_offset_reg_reg[12]_i_1_n_4
    SLICE_X150Y118       FDRE                                         r  DP/IndexOffsetReg_inst/index_offset_reg_reg[15]/D
  -------------------------------------------------------------------    -------------------

Slack:                    inf
  Source:                 btn[0]
                            (input port)
  Destination:            DP/Interpolate_inst/delta_x_offset/B[4]
  Path Group:             (none)
  Path Type:              Max at Slow Process Corner
  Data Path Delay:        12.710ns  (logic 1.965ns (15.463%)  route 10.745ns (84.537%))
  Logic Levels:           4  (CARRY4=2 IBUF=1 LUT6=1)

    Location             Delay type                Incr(ns)  Path(ns)    Netlist Resource(s)
  -------------------------------------------------------------------    -------------------
    F15                                               0.000     0.000 r  btn[0] (IN)
                         net (fo=0)                   0.000     0.000    btn[0]
    F15                  IBUF (Prop_ibuf_I_O)         1.069     1.069 r  btn_IBUF[0]_inst/O
                         net (fo=24, routed)         10.341    11.410    DP/IndexOffsetReg_inst/btn_IBUF[0]
    SLICE_X151Y115       LUT6 (Prop_lut6_I5_O)        0.124    11.534 r  DP/IndexOffsetReg_inst/index_offset_reg0_carry_i_3/O
                         net (fo=1, routed)           0.000    11.534    DP/IndexOffsetReg_inst/index_offset_reg0_carry_i_3_n_0
    SLICE_X151Y115       CARRY4 (Prop_carry4_S[1]_CO[3])
                                                      0.550    12.084 r  DP/IndexOffsetReg_inst/index_offset_reg0_carry/CO[3]
                         net (fo=1, routed)           0.000    12.084    DP/IndexOffsetReg_inst/index_offset_reg0_carry_n_0
    SLICE_X151Y116       CARRY4 (Prop_carry4_CI_O[0])
                                                      0.222    12.306 r  DP/IndexOffsetReg_inst/index_offset_reg0_carry__0/O[0]
                         net (fo=1, routed)           0.404    12.710    DP/Interpolate_inst/B[4]
    DSP48_X8Y46          DSP48E1                                      r  DP/Interpolate_inst/delta_x_offset/B[4]
  -------------------------------------------------------------------    -------------------

Slack:                    inf
  Source:                 btn[0]
                            (input port)
  Destination:            DP/IndexOffsetReg_inst/index_offset_reg_reg[14]/D
  Path Group:             (none)
  Path Type:              Max at Slow Process Corner
  Data Path Delay:        12.672ns  (logic 2.444ns (19.290%)  route 10.228ns (80.710%))
  Logic Levels:           6  (CARRY4=4 IBUF=1 LUT5=1)

    Location             Delay type                Incr(ns)  Path(ns)    Netlist Resource(s)
  -------------------------------------------------------------------    -------------------
    F15                                               0.000     0.000 f  btn[0] (IN)
                         net (fo=0)                   0.000     0.000    btn[0]
    F15                  IBUF (Prop_ibuf_I_O)         1.069     1.069 f  btn_IBUF[0]_inst/O
                         net (fo=24, routed)          9.697    10.766    DP/IndexOffsetReg_inst/btn_IBUF[0]
    SLICE_X149Y116       LUT5 (Prop_lut5_I0_O)        0.150    10.916 r  DP/IndexOffsetReg_inst/index_offset_reg[0]_i_2/O
                         net (fo=1, routed)           0.531    11.447    DP/IndexOffsetReg_inst/index_offset_reg[0]_i_2_n_0
    SLICE_X150Y115       CARRY4 (Prop_carry4_DI[0]_CO[3])
                                                      0.752    12.199 r  DP/IndexOffsetReg_inst/index_offset_reg_reg[0]_i_1/CO[3]
                         net (fo=1, routed)           0.000    12.199    DP/IndexOffsetReg_inst/index_offset_reg_reg[0]_i_1_n_0
    SLICE_X150Y116       CARRY4 (Prop_carry4_CI_CO[3])
                                                      0.117    12.316 r  DP/IndexOffsetReg_inst/index_offset_reg_reg[4]_i_1/CO[3]
                         net (fo=1, routed)           0.000    12.316    DP/IndexOffsetReg_inst/index_offset_reg_reg[4]_i_1_n_0
    SLICE_X150Y117       CARRY4 (Prop_carry4_CI_CO[3])
                                                      0.117    12.433 r  DP/IndexOffsetReg_inst/index_offset_reg_reg[8]_i_1/CO[3]
                         net (fo=1, routed)           0.000    12.433    DP/IndexOffsetReg_inst/index_offset_reg_reg[8]_i_1_n_0
    SLICE_X150Y118       CARRY4 (Prop_carry4_CI_O[2])
                                                      0.239    12.672 r  DP/IndexOffsetReg_inst/index_offset_reg_reg[12]_i_1/O[2]
                         net (fo=1, routed)           0.000    12.672    DP/IndexOffsetReg_inst/index_offset_reg_reg[12]_i_1_n_5
    SLICE_X150Y118       FDRE                                         r  DP/IndexOffsetReg_inst/index_offset_reg_reg[14]/D
  -------------------------------------------------------------------    -------------------

Slack:                    inf
  Source:                 btn[0]
                            (input port)
  Destination:            DP/Interpolate_inst/delta_x_offset/B[2]
  Path Group:             (none)
  Path Type:              Max at Slow Process Corner
  Data Path Delay:        12.658ns  (logic 1.773ns (14.010%)  route 10.885ns (85.990%))
  Logic Levels:           3  (CARRY4=1 IBUF=1 LUT6=1)

    Location             Delay type                Incr(ns)  Path(ns)    Netlist Resource(s)
  -------------------------------------------------------------------    -------------------
    F15                                               0.000     0.000 r  btn[0] (IN)
                         net (fo=0)                   0.000     0.000    btn[0]
    F15                  IBUF (Prop_ibuf_I_O)         1.069     1.069 r  btn_IBUF[0]_inst/O
                         net (fo=24, routed)         10.341    11.410    DP/IndexOffsetReg_inst/btn_IBUF[0]
    SLICE_X151Y115       LUT6 (Prop_lut6_I5_O)        0.124    11.534 r  DP/IndexOffsetReg_inst/index_offset_reg0_carry_i_3/O
                         net (fo=1, routed)           0.000    11.534    DP/IndexOffsetReg_inst/index_offset_reg0_carry_i_3_n_0
    SLICE_X151Y115       CARRY4 (Prop_carry4_S[1]_O[2])
                                                      0.580    12.114 r  DP/IndexOffsetReg_inst/index_offset_reg0_carry/O[2]
                         net (fo=1, routed)           0.544    12.658    DP/Interpolate_inst/B[2]
    DSP48_X8Y46          DSP48E1                                      r  DP/Interpolate_inst/delta_x_offset/B[2]
  -------------------------------------------------------------------    -------------------

Slack:                    inf
  Source:                 btn[0]
                            (input port)
  Destination:            DP/IndexOffsetReg_inst/index_offset_reg_reg[12]/D
  Path Group:             (none)
  Path Type:              Max at Slow Process Corner
  Data Path Delay:        12.652ns  (logic 2.424ns (19.162%)  route 10.228ns (80.838%))
  Logic Levels:           6  (CARRY4=4 IBUF=1 LUT5=1)

    Location             Delay type                Incr(ns)  Path(ns)    Netlist Resource(s)
  -------------------------------------------------------------------    -------------------
    F15                                               0.000     0.000 f  btn[0] (IN)
                         net (fo=0)                   0.000     0.000    btn[0]
    F15                  IBUF (Prop_ibuf_I_O)         1.069     1.069 f  btn_IBUF[0]_inst/O
                         net (fo=24, routed)          9.697    10.766    DP/IndexOffsetReg_inst/btn_IBUF[0]
    SLICE_X149Y116       LUT5 (Prop_lut5_I0_O)        0.150    10.916 r  DP/IndexOffsetReg_inst/index_offset_reg[0]_i_2/O
                         net (fo=1, routed)           0.531    11.447    DP/IndexOffsetReg_inst/index_offset_reg[0]_i_2_n_0
    SLICE_X150Y115       CARRY4 (Prop_carry4_DI[0]_CO[3])
                                                      0.752    12.199 r  DP/IndexOffsetReg_inst/index_offset_reg_reg[0]_i_1/CO[3]
                         net (fo=1, routed)           0.000    12.199    DP/IndexOffsetReg_inst/index_offset_reg_reg[0]_i_1_n_0
    SLICE_X150Y116       CARRY4 (Prop_carry4_CI_CO[3])
                                                      0.117    12.316 r  DP/IndexOffsetReg_inst/index_offset_reg_reg[4]_i_1/CO[3]
                         net (fo=1, routed)           0.000    12.316    DP/IndexOffsetReg_inst/index_offset_reg_reg[4]_i_1_n_0
    SLICE_X150Y117       CARRY4 (Prop_carry4_CI_CO[3])
                                                      0.117    12.433 r  DP/IndexOffsetReg_inst/index_offset_reg_reg[8]_i_1/CO[3]
                         net (fo=1, routed)           0.000    12.433    DP/IndexOffsetReg_inst/index_offset_reg_reg[8]_i_1_n_0
    SLICE_X150Y118       CARRY4 (Prop_carry4_CI_O[0])
                                                      0.219    12.652 r  DP/IndexOffsetReg_inst/index_offset_reg_reg[12]_i_1/O[0]
                         net (fo=1, routed)           0.000    12.652    DP/IndexOffsetReg_inst/index_offset_reg_reg[12]_i_1_n_7
    SLICE_X150Y118       FDRE                                         r  DP/IndexOffsetReg_inst/index_offset_reg_reg[12]/D
  -------------------------------------------------------------------    -------------------

Slack:                    inf
  Source:                 btn[0]
                            (input port)
  Destination:            DP/IndexOffsetReg_inst/index_offset_reg_reg[9]/D
  Path Group:             (none)
  Path Type:              Max at Slow Process Corner
  Data Path Delay:        12.639ns  (logic 2.411ns (19.079%)  route 10.228ns (80.921%))
  Logic Levels:           5  (CARRY4=3 IBUF=1 LUT5=1)

    Location             Delay type                Incr(ns)  Path(ns)    Netlist Resource(s)
  -------------------------------------------------------------------    -------------------
    F15                                               0.000     0.000 f  btn[0] (IN)
                         net (fo=0)                   0.000     0.000    btn[0]
    F15                  IBUF (Prop_ibuf_I_O)         1.069     1.069 f  btn_IBUF[0]_inst/O
                         net (fo=24, routed)          9.697    10.766    DP/IndexOffsetReg_inst/btn_IBUF[0]
    SLICE_X149Y116       LUT5 (Prop_lut5_I0_O)        0.150    10.916 r  DP/IndexOffsetReg_inst/index_offset_reg[0]_i_2/O
                         net (fo=1, routed)           0.531    11.447    DP/IndexOffsetReg_inst/index_offset_reg[0]_i_2_n_0
    SLICE_X150Y115       CARRY4 (Prop_carry4_DI[0]_CO[3])
                                                      0.752    12.199 r  DP/IndexOffsetReg_inst/index_offset_reg_reg[0]_i_1/CO[3]
                         net (fo=1, routed)           0.000    12.199    DP/IndexOffsetReg_inst/index_offset_reg_reg[0]_i_1_n_0
    SLICE_X150Y116       CARRY4 (Prop_carry4_CI_CO[3])
                                                      0.117    12.316 r  DP/IndexOffsetReg_inst/index_offset_reg_reg[4]_i_1/CO[3]
                         net (fo=1, routed)           0.000    12.316    DP/IndexOffsetReg_inst/index_offset_reg_reg[4]_i_1_n_0
    SLICE_X150Y117       CARRY4 (Prop_carry4_CI_O[1])
                                                      0.323    12.639 r  DP/IndexOffsetReg_inst/index_offset_reg_reg[8]_i_1/O[1]
                         net (fo=1, routed)           0.000    12.639    DP/IndexOffsetReg_inst/index_offset_reg_reg[8]_i_1_n_6
    SLICE_X150Y117       FDRE                                         r  DP/IndexOffsetReg_inst/index_offset_reg_reg[9]/D
  -------------------------------------------------------------------    -------------------





Min Delay Paths
--------------------------------------------------------------------------------------
Slack:                    inf
  Source:                 CU/next_state_reg[0]/G
                            (positive level-sensitive latch)
  Destination:            CU/state_reg[0]/D
  Path Group:             (none)
  Path Type:              Min at Fast Process Corner
  Data Path Delay:        0.279ns  (logic 0.158ns (56.542%)  route 0.121ns (43.458%))
  Logic Levels:           1  (LDPE=1)

    Location             Delay type                Incr(ns)  Path(ns)    Netlist Resource(s)
  -------------------------------------------------------------------    -------------------
    SLICE_X156Y116       LDPE                         0.000     0.000 r  CU/next_state_reg[0]/G
    SLICE_X156Y116       LDPE (EnToQ_ldpe_G_Q)        0.158     0.158 r  CU/next_state_reg[0]/Q
                         net (fo=1, routed)           0.121     0.279    CU/next_state[0]
    SLICE_X156Y117       FDRE                                         r  CU/state_reg[0]/D
  -------------------------------------------------------------------    -------------------

Slack:                    inf
  Source:                 Audio_Codec/audio_inout/Data_Out_int_reg[17]/C
                            (rising edge-triggered cell FDRE)
  Destination:            Audio_Codec/audio_inout/Data_Out_int_reg[18]/D
  Path Group:             (none)
  Path Type:              Min at Fast Process Corner
  Data Path Delay:        0.290ns  (logic 0.186ns (64.100%)  route 0.104ns (35.900%))
  Logic Levels:           2  (FDRE=1 LUT5=1)

    Location             Delay type                Incr(ns)  Path(ns)    Netlist Resource(s)
  -------------------------------------------------------------------    -------------------
    SLICE_X153Y114       FDRE                         0.000     0.000 r  Audio_Codec/audio_inout/Data_Out_int_reg[17]/C
    SLICE_X153Y114       FDRE (Prop_fdre_C_Q)         0.141     0.141 r  Audio_Codec/audio_inout/Data_Out_int_reg[17]/Q
                         net (fo=1, routed)           0.104     0.245    Audio_Codec/audio_inout/Data_Out_int_reg_n_0_[17]
    SLICE_X153Y114       LUT5 (Prop_lut5_I0_O)        0.045     0.290 r  Audio_Codec/audio_inout/Data_Out_int[18]_i_1/O
                         net (fo=1, routed)           0.000     0.290    Audio_Codec/audio_inout/Data_Out_int[18]_i_1_n_0
    SLICE_X153Y114       FDRE                                         r  Audio_Codec/audio_inout/Data_Out_int_reg[18]/D
  -------------------------------------------------------------------    -------------------

Slack:                    inf
  Source:                 DP/ResultReg_inst/data_out_reg[2]/C
                            (rising edge-triggered cell FDRE)
  Destination:            Audio_Codec/audio_inout/Data_Out_int_reg[15]/D
  Path Group:             (none)
  Path Type:              Min at Fast Process Corner
  Data Path Delay:        0.291ns  (logic 0.209ns (71.796%)  route 0.082ns (28.204%))
  Logic Levels:           2  (FDRE=1 LUT4=1)

    Location             Delay type                Incr(ns)  Path(ns)    Netlist Resource(s)
  -------------------------------------------------------------------    -------------------
    SLICE_X152Y115       FDRE                         0.000     0.000 r  DP/ResultReg_inst/data_out_reg[2]/C
    SLICE_X152Y115       FDRE (Prop_fdre_C_Q)         0.164     0.164 r  DP/ResultReg_inst/data_out_reg[2]/Q
                         net (fo=1, routed)           0.082     0.246    DP/BaseAndNextReg_inst/data_out[0]
    SLICE_X153Y115       LUT4 (Prop_lut4_I2_O)        0.045     0.291 r  DP/BaseAndNextReg_inst/Data_Out_int[15]_i_1/O
                         net (fo=1, routed)           0.000     0.291    Audio_Codec/audio_inout/D[0]
    SLICE_X153Y115       FDRE                                         r  Audio_Codec/audio_inout/Data_Out_int_reg[15]/D
  -------------------------------------------------------------------    -------------------

Slack:                    inf
  Source:                 DP/ResultReg_inst/data_out_reg[6]/C
                            (rising edge-triggered cell FDRE)
  Destination:            Audio_Codec/audio_inout/Data_Out_int_reg[19]/D
  Path Group:             (none)
  Path Type:              Min at Fast Process Corner
  Data Path Delay:        0.291ns  (logic 0.209ns (71.796%)  route 0.082ns (28.204%))
  Logic Levels:           2  (FDRE=1 LUT5=1)

    Location             Delay type                Incr(ns)  Path(ns)    Netlist Resource(s)
  -------------------------------------------------------------------    -------------------
    SLICE_X152Y116       FDRE                         0.000     0.000 r  DP/ResultReg_inst/data_out_reg[6]/C
    SLICE_X152Y116       FDRE (Prop_fdre_C_Q)         0.164     0.164 r  DP/ResultReg_inst/data_out_reg[6]/Q
                         net (fo=1, routed)           0.082     0.246    Audio_Codec/audio_inout/data_out[3]
    SLICE_X153Y116       LUT5 (Prop_lut5_I2_O)        0.045     0.291 r  Audio_Codec/audio_inout/Data_Out_int[19]_i_1/O
                         net (fo=1, routed)           0.000     0.291    Audio_Codec/audio_inout/Data_Out_int[19]_i_1_n_0
    SLICE_X153Y116       FDRE                                         r  Audio_Codec/audio_inout/Data_Out_int_reg[19]/D
  -------------------------------------------------------------------    -------------------

Slack:                    inf
  Source:                 DP/ResultReg_inst/data_out_reg[9]/C
                            (rising edge-triggered cell FDRE)
  Destination:            Audio_Codec/audio_inout/Data_Out_int_reg[22]/D
  Path Group:             (none)
  Path Type:              Min at Fast Process Corner
  Data Path Delay:        0.291ns  (logic 0.209ns (71.796%)  route 0.082ns (28.204%))
  Logic Levels:           2  (FDRE=1 LUT5=1)

    Location             Delay type                Incr(ns)  Path(ns)    Netlist Resource(s)
  -------------------------------------------------------------------    -------------------
    SLICE_X152Y116       FDRE                         0.000     0.000 r  DP/ResultReg_inst/data_out_reg[9]/C
    SLICE_X152Y116       FDRE (Prop_fdre_C_Q)         0.164     0.164 r  DP/ResultReg_inst/data_out_reg[9]/Q
                         net (fo=1, routed)           0.082     0.246    Audio_Codec/audio_inout/data_out[6]
    SLICE_X153Y116       LUT5 (Prop_lut5_I2_O)        0.045     0.291 r  Audio_Codec/audio_inout/Data_Out_int[22]_i_1/O
                         net (fo=1, routed)           0.000     0.291    Audio_Codec/audio_inout/Data_Out_int[22]_i_1_n_0
    SLICE_X153Y116       FDRE                                         r  Audio_Codec/audio_inout/Data_Out_int_reg[22]/D
  -------------------------------------------------------------------    -------------------

Slack:                    inf
  Source:                 DP/ResultReg_inst/data_out_reg[10]/C
                            (rising edge-triggered cell FDRE)
  Destination:            Audio_Codec/audio_inout/Data_Out_int_reg[23]/D
  Path Group:             (none)
  Path Type:              Min at Fast Process Corner
  Data Path Delay:        0.291ns  (logic 0.209ns (71.796%)  route 0.082ns (28.204%))
  Logic Levels:           2  (FDRE=1 LUT5=1)

    Location             Delay type                Incr(ns)  Path(ns)    Netlist Resource(s)
  -------------------------------------------------------------------    -------------------
    SLICE_X152Y117       FDRE                         0.000     0.000 r  DP/ResultReg_inst/data_out_reg[10]/C
    SLICE_X152Y117       FDRE (Prop_fdre_C_Q)         0.164     0.164 r  DP/ResultReg_inst/data_out_reg[10]/Q
                         net (fo=1, routed)           0.082     0.246    Audio_Codec/audio_inout/data_out[7]
    SLICE_X153Y117       LUT5 (Prop_lut5_I2_O)        0.045     0.291 r  Audio_Codec/audio_inout/Data_Out_int[23]_i_1/O
                         net (fo=1, routed)           0.000     0.291    Audio_Codec/audio_inout/Data_Out_int[23]_i_1_n_0
    SLICE_X153Y117       FDRE                                         r  Audio_Codec/audio_inout/Data_Out_int_reg[23]/D
  -------------------------------------------------------------------    -------------------

Slack:                    inf
  Source:                 DP/ResultReg_inst/data_out_reg[13]/C
                            (rising edge-triggered cell FDRE)
  Destination:            Audio_Codec/audio_inout/Data_Out_int_reg[26]/D
  Path Group:             (none)
  Path Type:              Min at Fast Process Corner
  Data Path Delay:        0.291ns  (logic 0.209ns (71.796%)  route 0.082ns (28.204%))
  Logic Levels:           2  (FDRE=1 LUT5=1)

    Location             Delay type                Incr(ns)  Path(ns)    Netlist Resource(s)
  -------------------------------------------------------------------    -------------------
    SLICE_X152Y117       FDRE                         0.000     0.000 r  DP/ResultReg_inst/data_out_reg[13]/C
    SLICE_X152Y117       FDRE (Prop_fdre_C_Q)         0.164     0.164 r  DP/ResultReg_inst/data_out_reg[13]/Q
                         net (fo=1, routed)           0.082     0.246    Audio_Codec/audio_inout/data_out[10]
    SLICE_X153Y117       LUT5 (Prop_lut5_I2_O)        0.045     0.291 r  Audio_Codec/audio_inout/Data_Out_int[26]_i_1/O
                         net (fo=1, routed)           0.000     0.291    Audio_Codec/audio_inout/Data_Out_int[26]_i_1_n_0
    SLICE_X153Y117       FDRE                                         r  Audio_Codec/audio_inout/Data_Out_int_reg[26]/D
  -------------------------------------------------------------------    -------------------

Slack:                    inf
  Source:                 DP/ResultReg_inst/data_out_reg[14]/C
                            (rising edge-triggered cell FDRE)
  Destination:            Audio_Codec/audio_inout/Data_Out_int_reg[27]/D
  Path Group:             (none)
  Path Type:              Min at Fast Process Corner
  Data Path Delay:        0.291ns  (logic 0.209ns (71.796%)  route 0.082ns (28.204%))
  Logic Levels:           2  (FDRE=1 LUT5=1)

    Location             Delay type                Incr(ns)  Path(ns)    Netlist Resource(s)
  -------------------------------------------------------------------    -------------------
    SLICE_X152Y118       FDRE                         0.000     0.000 r  DP/ResultReg_inst/data_out_reg[14]/C
    SLICE_X152Y118       FDRE (Prop_fdre_C_Q)         0.164     0.164 r  DP/ResultReg_inst/data_out_reg[14]/Q
                         net (fo=1, routed)           0.082     0.246    Audio_Codec/audio_inout/data_out[11]
    SLICE_X153Y118       LUT5 (Prop_lut5_I2_O)        0.045     0.291 r  Audio_Codec/audio_inout/Data_Out_int[27]_i_1/O
                         net (fo=1, routed)           0.000     0.291    Audio_Codec/audio_inout/Data_Out_int[27]_i_1_n_0
    SLICE_X153Y118       FDRE                                         r  Audio_Codec/audio_inout/Data_Out_int_reg[27]/D
  -------------------------------------------------------------------    -------------------

Slack:                    inf
  Source:                 DP/ResultReg_inst/data_out_reg[17]/C
                            (rising edge-triggered cell FDRE)
  Destination:            Audio_Codec/audio_inout/Data_Out_int_reg[30]/D
  Path Group:             (none)
  Path Type:              Min at Fast Process Corner
  Data Path Delay:        0.291ns  (logic 0.209ns (71.796%)  route 0.082ns (28.204%))
  Logic Levels:           2  (FDRE=1 LUT5=1)

    Location             Delay type                Incr(ns)  Path(ns)    Netlist Resource(s)
  -------------------------------------------------------------------    -------------------
    SLICE_X152Y118       FDRE                         0.000     0.000 r  DP/ResultReg_inst/data_out_reg[17]/C
    SLICE_X152Y118       FDRE (Prop_fdre_C_Q)         0.164     0.164 r  DP/ResultReg_inst/data_out_reg[17]/Q
                         net (fo=1, routed)           0.082     0.246    Audio_Codec/audio_inout/data_out[14]
    SLICE_X153Y118       LUT5 (Prop_lut5_I2_O)        0.045     0.291 r  Audio_Codec/audio_inout/Data_Out_int[30]_i_1/O
                         net (fo=1, routed)           0.000     0.291    Audio_Codec/audio_inout/Data_Out_int[30]_i_1_n_0
    SLICE_X153Y118       FDRE                                         r  Audio_Codec/audio_inout/Data_Out_int_reg[30]/D
  -------------------------------------------------------------------    -------------------

Slack:                    inf
  Source:                 Audio_Codec/audio_inout/Data_Out_int_reg[30]/C
                            (rising edge-triggered cell FDRE)
  Destination:            Audio_Codec/audio_inout/Data_Out_int_reg[31]/D
  Path Group:             (none)
  Path Type:              Min at Fast Process Corner
  Data Path Delay:        0.294ns  (logic 0.186ns (63.237%)  route 0.108ns (36.763%))
  Logic Levels:           2  (FDRE=1 LUT2=1)

    Location             Delay type                Incr(ns)  Path(ns)    Netlist Resource(s)
  -------------------------------------------------------------------    -------------------
    SLICE_X153Y118       FDRE                         0.000     0.000 r  Audio_Codec/audio_inout/Data_Out_int_reg[30]/C
    SLICE_X153Y118       FDRE (Prop_fdre_C_Q)         0.141     0.141 r  Audio_Codec/audio_inout/Data_Out_int_reg[30]/Q
                         net (fo=1, routed)           0.108     0.249    Audio_Codec/audio_inout/Data_Out_int_reg_n_0_[30]
    SLICE_X155Y118       LUT2 (Prop_lut2_I0_O)        0.045     0.294 r  Audio_Codec/audio_inout/Data_Out_int[31]_i_2/O
                         net (fo=1, routed)           0.000     0.294    Audio_Codec/audio_inout/Data_Out_int[31]_i_2_n_0
    SLICE_X155Y118       FDRE                                         r  Audio_Codec/audio_inout/Data_Out_int_reg[31]/D
  -------------------------------------------------------------------    -------------------





--------------------------------------------------------------------------------------
Path Group:  (none)
From Clock:  clk_out1_clk_wiz_0
  To Clock:  

Max Delay             1 Endpoint
Min Delay             1 Endpoint
--------------------------------------------------------------------------------------


Max Delay Paths
--------------------------------------------------------------------------------------
Slack:                    inf
  Source:                 Audio_Codec/audiocodec_master_clock/inst/mmcm_adv_inst/CLKOUT0
                            (clock source 'clk_out1_clk_wiz_0'  {rise@0.000ns fall@40.688ns period=81.375ns})
  Destination:            ac_mclk
                            (output port)
  Path Group:             (none)
  Path Type:              Max at Slow Process Corner
  Data Path Delay:        9.455ns  (logic 3.632ns (38.418%)  route 5.823ns (61.582%))
  Logic Levels:           2  (BUFG=1 OBUF=1)
  Clock Uncertainty:      0.202ns  ((TSJ^2 + DJ^2)^1/2) / 2 + PE
    Total System Jitter     (TSJ):    0.050ns
    Discrete Jitter          (DJ):    0.201ns
    Phase Error              (PE):    0.099ns

    Location             Delay type                Incr(ns)  Path(ns)    Netlist Resource(s)
  -------------------------------------------------------------------    -------------------
                         (clock clk_out1_clk_wiz_0 fall edge)
                                                     40.688    40.688 f  
    BUFGCTRL_X0Y2        BUFG                         0.000    40.688 f  clk_IBUF_BUFG_inst/O
                         net (fo=105, routed)         2.106    42.794    Audio_Codec/audiocodec_master_clock/inst/clk_in1
  -------------------------------------------------------------------    -------------------
    MMCME2_ADV_X1Y0      MMCME2_ADV (Prop_mmcme2_adv_CLKIN1_CLKOUT0)
                                                     -4.900    37.894 f  Audio_Codec/audiocodec_master_clock/inst/mmcm_adv_inst/CLKOUT0
                         net (fo=1, routed)           2.697    40.591    Audio_Codec/audiocodec_master_clock/inst/clk_out1_clk_wiz_0
    BUFGCTRL_X0Y0        BUFG (Prop_bufg_I_O)         0.096    40.688 f  Audio_Codec/audiocodec_master_clock/inst/clkout1_buf/O
                         net (fo=1, routed)           3.125    43.813    ac_mclk_OBUF
    U6                   OBUF (Prop_obuf_I_O)         3.536    47.349 f  ac_mclk_OBUF_inst/O
                         net (fo=0)                   0.000    47.349    ac_mclk
    U6                                                                f  ac_mclk (OUT)
  -------------------------------------------------------------------    -------------------





Min Delay Paths
--------------------------------------------------------------------------------------
Slack:                    inf
  Source:                 Audio_Codec/audiocodec_master_clock/inst/mmcm_adv_inst/CLKOUT0
                            (clock source 'clk_out1_clk_wiz_0'  {rise@0.000ns fall@40.688ns period=81.375ns})
  Destination:            ac_mclk
                            (output port)
  Path Group:             (none)
  Path Type:              Min at Fast Process Corner
  Data Path Delay:        2.971ns  (logic 1.263ns (42.516%)  route 1.708ns (57.484%))
  Logic Levels:           2  (BUFG=1 OBUF=1)
  Clock Uncertainty:      0.202ns  ((TSJ^2 + DJ^2)^1/2) / 2 + PE
    Total System Jitter     (TSJ):    0.050ns
    Discrete Jitter          (DJ):    0.201ns
    Phase Error              (PE):    0.099ns

    Location             Delay type                Incr(ns)  Path(ns)    Netlist Resource(s)
  -------------------------------------------------------------------    -------------------
                         (clock clk_out1_clk_wiz_0 rise edge)
                                                      0.000     0.000 r  
    BUFGCTRL_X0Y2        BUFG                         0.000     0.000 r  clk_IBUF_BUFG_inst/O
                         net (fo=105, routed)         0.745     0.745    Audio_Codec/audiocodec_master_clock/inst/clk_in1
  -------------------------------------------------------------------    -------------------
    MMCME2_ADV_X1Y0      MMCME2_ADV (Prop_mmcme2_adv_CLKIN1_CLKOUT0)
                                                     -1.683    -0.938 r  Audio_Codec/audiocodec_master_clock/inst/mmcm_adv_inst/CLKOUT0
                         net (fo=1, routed)           0.912    -0.026    Audio_Codec/audiocodec_master_clock/inst/clk_out1_clk_wiz_0
    BUFGCTRL_X0Y0        BUFG (Prop_bufg_I_O)         0.026    -0.000 r  Audio_Codec/audiocodec_master_clock/inst/clkout1_buf/O
                         net (fo=1, routed)           0.796     0.796    ac_mclk_OBUF
    U6                   OBUF (Prop_obuf_I_O)         1.237     2.034 r  ac_mclk_OBUF_inst/O
                         net (fo=0)                   0.000     2.034    ac_mclk
    U6                                                                r  ac_mclk (OUT)
  -------------------------------------------------------------------    -------------------





--------------------------------------------------------------------------------------
Path Group:  (none)
From Clock:  clk_out2_clk_wiz_0
  To Clock:  

Max Delay             2 Endpoints
Min Delay             2 Endpoints
--------------------------------------------------------------------------------------


Max Delay Paths
--------------------------------------------------------------------------------------
Slack:                    inf
  Source:                 Audio_Codec/initialize_audio/twi_controller/rScl_reg/C
                            (rising edge-triggered cell FDRE clocked by clk_out2_clk_wiz_0  {rise@0.000ns fall@10.000ns period=20.000ns})
  Destination:            scl
                            (output port)
  Path Group:             (none)
  Path Type:              Max at Slow Process Corner
  Data Path Delay:        6.000ns  (logic 4.021ns (67.018%)  route 1.979ns (32.982%))
  Logic Levels:           1  (OBUFT=1)
  Clock Uncertainty:      0.178ns  ((TSJ^2 + DJ^2)^1/2) / 2 + PE
    Total System Jitter     (TSJ):    0.050ns
    Discrete Jitter          (DJ):    0.152ns
    Phase Error              (PE):    0.099ns

    Location             Delay type                Incr(ns)  Path(ns)    Netlist Resource(s)
  -------------------------------------------------------------------    -------------------
                         (clock clk_out2_clk_wiz_0 rise edge)
                                                      0.000     0.000 r  
    BUFGCTRL_X0Y2        BUFG                         0.000     0.000 r  clk_IBUF_BUFG_inst/O
                         net (fo=105, routed)         2.106     2.106    Audio_Codec/audiocodec_master_clock/inst/clk_in1
    MMCME2_ADV_X1Y0      MMCME2_ADV (Prop_mmcme2_adv_CLKIN1_CLKOUT1)
                                                     -4.900    -2.793 r  Audio_Codec/audiocodec_master_clock/inst/mmcm_adv_inst/CLKOUT1
                         net (fo=1, routed)           2.697    -0.096    Audio_Codec/audiocodec_master_clock/inst/clk_out2_clk_wiz_0
    BUFGCTRL_X0Y1        BUFG (Prop_bufg_I_O)         0.096    -0.000 r  Audio_Codec/audiocodec_master_clock/inst/clkout2_buf/O
                         net (fo=115, routed)         1.829     1.829    Audio_Codec/initialize_audio/twi_controller/clk_out2
    SLICE_X163Y111       FDRE                                         r  Audio_Codec/initialize_audio/twi_controller/rScl_reg/C
  -------------------------------------------------------------------    -------------------
    SLICE_X163Y111       FDRE (Prop_fdre_C_Q)         0.456     2.285 f  Audio_Codec/initialize_audio/twi_controller/rScl_reg/Q
                         net (fo=3, routed)           1.979     4.264    scl_IOBUF_inst/T
    W5                   OBUFT (TriStatE_obuft_T_O)
                                                      3.565     7.829 r  scl_IOBUF_inst/OBUFT/O
                         net (fo=1, unset)            0.000     7.829    scl
    W5                                                                r  scl (INOUT)
  -------------------------------------------------------------------    -------------------

Slack:                    inf
  Source:                 Audio_Codec/initialize_audio/twi_controller/rSda_reg/C
                            (rising edge-triggered cell FDRE clocked by clk_out2_clk_wiz_0  {rise@0.000ns fall@10.000ns period=20.000ns})
  Destination:            sda
                            (output port)
  Path Group:             (none)
  Path Type:              Max at Slow Process Corner
  Data Path Delay:        5.822ns  (logic 4.004ns (68.770%)  route 1.818ns (31.230%))
  Logic Levels:           1  (OBUFT=1)
  Clock Uncertainty:      0.178ns  ((TSJ^2 + DJ^2)^1/2) / 2 + PE
    Total System Jitter     (TSJ):    0.050ns
    Discrete Jitter          (DJ):    0.152ns
    Phase Error              (PE):    0.099ns

    Location             Delay type                Incr(ns)  Path(ns)    Netlist Resource(s)
  -------------------------------------------------------------------    -------------------
                         (clock clk_out2_clk_wiz_0 rise edge)
                                                      0.000     0.000 r  
    BUFGCTRL_X0Y2        BUFG                         0.000     0.000 r  clk_IBUF_BUFG_inst/O
                         net (fo=105, routed)         2.106     2.106    Audio_Codec/audiocodec_master_clock/inst/clk_in1
    MMCME2_ADV_X1Y0      MMCME2_ADV (Prop_mmcme2_adv_CLKIN1_CLKOUT1)
                                                     -4.900    -2.793 r  Audio_Codec/audiocodec_master_clock/inst/mmcm_adv_inst/CLKOUT1
                         net (fo=1, routed)           2.697    -0.096    Audio_Codec/audiocodec_master_clock/inst/clk_out2_clk_wiz_0
    BUFGCTRL_X0Y1        BUFG (Prop_bufg_I_O)         0.096    -0.000 r  Audio_Codec/audiocodec_master_clock/inst/clkout2_buf/O
                         net (fo=115, routed)         1.828     1.828    Audio_Codec/initialize_audio/twi_controller/clk_out2
    SLICE_X163Y112       FDRE                                         r  Audio_Codec/initialize_audio/twi_controller/rSda_reg/C
  -------------------------------------------------------------------    -------------------
    SLICE_X163Y112       FDRE (Prop_fdre_C_Q)         0.456     2.284 f  Audio_Codec/initialize_audio/twi_controller/rSda_reg/Q
                         net (fo=3, routed)           1.818     4.103    sda_IOBUF_inst/T
    V5                   OBUFT (TriStatE_obuft_T_O)
                                                      3.548     7.650 r  sda_IOBUF_inst/OBUFT/O
                         net (fo=1, unset)            0.000     7.650    sda
    V5                                                                r  sda (INOUT)
  -------------------------------------------------------------------    -------------------





Min Delay Paths
--------------------------------------------------------------------------------------
Slack:                    inf
  Source:                 Audio_Codec/initialize_audio/twi_controller/rSda_reg/C
                            (rising edge-triggered cell FDRE clocked by clk_out2_clk_wiz_0  {rise@0.000ns fall@10.000ns period=20.000ns})
  Destination:            sda
                            (output port)
  Path Group:             (none)
  Path Type:              Min at Fast Process Corner
  Data Path Delay:        1.647ns  (logic 0.965ns (58.583%)  route 0.682ns (41.417%))
  Logic Levels:           1  (OBUFT=1)
  Clock Uncertainty:      0.178ns  ((TSJ^2 + DJ^2)^1/2) / 2 + PE
    Total System Jitter     (TSJ):    0.050ns
    Discrete Jitter          (DJ):    0.152ns
    Phase Error              (PE):    0.099ns

    Location             Delay type                Incr(ns)  Path(ns)    Netlist Resource(s)
  -------------------------------------------------------------------    -------------------
                         (clock clk_out2_clk_wiz_0 rise edge)
                                                      0.000     0.000 r  
    BUFGCTRL_X0Y2        BUFG                         0.000     0.000 r  clk_IBUF_BUFG_inst/O
                         net (fo=105, routed)         0.745     0.745    Audio_Codec/audiocodec_master_clock/inst/clk_in1
    MMCME2_ADV_X1Y0      MMCME2_ADV (Prop_mmcme2_adv_CLKIN1_CLKOUT1)
                                                     -1.683    -0.938 r  Audio_Codec/audiocodec_master_clock/inst/mmcm_adv_inst/CLKOUT1
                         net (fo=1, routed)           0.912    -0.026    Audio_Codec/audiocodec_master_clock/inst/clk_out2_clk_wiz_0
    BUFGCTRL_X0Y1        BUFG (Prop_bufg_I_O)         0.026    -0.000 r  Audio_Codec/audiocodec_master_clock/inst/clkout2_buf/O
                         net (fo=115, routed)         0.645     0.645    Audio_Codec/initialize_audio/twi_controller/clk_out2
    SLICE_X163Y112       FDRE                                         r  Audio_Codec/initialize_audio/twi_controller/rSda_reg/C
  -------------------------------------------------------------------    -------------------
    SLICE_X163Y112       FDRE (Prop_fdre_C_Q)         0.141     0.786 r  Audio_Codec/initialize_audio/twi_controller/rSda_reg/Q
                         net (fo=3, routed)           0.682     1.468    sda_IOBUF_inst/T
    V5                   OBUFT (TriStatD_obuft_T_O)
                                                      0.824     2.292 r  sda_IOBUF_inst/OBUFT/O
                         net (fo=1, unset)            0.000     2.292    sda
    V5                                                                r  sda (INOUT)
  -------------------------------------------------------------------    -------------------

Slack:                    inf
  Source:                 Audio_Codec/initialize_audio/twi_controller/rScl_reg/C
                            (rising edge-triggered cell FDRE clocked by clk_out2_clk_wiz_0  {rise@0.000ns fall@10.000ns period=20.000ns})
  Destination:            scl
                            (output port)
  Path Group:             (none)
  Path Type:              Min at Fast Process Corner
  Data Path Delay:        1.704ns  (logic 0.965ns (56.636%)  route 0.739ns (43.364%))
  Logic Levels:           1  (OBUFT=1)
  Clock Uncertainty:      0.178ns  ((TSJ^2 + DJ^2)^1/2) / 2 + PE
    Total System Jitter     (TSJ):    0.050ns
    Discrete Jitter          (DJ):    0.152ns
    Phase Error              (PE):    0.099ns

    Location             Delay type                Incr(ns)  Path(ns)    Netlist Resource(s)
  -------------------------------------------------------------------    -------------------
                         (clock clk_out2_clk_wiz_0 rise edge)
                                                      0.000     0.000 r  
    BUFGCTRL_X0Y2        BUFG                         0.000     0.000 r  clk_IBUF_BUFG_inst/O
                         net (fo=105, routed)         0.745     0.745    Audio_Codec/audiocodec_master_clock/inst/clk_in1
    MMCME2_ADV_X1Y0      MMCME2_ADV (Prop_mmcme2_adv_CLKIN1_CLKOUT1)
                                                     -1.683    -0.938 r  Audio_Codec/audiocodec_master_clock/inst/mmcm_adv_inst/CLKOUT1
                         net (fo=1, routed)           0.912    -0.026    Audio_Codec/audiocodec_master_clock/inst/clk_out2_clk_wiz_0
    BUFGCTRL_X0Y1        BUFG (Prop_bufg_I_O)         0.026    -0.000 r  Audio_Codec/audiocodec_master_clock/inst/clkout2_buf/O
                         net (fo=115, routed)         0.646     0.646    Audio_Codec/initialize_audio/twi_controller/clk_out2
    SLICE_X163Y111       FDRE                                         r  Audio_Codec/initialize_audio/twi_controller/rScl_reg/C
  -------------------------------------------------------------------    -------------------
    SLICE_X163Y111       FDRE (Prop_fdre_C_Q)         0.141     0.787 r  Audio_Codec/initialize_audio/twi_controller/rScl_reg/Q
                         net (fo=3, routed)           0.739     1.525    scl_IOBUF_inst/T
    W5                   OBUFT (TriStatD_obuft_T_O)
                                                      0.824     2.349 r  scl_IOBUF_inst/OBUFT/O
                         net (fo=1, unset)            0.000     2.349    scl
    W5                                                                r  scl (INOUT)
  -------------------------------------------------------------------    -------------------





--------------------------------------------------------------------------------------
Path Group:  (none)
From Clock:  clkfbout_clk_wiz_0
  To Clock:  

Max Delay             1 Endpoint
Min Delay             1 Endpoint
--------------------------------------------------------------------------------------


Max Delay Paths
--------------------------------------------------------------------------------------
Slack:                    inf
  Source:                 Audio_Codec/audiocodec_master_clock/inst/mmcm_adv_inst/CLKFBOUT
                            (clock source 'clkfbout_clk_wiz_0'  {rise@0.000ns fall@5.000ns period=10.000ns})
  Destination:            Audio_Codec/audiocodec_master_clock/inst/mmcm_adv_inst/CLKFBIN
  Path Group:             (none)
  Path Type:              Max at Slow Process Corner
  Data Path Delay:        4.900ns  (logic 0.096ns (1.959%)  route 4.804ns (98.041%))
  Logic Levels:           1  (BUFG=1)
  Clock Uncertainty:      0.148ns  ((TSJ^2 + DJ^2)^1/2) / 2 + PE
    Total System Jitter     (TSJ):    0.050ns
    Discrete Jitter          (DJ):    0.086ns
    Phase Error              (PE):    0.099ns

    Location             Delay type                Incr(ns)  Path(ns)    Netlist Resource(s)
  -------------------------------------------------------------------    -------------------
                         (clock clkfbout_clk_wiz_0 fall edge)
                                                      5.000     5.000 f  
    BUFGCTRL_X0Y2        BUFG                         0.000     5.000 f  clk_IBUF_BUFG_inst/O
                         net (fo=105, routed)         2.106     7.106    Audio_Codec/audiocodec_master_clock/inst/clk_in1
  -------------------------------------------------------------------    -------------------
    MMCME2_ADV_X1Y0      MMCME2_ADV (Prop_mmcme2_adv_CLKIN1_CLKFBOUT)
                                                     -4.900     2.207 f  Audio_Codec/audiocodec_master_clock/inst/mmcm_adv_inst/CLKFBOUT
                         net (fo=1, routed)           2.697     4.904    Audio_Codec/audiocodec_master_clock/inst/clkfbout_clk_wiz_0
    BUFGCTRL_X0Y3        BUFG (Prop_bufg_I_O)         0.096     5.000 f  Audio_Codec/audiocodec_master_clock/inst/clkf_buf/O
                         net (fo=1, routed)           2.106     7.106    Audio_Codec/audiocodec_master_clock/inst/clkfbout_buf_clk_wiz_0
    MMCME2_ADV_X1Y0      MMCME2_ADV                                   f  Audio_Codec/audiocodec_master_clock/inst/mmcm_adv_inst/CLKFBIN
  -------------------------------------------------------------------    -------------------





Min Delay Paths
--------------------------------------------------------------------------------------
Slack:                    inf
  Source:                 Audio_Codec/audiocodec_master_clock/inst/mmcm_adv_inst/CLKFBOUT
                            (clock source 'clkfbout_clk_wiz_0'  {rise@0.000ns fall@5.000ns period=10.000ns})
  Destination:            Audio_Codec/audiocodec_master_clock/inst/mmcm_adv_inst/CLKFBIN
  Path Group:             (none)
  Path Type:              Min at Fast Process Corner
  Data Path Delay:        1.683ns  (logic 0.026ns (1.545%)  route 1.657ns (98.455%))
  Logic Levels:           1  (BUFG=1)
  Clock Uncertainty:      0.148ns  ((TSJ^2 + DJ^2)^1/2) / 2 + PE
    Total System Jitter     (TSJ):    0.050ns
    Discrete Jitter          (DJ):    0.086ns
    Phase Error              (PE):    0.099ns

    Location             Delay type                Incr(ns)  Path(ns)    Netlist Resource(s)
  -------------------------------------------------------------------    -------------------
                         (clock clkfbout_clk_wiz_0 rise edge)
                                                      0.000     0.000 r  
    BUFGCTRL_X0Y2        BUFG                         0.000     0.000 r  clk_IBUF_BUFG_inst/O
                         net (fo=105, routed)         0.745     0.745    Audio_Codec/audiocodec_master_clock/inst/clk_in1
  -------------------------------------------------------------------    -------------------
    MMCME2_ADV_X1Y0      MMCME2_ADV (Prop_mmcme2_adv_CLKIN1_CLKFBOUT)
                                                     -1.683    -0.938 r  Audio_Codec/audiocodec_master_clock/inst/mmcm_adv_inst/CLKFBOUT
                         net (fo=1, routed)           0.912    -0.026    Audio_Codec/audiocodec_master_clock/inst/clkfbout_clk_wiz_0
    BUFGCTRL_X0Y3        BUFG (Prop_bufg_I_O)         0.026    -0.000 r  Audio_Codec/audiocodec_master_clock/inst/clkf_buf/O
                         net (fo=1, routed)           0.745     0.745    Audio_Codec/audiocodec_master_clock/inst/clkfbout_buf_clk_wiz_0
    MMCME2_ADV_X1Y0      MMCME2_ADV                                   r  Audio_Codec/audiocodec_master_clock/inst/mmcm_adv_inst/CLKFBIN
  -------------------------------------------------------------------    -------------------





--------------------------------------------------------------------------------------
Path Group:  (none)
From Clock:  
  To Clock:  clk_out2_clk_wiz_0

Max Delay            34 Endpoints
Min Delay            34 Endpoints
--------------------------------------------------------------------------------------


Max Delay Paths
--------------------------------------------------------------------------------------
Slack:                    inf
  Source:                 reset_n
                            (input port)
  Destination:            Audio_Codec/initialize_audio/twi_controller/FSM_gray_state_reg[1]/CE
                            (rising edge-triggered cell FDRE clocked by clk_out2_clk_wiz_0  {rise@0.000ns fall@10.000ns period=20.000ns})
  Path Group:             (none)
  Path Type:              Setup (Max at Slow Process Corner)
  Data Path Delay:        7.142ns  (logic 1.310ns (18.339%)  route 5.832ns (81.661%))
  Logic Levels:           3  (IBUF=1 LUT6=2)
  Clock Path Skew:        1.708ns (DCD - SCD + CPR)
    Destination Clock Delay (DCD):    1.708ns
    Source Clock Delay      (SCD):    0.000ns
    Clock Pessimism Removal (CPR):    0.000ns
  Clock Uncertainty:      0.178ns  ((TSJ^2 + DJ^2)^1/2) / 2 + PE
    Total System Jitter     (TSJ):    0.050ns
    Discrete Jitter          (DJ):    0.152ns
    Phase Error              (PE):    0.099ns

    Location             Delay type                Incr(ns)  Path(ns)    Netlist Resource(s)
  -------------------------------------------------------------------    -------------------
    G4                                                0.000     0.000 r  reset_n (IN)
                         net (fo=0)                   0.000     0.000    reset_n
    G4                   IBUF (Prop_ibuf_I_O)         1.062     1.062 r  reset_n_IBUF_inst/O
                         net (fo=31, routed)          4.221     5.283    Audio_Codec/initialize_audio/twi_controller/reset_n_IBUF
    SLICE_X161Y113       LUT6 (Prop_lut6_I4_O)        0.124     5.407 r  Audio_Codec/initialize_audio/twi_controller/FSM_gray_state[3]_i_6/O
                         net (fo=1, routed)           0.989     6.396    Audio_Codec/initialize_audio/twi_controller/FSM_gray_state[3]_i_6_n_0
    SLICE_X161Y111       LUT6 (Prop_lut6_I3_O)        0.124     6.520 r  Audio_Codec/initialize_audio/twi_controller/FSM_gray_state[3]_i_1/O
                         net (fo=4, routed)           0.622     7.142    Audio_Codec/initialize_audio/twi_controller/FSM_gray_state[3]_i_1_n_0
    SLICE_X162Y113       FDRE                                         r  Audio_Codec/initialize_audio/twi_controller/FSM_gray_state_reg[1]/CE
  -------------------------------------------------------------------    -------------------

                         (clock clk_out2_clk_wiz_0 rise edge)
                                                      0.000     0.000 r  
    BUFGCTRL_X0Y2        BUFG                         0.000     0.000 r  clk_IBUF_BUFG_inst/O
                         net (fo=105, routed)         1.972     1.972    Audio_Codec/audiocodec_master_clock/inst/clk_in1
    MMCME2_ADV_X1Y0      MMCME2_ADV (Prop_mmcme2_adv_CLKIN1_CLKOUT1)
                                                     -4.637    -2.665 r  Audio_Codec/audiocodec_master_clock/inst/mmcm_adv_inst/CLKOUT1
                         net (fo=1, routed)           2.574    -0.091    Audio_Codec/audiocodec_master_clock/inst/clk_out2_clk_wiz_0
    BUFGCTRL_X0Y1        BUFG (Prop_bufg_I_O)         0.091     0.000 r  Audio_Codec/audiocodec_master_clock/inst/clkout2_buf/O
                         net (fo=115, routed)         1.708     1.708    Audio_Codec/initialize_audio/twi_controller/clk_out2
    SLICE_X162Y113       FDRE                                         r  Audio_Codec/initialize_audio/twi_controller/FSM_gray_state_reg[1]/C

Slack:                    inf
  Source:                 reset_n
                            (input port)
  Destination:            Audio_Codec/initialize_audio/twi_controller/FSM_gray_state_reg[0]/CE
                            (rising edge-triggered cell FDRE clocked by clk_out2_clk_wiz_0  {rise@0.000ns fall@10.000ns period=20.000ns})
  Path Group:             (none)
  Path Type:              Setup (Max at Slow Process Corner)
  Data Path Delay:        7.002ns  (logic 1.310ns (18.706%)  route 5.692ns (81.294%))
  Logic Levels:           3  (IBUF=1 LUT6=2)
  Clock Path Skew:        1.709ns (DCD - SCD + CPR)
    Destination Clock Delay (DCD):    1.709ns
    Source Clock Delay      (SCD):    0.000ns
    Clock Pessimism Removal (CPR):    0.000ns
  Clock Uncertainty:      0.178ns  ((TSJ^2 + DJ^2)^1/2) / 2 + PE
    Total System Jitter     (TSJ):    0.050ns
    Discrete Jitter          (DJ):    0.152ns
    Phase Error              (PE):    0.099ns

    Location             Delay type                Incr(ns)  Path(ns)    Netlist Resource(s)
  -------------------------------------------------------------------    -------------------
    G4                                                0.000     0.000 r  reset_n (IN)
                         net (fo=0)                   0.000     0.000    reset_n
    G4                   IBUF (Prop_ibuf_I_O)         1.062     1.062 r  reset_n_IBUF_inst/O
                         net (fo=31, routed)          4.221     5.283    Audio_Codec/initialize_audio/twi_controller/reset_n_IBUF
    SLICE_X161Y113       LUT6 (Prop_lut6_I4_O)        0.124     5.407 r  Audio_Codec/initialize_audio/twi_controller/FSM_gray_state[3]_i_6/O
                         net (fo=1, routed)           0.989     6.396    Audio_Codec/initialize_audio/twi_controller/FSM_gray_state[3]_i_6_n_0
    SLICE_X161Y111       LUT6 (Prop_lut6_I3_O)        0.124     6.520 r  Audio_Codec/initialize_audio/twi_controller/FSM_gray_state[3]_i_1/O
                         net (fo=4, routed)           0.482     7.002    Audio_Codec/initialize_audio/twi_controller/FSM_gray_state[3]_i_1_n_0
    SLICE_X162Y112       FDRE                                         r  Audio_Codec/initialize_audio/twi_controller/FSM_gray_state_reg[0]/CE
  -------------------------------------------------------------------    -------------------

                         (clock clk_out2_clk_wiz_0 rise edge)
                                                      0.000     0.000 r  
    BUFGCTRL_X0Y2        BUFG                         0.000     0.000 r  clk_IBUF_BUFG_inst/O
                         net (fo=105, routed)         1.972     1.972    Audio_Codec/audiocodec_master_clock/inst/clk_in1
    MMCME2_ADV_X1Y0      MMCME2_ADV (Prop_mmcme2_adv_CLKIN1_CLKOUT1)
                                                     -4.637    -2.665 r  Audio_Codec/audiocodec_master_clock/inst/mmcm_adv_inst/CLKOUT1
                         net (fo=1, routed)           2.574    -0.091    Audio_Codec/audiocodec_master_clock/inst/clk_out2_clk_wiz_0
    BUFGCTRL_X0Y1        BUFG (Prop_bufg_I_O)         0.091     0.000 r  Audio_Codec/audiocodec_master_clock/inst/clkout2_buf/O
                         net (fo=115, routed)         1.709     1.709    Audio_Codec/initialize_audio/twi_controller/clk_out2
    SLICE_X162Y112       FDRE                                         r  Audio_Codec/initialize_audio/twi_controller/FSM_gray_state_reg[0]/C

Slack:                    inf
  Source:                 reset_n
                            (input port)
  Destination:            Audio_Codec/initialize_audio/twi_controller/FSM_gray_state_reg[2]/CE
                            (rising edge-triggered cell FDRE clocked by clk_out2_clk_wiz_0  {rise@0.000ns fall@10.000ns period=20.000ns})
  Path Group:             (none)
  Path Type:              Setup (Max at Slow Process Corner)
  Data Path Delay:        6.852ns  (logic 1.310ns (19.115%)  route 5.542ns (80.885%))
  Logic Levels:           3  (IBUF=1 LUT6=2)
  Clock Path Skew:        1.710ns (DCD - SCD + CPR)
    Destination Clock Delay (DCD):    1.710ns
    Source Clock Delay      (SCD):    0.000ns
    Clock Pessimism Removal (CPR):    0.000ns
  Clock Uncertainty:      0.178ns  ((TSJ^2 + DJ^2)^1/2) / 2 + PE
    Total System Jitter     (TSJ):    0.050ns
    Discrete Jitter          (DJ):    0.152ns
    Phase Error              (PE):    0.099ns

    Location             Delay type                Incr(ns)  Path(ns)    Netlist Resource(s)
  -------------------------------------------------------------------    -------------------
    G4                                                0.000     0.000 r  reset_n (IN)
                         net (fo=0)                   0.000     0.000    reset_n
    G4                   IBUF (Prop_ibuf_I_O)         1.062     1.062 r  reset_n_IBUF_inst/O
                         net (fo=31, routed)          4.221     5.283    Audio_Codec/initialize_audio/twi_controller/reset_n_IBUF
    SLICE_X161Y113       LUT6 (Prop_lut6_I4_O)        0.124     5.407 r  Audio_Codec/initialize_audio/twi_controller/FSM_gray_state[3]_i_6/O
                         net (fo=1, routed)           0.989     6.396    Audio_Codec/initialize_audio/twi_controller/FSM_gray_state[3]_i_6_n_0
    SLICE_X161Y111       LUT6 (Prop_lut6_I3_O)        0.124     6.520 r  Audio_Codec/initialize_audio/twi_controller/FSM_gray_state[3]_i_1/O
                         net (fo=4, routed)           0.333     6.852    Audio_Codec/initialize_audio/twi_controller/FSM_gray_state[3]_i_1_n_0
    SLICE_X162Y111       FDRE                                         r  Audio_Codec/initialize_audio/twi_controller/FSM_gray_state_reg[2]/CE
  -------------------------------------------------------------------    -------------------

                         (clock clk_out2_clk_wiz_0 rise edge)
                                                      0.000     0.000 r  
    BUFGCTRL_X0Y2        BUFG                         0.000     0.000 r  clk_IBUF_BUFG_inst/O
                         net (fo=105, routed)         1.972     1.972    Audio_Codec/audiocodec_master_clock/inst/clk_in1
    MMCME2_ADV_X1Y0      MMCME2_ADV (Prop_mmcme2_adv_CLKIN1_CLKOUT1)
                                                     -4.637    -2.665 r  Audio_Codec/audiocodec_master_clock/inst/mmcm_adv_inst/CLKOUT1
                         net (fo=1, routed)           2.574    -0.091    Audio_Codec/audiocodec_master_clock/inst/clk_out2_clk_wiz_0
    BUFGCTRL_X0Y1        BUFG (Prop_bufg_I_O)         0.091     0.000 r  Audio_Codec/audiocodec_master_clock/inst/clkout2_buf/O
                         net (fo=115, routed)         1.710     1.710    Audio_Codec/initialize_audio/twi_controller/clk_out2
    SLICE_X162Y111       FDRE                                         r  Audio_Codec/initialize_audio/twi_controller/FSM_gray_state_reg[2]/C

Slack:                    inf
  Source:                 reset_n
                            (input port)
  Destination:            Audio_Codec/initialize_audio/twi_controller/FSM_gray_state_reg[3]/CE
                            (rising edge-triggered cell FDRE clocked by clk_out2_clk_wiz_0  {rise@0.000ns fall@10.000ns period=20.000ns})
  Path Group:             (none)
  Path Type:              Setup (Max at Slow Process Corner)
  Data Path Delay:        6.852ns  (logic 1.310ns (19.115%)  route 5.542ns (80.885%))
  Logic Levels:           3  (IBUF=1 LUT6=2)
  Clock Path Skew:        1.710ns (DCD - SCD + CPR)
    Destination Clock Delay (DCD):    1.710ns
    Source Clock Delay      (SCD):    0.000ns
    Clock Pessimism Removal (CPR):    0.000ns
  Clock Uncertainty:      0.178ns  ((TSJ^2 + DJ^2)^1/2) / 2 + PE
    Total System Jitter     (TSJ):    0.050ns
    Discrete Jitter          (DJ):    0.152ns
    Phase Error              (PE):    0.099ns

    Location             Delay type                Incr(ns)  Path(ns)    Netlist Resource(s)
  -------------------------------------------------------------------    -------------------
    G4                                                0.000     0.000 r  reset_n (IN)
                         net (fo=0)                   0.000     0.000    reset_n
    G4                   IBUF (Prop_ibuf_I_O)         1.062     1.062 r  reset_n_IBUF_inst/O
                         net (fo=31, routed)          4.221     5.283    Audio_Codec/initialize_audio/twi_controller/reset_n_IBUF
    SLICE_X161Y113       LUT6 (Prop_lut6_I4_O)        0.124     5.407 r  Audio_Codec/initialize_audio/twi_controller/FSM_gray_state[3]_i_6/O
                         net (fo=1, routed)           0.989     6.396    Audio_Codec/initialize_audio/twi_controller/FSM_gray_state[3]_i_6_n_0
    SLICE_X161Y111       LUT6 (Prop_lut6_I3_O)        0.124     6.520 r  Audio_Codec/initialize_audio/twi_controller/FSM_gray_state[3]_i_1/O
                         net (fo=4, routed)           0.333     6.852    Audio_Codec/initialize_audio/twi_controller/FSM_gray_state[3]_i_1_n_0
    SLICE_X162Y111       FDRE                                         r  Audio_Codec/initialize_audio/twi_controller/FSM_gray_state_reg[3]/CE
  -------------------------------------------------------------------    -------------------

                         (clock clk_out2_clk_wiz_0 rise edge)
                                                      0.000     0.000 r  
    BUFGCTRL_X0Y2        BUFG                         0.000     0.000 r  clk_IBUF_BUFG_inst/O
                         net (fo=105, routed)         1.972     1.972    Audio_Codec/audiocodec_master_clock/inst/clk_in1
    MMCME2_ADV_X1Y0      MMCME2_ADV (Prop_mmcme2_adv_CLKIN1_CLKOUT1)
                                                     -4.637    -2.665 r  Audio_Codec/audiocodec_master_clock/inst/mmcm_adv_inst/CLKOUT1
                         net (fo=1, routed)           2.574    -0.091    Audio_Codec/audiocodec_master_clock/inst/clk_out2_clk_wiz_0
    BUFGCTRL_X0Y1        BUFG (Prop_bufg_I_O)         0.091     0.000 r  Audio_Codec/audiocodec_master_clock/inst/clkout2_buf/O
                         net (fo=115, routed)         1.710     1.710    Audio_Codec/initialize_audio/twi_controller/clk_out2
    SLICE_X162Y111       FDRE                                         r  Audio_Codec/initialize_audio/twi_controller/FSM_gray_state_reg[3]/C

Slack:                    inf
  Source:                 reset_n
                            (input port)
  Destination:            Audio_Codec/initialize_audio/state_reg[2]/S
                            (rising edge-triggered cell FDSE clocked by clk_out2_clk_wiz_0  {rise@0.000ns fall@10.000ns period=20.000ns})
  Path Group:             (none)
  Path Type:              Setup (Max at Slow Process Corner)
  Data Path Delay:        5.908ns  (logic 1.212ns (20.512%)  route 4.696ns (79.488%))
  Logic Levels:           2  (IBUF=1 LUT1=1)
  Clock Path Skew:        1.709ns (DCD - SCD + CPR)
    Destination Clock Delay (DCD):    1.709ns
    Source Clock Delay      (SCD):    0.000ns
    Clock Pessimism Removal (CPR):    0.000ns
  Clock Uncertainty:      0.178ns  ((TSJ^2 + DJ^2)^1/2) / 2 + PE
    Total System Jitter     (TSJ):    0.050ns
    Discrete Jitter          (DJ):    0.152ns
    Phase Error              (PE):    0.099ns

    Location             Delay type                Incr(ns)  Path(ns)    Netlist Resource(s)
  -------------------------------------------------------------------    -------------------
    G4                                                0.000     0.000 f  reset_n (IN)
                         net (fo=0)                   0.000     0.000    reset_n
    G4                   IBUF (Prop_ibuf_I_O)         1.062     1.062 f  reset_n_IBUF_inst/O
                         net (fo=31, routed)          3.539     4.601    Audio_Codec/audio_inout/reset_n_IBUF
    SLICE_X156Y120       LUT1 (Prop_lut1_I0_O)        0.150     4.751 r  Audio_Codec/audio_inout/state[2]_i_1/O
                         net (fo=14, routed)          1.157     5.908    Audio_Codec/initialize_audio/SR[0]
    SLICE_X160Y112       FDSE                                         r  Audio_Codec/initialize_audio/state_reg[2]/S
  -------------------------------------------------------------------    -------------------

                         (clock clk_out2_clk_wiz_0 rise edge)
                                                      0.000     0.000 r  
    BUFGCTRL_X0Y2        BUFG                         0.000     0.000 r  clk_IBUF_BUFG_inst/O
                         net (fo=105, routed)         1.972     1.972    Audio_Codec/audiocodec_master_clock/inst/clk_in1
    MMCME2_ADV_X1Y0      MMCME2_ADV (Prop_mmcme2_adv_CLKIN1_CLKOUT1)
                                                     -4.637    -2.665 r  Audio_Codec/audiocodec_master_clock/inst/mmcm_adv_inst/CLKOUT1
                         net (fo=1, routed)           2.574    -0.091    Audio_Codec/audiocodec_master_clock/inst/clk_out2_clk_wiz_0
    BUFGCTRL_X0Y1        BUFG (Prop_bufg_I_O)         0.091     0.000 r  Audio_Codec/audiocodec_master_clock/inst/clkout2_buf/O
                         net (fo=115, routed)         1.709     1.709    Audio_Codec/initialize_audio/clk_out2
    SLICE_X160Y112       FDSE                                         r  Audio_Codec/initialize_audio/state_reg[2]/C

Slack:                    inf
  Source:                 reset_n
                            (input port)
  Destination:            Audio_Codec/initialize_audio/data_i_reg[0]/R
                            (rising edge-triggered cell FDRE clocked by clk_out2_clk_wiz_0  {rise@0.000ns fall@10.000ns period=20.000ns})
  Path Group:             (none)
  Path Type:              Setup (Max at Slow Process Corner)
  Data Path Delay:        5.673ns  (logic 1.186ns (20.901%)  route 4.488ns (79.099%))
  Logic Levels:           2  (IBUF=1 LUT5=1)
  Clock Path Skew:        1.707ns (DCD - SCD + CPR)
    Destination Clock Delay (DCD):    1.707ns
    Source Clock Delay      (SCD):    0.000ns
    Clock Pessimism Removal (CPR):    0.000ns
  Clock Uncertainty:      0.178ns  ((TSJ^2 + DJ^2)^1/2) / 2 + PE
    Total System Jitter     (TSJ):    0.050ns
    Discrete Jitter          (DJ):    0.152ns
    Phase Error              (PE):    0.099ns

    Location             Delay type                Incr(ns)  Path(ns)    Netlist Resource(s)
  -------------------------------------------------------------------    -------------------
    G4                                                0.000     0.000 r  reset_n (IN)
                         net (fo=0)                   0.000     0.000    reset_n
    G4                   IBUF (Prop_ibuf_I_O)         1.062     1.062 r  reset_n_IBUF_inst/O
                         net (fo=31, routed)          3.853     4.915    Audio_Codec/initialize_audio/reset_n_IBUF
    SLICE_X156Y115       LUT5 (Prop_lut5_I0_O)        0.124     5.039 r  Audio_Codec/initialize_audio/data_i[5]_i_1/O
                         net (fo=4, routed)           0.635     5.673    Audio_Codec/initialize_audio/data_i[5]_i_1_n_0
    SLICE_X156Y112       FDRE                                         r  Audio_Codec/initialize_audio/data_i_reg[0]/R
  -------------------------------------------------------------------    -------------------

                         (clock clk_out2_clk_wiz_0 rise edge)
                                                      0.000     0.000 r  
    BUFGCTRL_X0Y2        BUFG                         0.000     0.000 r  clk_IBUF_BUFG_inst/O
                         net (fo=105, routed)         1.972     1.972    Audio_Codec/audiocodec_master_clock/inst/clk_in1
    MMCME2_ADV_X1Y0      MMCME2_ADV (Prop_mmcme2_adv_CLKIN1_CLKOUT1)
                                                     -4.637    -2.665 r  Audio_Codec/audiocodec_master_clock/inst/mmcm_adv_inst/CLKOUT1
                         net (fo=1, routed)           2.574    -0.091    Audio_Codec/audiocodec_master_clock/inst/clk_out2_clk_wiz_0
    BUFGCTRL_X0Y1        BUFG (Prop_bufg_I_O)         0.091     0.000 r  Audio_Codec/audiocodec_master_clock/inst/clkout2_buf/O
                         net (fo=115, routed)         1.707     1.707    Audio_Codec/initialize_audio/clk_out2
    SLICE_X156Y112       FDRE                                         r  Audio_Codec/initialize_audio/data_i_reg[0]/C

Slack:                    inf
  Source:                 reset_n
                            (input port)
  Destination:            Audio_Codec/initialize_audio/data_i_reg[2]/R
                            (rising edge-triggered cell FDRE clocked by clk_out2_clk_wiz_0  {rise@0.000ns fall@10.000ns period=20.000ns})
  Path Group:             (none)
  Path Type:              Setup (Max at Slow Process Corner)
  Data Path Delay:        5.673ns  (logic 1.186ns (20.901%)  route 4.488ns (79.099%))
  Logic Levels:           2  (IBUF=1 LUT5=1)
  Clock Path Skew:        1.707ns (DCD - SCD + CPR)
    Destination Clock Delay (DCD):    1.707ns
    Source Clock Delay      (SCD):    0.000ns
    Clock Pessimism Removal (CPR):    0.000ns
  Clock Uncertainty:      0.178ns  ((TSJ^2 + DJ^2)^1/2) / 2 + PE
    Total System Jitter     (TSJ):    0.050ns
    Discrete Jitter          (DJ):    0.152ns
    Phase Error              (PE):    0.099ns

    Location             Delay type                Incr(ns)  Path(ns)    Netlist Resource(s)
  -------------------------------------------------------------------    -------------------
    G4                                                0.000     0.000 r  reset_n (IN)
                         net (fo=0)                   0.000     0.000    reset_n
    G4                   IBUF (Prop_ibuf_I_O)         1.062     1.062 r  reset_n_IBUF_inst/O
                         net (fo=31, routed)          3.853     4.915    Audio_Codec/initialize_audio/reset_n_IBUF
    SLICE_X156Y115       LUT5 (Prop_lut5_I0_O)        0.124     5.039 r  Audio_Codec/initialize_audio/data_i[5]_i_1/O
                         net (fo=4, routed)           0.635     5.673    Audio_Codec/initialize_audio/data_i[5]_i_1_n_0
    SLICE_X156Y112       FDRE                                         r  Audio_Codec/initialize_audio/data_i_reg[2]/R
  -------------------------------------------------------------------    -------------------

                         (clock clk_out2_clk_wiz_0 rise edge)
                                                      0.000     0.000 r  
    BUFGCTRL_X0Y2        BUFG                         0.000     0.000 r  clk_IBUF_BUFG_inst/O
                         net (fo=105, routed)         1.972     1.972    Audio_Codec/audiocodec_master_clock/inst/clk_in1
    MMCME2_ADV_X1Y0      MMCME2_ADV (Prop_mmcme2_adv_CLKIN1_CLKOUT1)
                                                     -4.637    -2.665 r  Audio_Codec/audiocodec_master_clock/inst/mmcm_adv_inst/CLKOUT1
                         net (fo=1, routed)           2.574    -0.091    Audio_Codec/audiocodec_master_clock/inst/clk_out2_clk_wiz_0
    BUFGCTRL_X0Y1        BUFG (Prop_bufg_I_O)         0.091     0.000 r  Audio_Codec/audiocodec_master_clock/inst/clkout2_buf/O
                         net (fo=115, routed)         1.707     1.707    Audio_Codec/initialize_audio/clk_out2
    SLICE_X156Y112       FDRE                                         r  Audio_Codec/initialize_audio/data_i_reg[2]/C

Slack:                    inf
  Source:                 reset_n
                            (input port)
  Destination:            Audio_Codec/initialize_audio/data_i_reg[3]/R
                            (rising edge-triggered cell FDRE clocked by clk_out2_clk_wiz_0  {rise@0.000ns fall@10.000ns period=20.000ns})
  Path Group:             (none)
  Path Type:              Setup (Max at Slow Process Corner)
  Data Path Delay:        5.673ns  (logic 1.186ns (20.901%)  route 4.488ns (79.099%))
  Logic Levels:           2  (IBUF=1 LUT5=1)
  Clock Path Skew:        1.707ns (DCD - SCD + CPR)
    Destination Clock Delay (DCD):    1.707ns
    Source Clock Delay      (SCD):    0.000ns
    Clock Pessimism Removal (CPR):    0.000ns
  Clock Uncertainty:      0.178ns  ((TSJ^2 + DJ^2)^1/2) / 2 + PE
    Total System Jitter     (TSJ):    0.050ns
    Discrete Jitter          (DJ):    0.152ns
    Phase Error              (PE):    0.099ns

    Location             Delay type                Incr(ns)  Path(ns)    Netlist Resource(s)
  -------------------------------------------------------------------    -------------------
    G4                                                0.000     0.000 r  reset_n (IN)
                         net (fo=0)                   0.000     0.000    reset_n
    G4                   IBUF (Prop_ibuf_I_O)         1.062     1.062 r  reset_n_IBUF_inst/O
                         net (fo=31, routed)          3.853     4.915    Audio_Codec/initialize_audio/reset_n_IBUF
    SLICE_X156Y115       LUT5 (Prop_lut5_I0_O)        0.124     5.039 r  Audio_Codec/initialize_audio/data_i[5]_i_1/O
                         net (fo=4, routed)           0.635     5.673    Audio_Codec/initialize_audio/data_i[5]_i_1_n_0
    SLICE_X156Y112       FDRE                                         r  Audio_Codec/initialize_audio/data_i_reg[3]/R
  -------------------------------------------------------------------    -------------------

                         (clock clk_out2_clk_wiz_0 rise edge)
                                                      0.000     0.000 r  
    BUFGCTRL_X0Y2        BUFG                         0.000     0.000 r  clk_IBUF_BUFG_inst/O
                         net (fo=105, routed)         1.972     1.972    Audio_Codec/audiocodec_master_clock/inst/clk_in1
    MMCME2_ADV_X1Y0      MMCME2_ADV (Prop_mmcme2_adv_CLKIN1_CLKOUT1)
                                                     -4.637    -2.665 r  Audio_Codec/audiocodec_master_clock/inst/mmcm_adv_inst/CLKOUT1
                         net (fo=1, routed)           2.574    -0.091    Audio_Codec/audiocodec_master_clock/inst/clk_out2_clk_wiz_0
    BUFGCTRL_X0Y1        BUFG (Prop_bufg_I_O)         0.091     0.000 r  Audio_Codec/audiocodec_master_clock/inst/clkout2_buf/O
                         net (fo=115, routed)         1.707     1.707    Audio_Codec/initialize_audio/clk_out2
    SLICE_X156Y112       FDRE                                         r  Audio_Codec/initialize_audio/data_i_reg[3]/C

Slack:                    inf
  Source:                 reset_n
                            (input port)
  Destination:            Audio_Codec/initialize_audio/data_i_reg[5]/R
                            (rising edge-triggered cell FDRE clocked by clk_out2_clk_wiz_0  {rise@0.000ns fall@10.000ns period=20.000ns})
  Path Group:             (none)
  Path Type:              Setup (Max at Slow Process Corner)
  Data Path Delay:        5.673ns  (logic 1.186ns (20.901%)  route 4.488ns (79.099%))
  Logic Levels:           2  (IBUF=1 LUT5=1)
  Clock Path Skew:        1.707ns (DCD - SCD + CPR)
    Destination Clock Delay (DCD):    1.707ns
    Source Clock Delay      (SCD):    0.000ns
    Clock Pessimism Removal (CPR):    0.000ns
  Clock Uncertainty:      0.178ns  ((TSJ^2 + DJ^2)^1/2) / 2 + PE
    Total System Jitter     (TSJ):    0.050ns
    Discrete Jitter          (DJ):    0.152ns
    Phase Error              (PE):    0.099ns

    Location             Delay type                Incr(ns)  Path(ns)    Netlist Resource(s)
  -------------------------------------------------------------------    -------------------
    G4                                                0.000     0.000 r  reset_n (IN)
                         net (fo=0)                   0.000     0.000    reset_n
    G4                   IBUF (Prop_ibuf_I_O)         1.062     1.062 r  reset_n_IBUF_inst/O
                         net (fo=31, routed)          3.853     4.915    Audio_Codec/initialize_audio/reset_n_IBUF
    SLICE_X156Y115       LUT5 (Prop_lut5_I0_O)        0.124     5.039 r  Audio_Codec/initialize_audio/data_i[5]_i_1/O
                         net (fo=4, routed)           0.635     5.673    Audio_Codec/initialize_audio/data_i[5]_i_1_n_0
    SLICE_X156Y112       FDRE                                         r  Audio_Codec/initialize_audio/data_i_reg[5]/R
  -------------------------------------------------------------------    -------------------

                         (clock clk_out2_clk_wiz_0 rise edge)
                                                      0.000     0.000 r  
    BUFGCTRL_X0Y2        BUFG                         0.000     0.000 r  clk_IBUF_BUFG_inst/O
                         net (fo=105, routed)         1.972     1.972    Audio_Codec/audiocodec_master_clock/inst/clk_in1
    MMCME2_ADV_X1Y0      MMCME2_ADV (Prop_mmcme2_adv_CLKIN1_CLKOUT1)
                                                     -4.637    -2.665 r  Audio_Codec/audiocodec_master_clock/inst/mmcm_adv_inst/CLKOUT1
                         net (fo=1, routed)           2.574    -0.091    Audio_Codec/audiocodec_master_clock/inst/clk_out2_clk_wiz_0
    BUFGCTRL_X0Y1        BUFG (Prop_bufg_I_O)         0.091     0.000 r  Audio_Codec/audiocodec_master_clock/inst/clkout2_buf/O
                         net (fo=115, routed)         1.707     1.707    Audio_Codec/initialize_audio/clk_out2
    SLICE_X156Y112       FDRE                                         r  Audio_Codec/initialize_audio/data_i_reg[5]/C

Slack:                    inf
  Source:                 reset_n
                            (input port)
  Destination:            Audio_Codec/initialize_audio/state_reg[0]/R
                            (rising edge-triggered cell FDRE clocked by clk_out2_clk_wiz_0  {rise@0.000ns fall@10.000ns period=20.000ns})
  Path Group:             (none)
  Path Type:              Setup (Max at Slow Process Corner)
  Data Path Delay:        5.480ns  (logic 1.212ns (22.114%)  route 4.268ns (77.886%))
  Logic Levels:           2  (IBUF=1 LUT1=1)
  Clock Path Skew:        1.706ns (DCD - SCD + CPR)
    Destination Clock Delay (DCD):    1.706ns
    Source Clock Delay      (SCD):    0.000ns
    Clock Pessimism Removal (CPR):    0.000ns
  Clock Uncertainty:      0.178ns  ((TSJ^2 + DJ^2)^1/2) / 2 + PE
    Total System Jitter     (TSJ):    0.050ns
    Discrete Jitter          (DJ):    0.152ns
    Phase Error              (PE):    0.099ns

    Location             Delay type                Incr(ns)  Path(ns)    Netlist Resource(s)
  -------------------------------------------------------------------    -------------------
    G4                                                0.000     0.000 f  reset_n (IN)
                         net (fo=0)                   0.000     0.000    reset_n
    G4                   IBUF (Prop_ibuf_I_O)         1.062     1.062 f  reset_n_IBUF_inst/O
                         net (fo=31, routed)          3.539     4.601    Audio_Codec/audio_inout/reset_n_IBUF
    SLICE_X156Y120       LUT1 (Prop_lut1_I0_O)        0.150     4.751 r  Audio_Codec/audio_inout/state[2]_i_1/O
                         net (fo=14, routed)          0.729     5.480    Audio_Codec/initialize_audio/SR[0]
    SLICE_X157Y113       FDRE                                         r  Audio_Codec/initialize_audio/state_reg[0]/R
  -------------------------------------------------------------------    -------------------

                         (clock clk_out2_clk_wiz_0 rise edge)
                                                      0.000     0.000 r  
    BUFGCTRL_X0Y2        BUFG                         0.000     0.000 r  clk_IBUF_BUFG_inst/O
                         net (fo=105, routed)         1.972     1.972    Audio_Codec/audiocodec_master_clock/inst/clk_in1
    MMCME2_ADV_X1Y0      MMCME2_ADV (Prop_mmcme2_adv_CLKIN1_CLKOUT1)
                                                     -4.637    -2.665 r  Audio_Codec/audiocodec_master_clock/inst/mmcm_adv_inst/CLKOUT1
                         net (fo=1, routed)           2.574    -0.091    Audio_Codec/audiocodec_master_clock/inst/clk_out2_clk_wiz_0
    BUFGCTRL_X0Y1        BUFG (Prop_bufg_I_O)         0.091     0.000 r  Audio_Codec/audiocodec_master_clock/inst/clkout2_buf/O
                         net (fo=115, routed)         1.706     1.706    Audio_Codec/initialize_audio/clk_out2
    SLICE_X157Y113       FDRE                                         r  Audio_Codec/initialize_audio/state_reg[0]/C





Min Delay Paths
--------------------------------------------------------------------------------------
Slack:                    inf
  Source:                 sda
                            (input port)
  Destination:            Audio_Codec/initialize_audio/twi_controller/dSda_reg/D
                            (rising edge-triggered cell FDRE clocked by clk_out2_clk_wiz_0  {rise@0.000ns fall@10.000ns period=20.000ns})
  Path Group:             (none)
  Path Type:              Hold (Min at Fast Process Corner)
  Data Path Delay:        0.593ns  (logic 0.246ns (41.418%)  route 0.347ns (58.582%))
  Logic Levels:           1  (IBUF=1)
  Clock Path Skew:        0.913ns (DCD - SCD - CPR)
    Destination Clock Delay (DCD):    0.913ns
    Source Clock Delay      (SCD):    0.000ns
    Clock Pessimism Removal (CPR):    -0.000ns

    Location             Delay type                Incr(ns)  Path(ns)    Netlist Resource(s)
  -------------------------------------------------------------------    -------------------
    V5                                                0.000     0.000 r  sda (INOUT)
                         net (fo=1, unset)            0.000     0.000    sda_IOBUF_inst/IO
    V5                   IBUF (Prop_ibuf_I_O)         0.246     0.246 r  sda_IOBUF_inst/IBUF/O
                         net (fo=1, routed)           0.347     0.593    Audio_Codec/initialize_audio/twi_controller/sda_IBUF
    SLICE_X163Y117       FDRE                                         r  Audio_Codec/initialize_audio/twi_controller/dSda_reg/D
  -------------------------------------------------------------------    -------------------

                         (clock clk_out2_clk_wiz_0 rise edge)
                                                      0.000     0.000 r  
    BUFGCTRL_X0Y2        BUFG                         0.000     0.000 r  clk_IBUF_BUFG_inst/O
                         net (fo=105, routed)         1.022     1.022    Audio_Codec/audiocodec_master_clock/inst/clk_in1
    MMCME2_ADV_X1Y0      MMCME2_ADV (Prop_mmcme2_adv_CLKIN1_CLKOUT1)
                                                     -2.040    -1.018 r  Audio_Codec/audiocodec_master_clock/inst/mmcm_adv_inst/CLKOUT1
                         net (fo=1, routed)           0.989    -0.029    Audio_Codec/audiocodec_master_clock/inst/clk_out2_clk_wiz_0
    BUFGCTRL_X0Y1        BUFG (Prop_bufg_I_O)         0.029    -0.000 r  Audio_Codec/audiocodec_master_clock/inst/clkout2_buf/O
                         net (fo=115, routed)         0.913     0.913    Audio_Codec/initialize_audio/twi_controller/clk_out2
    SLICE_X163Y117       FDRE                                         r  Audio_Codec/initialize_audio/twi_controller/dSda_reg/C

Slack:                    inf
  Source:                 scl
                            (input port)
  Destination:            Audio_Codec/initialize_audio/twi_controller/dScl_reg/D
                            (rising edge-triggered cell FDRE clocked by clk_out2_clk_wiz_0  {rise@0.000ns fall@10.000ns period=20.000ns})
  Path Group:             (none)
  Path Type:              Hold (Min at Fast Process Corner)
  Data Path Delay:        0.612ns  (logic 0.263ns (42.894%)  route 0.350ns (57.106%))
  Logic Levels:           1  (IBUF=1)
  Clock Path Skew:        0.912ns (DCD - SCD - CPR)
    Destination Clock Delay (DCD):    0.912ns
    Source Clock Delay      (SCD):    0.000ns
    Clock Pessimism Removal (CPR):    -0.000ns

    Location             Delay type                Incr(ns)  Path(ns)    Netlist Resource(s)
  -------------------------------------------------------------------    -------------------
    W5                                                0.000     0.000 r  scl (INOUT)
                         net (fo=1, unset)            0.000     0.000    scl_IOBUF_inst/IO
    W5                   IBUF (Prop_ibuf_I_O)         0.263     0.263 r  scl_IOBUF_inst/IBUF/O
                         net (fo=1, routed)           0.350     0.612    Audio_Codec/initialize_audio/twi_controller/scl_IBUF
    SLICE_X162Y118       FDRE                                         r  Audio_Codec/initialize_audio/twi_controller/dScl_reg/D
  -------------------------------------------------------------------    -------------------

                         (clock clk_out2_clk_wiz_0 rise edge)
                                                      0.000     0.000 r  
    BUFGCTRL_X0Y2        BUFG                         0.000     0.000 r  clk_IBUF_BUFG_inst/O
                         net (fo=105, routed)         1.022     1.022    Audio_Codec/audiocodec_master_clock/inst/clk_in1
    MMCME2_ADV_X1Y0      MMCME2_ADV (Prop_mmcme2_adv_CLKIN1_CLKOUT1)
                                                     -2.040    -1.018 r  Audio_Codec/audiocodec_master_clock/inst/mmcm_adv_inst/CLKOUT1
                         net (fo=1, routed)           0.989    -0.029    Audio_Codec/audiocodec_master_clock/inst/clk_out2_clk_wiz_0
    BUFGCTRL_X0Y1        BUFG (Prop_bufg_I_O)         0.029    -0.000 r  Audio_Codec/audiocodec_master_clock/inst/clkout2_buf/O
                         net (fo=115, routed)         0.912     0.912    Audio_Codec/initialize_audio/twi_controller/clk_out2
    SLICE_X162Y118       FDRE                                         r  Audio_Codec/initialize_audio/twi_controller/dScl_reg/C

Slack:                    inf
  Source:                 reset_n
                            (input port)
  Destination:            Audio_Codec/initialize_audio/data_i_reg[6]/CE
                            (rising edge-triggered cell FDRE clocked by clk_out2_clk_wiz_0  {rise@0.000ns fall@10.000ns period=20.000ns})
  Path Group:             (none)
  Path Type:              Hold (Min at Fast Process Corner)
  Data Path Delay:        1.605ns  (logic 0.186ns (11.581%)  route 1.419ns (88.419%))
  Logic Levels:           1  (IBUF=1)
  Clock Path Skew:        0.918ns (DCD - SCD - CPR)
    Destination Clock Delay (DCD):    0.918ns
    Source Clock Delay      (SCD):    0.000ns
    Clock Pessimism Removal (CPR):    -0.000ns

    Location             Delay type                Incr(ns)  Path(ns)    Netlist Resource(s)
  -------------------------------------------------------------------    -------------------
    G4                                                0.000     0.000 r  reset_n (IN)
                         net (fo=0)                   0.000     0.000    reset_n
    G4                   IBUF (Prop_ibuf_I_O)         0.186     0.186 r  reset_n_IBUF_inst/O
                         net (fo=31, routed)          1.419     1.605    Audio_Codec/initialize_audio/reset_n_IBUF
    SLICE_X159Y111       FDRE                                         r  Audio_Codec/initialize_audio/data_i_reg[6]/CE
  -------------------------------------------------------------------    -------------------

                         (clock clk_out2_clk_wiz_0 rise edge)
                                                      0.000     0.000 r  
    BUFGCTRL_X0Y2        BUFG                         0.000     0.000 r  clk_IBUF_BUFG_inst/O
                         net (fo=105, routed)         1.022     1.022    Audio_Codec/audiocodec_master_clock/inst/clk_in1
    MMCME2_ADV_X1Y0      MMCME2_ADV (Prop_mmcme2_adv_CLKIN1_CLKOUT1)
                                                     -2.040    -1.018 r  Audio_Codec/audiocodec_master_clock/inst/mmcm_adv_inst/CLKOUT1
                         net (fo=1, routed)           0.989    -0.029    Audio_Codec/audiocodec_master_clock/inst/clk_out2_clk_wiz_0
    BUFGCTRL_X0Y1        BUFG (Prop_bufg_I_O)         0.029    -0.000 r  Audio_Codec/audiocodec_master_clock/inst/clkout2_buf/O
                         net (fo=115, routed)         0.918     0.918    Audio_Codec/initialize_audio/clk_out2
    SLICE_X159Y111       FDRE                                         r  Audio_Codec/initialize_audio/data_i_reg[6]/C

Slack:                    inf
  Source:                 reset_n
                            (input port)
  Destination:            Audio_Codec/initialize_audio/msg_reg/CE
                            (rising edge-triggered cell FDRE clocked by clk_out2_clk_wiz_0  {rise@0.000ns fall@10.000ns period=20.000ns})
  Path Group:             (none)
  Path Type:              Hold (Min at Fast Process Corner)
  Data Path Delay:        1.605ns  (logic 0.186ns (11.581%)  route 1.419ns (88.419%))
  Logic Levels:           1  (IBUF=1)
  Clock Path Skew:        0.918ns (DCD - SCD - CPR)
    Destination Clock Delay (DCD):    0.918ns
    Source Clock Delay      (SCD):    0.000ns
    Clock Pessimism Removal (CPR):    -0.000ns

    Location             Delay type                Incr(ns)  Path(ns)    Netlist Resource(s)
  -------------------------------------------------------------------    -------------------
    G4                                                0.000     0.000 r  reset_n (IN)
                         net (fo=0)                   0.000     0.000    reset_n
    G4                   IBUF (Prop_ibuf_I_O)         0.186     0.186 r  reset_n_IBUF_inst/O
                         net (fo=31, routed)          1.419     1.605    Audio_Codec/initialize_audio/reset_n_IBUF
    SLICE_X159Y111       FDRE                                         r  Audio_Codec/initialize_audio/msg_reg/CE
  -------------------------------------------------------------------    -------------------

                         (clock clk_out2_clk_wiz_0 rise edge)
                                                      0.000     0.000 r  
    BUFGCTRL_X0Y2        BUFG                         0.000     0.000 r  clk_IBUF_BUFG_inst/O
                         net (fo=105, routed)         1.022     1.022    Audio_Codec/audiocodec_master_clock/inst/clk_in1
    MMCME2_ADV_X1Y0      MMCME2_ADV (Prop_mmcme2_adv_CLKIN1_CLKOUT1)
                                                     -2.040    -1.018 r  Audio_Codec/audiocodec_master_clock/inst/mmcm_adv_inst/CLKOUT1
                         net (fo=1, routed)           0.989    -0.029    Audio_Codec/audiocodec_master_clock/inst/clk_out2_clk_wiz_0
    BUFGCTRL_X0Y1        BUFG (Prop_bufg_I_O)         0.029    -0.000 r  Audio_Codec/audiocodec_master_clock/inst/clkout2_buf/O
                         net (fo=115, routed)         0.918     0.918    Audio_Codec/initialize_audio/clk_out2
    SLICE_X159Y111       FDRE                                         r  Audio_Codec/initialize_audio/msg_reg/C

Slack:                    inf
  Source:                 reset_n
                            (input port)
  Destination:            Audio_Codec/initialize_audio/stb_reg/CE
                            (rising edge-triggered cell FDRE clocked by clk_out2_clk_wiz_0  {rise@0.000ns fall@10.000ns period=20.000ns})
  Path Group:             (none)
  Path Type:              Hold (Min at Fast Process Corner)
  Data Path Delay:        1.605ns  (logic 0.186ns (11.581%)  route 1.419ns (88.419%))
  Logic Levels:           1  (IBUF=1)
  Clock Path Skew:        0.918ns (DCD - SCD - CPR)
    Destination Clock Delay (DCD):    0.918ns
    Source Clock Delay      (SCD):    0.000ns
    Clock Pessimism Removal (CPR):    -0.000ns

    Location             Delay type                Incr(ns)  Path(ns)    Netlist Resource(s)
  -------------------------------------------------------------------    -------------------
    G4                                                0.000     0.000 r  reset_n (IN)
                         net (fo=0)                   0.000     0.000    reset_n
    G4                   IBUF (Prop_ibuf_I_O)         0.186     0.186 r  reset_n_IBUF_inst/O
                         net (fo=31, routed)          1.419     1.605    Audio_Codec/initialize_audio/reset_n_IBUF
    SLICE_X159Y111       FDRE                                         r  Audio_Codec/initialize_audio/stb_reg/CE
  -------------------------------------------------------------------    -------------------

                         (clock clk_out2_clk_wiz_0 rise edge)
                                                      0.000     0.000 r  
    BUFGCTRL_X0Y2        BUFG                         0.000     0.000 r  clk_IBUF_BUFG_inst/O
                         net (fo=105, routed)         1.022     1.022    Audio_Codec/audiocodec_master_clock/inst/clk_in1
    MMCME2_ADV_X1Y0      MMCME2_ADV (Prop_mmcme2_adv_CLKIN1_CLKOUT1)
                                                     -2.040    -1.018 r  Audio_Codec/audiocodec_master_clock/inst/mmcm_adv_inst/CLKOUT1
                         net (fo=1, routed)           0.989    -0.029    Audio_Codec/audiocodec_master_clock/inst/clk_out2_clk_wiz_0
    BUFGCTRL_X0Y1        BUFG (Prop_bufg_I_O)         0.029    -0.000 r  Audio_Codec/audiocodec_master_clock/inst/clkout2_buf/O
                         net (fo=115, routed)         0.918     0.918    Audio_Codec/initialize_audio/clk_out2
    SLICE_X159Y111       FDRE                                         r  Audio_Codec/initialize_audio/stb_reg/C

Slack:                    inf
  Source:                 reset_n
                            (input port)
  Destination:            Audio_Codec/initialize_audio/twi_controller/int_Rst_reg/D
                            (rising edge-triggered cell FDRE clocked by clk_out2_clk_wiz_0  {rise@0.000ns fall@10.000ns period=20.000ns})
  Path Group:             (none)
  Path Type:              Hold (Min at Fast Process Corner)
  Data Path Delay:        1.657ns  (logic 0.231ns (13.931%)  route 1.427ns (86.069%))
  Logic Levels:           2  (IBUF=1 LUT6=1)
  Clock Path Skew:        0.919ns (DCD - SCD - CPR)
    Destination Clock Delay (DCD):    0.919ns
    Source Clock Delay      (SCD):    0.000ns
    Clock Pessimism Removal (CPR):    -0.000ns

    Location             Delay type                Incr(ns)  Path(ns)    Netlist Resource(s)
  -------------------------------------------------------------------    -------------------
    G4                                                0.000     0.000 f  reset_n (IN)
                         net (fo=0)                   0.000     0.000    reset_n
    G4                   IBUF (Prop_ibuf_I_O)         0.186     0.186 f  reset_n_IBUF_inst/O
                         net (fo=31, routed)          1.427     1.612    Audio_Codec/initialize_audio/twi_controller/reset_n_IBUF
    SLICE_X161Y110       LUT6 (Prop_lut6_I5_O)        0.045     1.657 r  Audio_Codec/initialize_audio/twi_controller/int_Rst_i_1/O
                         net (fo=1, routed)           0.000     1.657    Audio_Codec/initialize_audio/twi_controller/int_Rst_i_1_n_0
    SLICE_X161Y110       FDRE                                         r  Audio_Codec/initialize_audio/twi_controller/int_Rst_reg/D
  -------------------------------------------------------------------    -------------------

                         (clock clk_out2_clk_wiz_0 rise edge)
                                                      0.000     0.000 r  
    BUFGCTRL_X0Y2        BUFG                         0.000     0.000 r  clk_IBUF_BUFG_inst/O
                         net (fo=105, routed)         1.022     1.022    Audio_Codec/audiocodec_master_clock/inst/clk_in1
    MMCME2_ADV_X1Y0      MMCME2_ADV (Prop_mmcme2_adv_CLKIN1_CLKOUT1)
                                                     -2.040    -1.018 r  Audio_Codec/audiocodec_master_clock/inst/mmcm_adv_inst/CLKOUT1
                         net (fo=1, routed)           0.989    -0.029    Audio_Codec/audiocodec_master_clock/inst/clk_out2_clk_wiz_0
    BUFGCTRL_X0Y1        BUFG (Prop_bufg_I_O)         0.029    -0.000 r  Audio_Codec/audiocodec_master_clock/inst/clkout2_buf/O
                         net (fo=115, routed)         0.919     0.919    Audio_Codec/initialize_audio/twi_controller/clk_out2
    SLICE_X161Y110       FDRE                                         r  Audio_Codec/initialize_audio/twi_controller/int_Rst_reg/C

Slack:                    inf
  Source:                 reset_n
                            (input port)
  Destination:            Audio_Codec/initialize_audio/data_i_reg[4]/CE
                            (rising edge-triggered cell FDRE clocked by clk_out2_clk_wiz_0  {rise@0.000ns fall@10.000ns period=20.000ns})
  Path Group:             (none)
  Path Type:              Hold (Min at Fast Process Corner)
  Data Path Delay:        1.723ns  (logic 0.186ns (10.789%)  route 1.537ns (89.211%))
  Logic Levels:           1  (IBUF=1)
  Clock Path Skew:        0.915ns (DCD - SCD - CPR)
    Destination Clock Delay (DCD):    0.915ns
    Source Clock Delay      (SCD):    0.000ns
    Clock Pessimism Removal (CPR):    -0.000ns

    Location             Delay type                Incr(ns)  Path(ns)    Netlist Resource(s)
  -------------------------------------------------------------------    -------------------
    G4                                                0.000     0.000 r  reset_n (IN)
                         net (fo=0)                   0.000     0.000    reset_n
    G4                   IBUF (Prop_ibuf_I_O)         0.186     0.186 r  reset_n_IBUF_inst/O
                         net (fo=31, routed)          1.537     1.723    Audio_Codec/initialize_audio/reset_n_IBUF
    SLICE_X159Y113       FDRE                                         r  Audio_Codec/initialize_audio/data_i_reg[4]/CE
  -------------------------------------------------------------------    -------------------

                         (clock clk_out2_clk_wiz_0 rise edge)
                                                      0.000     0.000 r  
    BUFGCTRL_X0Y2        BUFG                         0.000     0.000 r  clk_IBUF_BUFG_inst/O
                         net (fo=105, routed)         1.022     1.022    Audio_Codec/audiocodec_master_clock/inst/clk_in1
    MMCME2_ADV_X1Y0      MMCME2_ADV (Prop_mmcme2_adv_CLKIN1_CLKOUT1)
                                                     -2.040    -1.018 r  Audio_Codec/audiocodec_master_clock/inst/mmcm_adv_inst/CLKOUT1
                         net (fo=1, routed)           0.989    -0.029    Audio_Codec/audiocodec_master_clock/inst/clk_out2_clk_wiz_0
    BUFGCTRL_X0Y1        BUFG (Prop_bufg_I_O)         0.029    -0.000 r  Audio_Codec/audiocodec_master_clock/inst/clkout2_buf/O
                         net (fo=115, routed)         0.915     0.915    Audio_Codec/initialize_audio/clk_out2
    SLICE_X159Y113       FDRE                                         r  Audio_Codec/initialize_audio/data_i_reg[4]/C

Slack:                    inf
  Source:                 reset_n
                            (input port)
  Destination:            Audio_Codec/initialize_audio/data_i_reg[1]/CE
                            (rising edge-triggered cell FDRE clocked by clk_out2_clk_wiz_0  {rise@0.000ns fall@10.000ns period=20.000ns})
  Path Group:             (none)
  Path Type:              Hold (Min at Fast Process Corner)
  Data Path Delay:        1.788ns  (logic 0.186ns (10.399%)  route 1.602ns (89.601%))
  Logic Levels:           1  (IBUF=1)
  Clock Path Skew:        0.916ns (DCD - SCD - CPR)
    Destination Clock Delay (DCD):    0.916ns
    Source Clock Delay      (SCD):    0.000ns
    Clock Pessimism Removal (CPR):    -0.000ns

    Location             Delay type                Incr(ns)  Path(ns)    Netlist Resource(s)
  -------------------------------------------------------------------    -------------------
    G4                                                0.000     0.000 r  reset_n (IN)
                         net (fo=0)                   0.000     0.000    reset_n
    G4                   IBUF (Prop_ibuf_I_O)         0.186     0.186 r  reset_n_IBUF_inst/O
                         net (fo=31, routed)          1.602     1.788    Audio_Codec/initialize_audio/reset_n_IBUF
    SLICE_X158Y112       FDRE                                         r  Audio_Codec/initialize_audio/data_i_reg[1]/CE
  -------------------------------------------------------------------    -------------------

                         (clock clk_out2_clk_wiz_0 rise edge)
                                                      0.000     0.000 r  
    BUFGCTRL_X0Y2        BUFG                         0.000     0.000 r  clk_IBUF_BUFG_inst/O
                         net (fo=105, routed)         1.022     1.022    Audio_Codec/audiocodec_master_clock/inst/clk_in1
    MMCME2_ADV_X1Y0      MMCME2_ADV (Prop_mmcme2_adv_CLKIN1_CLKOUT1)
                                                     -2.040    -1.018 r  Audio_Codec/audiocodec_master_clock/inst/mmcm_adv_inst/CLKOUT1
                         net (fo=1, routed)           0.989    -0.029    Audio_Codec/audiocodec_master_clock/inst/clk_out2_clk_wiz_0
    BUFGCTRL_X0Y1        BUFG (Prop_bufg_I_O)         0.029    -0.000 r  Audio_Codec/audiocodec_master_clock/inst/clkout2_buf/O
                         net (fo=115, routed)         0.916     0.916    Audio_Codec/initialize_audio/clk_out2
    SLICE_X158Y112       FDRE                                         r  Audio_Codec/initialize_audio/data_i_reg[1]/C

Slack:                    inf
  Source:                 reset_n
                            (input port)
  Destination:            Audio_Codec/initialize_audio/data_i_reg[7]/CE
                            (rising edge-triggered cell FDRE clocked by clk_out2_clk_wiz_0  {rise@0.000ns fall@10.000ns period=20.000ns})
  Path Group:             (none)
  Path Type:              Hold (Min at Fast Process Corner)
  Data Path Delay:        1.788ns  (logic 0.186ns (10.399%)  route 1.602ns (89.601%))
  Logic Levels:           1  (IBUF=1)
  Clock Path Skew:        0.916ns (DCD - SCD - CPR)
    Destination Clock Delay (DCD):    0.916ns
    Source Clock Delay      (SCD):    0.000ns
    Clock Pessimism Removal (CPR):    -0.000ns

    Location             Delay type                Incr(ns)  Path(ns)    Netlist Resource(s)
  -------------------------------------------------------------------    -------------------
    G4                                                0.000     0.000 r  reset_n (IN)
                         net (fo=0)                   0.000     0.000    reset_n
    G4                   IBUF (Prop_ibuf_I_O)         0.186     0.186 r  reset_n_IBUF_inst/O
                         net (fo=31, routed)          1.602     1.788    Audio_Codec/initialize_audio/reset_n_IBUF
    SLICE_X158Y112       FDRE                                         r  Audio_Codec/initialize_audio/data_i_reg[7]/CE
  -------------------------------------------------------------------    -------------------

                         (clock clk_out2_clk_wiz_0 rise edge)
                                                      0.000     0.000 r  
    BUFGCTRL_X0Y2        BUFG                         0.000     0.000 r  clk_IBUF_BUFG_inst/O
                         net (fo=105, routed)         1.022     1.022    Audio_Codec/audiocodec_master_clock/inst/clk_in1
    MMCME2_ADV_X1Y0      MMCME2_ADV (Prop_mmcme2_adv_CLKIN1_CLKOUT1)
                                                     -2.040    -1.018 r  Audio_Codec/audiocodec_master_clock/inst/mmcm_adv_inst/CLKOUT1
                         net (fo=1, routed)           0.989    -0.029    Audio_Codec/audiocodec_master_clock/inst/clk_out2_clk_wiz_0
    BUFGCTRL_X0Y1        BUFG (Prop_bufg_I_O)         0.029    -0.000 r  Audio_Codec/audiocodec_master_clock/inst/clkout2_buf/O
                         net (fo=115, routed)         0.916     0.916    Audio_Codec/initialize_audio/clk_out2
    SLICE_X158Y112       FDRE                                         r  Audio_Codec/initialize_audio/data_i_reg[7]/C

Slack:                    inf
  Source:                 reset_n
                            (input port)
  Destination:            Audio_Codec/initialize_audio/initA_reg[0]/D
                            (rising edge-triggered cell FDRE clocked by clk_out2_clk_wiz_0  {rise@0.000ns fall@10.000ns period=20.000ns})
  Path Group:             (none)
  Path Type:              Hold (Min at Fast Process Corner)
  Data Path Delay:        1.852ns  (logic 0.231ns (12.468%)  route 1.621ns (87.532%))
  Logic Levels:           2  (IBUF=1 LUT3=1)
  Clock Path Skew:        0.915ns (DCD - SCD - CPR)
    Destination Clock Delay (DCD):    0.915ns
    Source Clock Delay      (SCD):    0.000ns
    Clock Pessimism Removal (CPR):    -0.000ns

    Location             Delay type                Incr(ns)  Path(ns)    Netlist Resource(s)
  -------------------------------------------------------------------    -------------------
    G4                                                0.000     0.000 r  reset_n (IN)
                         net (fo=0)                   0.000     0.000    reset_n
    G4                   IBUF (Prop_ibuf_I_O)         0.186     0.186 r  reset_n_IBUF_inst/O
                         net (fo=31, routed)          1.621     1.807    Audio_Codec/initialize_audio/twi_controller/reset_n_IBUF
    SLICE_X158Y113       LUT3 (Prop_lut3_I0_O)        0.045     1.852 r  Audio_Codec/initialize_audio/twi_controller/initA[0]_i_1/O
                         net (fo=1, routed)           0.000     1.852    Audio_Codec/initialize_audio/twi_controller_n_9
    SLICE_X158Y113       FDRE                                         r  Audio_Codec/initialize_audio/initA_reg[0]/D
  -------------------------------------------------------------------    -------------------

                         (clock clk_out2_clk_wiz_0 rise edge)
                                                      0.000     0.000 r  
    BUFGCTRL_X0Y2        BUFG                         0.000     0.000 r  clk_IBUF_BUFG_inst/O
                         net (fo=105, routed)         1.022     1.022    Audio_Codec/audiocodec_master_clock/inst/clk_in1
    MMCME2_ADV_X1Y0      MMCME2_ADV (Prop_mmcme2_adv_CLKIN1_CLKOUT1)
                                                     -2.040    -1.018 r  Audio_Codec/audiocodec_master_clock/inst/mmcm_adv_inst/CLKOUT1
                         net (fo=1, routed)           0.989    -0.029    Audio_Codec/audiocodec_master_clock/inst/clk_out2_clk_wiz_0
    BUFGCTRL_X0Y1        BUFG (Prop_bufg_I_O)         0.029    -0.000 r  Audio_Codec/audiocodec_master_clock/inst/clkout2_buf/O
                         net (fo=115, routed)         0.915     0.915    Audio_Codec/initialize_audio/clk_out2
    SLICE_X158Y113       FDRE                                         r  Audio_Codec/initialize_audio/initA_reg[0]/C





