Copyright 1986-2022 Xilinx, Inc. All Rights Reserved. Copyright 2022-2024 Advanced Micro Devices, Inc. All Rights Reserved.
------------------------------------------------------------------------------------------------------------------------------------------------------------------------------------------------------------------------------------
| Tool Version : Vivado v.2024.2 (win64) Build 5239630 Fri Nov 08 22:35:27 MST 2024
| Date         : Mon Apr 27 22:34:10 2026
| Host         : C27-5CG3123P67 running 64-bit major release  (build 9200)
| Command      : report_timing_summary -max_paths 10 -report_unconstrained -file final_project_timing_summary_routed.rpt -pb final_project_timing_summary_routed.pb -rpx final_project_timing_summary_routed.rpx -warn_on_violation
| Design       : final_project
| Device       : 7a200t-sbg484
| Speed File   : -1  PRODUCTION 1.23 2018-06-13
| Design State : Routed
------------------------------------------------------------------------------------------------------------------------------------------------------------------------------------------------------------------------------------

Timing Summary Report

------------------------------------------------------------------------------------------------
| Timer Settings
| --------------
------------------------------------------------------------------------------------------------

  Enable Multi Corner Analysis               :  Yes
  Enable Pessimism Removal                   :  Yes
  Pessimism Removal Resolution               :  Nearest Common Node
  Enable Input Delay Default Clock           :  No
  Enable Preset / Clear Arcs                 :  No
  Disable Flight Delays                      :  No
  Ignore I/O Paths                           :  No
  Timing Early Launch at Borrowing Latches   :  No
  Borrow Time for Max Delay Exceptions       :  Yes
  Merge Timing Exceptions                    :  Yes
  Inter-SLR Compensation                     :  Conservative

  Corner  Analyze    Analyze    
  Name    Max Paths  Min Paths  
  ------  ---------  ---------  
  Slow    Yes        Yes        
  Fast    Yes        Yes        


------------------------------------------------------------------------------------------------
| Report Methodology
| ------------------
------------------------------------------------------------------------------------------------

Rule       Severity          Description                                Violations  
---------  ----------------  -----------------------------------------  ----------  
TIMING-17  Critical Warning  Non-clocked sequential cell                516         
TIMING-27  Critical Warning  Invalid primary clock on hierarchical pin  2           

Note: This report is based on the most recent report_methodology run and may not be up-to-date. Run report_methodology on the current design for the latest report.



check_timing report

Table of Contents
-----------------
1. checking no_clock (516)
2. checking constant_clock (0)
3. checking pulse_width_clock (0)
4. checking unconstrained_internal_endpoints (1399)
5. checking no_input_delay (4)
6. checking no_output_delay (19)
7. checking multiple_clock (0)
8. checking generated_clocks (0)
9. checking loops (0)
10. checking partial_input_delay (0)
11. checking partial_output_delay (0)
12. checking latch_loops (0)

1. checking no_clock (516)
--------------------------
 There are 516 register/latch pins with no clock driven by root clock pin: clk (HIGH)


2. checking constant_clock (0)
------------------------------
 There are 0 register/latch pins with constant_clock.


3. checking pulse_width_clock (0)
---------------------------------
 There are 0 register/latch pins which need pulse_width check


4. checking unconstrained_internal_endpoints (1399)
---------------------------------------------------
 There are 1399 pins that are not constrained for maximum delay. (HIGH)

 There are 0 pins that are not constrained for maximum delay due to constant clock.


5. checking no_input_delay (4)
------------------------------
 There are 4 input ports with no input delay specified. (HIGH)

 There are 0 input ports with no input delay but user has a false path constraint.


6. checking no_output_delay (19)
--------------------------------
 There are 19 ports with no output delay specified. (HIGH)

 There are 0 ports with no output delay but user has a false path constraint

 There are 0 ports with no output delay but with a timing clock defined on it or propagating through it


7. checking multiple_clock (0)
------------------------------
 There are 0 register/latch pins with multiple clocks.


8. checking generated_clocks (0)
--------------------------------
 There are 0 generated clocks that are not connected to a clock source.


9. checking loops (0)
---------------------
 There are 0 combinational loops in the design.


10. checking partial_input_delay (0)
------------------------------------
 There are 0 input ports with partial input delay specified.


11. checking partial_output_delay (0)
-------------------------------------
 There are 0 ports with partial output delay specified.


12. checking latch_loops (0)
----------------------------
 There are 0 combinational latch loops in the design through latch input



------------------------------------------------------------------------------------------------
| Design Timing Summary
| ---------------------
------------------------------------------------------------------------------------------------

    WNS(ns)      TNS(ns)  TNS Failing Endpoints  TNS Total Endpoints      WHS(ns)      THS(ns)  THS Failing Endpoints  THS Total Endpoints     WPWS(ns)     TPWS(ns)  TPWS Failing Endpoints  TPWS Total Endpoints  
    -------      -------  ---------------------  -------------------      -------      -------  ---------------------  -------------------     --------     --------  ----------------------  --------------------  
      1.702        0.000                      0                  494        0.119        0.000                      0                  494        3.000        0.000                       0                   307  


All user specified timing constraints are met.


------------------------------------------------------------------------------------------------
| Clock Summary
| -------------
------------------------------------------------------------------------------------------------

Clock                                                          Waveform(ns)         Period(ns)      Frequency(MHz)
-----                                                          ------------         ----------      --------------
datapath/video_inst/mmcm_adv_inst_display_clocks/inst/clk_in1  {0.000 5.000}        10.000          100.000         
  clk_out1_clk_wiz_0                                           {0.000 20.000}       40.000          25.000          
  clk_out2_clk_wiz_0                                           {0.000 4.000}        8.000           125.000         
  clkfbout_clk_wiz_0                                           {0.000 5.000}        10.000          100.000         
doodleAudio/Audio_Codec/audiocodec_master_clock/inst/clk_in1   {0.000 5.000}        10.000          100.000         
  clk_out1_clk_wiz_1                                           {0.000 40.687}       81.375          12.289          
  clk_out2_clk_wiz_1                                           {0.000 10.000}       20.000          50.000          
  clkfbout_clk_wiz_1                                           {0.000 5.000}        10.000          100.000         


------------------------------------------------------------------------------------------------
| Intra Clock Table
| -----------------
------------------------------------------------------------------------------------------------

Clock                                                              WNS(ns)      TNS(ns)  TNS Failing Endpoints  TNS Total Endpoints      WHS(ns)      THS(ns)  THS Failing Endpoints  THS Total Endpoints     WPWS(ns)     TPWS(ns)  TPWS Failing Endpoints  TPWS Total Endpoints  
-----                                                              -------      -------  ---------------------  -------------------      -------      -------  ---------------------  -------------------     --------     --------  ----------------------  --------------------  
datapath/video_inst/mmcm_adv_inst_display_clocks/inst/clk_in1                                                                                                                                                    3.000        0.000                       0                     1  
  clk_out1_clk_wiz_0                                                 7.153        0.000                      0                  236        0.131        0.000                      0                  236       19.500        0.000                       0                   134  
  clk_out2_clk_wiz_0                                                 1.702        0.000                      0                   48        0.175        0.000                      0                   48        3.500        0.000                       0                    46  
  clkfbout_clk_wiz_0                                                                                                                                                                                             7.845        0.000                       0                     3  
doodleAudio/Audio_Codec/audiocodec_master_clock/inst/clk_in1                                                                                                                                                     3.000        0.000                       0                     1  
  clk_out1_clk_wiz_1                                                                                                                                                                                            79.220        0.000                       0                     2  
  clk_out2_clk_wiz_1                                                13.790        0.000                      0                  204        0.166        0.000                      0                  204        9.500        0.000                       0                   117  
  clkfbout_clk_wiz_1                                                                                                                                                                                             7.845        0.000                       0                     3  


------------------------------------------------------------------------------------------------
| Inter Clock Table
| -----------------
------------------------------------------------------------------------------------------------

From Clock          To Clock                WNS(ns)      TNS(ns)  TNS Failing Endpoints  TNS Total Endpoints      WHS(ns)      THS(ns)  THS Failing Endpoints  THS Total Endpoints  
----------          --------                -------      -------  ---------------------  -------------------      -------      -------  ---------------------  -------------------  
clk_out1_clk_wiz_0  clk_out2_clk_wiz_0        5.130        0.000                      0                   30        0.119        0.000                      0                   30  


------------------------------------------------------------------------------------------------
| Other Path Groups Table
| -----------------------
------------------------------------------------------------------------------------------------

Path Group    From Clock    To Clock          WNS(ns)      TNS(ns)  TNS Failing Endpoints  TNS Total Endpoints      WHS(ns)      THS(ns)  THS Failing Endpoints  THS Total Endpoints  
----------    ----------    --------          -------      -------  ---------------------  -------------------      -------      -------  ---------------------  -------------------  


------------------------------------------------------------------------------------------------
| User Ignored Path Table
| -----------------------
------------------------------------------------------------------------------------------------

Path Group    From Clock    To Clock    
----------    ----------    --------    


------------------------------------------------------------------------------------------------
| Unconstrained Path Table
| ------------------------
------------------------------------------------------------------------------------------------

Path Group          From Clock          To Clock          
----------          ----------          --------          
(none)                                                      
(none)              clk_out1_clk_wiz_1                      
(none)              clk_out2_clk_wiz_0                      
(none)              clk_out2_clk_wiz_1                      
(none)              clkfbout_clk_wiz_0                      
(none)              clkfbout_clk_wiz_1                      
(none)                                  clk_out1_clk_wiz_0  
(none)                                  clk_out2_clk_wiz_1  


------------------------------------------------------------------------------------------------
| Timing Details
| --------------
------------------------------------------------------------------------------------------------


---------------------------------------------------------------------------------------------------
From Clock:  datapath/video_inst/mmcm_adv_inst_display_clocks/inst/clk_in1
  To Clock:  datapath/video_inst/mmcm_adv_inst_display_clocks/inst/clk_in1

Setup :           NA  Failing Endpoints,  Worst Slack           NA  ,  Total Violation           NA
Hold  :           NA  Failing Endpoints,  Worst Slack           NA  ,  Total Violation           NA
PW    :            0  Failing Endpoints,  Worst Slack        3.000ns,  Total Violation        0.000ns
---------------------------------------------------------------------------------------------------


Pulse Width Checks
--------------------------------------------------------------------------------------
Clock Name:         datapath/video_inst/mmcm_adv_inst_display_clocks/inst/clk_in1
Waveform(ns):       { 0.000 5.000 }
Period(ns):         10.000
Sources:            { datapath/video_inst/mmcm_adv_inst_display_clocks/inst/clk_in1 }

Check Type        Corner  Lib Pin            Reference Pin  Required(ns)  Actual(ns)  Slack(ns)  Location         Pin
Min Period        n/a     MMCME2_ADV/CLKIN1  n/a            1.249         10.000      8.751      MMCME2_ADV_X0Y2  datapath/video_inst/mmcm_adv_inst_display_clocks/inst/mmcm_adv_inst/CLKIN1
Max Period        n/a     MMCME2_ADV/CLKIN1  n/a            100.000       10.000      90.000     MMCME2_ADV_X0Y2  datapath/video_inst/mmcm_adv_inst_display_clocks/inst/mmcm_adv_inst/CLKIN1
Low Pulse Width   Slow    MMCME2_ADV/CLKIN1  n/a            2.000         5.000       3.000      MMCME2_ADV_X0Y2  datapath/video_inst/mmcm_adv_inst_display_clocks/inst/mmcm_adv_inst/CLKIN1
Low Pulse Width   Fast    MMCME2_ADV/CLKIN1  n/a            2.000         5.000       3.000      MMCME2_ADV_X0Y2  datapath/video_inst/mmcm_adv_inst_display_clocks/inst/mmcm_adv_inst/CLKIN1
High Pulse Width  Slow    MMCME2_ADV/CLKIN1  n/a            2.000         5.000       3.000      MMCME2_ADV_X0Y2  datapath/video_inst/mmcm_adv_inst_display_clocks/inst/mmcm_adv_inst/CLKIN1
High Pulse Width  Fast    MMCME2_ADV/CLKIN1  n/a            2.000         5.000       3.000      MMCME2_ADV_X0Y2  datapath/video_inst/mmcm_adv_inst_display_clocks/inst/mmcm_adv_inst/CLKIN1



---------------------------------------------------------------------------------------------------
From Clock:  clk_out1_clk_wiz_0
  To Clock:  clk_out1_clk_wiz_0

Setup :            0  Failing Endpoints,  Worst Slack        7.153ns,  Total Violation        0.000ns
Hold  :            0  Failing Endpoints,  Worst Slack        0.131ns,  Total Violation        0.000ns
PW    :            0  Failing Endpoints,  Worst Slack       19.500ns,  Total Violation        0.000ns
---------------------------------------------------------------------------------------------------


Max Delay Paths
--------------------------------------------------------------------------------------
Slack (MET) :             7.153ns  (required time - arrival time)
  Source:                 datapath/video_inst/Inst_vga/v_count_reg[0]_rep__2/C
                            (rising edge-triggered cell FDRE clocked by clk_out1_clk_wiz_0  {rise@0.000ns fall@20.000ns period=40.000ns})
  Destination:            datapath/video_inst/inst_dvid/TDMS_encoder_blue/dc_bias_reg[3]/D
                            (rising edge-triggered cell FDRE clocked by clk_out1_clk_wiz_0  {rise@0.000ns fall@20.000ns period=40.000ns})
  Path Group:             clk_out1_clk_wiz_0
  Path Type:              Setup (Max at Slow Process Corner)
  Requirement:            40.000ns  (clk_out1_clk_wiz_0 rise@40.000ns - clk_out1_clk_wiz_0 rise@0.000ns)
  Data Path Delay:        32.502ns  (logic 8.044ns (24.749%)  route 24.458ns (75.251%))
  Logic Levels:           35  (CARRY4=3 LUT2=2 LUT3=3 LUT4=4 LUT5=5 LUT6=18)
  Clock Path Skew:        -0.282ns (DCD - SCD + CPR)
    Destination Clock Delay (DCD):    1.568ns = ( 41.568 - 40.000 ) 
    Source Clock Delay      (SCD):    1.858ns
    Clock Pessimism Removal (CPR):    0.008ns
  Clock Uncertainty:      0.095ns  ((TSJ^2 + DJ^2)^1/2) / 2 + PE
    Total System Jitter     (TSJ):    0.071ns
    Discrete Jitter          (DJ):    0.175ns
    Phase Error              (PE):    0.000ns

    Location             Delay type                Incr(ns)  Path(ns)    Netlist Resource(s)
  -------------------------------------------------------------------    -------------------
                         (clock clk_out1_clk_wiz_0 rise edge)
                                                      0.000     0.000 r  
    BUFGCTRL_X0Y2        BUFG                         0.000     0.000 r  clk_IBUF_BUFG_inst/O
                         net (fo=518, routed)         1.761     1.761    datapath/video_inst/mmcm_adv_inst_display_clocks/inst/clk_in1
    MMCME2_ADV_X0Y2      MMCME2_ADV (Prop_mmcme2_adv_CLKIN1_CLKOUT0)
                                                     -3.701    -1.939 r  datapath/video_inst/mmcm_adv_inst_display_clocks/inst/mmcm_adv_inst/CLKOUT0
                         net (fo=1, routed)           1.843    -0.096    datapath/video_inst/mmcm_adv_inst_display_clocks/inst/clk_out1_clk_wiz_0
    BUFGCTRL_X0Y3        BUFG (Prop_bufg_I_O)         0.096    -0.000 r  datapath/video_inst/mmcm_adv_inst_display_clocks/inst/clkout1_buf/O
                         net (fo=132, routed)         1.858     1.858    datapath/video_inst/Inst_vga/clk_out1
    SLICE_X110Y99        FDRE                                         r  datapath/video_inst/Inst_vga/v_count_reg[0]_rep__2/C
  -------------------------------------------------------------------    -------------------
    SLICE_X110Y99        FDRE (Prop_fdre_C_Q)         0.419     2.277 r  datapath/video_inst/Inst_vga/v_count_reg[0]_rep__2/Q
                         net (fo=111, routed)         0.591     2.868    datapath/video_inst/Inst_vga/v_count_reg[0]_rep__2_n_0
    SLICE_X115Y99        CARRY4 (Prop_carry4_DI[0]_O[1])
                                                      0.582     3.450 r  datapath/video_inst/Inst_vga/g0_b0_i_1__1/O[1]
                         net (fo=182, routed)         2.060     5.511    datapath/video_inst/Inst_vga/pix_classifer/jetpackAndDoodle[0][0]11_out[1]
    SLICE_X103Y88        LUT6 (Prop_lut6_I1_O)        0.303     5.814 f  datapath/video_inst/Inst_vga/g0_b0__49/O
                         net (fo=1, routed)           0.402     6.216    datapath/video_inst/Inst_vga/g0_b0__49_n_0
    SLICE_X103Y88        LUT3 (Prop_lut3_I2_O)        0.124     6.340 r  datapath/video_inst/Inst_vga/g0_b0_i_941/O
                         net (fo=1, routed)           0.620     6.960    datapath/video_inst/Inst_vga/g0_b0_i_941_n_0
    SLICE_X103Y89        LUT6 (Prop_lut6_I3_O)        0.124     7.084 r  datapath/video_inst/Inst_vga/g0_b0_i_671/O
                         net (fo=1, routed)           0.775     7.859    datapath/video_inst/Inst_vga/g0_b0_i_671_n_0
    SLICE_X106Y89        LUT5 (Prop_lut5_I1_O)        0.124     7.983 f  datapath/video_inst/Inst_vga/g0_b0_i_402/O
                         net (fo=1, routed)           0.808     8.791    datapath/video_inst/Inst_vga/g0_b0_i_402_n_0
    SLICE_X107Y90        LUT6 (Prop_lut6_I2_O)        0.124     8.915 f  datapath/video_inst/Inst_vga/g0_b0_i_197/O
                         net (fo=1, routed)           0.933     9.847    datapath/video_inst/Inst_vga/g0_b0_i_197_n_0
    SLICE_X108Y95        LUT6 (Prop_lut6_I5_O)        0.124     9.971 r  datapath/video_inst/Inst_vga/g0_b0_i_72/O
                         net (fo=5, routed)           0.445    10.416    datapath/video_inst/Inst_vga/g0_b0_i_72_n_0
    SLICE_X111Y94        LUT6 (Prop_lut6_I0_O)        0.124    10.540 f  datapath/video_inst/Inst_vga/g0_b2_i_19/O
                         net (fo=1, routed)           0.749    11.289    datapath/video_inst/Inst_vga/g0_b2_i_19_n_0
    SLICE_X111Y99        LUT6 (Prop_lut6_I2_O)        0.124    11.413 f  datapath/video_inst/Inst_vga/g0_b2_i_9/O
                         net (fo=11, routed)          0.844    12.257    datapath/video_inst/Inst_vga/g0_b2_i_9_n_0
    SLICE_X113Y104       LUT6 (Prop_lut6_I0_O)        0.124    12.381 r  datapath/video_inst/Inst_vga/g0_b2_i_5/O
                         net (fo=16, routed)          0.644    13.026    datapath/video_inst/Inst_vga/pixel_type[row][1]
    SLICE_X116Y100       LUT2 (Prop_lut2_I1_O)        0.124    13.150 r  datapath/video_inst/Inst_vga/g0_b0_i_5__2/O
                         net (fo=1, routed)           0.000    13.150    datapath/video_inst/Inst_vga/g0_b0_i_5__2_n_0
    SLICE_X116Y100       CARRY4 (Prop_carry4_S[1]_CO[3])
                                                      0.533    13.683 r  datapath/video_inst/Inst_vga/g0_b0_i_1/CO[3]
                         net (fo=1, routed)           0.000    13.683    datapath/video_inst/Inst_vga/g0_b0_i_1_n_0
    SLICE_X116Y101       CARRY4 (Prop_carry4_CI_O[1])
                                                      0.323    14.006 r  datapath/video_inst/Inst_vga/g0_b0_i_2/O[1]
                         net (fo=312, routed)         1.967    15.973    datapath/video_inst/Inst_vga/doodle_right[0][1]10_out[5]
    SLICE_X126Y80        LUT4 (Prop_lut4_I0_O)        0.334    16.307 f  datapath/video_inst/Inst_vga/dc_bias[0]_i_347/O
                         net (fo=2, routed)           0.621    16.928    datapath/video_inst/Inst_vga/dc_bias[0]_i_347_n_0
    SLICE_X125Y81        LUT6 (Prop_lut6_I1_O)        0.326    17.254 f  datapath/video_inst/Inst_vga/dc_bias[0]_i_421/O
                         net (fo=1, routed)           0.263    17.517    datapath/video_inst/Inst_vga/dc_bias[0]_i_421_n_0
    SLICE_X125Y81        LUT6 (Prop_lut6_I5_O)        0.124    17.641 r  datapath/video_inst/Inst_vga/dc_bias[0]_i_335/O
                         net (fo=1, routed)           0.151    17.792    datapath/video_inst/Inst_vga/dc_bias[0]_i_335_n_0
    SLICE_X125Y81        LUT6 (Prop_lut6_I3_O)        0.124    17.916 r  datapath/video_inst/Inst_vga/dc_bias[0]_i_220__0/O
                         net (fo=1, routed)           0.431    18.347    datapath/video_inst/Inst_vga/dc_bias[0]_i_220__0_n_0
    SLICE_X125Y82        LUT6 (Prop_lut6_I0_O)        0.124    18.471 f  datapath/video_inst/Inst_vga/dc_bias[0]_i_151/O
                         net (fo=1, routed)           0.433    18.905    datapath/video_inst/Inst_vga/dc_bias[0]_i_151_n_0
    SLICE_X125Y84        LUT6 (Prop_lut6_I1_O)        0.124    19.029 f  datapath/video_inst/Inst_vga/dc_bias[0]_i_103/O
                         net (fo=7, routed)           0.760    19.789    datapath/video_inst/Inst_vga/dc_bias[0]_i_103_n_0
    SLICE_X125Y87        LUT4 (Prop_lut4_I3_O)        0.150    19.939 f  datapath/video_inst/Inst_vga/dc_bias[0]_i_115__0/O
                         net (fo=1, routed)           0.690    20.629    datapath/video_inst/Inst_vga/dc_bias[0]_i_115__0_n_0
    SLICE_X125Y89        LUT6 (Prop_lut6_I0_O)        0.326    20.955 r  datapath/video_inst/Inst_vga/dc_bias[0]_i_65/O
                         net (fo=7, routed)           1.304    22.259    datapath/video_inst/Inst_vga/dc_bias[0]_i_65_n_0
    SLICE_X127Y100       LUT5 (Prop_lut5_I4_O)        0.152    22.411 r  datapath/video_inst/Inst_vga/dc_bias[0]_i_70__0/O
                         net (fo=10, routed)          0.569    22.980    datapath/video_inst/Inst_vga/dc_bias[0]_i_70__0_n_0
    SLICE_X126Y100       LUT6 (Prop_lut6_I5_O)        0.332    23.312 f  datapath/video_inst/Inst_vga/dc_bias[0]_i_23__0/O
                         net (fo=8, routed)           1.009    24.321    datapath/video_inst/Inst_vga/dc_bias[0]_i_23__0_n_0
    SLICE_X129Y102       LUT3 (Prop_lut3_I1_O)        0.124    24.445 f  datapath/video_inst/Inst_vga/encoded[1]_i_10__0/O
                         net (fo=4, routed)           0.463    24.908    datapath/video_inst/Inst_vga/encoded[1]_i_10__0_n_0
    SLICE_X126Y101       LUT5 (Prop_lut5_I4_O)        0.124    25.032 r  datapath/video_inst/Inst_vga/dc_bias[0]_i_28/O
                         net (fo=5, routed)           0.763    25.796    datapath/video_inst/Inst_vga/dc_bias[0]_i_28_n_0
    SLICE_X129Y103       LUT4 (Prop_lut4_I3_O)        0.150    25.946 f  datapath/video_inst/Inst_vga/encoded[7]_i_9__1/O
                         net (fo=1, routed)           0.794    26.740    datapath/video_inst/Inst_vga/Inst_scopeFace/doodlehundreds/encoded[5]_i_6__0_0
    SLICE_X130Y103       LUT4 (Prop_lut4_I1_O)        0.354    27.094 r  datapath/video_inst/Inst_vga/Inst_scopeFace/doodlehundreds/encoded[7]_i_8__0/O
                         net (fo=2, routed)           0.583    27.676    datapath/video_inst/Inst_vga/Inst_scopeFace/doodlehundreds/encoded[7]_i_8__0_n_0
    SLICE_X127Y104       LUT6 (Prop_lut6_I3_O)        0.326    28.002 r  datapath/video_inst/Inst_vga/Inst_scopeFace/doodlehundreds/encoded[5]_i_6__0/O
                         net (fo=20, routed)          0.801    28.803    datapath/video_inst/Inst_vga/Inst_scopeFace/doodlethousands/blue[1]
    SLICE_X126Y107       LUT3 (Prop_lut3_I2_O)        0.150    28.953 r  datapath/video_inst/Inst_vga/Inst_scopeFace/doodlethousands/dc_bias[0]_i_13__1/O
                         net (fo=4, routed)           0.468    29.421    datapath/video_inst/Inst_vga/Inst_scopeFace/doodlehundreds/encoded_reg[0]_4
    SLICE_X126Y107       LUT5 (Prop_lut5_I3_O)        0.326    29.747 r  datapath/video_inst/Inst_vga/Inst_scopeFace/doodlehundreds/dc_bias[0]_i_3__1/O
                         net (fo=44, routed)          0.902    30.649    datapath/video_inst/Inst_vga/Inst_scopeFace/doodlehundreds/v_blank_reg
    SLICE_X127Y107       LUT5 (Prop_lut5_I4_O)        0.150    30.799 r  datapath/video_inst/Inst_vga/Inst_scopeFace/doodlehundreds/dc_bias[3]_i_21__1/O
                         net (fo=3, routed)           0.605    31.404    datapath/video_inst/Inst_vga/Inst_scopeFace/doodlehundreds/dc_bias[3]_i_21__1_n_0
    SLICE_X127Y108       LUT6 (Prop_lut6_I1_O)        0.326    31.730 f  datapath/video_inst/Inst_vga/Inst_scopeFace/doodlehundreds/dc_bias[3]_i_10/O
                         net (fo=7, routed)           0.697    32.427    datapath/video_inst/inst_dvid/TDMS_encoder_blue/dc_bias[2]_i_2__0
    SLICE_X124Y108       LUT2 (Prop_lut2_I1_O)        0.150    32.577 r  datapath/video_inst/inst_dvid/TDMS_encoder_blue/dc_bias[3]_i_17__0/O
                         net (fo=2, routed)           0.878    33.455    datapath/video_inst/Inst_vga/Inst_scopeFace/doodlehundreds/dc_bias_reg[3]_21
    SLICE_X124Y108       LUT6 (Prop_lut6_I1_O)        0.348    33.803 r  datapath/video_inst/Inst_vga/Inst_scopeFace/doodlehundreds/dc_bias[3]_i_7__0/O
                         net (fo=1, routed)           0.433    34.236    datapath/video_inst/Inst_vga/Inst_scopeFace/doodlehundreds/dc_bias[3]_i_7__0_n_0
    SLICE_X125Y107       LUT6 (Prop_lut6_I5_O)        0.124    34.360 r  datapath/video_inst/Inst_vga/Inst_scopeFace/doodlehundreds/dc_bias[3]_i_1__0/O
                         net (fo=1, routed)           0.000    34.360    datapath/video_inst/inst_dvid/TDMS_encoder_blue/dc_bias_reg[3]_0[3]
    SLICE_X125Y107       FDRE                                         r  datapath/video_inst/inst_dvid/TDMS_encoder_blue/dc_bias_reg[3]/D
  -------------------------------------------------------------------    -------------------

                         (clock clk_out1_clk_wiz_0 rise edge)
                                                     40.000    40.000 r  
    BUFGCTRL_X0Y2        BUFG                         0.000    40.000 r  clk_IBUF_BUFG_inst/O
                         net (fo=518, routed)         1.643    41.643    datapath/video_inst/mmcm_adv_inst_display_clocks/inst/clk_in1
    MMCME2_ADV_X0Y2      MMCME2_ADV (Prop_mmcme2_adv_CLKIN1_CLKOUT0)
                                                     -3.494    38.149 r  datapath/video_inst/mmcm_adv_inst_display_clocks/inst/mmcm_adv_inst/CLKOUT0
                         net (fo=1, routed)           1.760    39.909    datapath/video_inst/mmcm_adv_inst_display_clocks/inst/clk_out1_clk_wiz_0
    BUFGCTRL_X0Y3        BUFG (Prop_bufg_I_O)         0.091    40.000 r  datapath/video_inst/mmcm_adv_inst_display_clocks/inst/clkout1_buf/O
                         net (fo=132, routed)         1.568    41.568    datapath/video_inst/inst_dvid/TDMS_encoder_blue/clk_out1
    SLICE_X125Y107       FDRE                                         r  datapath/video_inst/inst_dvid/TDMS_encoder_blue/dc_bias_reg[3]/C
                         clock pessimism              0.008    41.576    
                         clock uncertainty           -0.095    41.482    
    SLICE_X125Y107       FDRE (Setup_fdre_C_D)        0.031    41.513    datapath/video_inst/inst_dvid/TDMS_encoder_blue/dc_bias_reg[3]
  -------------------------------------------------------------------
                         required time                         41.513    
                         arrival time                         -34.360    
  -------------------------------------------------------------------
                         slack                                  7.153    

Slack (MET) :             7.170ns  (required time - arrival time)
  Source:                 datapath/video_inst/Inst_vga/v_count_reg[0]_rep__2/C
                            (rising edge-triggered cell FDRE clocked by clk_out1_clk_wiz_0  {rise@0.000ns fall@20.000ns period=40.000ns})
  Destination:            datapath/video_inst/inst_dvid/TDMS_encoder_blue/dc_bias_reg[2]/D
                            (rising edge-triggered cell FDRE clocked by clk_out1_clk_wiz_0  {rise@0.000ns fall@20.000ns period=40.000ns})
  Path Group:             clk_out1_clk_wiz_0
  Path Type:              Setup (Max at Slow Process Corner)
  Requirement:            40.000ns  (clk_out1_clk_wiz_0 rise@40.000ns - clk_out1_clk_wiz_0 rise@0.000ns)
  Data Path Delay:        32.483ns  (logic 8.044ns (24.764%)  route 24.439ns (75.236%))
  Logic Levels:           35  (CARRY4=3 LUT2=2 LUT3=3 LUT4=4 LUT5=6 LUT6=17)
  Clock Path Skew:        -0.282ns (DCD - SCD + CPR)
    Destination Clock Delay (DCD):    1.568ns = ( 41.568 - 40.000 ) 
    Source Clock Delay      (SCD):    1.858ns
    Clock Pessimism Removal (CPR):    0.008ns
  Clock Uncertainty:      0.095ns  ((TSJ^2 + DJ^2)^1/2) / 2 + PE
    Total System Jitter     (TSJ):    0.071ns
    Discrete Jitter          (DJ):    0.175ns
    Phase Error              (PE):    0.000ns

    Location             Delay type                Incr(ns)  Path(ns)    Netlist Resource(s)
  -------------------------------------------------------------------    -------------------
                         (clock clk_out1_clk_wiz_0 rise edge)
                                                      0.000     0.000 r  
    BUFGCTRL_X0Y2        BUFG                         0.000     0.000 r  clk_IBUF_BUFG_inst/O
                         net (fo=518, routed)         1.761     1.761    datapath/video_inst/mmcm_adv_inst_display_clocks/inst/clk_in1
    MMCME2_ADV_X0Y2      MMCME2_ADV (Prop_mmcme2_adv_CLKIN1_CLKOUT0)
                                                     -3.701    -1.939 r  datapath/video_inst/mmcm_adv_inst_display_clocks/inst/mmcm_adv_inst/CLKOUT0
                         net (fo=1, routed)           1.843    -0.096    datapath/video_inst/mmcm_adv_inst_display_clocks/inst/clk_out1_clk_wiz_0
    BUFGCTRL_X0Y3        BUFG (Prop_bufg_I_O)         0.096    -0.000 r  datapath/video_inst/mmcm_adv_inst_display_clocks/inst/clkout1_buf/O
                         net (fo=132, routed)         1.858     1.858    datapath/video_inst/Inst_vga/clk_out1
    SLICE_X110Y99        FDRE                                         r  datapath/video_inst/Inst_vga/v_count_reg[0]_rep__2/C
  -------------------------------------------------------------------    -------------------
    SLICE_X110Y99        FDRE (Prop_fdre_C_Q)         0.419     2.277 r  datapath/video_inst/Inst_vga/v_count_reg[0]_rep__2/Q
                         net (fo=111, routed)         0.591     2.868    datapath/video_inst/Inst_vga/v_count_reg[0]_rep__2_n_0
    SLICE_X115Y99        CARRY4 (Prop_carry4_DI[0]_O[1])
                                                      0.582     3.450 r  datapath/video_inst/Inst_vga/g0_b0_i_1__1/O[1]
                         net (fo=182, routed)         2.060     5.511    datapath/video_inst/Inst_vga/pix_classifer/jetpackAndDoodle[0][0]11_out[1]
    SLICE_X103Y88        LUT6 (Prop_lut6_I1_O)        0.303     5.814 f  datapath/video_inst/Inst_vga/g0_b0__49/O
                         net (fo=1, routed)           0.402     6.216    datapath/video_inst/Inst_vga/g0_b0__49_n_0
    SLICE_X103Y88        LUT3 (Prop_lut3_I2_O)        0.124     6.340 r  datapath/video_inst/Inst_vga/g0_b0_i_941/O
                         net (fo=1, routed)           0.620     6.960    datapath/video_inst/Inst_vga/g0_b0_i_941_n_0
    SLICE_X103Y89        LUT6 (Prop_lut6_I3_O)        0.124     7.084 r  datapath/video_inst/Inst_vga/g0_b0_i_671/O
                         net (fo=1, routed)           0.775     7.859    datapath/video_inst/Inst_vga/g0_b0_i_671_n_0
    SLICE_X106Y89        LUT5 (Prop_lut5_I1_O)        0.124     7.983 f  datapath/video_inst/Inst_vga/g0_b0_i_402/O
                         net (fo=1, routed)           0.808     8.791    datapath/video_inst/Inst_vga/g0_b0_i_402_n_0
    SLICE_X107Y90        LUT6 (Prop_lut6_I2_O)        0.124     8.915 f  datapath/video_inst/Inst_vga/g0_b0_i_197/O
                         net (fo=1, routed)           0.933     9.847    datapath/video_inst/Inst_vga/g0_b0_i_197_n_0
    SLICE_X108Y95        LUT6 (Prop_lut6_I5_O)        0.124     9.971 r  datapath/video_inst/Inst_vga/g0_b0_i_72/O
                         net (fo=5, routed)           0.445    10.416    datapath/video_inst/Inst_vga/g0_b0_i_72_n_0
    SLICE_X111Y94        LUT6 (Prop_lut6_I0_O)        0.124    10.540 f  datapath/video_inst/Inst_vga/g0_b2_i_19/O
                         net (fo=1, routed)           0.749    11.289    datapath/video_inst/Inst_vga/g0_b2_i_19_n_0
    SLICE_X111Y99        LUT6 (Prop_lut6_I2_O)        0.124    11.413 f  datapath/video_inst/Inst_vga/g0_b2_i_9/O
                         net (fo=11, routed)          0.844    12.257    datapath/video_inst/Inst_vga/g0_b2_i_9_n_0
    SLICE_X113Y104       LUT6 (Prop_lut6_I0_O)        0.124    12.381 r  datapath/video_inst/Inst_vga/g0_b2_i_5/O
                         net (fo=16, routed)          0.644    13.026    datapath/video_inst/Inst_vga/pixel_type[row][1]
    SLICE_X116Y100       LUT2 (Prop_lut2_I1_O)        0.124    13.150 r  datapath/video_inst/Inst_vga/g0_b0_i_5__2/O
                         net (fo=1, routed)           0.000    13.150    datapath/video_inst/Inst_vga/g0_b0_i_5__2_n_0
    SLICE_X116Y100       CARRY4 (Prop_carry4_S[1]_CO[3])
                                                      0.533    13.683 r  datapath/video_inst/Inst_vga/g0_b0_i_1/CO[3]
                         net (fo=1, routed)           0.000    13.683    datapath/video_inst/Inst_vga/g0_b0_i_1_n_0
    SLICE_X116Y101       CARRY4 (Prop_carry4_CI_O[1])
                                                      0.323    14.006 r  datapath/video_inst/Inst_vga/g0_b0_i_2/O[1]
                         net (fo=312, routed)         1.967    15.973    datapath/video_inst/Inst_vga/doodle_right[0][1]10_out[5]
    SLICE_X126Y80        LUT4 (Prop_lut4_I0_O)        0.334    16.307 f  datapath/video_inst/Inst_vga/dc_bias[0]_i_347/O
                         net (fo=2, routed)           0.621    16.928    datapath/video_inst/Inst_vga/dc_bias[0]_i_347_n_0
    SLICE_X125Y81        LUT6 (Prop_lut6_I1_O)        0.326    17.254 f  datapath/video_inst/Inst_vga/dc_bias[0]_i_421/O
                         net (fo=1, routed)           0.263    17.517    datapath/video_inst/Inst_vga/dc_bias[0]_i_421_n_0
    SLICE_X125Y81        LUT6 (Prop_lut6_I5_O)        0.124    17.641 r  datapath/video_inst/Inst_vga/dc_bias[0]_i_335/O
                         net (fo=1, routed)           0.151    17.792    datapath/video_inst/Inst_vga/dc_bias[0]_i_335_n_0
    SLICE_X125Y81        LUT6 (Prop_lut6_I3_O)        0.124    17.916 r  datapath/video_inst/Inst_vga/dc_bias[0]_i_220__0/O
                         net (fo=1, routed)           0.431    18.347    datapath/video_inst/Inst_vga/dc_bias[0]_i_220__0_n_0
    SLICE_X125Y82        LUT6 (Prop_lut6_I0_O)        0.124    18.471 f  datapath/video_inst/Inst_vga/dc_bias[0]_i_151/O
                         net (fo=1, routed)           0.433    18.905    datapath/video_inst/Inst_vga/dc_bias[0]_i_151_n_0
    SLICE_X125Y84        LUT6 (Prop_lut6_I1_O)        0.124    19.029 f  datapath/video_inst/Inst_vga/dc_bias[0]_i_103/O
                         net (fo=7, routed)           0.760    19.789    datapath/video_inst/Inst_vga/dc_bias[0]_i_103_n_0
    SLICE_X125Y87        LUT4 (Prop_lut4_I3_O)        0.150    19.939 f  datapath/video_inst/Inst_vga/dc_bias[0]_i_115__0/O
                         net (fo=1, routed)           0.690    20.629    datapath/video_inst/Inst_vga/dc_bias[0]_i_115__0_n_0
    SLICE_X125Y89        LUT6 (Prop_lut6_I0_O)        0.326    20.955 r  datapath/video_inst/Inst_vga/dc_bias[0]_i_65/O
                         net (fo=7, routed)           1.304    22.259    datapath/video_inst/Inst_vga/dc_bias[0]_i_65_n_0
    SLICE_X127Y100       LUT5 (Prop_lut5_I4_O)        0.152    22.411 r  datapath/video_inst/Inst_vga/dc_bias[0]_i_70__0/O
                         net (fo=10, routed)          0.569    22.980    datapath/video_inst/Inst_vga/dc_bias[0]_i_70__0_n_0
    SLICE_X126Y100       LUT6 (Prop_lut6_I5_O)        0.332    23.312 f  datapath/video_inst/Inst_vga/dc_bias[0]_i_23__0/O
                         net (fo=8, routed)           1.009    24.321    datapath/video_inst/Inst_vga/dc_bias[0]_i_23__0_n_0
    SLICE_X129Y102       LUT3 (Prop_lut3_I1_O)        0.124    24.445 f  datapath/video_inst/Inst_vga/encoded[1]_i_10__0/O
                         net (fo=4, routed)           0.463    24.908    datapath/video_inst/Inst_vga/encoded[1]_i_10__0_n_0
    SLICE_X126Y101       LUT5 (Prop_lut5_I4_O)        0.124    25.032 r  datapath/video_inst/Inst_vga/dc_bias[0]_i_28/O
                         net (fo=5, routed)           0.763    25.796    datapath/video_inst/Inst_vga/dc_bias[0]_i_28_n_0
    SLICE_X129Y103       LUT4 (Prop_lut4_I3_O)        0.150    25.946 f  datapath/video_inst/Inst_vga/encoded[7]_i_9__1/O
                         net (fo=1, routed)           0.794    26.740    datapath/video_inst/Inst_vga/Inst_scopeFace/doodlehundreds/encoded[5]_i_6__0_0
    SLICE_X130Y103       LUT4 (Prop_lut4_I1_O)        0.354    27.094 r  datapath/video_inst/Inst_vga/Inst_scopeFace/doodlehundreds/encoded[7]_i_8__0/O
                         net (fo=2, routed)           0.583    27.676    datapath/video_inst/Inst_vga/Inst_scopeFace/doodlehundreds/encoded[7]_i_8__0_n_0
    SLICE_X127Y104       LUT6 (Prop_lut6_I3_O)        0.326    28.002 r  datapath/video_inst/Inst_vga/Inst_scopeFace/doodlehundreds/encoded[5]_i_6__0/O
                         net (fo=20, routed)          0.801    28.803    datapath/video_inst/Inst_vga/Inst_scopeFace/doodlethousands/blue[1]
    SLICE_X126Y107       LUT3 (Prop_lut3_I2_O)        0.150    28.953 r  datapath/video_inst/Inst_vga/Inst_scopeFace/doodlethousands/dc_bias[0]_i_13__1/O
                         net (fo=4, routed)           0.468    29.421    datapath/video_inst/Inst_vga/Inst_scopeFace/doodlehundreds/encoded_reg[0]_4
    SLICE_X126Y107       LUT5 (Prop_lut5_I3_O)        0.326    29.747 r  datapath/video_inst/Inst_vga/Inst_scopeFace/doodlehundreds/dc_bias[0]_i_3__1/O
                         net (fo=44, routed)          0.902    30.649    datapath/video_inst/Inst_vga/Inst_scopeFace/doodlehundreds/v_blank_reg
    SLICE_X127Y107       LUT5 (Prop_lut5_I4_O)        0.150    30.799 r  datapath/video_inst/Inst_vga/Inst_scopeFace/doodlehundreds/dc_bias[3]_i_21__1/O
                         net (fo=3, routed)           0.605    31.404    datapath/video_inst/Inst_vga/Inst_scopeFace/doodlehundreds/dc_bias[3]_i_21__1_n_0
    SLICE_X127Y108       LUT6 (Prop_lut6_I1_O)        0.326    31.730 f  datapath/video_inst/Inst_vga/Inst_scopeFace/doodlehundreds/dc_bias[3]_i_10/O
                         net (fo=7, routed)           0.697    32.427    datapath/video_inst/inst_dvid/TDMS_encoder_blue/dc_bias[2]_i_2__0
    SLICE_X124Y108       LUT2 (Prop_lut2_I1_O)        0.150    32.577 r  datapath/video_inst/inst_dvid/TDMS_encoder_blue/dc_bias[3]_i_17__0/O
                         net (fo=2, routed)           0.976    33.553    datapath/video_inst/Inst_vga/Inst_scopeFace/doodlehundreds/dc_bias_reg[3]_21
    SLICE_X123Y108       LUT6 (Prop_lut6_I2_O)        0.348    33.901 r  datapath/video_inst/Inst_vga/Inst_scopeFace/doodlehundreds/dc_bias[2]_i_2__0/O
                         net (fo=1, routed)           0.316    34.217    datapath/video_inst/Inst_vga/Inst_scopeFace/doodlehundreds/dc_bias[2]_i_2__0_n_0
    SLICE_X125Y107       LUT5 (Prop_lut5_I4_O)        0.124    34.341 r  datapath/video_inst/Inst_vga/Inst_scopeFace/doodlehundreds/dc_bias[2]_i_1__0/O
                         net (fo=1, routed)           0.000    34.341    datapath/video_inst/inst_dvid/TDMS_encoder_blue/dc_bias_reg[3]_0[2]
    SLICE_X125Y107       FDRE                                         r  datapath/video_inst/inst_dvid/TDMS_encoder_blue/dc_bias_reg[2]/D
  -------------------------------------------------------------------    -------------------

                         (clock clk_out1_clk_wiz_0 rise edge)
                                                     40.000    40.000 r  
    BUFGCTRL_X0Y2        BUFG                         0.000    40.000 r  clk_IBUF_BUFG_inst/O
                         net (fo=518, routed)         1.643    41.643    datapath/video_inst/mmcm_adv_inst_display_clocks/inst/clk_in1
    MMCME2_ADV_X0Y2      MMCME2_ADV (Prop_mmcme2_adv_CLKIN1_CLKOUT0)
                                                     -3.494    38.149 r  datapath/video_inst/mmcm_adv_inst_display_clocks/inst/mmcm_adv_inst/CLKOUT0
                         net (fo=1, routed)           1.760    39.909    datapath/video_inst/mmcm_adv_inst_display_clocks/inst/clk_out1_clk_wiz_0
    BUFGCTRL_X0Y3        BUFG (Prop_bufg_I_O)         0.091    40.000 r  datapath/video_inst/mmcm_adv_inst_display_clocks/inst/clkout1_buf/O
                         net (fo=132, routed)         1.568    41.568    datapath/video_inst/inst_dvid/TDMS_encoder_blue/clk_out1
    SLICE_X125Y107       FDRE                                         r  datapath/video_inst/inst_dvid/TDMS_encoder_blue/dc_bias_reg[2]/C
                         clock pessimism              0.008    41.576    
                         clock uncertainty           -0.095    41.482    
    SLICE_X125Y107       FDRE (Setup_fdre_C_D)        0.029    41.511    datapath/video_inst/inst_dvid/TDMS_encoder_blue/dc_bias_reg[2]
  -------------------------------------------------------------------
                         required time                         41.511    
                         arrival time                         -34.341    
  -------------------------------------------------------------------
                         slack                                  7.170    

Slack (MET) :             7.380ns  (required time - arrival time)
  Source:                 datapath/video_inst/Inst_vga/v_count_reg[0]_rep__2/C
                            (rising edge-triggered cell FDRE clocked by clk_out1_clk_wiz_0  {rise@0.000ns fall@20.000ns period=40.000ns})
  Destination:            datapath/video_inst/inst_dvid/TDMS_encoder_green/dc_bias_reg[3]/D
                            (rising edge-triggered cell FDRE clocked by clk_out1_clk_wiz_0  {rise@0.000ns fall@20.000ns period=40.000ns})
  Path Group:             clk_out1_clk_wiz_0
  Path Type:              Setup (Max at Slow Process Corner)
  Requirement:            40.000ns  (clk_out1_clk_wiz_0 rise@40.000ns - clk_out1_clk_wiz_0 rise@0.000ns)
  Data Path Delay:        32.326ns  (logic 7.669ns (23.724%)  route 24.657ns (76.276%))
  Logic Levels:           34  (CARRY4=3 LUT2=2 LUT3=3 LUT4=2 LUT5=6 LUT6=18)
  Clock Path Skew:        -0.281ns (DCD - SCD + CPR)
    Destination Clock Delay (DCD):    1.569ns = ( 41.569 - 40.000 ) 
    Source Clock Delay      (SCD):    1.858ns
    Clock Pessimism Removal (CPR):    0.008ns
  Clock Uncertainty:      0.095ns  ((TSJ^2 + DJ^2)^1/2) / 2 + PE
    Total System Jitter     (TSJ):    0.071ns
    Discrete Jitter          (DJ):    0.175ns
    Phase Error              (PE):    0.000ns

    Location             Delay type                Incr(ns)  Path(ns)    Netlist Resource(s)
  -------------------------------------------------------------------    -------------------
                         (clock clk_out1_clk_wiz_0 rise edge)
                                                      0.000     0.000 r  
    BUFGCTRL_X0Y2        BUFG                         0.000     0.000 r  clk_IBUF_BUFG_inst/O
                         net (fo=518, routed)         1.761     1.761    datapath/video_inst/mmcm_adv_inst_display_clocks/inst/clk_in1
    MMCME2_ADV_X0Y2      MMCME2_ADV (Prop_mmcme2_adv_CLKIN1_CLKOUT0)
                                                     -3.701    -1.939 r  datapath/video_inst/mmcm_adv_inst_display_clocks/inst/mmcm_adv_inst/CLKOUT0
                         net (fo=1, routed)           1.843    -0.096    datapath/video_inst/mmcm_adv_inst_display_clocks/inst/clk_out1_clk_wiz_0
    BUFGCTRL_X0Y3        BUFG (Prop_bufg_I_O)         0.096    -0.000 r  datapath/video_inst/mmcm_adv_inst_display_clocks/inst/clkout1_buf/O
                         net (fo=132, routed)         1.858     1.858    datapath/video_inst/Inst_vga/clk_out1
    SLICE_X110Y99        FDRE                                         r  datapath/video_inst/Inst_vga/v_count_reg[0]_rep__2/C
  -------------------------------------------------------------------    -------------------
    SLICE_X110Y99        FDRE (Prop_fdre_C_Q)         0.419     2.277 r  datapath/video_inst/Inst_vga/v_count_reg[0]_rep__2/Q
                         net (fo=111, routed)         0.591     2.868    datapath/video_inst/Inst_vga/v_count_reg[0]_rep__2_n_0
    SLICE_X115Y99        CARRY4 (Prop_carry4_DI[0]_O[1])
                                                      0.582     3.450 r  datapath/video_inst/Inst_vga/g0_b0_i_1__1/O[1]
                         net (fo=182, routed)         2.060     5.511    datapath/video_inst/Inst_vga/pix_classifer/jetpackAndDoodle[0][0]11_out[1]
    SLICE_X103Y88        LUT6 (Prop_lut6_I1_O)        0.303     5.814 f  datapath/video_inst/Inst_vga/g0_b0__49/O
                         net (fo=1, routed)           0.402     6.216    datapath/video_inst/Inst_vga/g0_b0__49_n_0
    SLICE_X103Y88        LUT3 (Prop_lut3_I2_O)        0.124     6.340 r  datapath/video_inst/Inst_vga/g0_b0_i_941/O
                         net (fo=1, routed)           0.620     6.960    datapath/video_inst/Inst_vga/g0_b0_i_941_n_0
    SLICE_X103Y89        LUT6 (Prop_lut6_I3_O)        0.124     7.084 r  datapath/video_inst/Inst_vga/g0_b0_i_671/O
                         net (fo=1, routed)           0.775     7.859    datapath/video_inst/Inst_vga/g0_b0_i_671_n_0
    SLICE_X106Y89        LUT5 (Prop_lut5_I1_O)        0.124     7.983 f  datapath/video_inst/Inst_vga/g0_b0_i_402/O
                         net (fo=1, routed)           0.808     8.791    datapath/video_inst/Inst_vga/g0_b0_i_402_n_0
    SLICE_X107Y90        LUT6 (Prop_lut6_I2_O)        0.124     8.915 f  datapath/video_inst/Inst_vga/g0_b0_i_197/O
                         net (fo=1, routed)           0.933     9.847    datapath/video_inst/Inst_vga/g0_b0_i_197_n_0
    SLICE_X108Y95        LUT6 (Prop_lut6_I5_O)        0.124     9.971 r  datapath/video_inst/Inst_vga/g0_b0_i_72/O
                         net (fo=5, routed)           0.445    10.416    datapath/video_inst/Inst_vga/g0_b0_i_72_n_0
    SLICE_X111Y94        LUT6 (Prop_lut6_I0_O)        0.124    10.540 f  datapath/video_inst/Inst_vga/g0_b2_i_19/O
                         net (fo=1, routed)           0.749    11.289    datapath/video_inst/Inst_vga/g0_b2_i_19_n_0
    SLICE_X111Y99        LUT6 (Prop_lut6_I2_O)        0.124    11.413 f  datapath/video_inst/Inst_vga/g0_b2_i_9/O
                         net (fo=11, routed)          0.844    12.257    datapath/video_inst/Inst_vga/g0_b2_i_9_n_0
    SLICE_X113Y104       LUT6 (Prop_lut6_I0_O)        0.124    12.381 r  datapath/video_inst/Inst_vga/g0_b2_i_5/O
                         net (fo=16, routed)          0.644    13.026    datapath/video_inst/Inst_vga/pixel_type[row][1]
    SLICE_X116Y100       LUT2 (Prop_lut2_I1_O)        0.124    13.150 r  datapath/video_inst/Inst_vga/g0_b0_i_5__2/O
                         net (fo=1, routed)           0.000    13.150    datapath/video_inst/Inst_vga/g0_b0_i_5__2_n_0
    SLICE_X116Y100       CARRY4 (Prop_carry4_S[1]_CO[3])
                                                      0.533    13.683 r  datapath/video_inst/Inst_vga/g0_b0_i_1/CO[3]
                         net (fo=1, routed)           0.000    13.683    datapath/video_inst/Inst_vga/g0_b0_i_1_n_0
    SLICE_X116Y101       CARRY4 (Prop_carry4_CI_O[1])
                                                      0.323    14.006 r  datapath/video_inst/Inst_vga/g0_b0_i_2/O[1]
                         net (fo=312, routed)         1.967    15.973    datapath/video_inst/Inst_vga/doodle_right[0][1]10_out[5]
    SLICE_X126Y80        LUT4 (Prop_lut4_I0_O)        0.334    16.307 f  datapath/video_inst/Inst_vga/dc_bias[0]_i_347/O
                         net (fo=2, routed)           0.621    16.928    datapath/video_inst/Inst_vga/dc_bias[0]_i_347_n_0
    SLICE_X125Y81        LUT6 (Prop_lut6_I1_O)        0.326    17.254 f  datapath/video_inst/Inst_vga/dc_bias[0]_i_421/O
                         net (fo=1, routed)           0.263    17.517    datapath/video_inst/Inst_vga/dc_bias[0]_i_421_n_0
    SLICE_X125Y81        LUT6 (Prop_lut6_I5_O)        0.124    17.641 r  datapath/video_inst/Inst_vga/dc_bias[0]_i_335/O
                         net (fo=1, routed)           0.151    17.792    datapath/video_inst/Inst_vga/dc_bias[0]_i_335_n_0
    SLICE_X125Y81        LUT6 (Prop_lut6_I3_O)        0.124    17.916 r  datapath/video_inst/Inst_vga/dc_bias[0]_i_220__0/O
                         net (fo=1, routed)           0.431    18.347    datapath/video_inst/Inst_vga/dc_bias[0]_i_220__0_n_0
    SLICE_X125Y82        LUT6 (Prop_lut6_I0_O)        0.124    18.471 f  datapath/video_inst/Inst_vga/dc_bias[0]_i_151/O
                         net (fo=1, routed)           0.433    18.905    datapath/video_inst/Inst_vga/dc_bias[0]_i_151_n_0
    SLICE_X125Y84        LUT6 (Prop_lut6_I1_O)        0.124    19.029 f  datapath/video_inst/Inst_vga/dc_bias[0]_i_103/O
                         net (fo=7, routed)           0.760    19.789    datapath/video_inst/Inst_vga/dc_bias[0]_i_103_n_0
    SLICE_X125Y87        LUT4 (Prop_lut4_I3_O)        0.150    19.939 f  datapath/video_inst/Inst_vga/dc_bias[0]_i_115__0/O
                         net (fo=1, routed)           0.690    20.629    datapath/video_inst/Inst_vga/dc_bias[0]_i_115__0_n_0
    SLICE_X125Y89        LUT6 (Prop_lut6_I0_O)        0.326    20.955 r  datapath/video_inst/Inst_vga/dc_bias[0]_i_65/O
                         net (fo=7, routed)           1.304    22.259    datapath/video_inst/Inst_vga/dc_bias[0]_i_65_n_0
    SLICE_X127Y100       LUT5 (Prop_lut5_I4_O)        0.152    22.411 r  datapath/video_inst/Inst_vga/dc_bias[0]_i_70__0/O
                         net (fo=10, routed)          0.569    22.980    datapath/video_inst/Inst_vga/dc_bias[0]_i_70__0_n_0
    SLICE_X126Y100       LUT6 (Prop_lut6_I5_O)        0.332    23.312 f  datapath/video_inst/Inst_vga/dc_bias[0]_i_23__0/O
                         net (fo=8, routed)           1.009    24.321    datapath/video_inst/Inst_vga/dc_bias[0]_i_23__0_n_0
    SLICE_X129Y102       LUT3 (Prop_lut3_I1_O)        0.124    24.445 f  datapath/video_inst/Inst_vga/encoded[1]_i_10__0/O
                         net (fo=4, routed)           0.463    24.908    datapath/video_inst/Inst_vga/encoded[1]_i_10__0_n_0
    SLICE_X126Y101       LUT5 (Prop_lut5_I4_O)        0.124    25.032 r  datapath/video_inst/Inst_vga/dc_bias[0]_i_28/O
                         net (fo=5, routed)           0.792    25.824    datapath/video_inst/Inst_vga/dc_bias[0]_i_28_n_0
    SLICE_X131Y103       LUT3 (Prop_lut3_I2_O)        0.119    25.943 r  datapath/video_inst/Inst_vga/encoded[7]_i_20/O
                         net (fo=2, routed)           0.421    26.364    datapath/video_inst/Inst_vga/encoded[7]_i_20_n_0
    SLICE_X131Y104       LUT6 (Prop_lut6_I0_O)        0.332    26.696 f  datapath/video_inst/Inst_vga/encoded[7]_i_10__0/O
                         net (fo=3, routed)           0.977    27.674    datapath/video_inst/Inst_vga/Inst_scopeFace/doodlehundreds/encoded_reg[7]_4
    SLICE_X131Y108       LUT5 (Prop_lut5_I1_O)        0.152    27.826 r  datapath/video_inst/Inst_vga/Inst_scopeFace/doodlehundreds/encoded[7]_i_3__0/O
                         net (fo=7, routed)           0.878    28.704    datapath/video_inst/Inst_vga/Inst_scopeFace/doodlehundreds/v_blank_reg_6[1]
    SLICE_X131Y109       LUT5 (Prop_lut5_I1_O)        0.326    29.030 r  datapath/video_inst/Inst_vga/Inst_scopeFace/doodlehundreds/dc_bias[0]_i_3__0/O
                         net (fo=47, routed)          1.097    30.127    datapath/video_inst/Inst_vga/Inst_scopeFace/doodlehundreds/v_blank_reg_3
    SLICE_X132Y109       LUT5 (Prop_lut5_I4_O)        0.150    30.277 r  datapath/video_inst/Inst_vga/Inst_scopeFace/doodlehundreds/encoded[5]_i_6__1/O
                         net (fo=3, routed)           0.646    30.924    datapath/video_inst/Inst_vga/Inst_scopeFace/doodlehundreds/encoded[5]_i_6__1_n_0
    SLICE_X133Y109       LUT6 (Prop_lut6_I1_O)        0.328    31.251 f  datapath/video_inst/Inst_vga/Inst_scopeFace/doodlehundreds/dc_bias[3]_i_11/O
                         net (fo=7, routed)           0.991    32.243    datapath/video_inst/inst_dvid/TDMS_encoder_green/dc_bias[2]_i_2
    SLICE_X136Y111       LUT2 (Prop_lut2_I1_O)        0.150    32.393 r  datapath/video_inst/inst_dvid/TDMS_encoder_green/dc_bias[3]_i_16__1/O
                         net (fo=2, routed)           0.873    33.266    datapath/video_inst/Inst_vga/Inst_scopeFace/doodlehundreds/dc_bias_reg[3]_18
    SLICE_X136Y111       LUT6 (Prop_lut6_I1_O)        0.348    33.614 r  datapath/video_inst/Inst_vga/Inst_scopeFace/doodlehundreds/dc_bias[3]_i_7/O
                         net (fo=1, routed)           0.446    34.060    datapath/video_inst/Inst_vga/Inst_scopeFace/doodlehundreds/dc_bias[3]_i_7_n_0
    SLICE_X136Y110       LUT6 (Prop_lut6_I5_O)        0.124    34.184 r  datapath/video_inst/Inst_vga/Inst_scopeFace/doodlehundreds/dc_bias[3]_i_1/O
                         net (fo=1, routed)           0.000    34.184    datapath/video_inst/inst_dvid/TDMS_encoder_green/dc_bias_reg[3]_0[3]
    SLICE_X136Y110       FDRE                                         r  datapath/video_inst/inst_dvid/TDMS_encoder_green/dc_bias_reg[3]/D
  -------------------------------------------------------------------    -------------------

                         (clock clk_out1_clk_wiz_0 rise edge)
                                                     40.000    40.000 r  
    BUFGCTRL_X0Y2        BUFG                         0.000    40.000 r  clk_IBUF_BUFG_inst/O
                         net (fo=518, routed)         1.643    41.643    datapath/video_inst/mmcm_adv_inst_display_clocks/inst/clk_in1
    MMCME2_ADV_X0Y2      MMCME2_ADV (Prop_mmcme2_adv_CLKIN1_CLKOUT0)
                                                     -3.494    38.149 r  datapath/video_inst/mmcm_adv_inst_display_clocks/inst/mmcm_adv_inst/CLKOUT0
                         net (fo=1, routed)           1.760    39.909    datapath/video_inst/mmcm_adv_inst_display_clocks/inst/clk_out1_clk_wiz_0
    BUFGCTRL_X0Y3        BUFG (Prop_bufg_I_O)         0.091    40.000 r  datapath/video_inst/mmcm_adv_inst_display_clocks/inst/clkout1_buf/O
                         net (fo=132, routed)         1.569    41.569    datapath/video_inst/inst_dvid/TDMS_encoder_green/clk_out1
    SLICE_X136Y110       FDRE                                         r  datapath/video_inst/inst_dvid/TDMS_encoder_green/dc_bias_reg[3]/C
                         clock pessimism              0.008    41.577    
                         clock uncertainty           -0.095    41.483    
    SLICE_X136Y110       FDRE (Setup_fdre_C_D)        0.081    41.564    datapath/video_inst/inst_dvid/TDMS_encoder_green/dc_bias_reg[3]
  -------------------------------------------------------------------
                         required time                         41.564    
                         arrival time                         -34.184    
  -------------------------------------------------------------------
                         slack                                  7.380    

Slack (MET) :             7.546ns  (required time - arrival time)
  Source:                 datapath/video_inst/Inst_vga/v_count_reg[0]_rep__2/C
                            (rising edge-triggered cell FDRE clocked by clk_out1_clk_wiz_0  {rise@0.000ns fall@20.000ns period=40.000ns})
  Destination:            datapath/video_inst/inst_dvid/TDMS_encoder_green/dc_bias_reg[2]/D
                            (rising edge-triggered cell FDRE clocked by clk_out1_clk_wiz_0  {rise@0.000ns fall@20.000ns period=40.000ns})
  Path Group:             clk_out1_clk_wiz_0
  Path Type:              Setup (Max at Slow Process Corner)
  Requirement:            40.000ns  (clk_out1_clk_wiz_0 rise@40.000ns - clk_out1_clk_wiz_0 rise@0.000ns)
  Data Path Delay:        32.155ns  (logic 7.669ns (23.850%)  route 24.486ns (76.150%))
  Logic Levels:           34  (CARRY4=3 LUT2=2 LUT3=3 LUT4=2 LUT5=7 LUT6=17)
  Clock Path Skew:        -0.281ns (DCD - SCD + CPR)
    Destination Clock Delay (DCD):    1.569ns = ( 41.569 - 40.000 ) 
    Source Clock Delay      (SCD):    1.858ns
    Clock Pessimism Removal (CPR):    0.008ns
  Clock Uncertainty:      0.095ns  ((TSJ^2 + DJ^2)^1/2) / 2 + PE
    Total System Jitter     (TSJ):    0.071ns
    Discrete Jitter          (DJ):    0.175ns
    Phase Error              (PE):    0.000ns

    Location             Delay type                Incr(ns)  Path(ns)    Netlist Resource(s)
  -------------------------------------------------------------------    -------------------
                         (clock clk_out1_clk_wiz_0 rise edge)
                                                      0.000     0.000 r  
    BUFGCTRL_X0Y2        BUFG                         0.000     0.000 r  clk_IBUF_BUFG_inst/O
                         net (fo=518, routed)         1.761     1.761    datapath/video_inst/mmcm_adv_inst_display_clocks/inst/clk_in1
    MMCME2_ADV_X0Y2      MMCME2_ADV (Prop_mmcme2_adv_CLKIN1_CLKOUT0)
                                                     -3.701    -1.939 r  datapath/video_inst/mmcm_adv_inst_display_clocks/inst/mmcm_adv_inst/CLKOUT0
                         net (fo=1, routed)           1.843    -0.096    datapath/video_inst/mmcm_adv_inst_display_clocks/inst/clk_out1_clk_wiz_0
    BUFGCTRL_X0Y3        BUFG (Prop_bufg_I_O)         0.096    -0.000 r  datapath/video_inst/mmcm_adv_inst_display_clocks/inst/clkout1_buf/O
                         net (fo=132, routed)         1.858     1.858    datapath/video_inst/Inst_vga/clk_out1
    SLICE_X110Y99        FDRE                                         r  datapath/video_inst/Inst_vga/v_count_reg[0]_rep__2/C
  -------------------------------------------------------------------    -------------------
    SLICE_X110Y99        FDRE (Prop_fdre_C_Q)         0.419     2.277 r  datapath/video_inst/Inst_vga/v_count_reg[0]_rep__2/Q
                         net (fo=111, routed)         0.591     2.868    datapath/video_inst/Inst_vga/v_count_reg[0]_rep__2_n_0
    SLICE_X115Y99        CARRY4 (Prop_carry4_DI[0]_O[1])
                                                      0.582     3.450 r  datapath/video_inst/Inst_vga/g0_b0_i_1__1/O[1]
                         net (fo=182, routed)         2.060     5.511    datapath/video_inst/Inst_vga/pix_classifer/jetpackAndDoodle[0][0]11_out[1]
    SLICE_X103Y88        LUT6 (Prop_lut6_I1_O)        0.303     5.814 f  datapath/video_inst/Inst_vga/g0_b0__49/O
                         net (fo=1, routed)           0.402     6.216    datapath/video_inst/Inst_vga/g0_b0__49_n_0
    SLICE_X103Y88        LUT3 (Prop_lut3_I2_O)        0.124     6.340 r  datapath/video_inst/Inst_vga/g0_b0_i_941/O
                         net (fo=1, routed)           0.620     6.960    datapath/video_inst/Inst_vga/g0_b0_i_941_n_0
    SLICE_X103Y89        LUT6 (Prop_lut6_I3_O)        0.124     7.084 r  datapath/video_inst/Inst_vga/g0_b0_i_671/O
                         net (fo=1, routed)           0.775     7.859    datapath/video_inst/Inst_vga/g0_b0_i_671_n_0
    SLICE_X106Y89        LUT5 (Prop_lut5_I1_O)        0.124     7.983 f  datapath/video_inst/Inst_vga/g0_b0_i_402/O
                         net (fo=1, routed)           0.808     8.791    datapath/video_inst/Inst_vga/g0_b0_i_402_n_0
    SLICE_X107Y90        LUT6 (Prop_lut6_I2_O)        0.124     8.915 f  datapath/video_inst/Inst_vga/g0_b0_i_197/O
                         net (fo=1, routed)           0.933     9.847    datapath/video_inst/Inst_vga/g0_b0_i_197_n_0
    SLICE_X108Y95        LUT6 (Prop_lut6_I5_O)        0.124     9.971 r  datapath/video_inst/Inst_vga/g0_b0_i_72/O
                         net (fo=5, routed)           0.445    10.416    datapath/video_inst/Inst_vga/g0_b0_i_72_n_0
    SLICE_X111Y94        LUT6 (Prop_lut6_I0_O)        0.124    10.540 f  datapath/video_inst/Inst_vga/g0_b2_i_19/O
                         net (fo=1, routed)           0.749    11.289    datapath/video_inst/Inst_vga/g0_b2_i_19_n_0
    SLICE_X111Y99        LUT6 (Prop_lut6_I2_O)        0.124    11.413 f  datapath/video_inst/Inst_vga/g0_b2_i_9/O
                         net (fo=11, routed)          0.844    12.257    datapath/video_inst/Inst_vga/g0_b2_i_9_n_0
    SLICE_X113Y104       LUT6 (Prop_lut6_I0_O)        0.124    12.381 r  datapath/video_inst/Inst_vga/g0_b2_i_5/O
                         net (fo=16, routed)          0.644    13.026    datapath/video_inst/Inst_vga/pixel_type[row][1]
    SLICE_X116Y100       LUT2 (Prop_lut2_I1_O)        0.124    13.150 r  datapath/video_inst/Inst_vga/g0_b0_i_5__2/O
                         net (fo=1, routed)           0.000    13.150    datapath/video_inst/Inst_vga/g0_b0_i_5__2_n_0
    SLICE_X116Y100       CARRY4 (Prop_carry4_S[1]_CO[3])
                                                      0.533    13.683 r  datapath/video_inst/Inst_vga/g0_b0_i_1/CO[3]
                         net (fo=1, routed)           0.000    13.683    datapath/video_inst/Inst_vga/g0_b0_i_1_n_0
    SLICE_X116Y101       CARRY4 (Prop_carry4_CI_O[1])
                                                      0.323    14.006 r  datapath/video_inst/Inst_vga/g0_b0_i_2/O[1]
                         net (fo=312, routed)         1.967    15.973    datapath/video_inst/Inst_vga/doodle_right[0][1]10_out[5]
    SLICE_X126Y80        LUT4 (Prop_lut4_I0_O)        0.334    16.307 f  datapath/video_inst/Inst_vga/dc_bias[0]_i_347/O
                         net (fo=2, routed)           0.621    16.928    datapath/video_inst/Inst_vga/dc_bias[0]_i_347_n_0
    SLICE_X125Y81        LUT6 (Prop_lut6_I1_O)        0.326    17.254 f  datapath/video_inst/Inst_vga/dc_bias[0]_i_421/O
                         net (fo=1, routed)           0.263    17.517    datapath/video_inst/Inst_vga/dc_bias[0]_i_421_n_0
    SLICE_X125Y81        LUT6 (Prop_lut6_I5_O)        0.124    17.641 r  datapath/video_inst/Inst_vga/dc_bias[0]_i_335/O
                         net (fo=1, routed)           0.151    17.792    datapath/video_inst/Inst_vga/dc_bias[0]_i_335_n_0
    SLICE_X125Y81        LUT6 (Prop_lut6_I3_O)        0.124    17.916 r  datapath/video_inst/Inst_vga/dc_bias[0]_i_220__0/O
                         net (fo=1, routed)           0.431    18.347    datapath/video_inst/Inst_vga/dc_bias[0]_i_220__0_n_0
    SLICE_X125Y82        LUT6 (Prop_lut6_I0_O)        0.124    18.471 f  datapath/video_inst/Inst_vga/dc_bias[0]_i_151/O
                         net (fo=1, routed)           0.433    18.905    datapath/video_inst/Inst_vga/dc_bias[0]_i_151_n_0
    SLICE_X125Y84        LUT6 (Prop_lut6_I1_O)        0.124    19.029 f  datapath/video_inst/Inst_vga/dc_bias[0]_i_103/O
                         net (fo=7, routed)           0.760    19.789    datapath/video_inst/Inst_vga/dc_bias[0]_i_103_n_0
    SLICE_X125Y87        LUT4 (Prop_lut4_I3_O)        0.150    19.939 f  datapath/video_inst/Inst_vga/dc_bias[0]_i_115__0/O
                         net (fo=1, routed)           0.690    20.629    datapath/video_inst/Inst_vga/dc_bias[0]_i_115__0_n_0
    SLICE_X125Y89        LUT6 (Prop_lut6_I0_O)        0.326    20.955 r  datapath/video_inst/Inst_vga/dc_bias[0]_i_65/O
                         net (fo=7, routed)           1.304    22.259    datapath/video_inst/Inst_vga/dc_bias[0]_i_65_n_0
    SLICE_X127Y100       LUT5 (Prop_lut5_I4_O)        0.152    22.411 r  datapath/video_inst/Inst_vga/dc_bias[0]_i_70__0/O
                         net (fo=10, routed)          0.569    22.980    datapath/video_inst/Inst_vga/dc_bias[0]_i_70__0_n_0
    SLICE_X126Y100       LUT6 (Prop_lut6_I5_O)        0.332    23.312 f  datapath/video_inst/Inst_vga/dc_bias[0]_i_23__0/O
                         net (fo=8, routed)           1.009    24.321    datapath/video_inst/Inst_vga/dc_bias[0]_i_23__0_n_0
    SLICE_X129Y102       LUT3 (Prop_lut3_I1_O)        0.124    24.445 f  datapath/video_inst/Inst_vga/encoded[1]_i_10__0/O
                         net (fo=4, routed)           0.463    24.908    datapath/video_inst/Inst_vga/encoded[1]_i_10__0_n_0
    SLICE_X126Y101       LUT5 (Prop_lut5_I4_O)        0.124    25.032 r  datapath/video_inst/Inst_vga/dc_bias[0]_i_28/O
                         net (fo=5, routed)           0.792    25.824    datapath/video_inst/Inst_vga/dc_bias[0]_i_28_n_0
    SLICE_X131Y103       LUT3 (Prop_lut3_I2_O)        0.119    25.943 r  datapath/video_inst/Inst_vga/encoded[7]_i_20/O
                         net (fo=2, routed)           0.421    26.364    datapath/video_inst/Inst_vga/encoded[7]_i_20_n_0
    SLICE_X131Y104       LUT6 (Prop_lut6_I0_O)        0.332    26.696 f  datapath/video_inst/Inst_vga/encoded[7]_i_10__0/O
                         net (fo=3, routed)           0.977    27.674    datapath/video_inst/Inst_vga/Inst_scopeFace/doodlehundreds/encoded_reg[7]_4
    SLICE_X131Y108       LUT5 (Prop_lut5_I1_O)        0.152    27.826 r  datapath/video_inst/Inst_vga/Inst_scopeFace/doodlehundreds/encoded[7]_i_3__0/O
                         net (fo=7, routed)           0.878    28.704    datapath/video_inst/Inst_vga/Inst_scopeFace/doodlehundreds/v_blank_reg_6[1]
    SLICE_X131Y109       LUT5 (Prop_lut5_I1_O)        0.326    29.030 r  datapath/video_inst/Inst_vga/Inst_scopeFace/doodlehundreds/dc_bias[0]_i_3__0/O
                         net (fo=47, routed)          1.097    30.127    datapath/video_inst/Inst_vga/Inst_scopeFace/doodlehundreds/v_blank_reg_3
    SLICE_X132Y109       LUT5 (Prop_lut5_I4_O)        0.150    30.277 r  datapath/video_inst/Inst_vga/Inst_scopeFace/doodlehundreds/encoded[5]_i_6__1/O
                         net (fo=3, routed)           0.646    30.924    datapath/video_inst/Inst_vga/Inst_scopeFace/doodlehundreds/encoded[5]_i_6__1_n_0
    SLICE_X133Y109       LUT6 (Prop_lut6_I1_O)        0.328    31.251 f  datapath/video_inst/Inst_vga/Inst_scopeFace/doodlehundreds/dc_bias[3]_i_11/O
                         net (fo=7, routed)           0.991    32.243    datapath/video_inst/inst_dvid/TDMS_encoder_green/dc_bias[2]_i_2
    SLICE_X136Y111       LUT2 (Prop_lut2_I1_O)        0.150    32.393 r  datapath/video_inst/inst_dvid/TDMS_encoder_green/dc_bias[3]_i_16__1/O
                         net (fo=2, routed)           0.843    33.236    datapath/video_inst/Inst_vga/Inst_scopeFace/doodlehundreds/dc_bias_reg[3]_18
    SLICE_X136Y111       LUT6 (Prop_lut6_I2_O)        0.348    33.584 r  datapath/video_inst/Inst_vga/Inst_scopeFace/doodlehundreds/dc_bias[2]_i_2/O
                         net (fo=1, routed)           0.306    33.890    datapath/video_inst/Inst_vga/Inst_scopeFace/doodlehundreds/dc_bias[2]_i_2_n_0
    SLICE_X136Y110       LUT5 (Prop_lut5_I4_O)        0.124    34.014 r  datapath/video_inst/Inst_vga/Inst_scopeFace/doodlehundreds/dc_bias[2]_i_1/O
                         net (fo=1, routed)           0.000    34.014    datapath/video_inst/inst_dvid/TDMS_encoder_green/dc_bias_reg[3]_0[2]
    SLICE_X136Y110       FDRE                                         r  datapath/video_inst/inst_dvid/TDMS_encoder_green/dc_bias_reg[2]/D
  -------------------------------------------------------------------    -------------------

                         (clock clk_out1_clk_wiz_0 rise edge)
                                                     40.000    40.000 r  
    BUFGCTRL_X0Y2        BUFG                         0.000    40.000 r  clk_IBUF_BUFG_inst/O
                         net (fo=518, routed)         1.643    41.643    datapath/video_inst/mmcm_adv_inst_display_clocks/inst/clk_in1
    MMCME2_ADV_X0Y2      MMCME2_ADV (Prop_mmcme2_adv_CLKIN1_CLKOUT0)
                                                     -3.494    38.149 r  datapath/video_inst/mmcm_adv_inst_display_clocks/inst/mmcm_adv_inst/CLKOUT0
                         net (fo=1, routed)           1.760    39.909    datapath/video_inst/mmcm_adv_inst_display_clocks/inst/clk_out1_clk_wiz_0
    BUFGCTRL_X0Y3        BUFG (Prop_bufg_I_O)         0.091    40.000 r  datapath/video_inst/mmcm_adv_inst_display_clocks/inst/clkout1_buf/O
                         net (fo=132, routed)         1.569    41.569    datapath/video_inst/inst_dvid/TDMS_encoder_green/clk_out1
    SLICE_X136Y110       FDRE                                         r  datapath/video_inst/inst_dvid/TDMS_encoder_green/dc_bias_reg[2]/C
                         clock pessimism              0.008    41.577    
                         clock uncertainty           -0.095    41.483    
    SLICE_X136Y110       FDRE (Setup_fdre_C_D)        0.077    41.560    datapath/video_inst/inst_dvid/TDMS_encoder_green/dc_bias_reg[2]
  -------------------------------------------------------------------
                         required time                         41.560    
                         arrival time                         -34.014    
  -------------------------------------------------------------------
                         slack                                  7.546    

Slack (MET) :             7.572ns  (required time - arrival time)
  Source:                 datapath/video_inst/Inst_vga/v_count_reg[0]_rep__2/C
                            (rising edge-triggered cell FDRE clocked by clk_out1_clk_wiz_0  {rise@0.000ns fall@20.000ns period=40.000ns})
  Destination:            datapath/video_inst/inst_dvid/TDMS_encoder_blue/dc_bias_reg[1]/D
                            (rising edge-triggered cell FDRE clocked by clk_out1_clk_wiz_0  {rise@0.000ns fall@20.000ns period=40.000ns})
  Path Group:             clk_out1_clk_wiz_0
  Path Type:              Setup (Max at Slow Process Corner)
  Requirement:            40.000ns  (clk_out1_clk_wiz_0 rise@40.000ns - clk_out1_clk_wiz_0 rise@0.000ns)
  Data Path Delay:        32.129ns  (logic 7.818ns (24.333%)  route 24.311ns (75.667%))
  Logic Levels:           35  (CARRY4=3 LUT2=1 LUT3=5 LUT4=4 LUT5=5 LUT6=17)
  Clock Path Skew:        -0.282ns (DCD - SCD + CPR)
    Destination Clock Delay (DCD):    1.568ns = ( 41.568 - 40.000 ) 
    Source Clock Delay      (SCD):    1.858ns
    Clock Pessimism Removal (CPR):    0.008ns
  Clock Uncertainty:      0.095ns  ((TSJ^2 + DJ^2)^1/2) / 2 + PE
    Total System Jitter     (TSJ):    0.071ns
    Discrete Jitter          (DJ):    0.175ns
    Phase Error              (PE):    0.000ns

    Location             Delay type                Incr(ns)  Path(ns)    Netlist Resource(s)
  -------------------------------------------------------------------    -------------------
                         (clock clk_out1_clk_wiz_0 rise edge)
                                                      0.000     0.000 r  
    BUFGCTRL_X0Y2        BUFG                         0.000     0.000 r  clk_IBUF_BUFG_inst/O
                         net (fo=518, routed)         1.761     1.761    datapath/video_inst/mmcm_adv_inst_display_clocks/inst/clk_in1
    MMCME2_ADV_X0Y2      MMCME2_ADV (Prop_mmcme2_adv_CLKIN1_CLKOUT0)
                                                     -3.701    -1.939 r  datapath/video_inst/mmcm_adv_inst_display_clocks/inst/mmcm_adv_inst/CLKOUT0
                         net (fo=1, routed)           1.843    -0.096    datapath/video_inst/mmcm_adv_inst_display_clocks/inst/clk_out1_clk_wiz_0
    BUFGCTRL_X0Y3        BUFG (Prop_bufg_I_O)         0.096    -0.000 r  datapath/video_inst/mmcm_adv_inst_display_clocks/inst/clkout1_buf/O
                         net (fo=132, routed)         1.858     1.858    datapath/video_inst/Inst_vga/clk_out1
    SLICE_X110Y99        FDRE                                         r  datapath/video_inst/Inst_vga/v_count_reg[0]_rep__2/C
  -------------------------------------------------------------------    -------------------
    SLICE_X110Y99        FDRE (Prop_fdre_C_Q)         0.419     2.277 r  datapath/video_inst/Inst_vga/v_count_reg[0]_rep__2/Q
                         net (fo=111, routed)         0.591     2.868    datapath/video_inst/Inst_vga/v_count_reg[0]_rep__2_n_0
    SLICE_X115Y99        CARRY4 (Prop_carry4_DI[0]_O[1])
                                                      0.582     3.450 r  datapath/video_inst/Inst_vga/g0_b0_i_1__1/O[1]
                         net (fo=182, routed)         2.060     5.511    datapath/video_inst/Inst_vga/pix_classifer/jetpackAndDoodle[0][0]11_out[1]
    SLICE_X103Y88        LUT6 (Prop_lut6_I1_O)        0.303     5.814 f  datapath/video_inst/Inst_vga/g0_b0__49/O
                         net (fo=1, routed)           0.402     6.216    datapath/video_inst/Inst_vga/g0_b0__49_n_0
    SLICE_X103Y88        LUT3 (Prop_lut3_I2_O)        0.124     6.340 r  datapath/video_inst/Inst_vga/g0_b0_i_941/O
                         net (fo=1, routed)           0.620     6.960    datapath/video_inst/Inst_vga/g0_b0_i_941_n_0
    SLICE_X103Y89        LUT6 (Prop_lut6_I3_O)        0.124     7.084 r  datapath/video_inst/Inst_vga/g0_b0_i_671/O
                         net (fo=1, routed)           0.775     7.859    datapath/video_inst/Inst_vga/g0_b0_i_671_n_0
    SLICE_X106Y89        LUT5 (Prop_lut5_I1_O)        0.124     7.983 f  datapath/video_inst/Inst_vga/g0_b0_i_402/O
                         net (fo=1, routed)           0.808     8.791    datapath/video_inst/Inst_vga/g0_b0_i_402_n_0
    SLICE_X107Y90        LUT6 (Prop_lut6_I2_O)        0.124     8.915 f  datapath/video_inst/Inst_vga/g0_b0_i_197/O
                         net (fo=1, routed)           0.933     9.847    datapath/video_inst/Inst_vga/g0_b0_i_197_n_0
    SLICE_X108Y95        LUT6 (Prop_lut6_I5_O)        0.124     9.971 r  datapath/video_inst/Inst_vga/g0_b0_i_72/O
                         net (fo=5, routed)           0.445    10.416    datapath/video_inst/Inst_vga/g0_b0_i_72_n_0
    SLICE_X111Y94        LUT6 (Prop_lut6_I0_O)        0.124    10.540 f  datapath/video_inst/Inst_vga/g0_b2_i_19/O
                         net (fo=1, routed)           0.749    11.289    datapath/video_inst/Inst_vga/g0_b2_i_19_n_0
    SLICE_X111Y99        LUT6 (Prop_lut6_I2_O)        0.124    11.413 f  datapath/video_inst/Inst_vga/g0_b2_i_9/O
                         net (fo=11, routed)          0.844    12.257    datapath/video_inst/Inst_vga/g0_b2_i_9_n_0
    SLICE_X113Y104       LUT6 (Prop_lut6_I0_O)        0.124    12.381 r  datapath/video_inst/Inst_vga/g0_b2_i_5/O
                         net (fo=16, routed)          0.644    13.026    datapath/video_inst/Inst_vga/pixel_type[row][1]
    SLICE_X116Y100       LUT2 (Prop_lut2_I1_O)        0.124    13.150 r  datapath/video_inst/Inst_vga/g0_b0_i_5__2/O
                         net (fo=1, routed)           0.000    13.150    datapath/video_inst/Inst_vga/g0_b0_i_5__2_n_0
    SLICE_X116Y100       CARRY4 (Prop_carry4_S[1]_CO[3])
                                                      0.533    13.683 r  datapath/video_inst/Inst_vga/g0_b0_i_1/CO[3]
                         net (fo=1, routed)           0.000    13.683    datapath/video_inst/Inst_vga/g0_b0_i_1_n_0
    SLICE_X116Y101       CARRY4 (Prop_carry4_CI_O[1])
                                                      0.323    14.006 r  datapath/video_inst/Inst_vga/g0_b0_i_2/O[1]
                         net (fo=312, routed)         1.967    15.973    datapath/video_inst/Inst_vga/doodle_right[0][1]10_out[5]
    SLICE_X126Y80        LUT4 (Prop_lut4_I0_O)        0.334    16.307 f  datapath/video_inst/Inst_vga/dc_bias[0]_i_347/O
                         net (fo=2, routed)           0.621    16.928    datapath/video_inst/Inst_vga/dc_bias[0]_i_347_n_0
    SLICE_X125Y81        LUT6 (Prop_lut6_I1_O)        0.326    17.254 f  datapath/video_inst/Inst_vga/dc_bias[0]_i_421/O
                         net (fo=1, routed)           0.263    17.517    datapath/video_inst/Inst_vga/dc_bias[0]_i_421_n_0
    SLICE_X125Y81        LUT6 (Prop_lut6_I5_O)        0.124    17.641 r  datapath/video_inst/Inst_vga/dc_bias[0]_i_335/O
                         net (fo=1, routed)           0.151    17.792    datapath/video_inst/Inst_vga/dc_bias[0]_i_335_n_0
    SLICE_X125Y81        LUT6 (Prop_lut6_I3_O)        0.124    17.916 r  datapath/video_inst/Inst_vga/dc_bias[0]_i_220__0/O
                         net (fo=1, routed)           0.431    18.347    datapath/video_inst/Inst_vga/dc_bias[0]_i_220__0_n_0
    SLICE_X125Y82        LUT6 (Prop_lut6_I0_O)        0.124    18.471 f  datapath/video_inst/Inst_vga/dc_bias[0]_i_151/O
                         net (fo=1, routed)           0.433    18.905    datapath/video_inst/Inst_vga/dc_bias[0]_i_151_n_0
    SLICE_X125Y84        LUT6 (Prop_lut6_I1_O)        0.124    19.029 f  datapath/video_inst/Inst_vga/dc_bias[0]_i_103/O
                         net (fo=7, routed)           0.760    19.789    datapath/video_inst/Inst_vga/dc_bias[0]_i_103_n_0
    SLICE_X125Y87        LUT4 (Prop_lut4_I3_O)        0.150    19.939 f  datapath/video_inst/Inst_vga/dc_bias[0]_i_115__0/O
                         net (fo=1, routed)           0.690    20.629    datapath/video_inst/Inst_vga/dc_bias[0]_i_115__0_n_0
    SLICE_X125Y89        LUT6 (Prop_lut6_I0_O)        0.326    20.955 r  datapath/video_inst/Inst_vga/dc_bias[0]_i_65/O
                         net (fo=7, routed)           1.304    22.259    datapath/video_inst/Inst_vga/dc_bias[0]_i_65_n_0
    SLICE_X127Y100       LUT5 (Prop_lut5_I4_O)        0.152    22.411 r  datapath/video_inst/Inst_vga/dc_bias[0]_i_70__0/O
                         net (fo=10, routed)          0.569    22.980    datapath/video_inst/Inst_vga/dc_bias[0]_i_70__0_n_0
    SLICE_X126Y100       LUT6 (Prop_lut6_I5_O)        0.332    23.312 f  datapath/video_inst/Inst_vga/dc_bias[0]_i_23__0/O
                         net (fo=8, routed)           1.009    24.321    datapath/video_inst/Inst_vga/dc_bias[0]_i_23__0_n_0
    SLICE_X129Y102       LUT3 (Prop_lut3_I1_O)        0.124    24.445 f  datapath/video_inst/Inst_vga/encoded[1]_i_10__0/O
                         net (fo=4, routed)           0.463    24.908    datapath/video_inst/Inst_vga/encoded[1]_i_10__0_n_0
    SLICE_X126Y101       LUT5 (Prop_lut5_I4_O)        0.124    25.032 r  datapath/video_inst/Inst_vga/dc_bias[0]_i_28/O
                         net (fo=5, routed)           0.763    25.796    datapath/video_inst/Inst_vga/dc_bias[0]_i_28_n_0
    SLICE_X129Y103       LUT4 (Prop_lut4_I3_O)        0.150    25.946 f  datapath/video_inst/Inst_vga/encoded[7]_i_9__1/O
                         net (fo=1, routed)           0.794    26.740    datapath/video_inst/Inst_vga/Inst_scopeFace/doodlehundreds/encoded[5]_i_6__0_0
    SLICE_X130Y103       LUT4 (Prop_lut4_I1_O)        0.354    27.094 r  datapath/video_inst/Inst_vga/Inst_scopeFace/doodlehundreds/encoded[7]_i_8__0/O
                         net (fo=2, routed)           0.583    27.676    datapath/video_inst/Inst_vga/Inst_scopeFace/doodlehundreds/encoded[7]_i_8__0_n_0
    SLICE_X127Y104       LUT6 (Prop_lut6_I3_O)        0.326    28.002 r  datapath/video_inst/Inst_vga/Inst_scopeFace/doodlehundreds/encoded[5]_i_6__0/O
                         net (fo=20, routed)          0.801    28.803    datapath/video_inst/Inst_vga/Inst_scopeFace/doodlethousands/blue[1]
    SLICE_X126Y107       LUT3 (Prop_lut3_I2_O)        0.150    28.953 r  datapath/video_inst/Inst_vga/Inst_scopeFace/doodlethousands/dc_bias[0]_i_13__1/O
                         net (fo=4, routed)           0.468    29.421    datapath/video_inst/Inst_vga/Inst_scopeFace/doodlehundreds/encoded_reg[0]_4
    SLICE_X126Y107       LUT5 (Prop_lut5_I3_O)        0.326    29.747 r  datapath/video_inst/Inst_vga/Inst_scopeFace/doodlehundreds/dc_bias[0]_i_3__1/O
                         net (fo=44, routed)          0.734    30.481    datapath/video_inst/Inst_vga/Inst_scopeFace/doodleDigits/encoded_reg[6]
    SLICE_X126Y108       LUT3 (Prop_lut3_I2_O)        0.124    30.605 r  datapath/video_inst/Inst_vga/Inst_scopeFace/doodleDigits/dc_bias[1]_i_7/O
                         net (fo=7, routed)           0.754    31.359    datapath/video_inst/Inst_vga/Inst_scopeFace/doodleDigits/R2_in
    SLICE_X124Y108       LUT6 (Prop_lut6_I2_O)        0.124    31.483 r  datapath/video_inst/Inst_vga/Inst_scopeFace/doodleDigits/dc_bias[0]_i_4/O
                         net (fo=7, routed)           1.053    32.536    datapath/video_inst/Inst_vga/Inst_scopeFace/doodlehundreds/dc_bias_reg[0]_0
    SLICE_X124Y106       LUT3 (Prop_lut3_I2_O)        0.152    32.688 r  datapath/video_inst/Inst_vga/Inst_scopeFace/doodlehundreds/dc_bias[1]_i_9__1/O
                         net (fo=1, routed)           0.662    33.350    datapath/video_inst/Inst_vga/Inst_scopeFace/doodlehundreds/dc_bias[1]_i_9__1_n_0
    SLICE_X124Y107       LUT6 (Prop_lut6_I2_O)        0.348    33.698 r  datapath/video_inst/Inst_vga/Inst_scopeFace/doodlehundreds/dc_bias[1]_i_5/O
                         net (fo=1, routed)           0.165    33.863    datapath/video_inst/Inst_vga/Inst_scopeFace/doodlehundreds/dc_bias[1]_i_5_n_0
    SLICE_X124Y107       LUT5 (Prop_lut5_I4_O)        0.124    33.987 r  datapath/video_inst/Inst_vga/Inst_scopeFace/doodlehundreds/dc_bias[1]_i_1__0/O
                         net (fo=1, routed)           0.000    33.987    datapath/video_inst/inst_dvid/TDMS_encoder_blue/dc_bias_reg[3]_0[1]
    SLICE_X124Y107       FDRE                                         r  datapath/video_inst/inst_dvid/TDMS_encoder_blue/dc_bias_reg[1]/D
  -------------------------------------------------------------------    -------------------

                         (clock clk_out1_clk_wiz_0 rise edge)
                                                     40.000    40.000 r  
    BUFGCTRL_X0Y2        BUFG                         0.000    40.000 r  clk_IBUF_BUFG_inst/O
                         net (fo=518, routed)         1.643    41.643    datapath/video_inst/mmcm_adv_inst_display_clocks/inst/clk_in1
    MMCME2_ADV_X0Y2      MMCME2_ADV (Prop_mmcme2_adv_CLKIN1_CLKOUT0)
                                                     -3.494    38.149 r  datapath/video_inst/mmcm_adv_inst_display_clocks/inst/mmcm_adv_inst/CLKOUT0
                         net (fo=1, routed)           1.760    39.909    datapath/video_inst/mmcm_adv_inst_display_clocks/inst/clk_out1_clk_wiz_0
    BUFGCTRL_X0Y3        BUFG (Prop_bufg_I_O)         0.091    40.000 r  datapath/video_inst/mmcm_adv_inst_display_clocks/inst/clkout1_buf/O
                         net (fo=132, routed)         1.568    41.568    datapath/video_inst/inst_dvid/TDMS_encoder_blue/clk_out1
    SLICE_X124Y107       FDRE                                         r  datapath/video_inst/inst_dvid/TDMS_encoder_blue/dc_bias_reg[1]/C
                         clock pessimism              0.008    41.576    
                         clock uncertainty           -0.095    41.482    
    SLICE_X124Y107       FDRE (Setup_fdre_C_D)        0.077    41.559    datapath/video_inst/inst_dvid/TDMS_encoder_blue/dc_bias_reg[1]
  -------------------------------------------------------------------
                         required time                         41.559    
                         arrival time                         -33.987    
  -------------------------------------------------------------------
                         slack                                  7.572    

Slack (MET) :             7.792ns  (required time - arrival time)
  Source:                 datapath/video_inst/Inst_vga/v_count_reg[0]_rep__2/C
                            (rising edge-triggered cell FDRE clocked by clk_out1_clk_wiz_0  {rise@0.000ns fall@20.000ns period=40.000ns})
  Destination:            datapath/video_inst/inst_dvid/TDMS_encoder_blue/dc_bias_reg[0]/D
                            (rising edge-triggered cell FDRE clocked by clk_out1_clk_wiz_0  {rise@0.000ns fall@20.000ns period=40.000ns})
  Path Group:             clk_out1_clk_wiz_0
  Path Type:              Setup (Max at Slow Process Corner)
  Requirement:            40.000ns  (clk_out1_clk_wiz_0 rise@40.000ns - clk_out1_clk_wiz_0 rise@0.000ns)
  Data Path Delay:        31.910ns  (logic 7.566ns (23.711%)  route 24.344ns (76.289%))
  Logic Levels:           35  (CARRY4=3 LUT2=1 LUT3=4 LUT4=4 LUT5=5 LUT6=18)
  Clock Path Skew:        -0.281ns (DCD - SCD + CPR)
    Destination Clock Delay (DCD):    1.569ns = ( 41.569 - 40.000 ) 
    Source Clock Delay      (SCD):    1.858ns
    Clock Pessimism Removal (CPR):    0.008ns
  Clock Uncertainty:      0.095ns  ((TSJ^2 + DJ^2)^1/2) / 2 + PE
    Total System Jitter     (TSJ):    0.071ns
    Discrete Jitter          (DJ):    0.175ns
    Phase Error              (PE):    0.000ns

    Location             Delay type                Incr(ns)  Path(ns)    Netlist Resource(s)
  -------------------------------------------------------------------    -------------------
                         (clock clk_out1_clk_wiz_0 rise edge)
                                                      0.000     0.000 r  
    BUFGCTRL_X0Y2        BUFG                         0.000     0.000 r  clk_IBUF_BUFG_inst/O
                         net (fo=518, routed)         1.761     1.761    datapath/video_inst/mmcm_adv_inst_display_clocks/inst/clk_in1
    MMCME2_ADV_X0Y2      MMCME2_ADV (Prop_mmcme2_adv_CLKIN1_CLKOUT0)
                                                     -3.701    -1.939 r  datapath/video_inst/mmcm_adv_inst_display_clocks/inst/mmcm_adv_inst/CLKOUT0
                         net (fo=1, routed)           1.843    -0.096    datapath/video_inst/mmcm_adv_inst_display_clocks/inst/clk_out1_clk_wiz_0
    BUFGCTRL_X0Y3        BUFG (Prop_bufg_I_O)         0.096    -0.000 r  datapath/video_inst/mmcm_adv_inst_display_clocks/inst/clkout1_buf/O
                         net (fo=132, routed)         1.858     1.858    datapath/video_inst/Inst_vga/clk_out1
    SLICE_X110Y99        FDRE                                         r  datapath/video_inst/Inst_vga/v_count_reg[0]_rep__2/C
  -------------------------------------------------------------------    -------------------
    SLICE_X110Y99        FDRE (Prop_fdre_C_Q)         0.419     2.277 r  datapath/video_inst/Inst_vga/v_count_reg[0]_rep__2/Q
                         net (fo=111, routed)         0.591     2.868    datapath/video_inst/Inst_vga/v_count_reg[0]_rep__2_n_0
    SLICE_X115Y99        CARRY4 (Prop_carry4_DI[0]_O[1])
                                                      0.582     3.450 r  datapath/video_inst/Inst_vga/g0_b0_i_1__1/O[1]
                         net (fo=182, routed)         2.060     5.511    datapath/video_inst/Inst_vga/pix_classifer/jetpackAndDoodle[0][0]11_out[1]
    SLICE_X103Y88        LUT6 (Prop_lut6_I1_O)        0.303     5.814 f  datapath/video_inst/Inst_vga/g0_b0__49/O
                         net (fo=1, routed)           0.402     6.216    datapath/video_inst/Inst_vga/g0_b0__49_n_0
    SLICE_X103Y88        LUT3 (Prop_lut3_I2_O)        0.124     6.340 r  datapath/video_inst/Inst_vga/g0_b0_i_941/O
                         net (fo=1, routed)           0.620     6.960    datapath/video_inst/Inst_vga/g0_b0_i_941_n_0
    SLICE_X103Y89        LUT6 (Prop_lut6_I3_O)        0.124     7.084 r  datapath/video_inst/Inst_vga/g0_b0_i_671/O
                         net (fo=1, routed)           0.775     7.859    datapath/video_inst/Inst_vga/g0_b0_i_671_n_0
    SLICE_X106Y89        LUT5 (Prop_lut5_I1_O)        0.124     7.983 f  datapath/video_inst/Inst_vga/g0_b0_i_402/O
                         net (fo=1, routed)           0.808     8.791    datapath/video_inst/Inst_vga/g0_b0_i_402_n_0
    SLICE_X107Y90        LUT6 (Prop_lut6_I2_O)        0.124     8.915 f  datapath/video_inst/Inst_vga/g0_b0_i_197/O
                         net (fo=1, routed)           0.933     9.847    datapath/video_inst/Inst_vga/g0_b0_i_197_n_0
    SLICE_X108Y95        LUT6 (Prop_lut6_I5_O)        0.124     9.971 r  datapath/video_inst/Inst_vga/g0_b0_i_72/O
                         net (fo=5, routed)           0.445    10.416    datapath/video_inst/Inst_vga/g0_b0_i_72_n_0
    SLICE_X111Y94        LUT6 (Prop_lut6_I0_O)        0.124    10.540 f  datapath/video_inst/Inst_vga/g0_b2_i_19/O
                         net (fo=1, routed)           0.749    11.289    datapath/video_inst/Inst_vga/g0_b2_i_19_n_0
    SLICE_X111Y99        LUT6 (Prop_lut6_I2_O)        0.124    11.413 f  datapath/video_inst/Inst_vga/g0_b2_i_9/O
                         net (fo=11, routed)          0.844    12.257    datapath/video_inst/Inst_vga/g0_b2_i_9_n_0
    SLICE_X113Y104       LUT6 (Prop_lut6_I0_O)        0.124    12.381 r  datapath/video_inst/Inst_vga/g0_b2_i_5/O
                         net (fo=16, routed)          0.644    13.026    datapath/video_inst/Inst_vga/pixel_type[row][1]
    SLICE_X116Y100       LUT2 (Prop_lut2_I1_O)        0.124    13.150 r  datapath/video_inst/Inst_vga/g0_b0_i_5__2/O
                         net (fo=1, routed)           0.000    13.150    datapath/video_inst/Inst_vga/g0_b0_i_5__2_n_0
    SLICE_X116Y100       CARRY4 (Prop_carry4_S[1]_CO[3])
                                                      0.533    13.683 r  datapath/video_inst/Inst_vga/g0_b0_i_1/CO[3]
                         net (fo=1, routed)           0.000    13.683    datapath/video_inst/Inst_vga/g0_b0_i_1_n_0
    SLICE_X116Y101       CARRY4 (Prop_carry4_CI_O[1])
                                                      0.323    14.006 r  datapath/video_inst/Inst_vga/g0_b0_i_2/O[1]
                         net (fo=312, routed)         1.967    15.973    datapath/video_inst/Inst_vga/doodle_right[0][1]10_out[5]
    SLICE_X126Y80        LUT4 (Prop_lut4_I0_O)        0.334    16.307 f  datapath/video_inst/Inst_vga/dc_bias[0]_i_347/O
                         net (fo=2, routed)           0.621    16.928    datapath/video_inst/Inst_vga/dc_bias[0]_i_347_n_0
    SLICE_X125Y81        LUT6 (Prop_lut6_I1_O)        0.326    17.254 f  datapath/video_inst/Inst_vga/dc_bias[0]_i_421/O
                         net (fo=1, routed)           0.263    17.517    datapath/video_inst/Inst_vga/dc_bias[0]_i_421_n_0
    SLICE_X125Y81        LUT6 (Prop_lut6_I5_O)        0.124    17.641 r  datapath/video_inst/Inst_vga/dc_bias[0]_i_335/O
                         net (fo=1, routed)           0.151    17.792    datapath/video_inst/Inst_vga/dc_bias[0]_i_335_n_0
    SLICE_X125Y81        LUT6 (Prop_lut6_I3_O)        0.124    17.916 r  datapath/video_inst/Inst_vga/dc_bias[0]_i_220__0/O
                         net (fo=1, routed)           0.431    18.347    datapath/video_inst/Inst_vga/dc_bias[0]_i_220__0_n_0
    SLICE_X125Y82        LUT6 (Prop_lut6_I0_O)        0.124    18.471 f  datapath/video_inst/Inst_vga/dc_bias[0]_i_151/O
                         net (fo=1, routed)           0.433    18.905    datapath/video_inst/Inst_vga/dc_bias[0]_i_151_n_0
    SLICE_X125Y84        LUT6 (Prop_lut6_I1_O)        0.124    19.029 f  datapath/video_inst/Inst_vga/dc_bias[0]_i_103/O
                         net (fo=7, routed)           0.760    19.789    datapath/video_inst/Inst_vga/dc_bias[0]_i_103_n_0
    SLICE_X125Y87        LUT4 (Prop_lut4_I3_O)        0.150    19.939 f  datapath/video_inst/Inst_vga/dc_bias[0]_i_115__0/O
                         net (fo=1, routed)           0.690    20.629    datapath/video_inst/Inst_vga/dc_bias[0]_i_115__0_n_0
    SLICE_X125Y89        LUT6 (Prop_lut6_I0_O)        0.326    20.955 r  datapath/video_inst/Inst_vga/dc_bias[0]_i_65/O
                         net (fo=7, routed)           1.304    22.259    datapath/video_inst/Inst_vga/dc_bias[0]_i_65_n_0
    SLICE_X127Y100       LUT5 (Prop_lut5_I4_O)        0.152    22.411 r  datapath/video_inst/Inst_vga/dc_bias[0]_i_70__0/O
                         net (fo=10, routed)          0.569    22.980    datapath/video_inst/Inst_vga/dc_bias[0]_i_70__0_n_0
    SLICE_X126Y100       LUT6 (Prop_lut6_I5_O)        0.332    23.312 f  datapath/video_inst/Inst_vga/dc_bias[0]_i_23__0/O
                         net (fo=8, routed)           1.009    24.321    datapath/video_inst/Inst_vga/dc_bias[0]_i_23__0_n_0
    SLICE_X129Y102       LUT3 (Prop_lut3_I1_O)        0.124    24.445 f  datapath/video_inst/Inst_vga/encoded[1]_i_10__0/O
                         net (fo=4, routed)           0.463    24.908    datapath/video_inst/Inst_vga/encoded[1]_i_10__0_n_0
    SLICE_X126Y101       LUT5 (Prop_lut5_I4_O)        0.124    25.032 r  datapath/video_inst/Inst_vga/dc_bias[0]_i_28/O
                         net (fo=5, routed)           0.763    25.796    datapath/video_inst/Inst_vga/dc_bias[0]_i_28_n_0
    SLICE_X129Y103       LUT4 (Prop_lut4_I3_O)        0.150    25.946 f  datapath/video_inst/Inst_vga/encoded[7]_i_9__1/O
                         net (fo=1, routed)           0.794    26.740    datapath/video_inst/Inst_vga/Inst_scopeFace/doodlehundreds/encoded[5]_i_6__0_0
    SLICE_X130Y103       LUT4 (Prop_lut4_I1_O)        0.354    27.094 r  datapath/video_inst/Inst_vga/Inst_scopeFace/doodlehundreds/encoded[7]_i_8__0/O
                         net (fo=2, routed)           0.583    27.676    datapath/video_inst/Inst_vga/Inst_scopeFace/doodlehundreds/encoded[7]_i_8__0_n_0
    SLICE_X127Y104       LUT6 (Prop_lut6_I3_O)        0.326    28.002 r  datapath/video_inst/Inst_vga/Inst_scopeFace/doodlehundreds/encoded[5]_i_6__0/O
                         net (fo=20, routed)          0.801    28.803    datapath/video_inst/Inst_vga/Inst_scopeFace/doodlethousands/blue[1]
    SLICE_X126Y107       LUT3 (Prop_lut3_I2_O)        0.150    28.953 r  datapath/video_inst/Inst_vga/Inst_scopeFace/doodlethousands/dc_bias[0]_i_13__1/O
                         net (fo=4, routed)           0.468    29.421    datapath/video_inst/Inst_vga/Inst_scopeFace/doodlehundreds/encoded_reg[0]_4
    SLICE_X126Y107       LUT5 (Prop_lut5_I3_O)        0.326    29.747 r  datapath/video_inst/Inst_vga/Inst_scopeFace/doodlehundreds/dc_bias[0]_i_3__1/O
                         net (fo=44, routed)          0.734    30.481    datapath/video_inst/Inst_vga/Inst_scopeFace/doodleDigits/encoded_reg[6]
    SLICE_X126Y108       LUT3 (Prop_lut3_I2_O)        0.124    30.605 r  datapath/video_inst/Inst_vga/Inst_scopeFace/doodleDigits/dc_bias[1]_i_7/O
                         net (fo=7, routed)           1.045    31.650    datapath/video_inst/Inst_vga/Inst_scopeFace/doodleDigits/R2_in
    SLICE_X124Y109       LUT6 (Prop_lut6_I1_O)        0.124    31.774 r  datapath/video_inst/Inst_vga/Inst_scopeFace/doodleDigits/dc_bias[3]_i_24__1/O
                         net (fo=2, routed)           0.681    32.455    datapath/video_inst/Inst_vga/Inst_scopeFace/doodleDigits/dc_bias[3]_i_24__1_n_0
    SLICE_X124Y109       LUT6 (Prop_lut6_I0_O)        0.124    32.579 r  datapath/video_inst/Inst_vga/Inst_scopeFace/doodleDigits/dc_bias[3]_i_15__0/O
                         net (fo=1, routed)           0.290    32.869    datapath/video_inst/inst_dvid/TDMS_encoder_blue/eqOp__4
    SLICE_X125Y108       LUT5 (Prop_lut5_I4_O)        0.124    32.993 r  datapath/video_inst/inst_dvid/TDMS_encoder_blue/dc_bias[3]_i_6__0/O
                         net (fo=13, routed)          0.651    33.644    datapath/video_inst/Inst_vga/Inst_scopeFace/doodlehundreds/encoded12_out_3
    SLICE_X124Y106       LUT6 (Prop_lut6_I4_O)        0.124    33.768 r  datapath/video_inst/Inst_vga/Inst_scopeFace/doodlehundreds/dc_bias[0]_i_1/O
                         net (fo=1, routed)           0.000    33.768    datapath/video_inst/inst_dvid/TDMS_encoder_blue/dc_bias_reg[3]_0[0]
    SLICE_X124Y106       FDRE                                         r  datapath/video_inst/inst_dvid/TDMS_encoder_blue/dc_bias_reg[0]/D
  -------------------------------------------------------------------    -------------------

                         (clock clk_out1_clk_wiz_0 rise edge)
                                                     40.000    40.000 r  
    BUFGCTRL_X0Y2        BUFG                         0.000    40.000 r  clk_IBUF_BUFG_inst/O
                         net (fo=518, routed)         1.643    41.643    datapath/video_inst/mmcm_adv_inst_display_clocks/inst/clk_in1
    MMCME2_ADV_X0Y2      MMCME2_ADV (Prop_mmcme2_adv_CLKIN1_CLKOUT0)
                                                     -3.494    38.149 r  datapath/video_inst/mmcm_adv_inst_display_clocks/inst/mmcm_adv_inst/CLKOUT0
                         net (fo=1, routed)           1.760    39.909    datapath/video_inst/mmcm_adv_inst_display_clocks/inst/clk_out1_clk_wiz_0
    BUFGCTRL_X0Y3        BUFG (Prop_bufg_I_O)         0.091    40.000 r  datapath/video_inst/mmcm_adv_inst_display_clocks/inst/clkout1_buf/O
                         net (fo=132, routed)         1.569    41.569    datapath/video_inst/inst_dvid/TDMS_encoder_blue/clk_out1
    SLICE_X124Y106       FDRE                                         r  datapath/video_inst/inst_dvid/TDMS_encoder_blue/dc_bias_reg[0]/C
                         clock pessimism              0.008    41.577    
                         clock uncertainty           -0.095    41.483    
    SLICE_X124Y106       FDRE (Setup_fdre_C_D)        0.077    41.560    datapath/video_inst/inst_dvid/TDMS_encoder_blue/dc_bias_reg[0]
  -------------------------------------------------------------------
                         required time                         41.560    
                         arrival time                         -33.768    
  -------------------------------------------------------------------
                         slack                                  7.792    

Slack (MET) :             7.861ns  (required time - arrival time)
  Source:                 datapath/video_inst/Inst_vga/v_count_reg[0]_rep__2/C
                            (rising edge-triggered cell FDRE clocked by clk_out1_clk_wiz_0  {rise@0.000ns fall@20.000ns period=40.000ns})
  Destination:            datapath/video_inst/inst_dvid/TDMS_encoder_blue/encoded_reg[5]/D
                            (rising edge-triggered cell FDRE clocked by clk_out1_clk_wiz_0  {rise@0.000ns fall@20.000ns period=40.000ns})
  Path Group:             clk_out1_clk_wiz_0
  Path Type:              Setup (Max at Slow Process Corner)
  Requirement:            40.000ns  (clk_out1_clk_wiz_0 rise@40.000ns - clk_out1_clk_wiz_0 rise@0.000ns)
  Data Path Delay:        31.793ns  (logic 7.566ns (23.798%)  route 24.227ns (76.202%))
  Logic Levels:           35  (CARRY4=3 LUT2=1 LUT3=4 LUT4=4 LUT5=5 LUT6=18)
  Clock Path Skew:        -0.281ns (DCD - SCD + CPR)
    Destination Clock Delay (DCD):    1.569ns = ( 41.569 - 40.000 ) 
    Source Clock Delay      (SCD):    1.858ns
    Clock Pessimism Removal (CPR):    0.008ns
  Clock Uncertainty:      0.095ns  ((TSJ^2 + DJ^2)^1/2) / 2 + PE
    Total System Jitter     (TSJ):    0.071ns
    Discrete Jitter          (DJ):    0.175ns
    Phase Error              (PE):    0.000ns

    Location             Delay type                Incr(ns)  Path(ns)    Netlist Resource(s)
  -------------------------------------------------------------------    -------------------
                         (clock clk_out1_clk_wiz_0 rise edge)
                                                      0.000     0.000 r  
    BUFGCTRL_X0Y2        BUFG                         0.000     0.000 r  clk_IBUF_BUFG_inst/O
                         net (fo=518, routed)         1.761     1.761    datapath/video_inst/mmcm_adv_inst_display_clocks/inst/clk_in1
    MMCME2_ADV_X0Y2      MMCME2_ADV (Prop_mmcme2_adv_CLKIN1_CLKOUT0)
                                                     -3.701    -1.939 r  datapath/video_inst/mmcm_adv_inst_display_clocks/inst/mmcm_adv_inst/CLKOUT0
                         net (fo=1, routed)           1.843    -0.096    datapath/video_inst/mmcm_adv_inst_display_clocks/inst/clk_out1_clk_wiz_0
    BUFGCTRL_X0Y3        BUFG (Prop_bufg_I_O)         0.096    -0.000 r  datapath/video_inst/mmcm_adv_inst_display_clocks/inst/clkout1_buf/O
                         net (fo=132, routed)         1.858     1.858    datapath/video_inst/Inst_vga/clk_out1
    SLICE_X110Y99        FDRE                                         r  datapath/video_inst/Inst_vga/v_count_reg[0]_rep__2/C
  -------------------------------------------------------------------    -------------------
    SLICE_X110Y99        FDRE (Prop_fdre_C_Q)         0.419     2.277 r  datapath/video_inst/Inst_vga/v_count_reg[0]_rep__2/Q
                         net (fo=111, routed)         0.591     2.868    datapath/video_inst/Inst_vga/v_count_reg[0]_rep__2_n_0
    SLICE_X115Y99        CARRY4 (Prop_carry4_DI[0]_O[1])
                                                      0.582     3.450 r  datapath/video_inst/Inst_vga/g0_b0_i_1__1/O[1]
                         net (fo=182, routed)         2.060     5.511    datapath/video_inst/Inst_vga/pix_classifer/jetpackAndDoodle[0][0]11_out[1]
    SLICE_X103Y88        LUT6 (Prop_lut6_I1_O)        0.303     5.814 f  datapath/video_inst/Inst_vga/g0_b0__49/O
                         net (fo=1, routed)           0.402     6.216    datapath/video_inst/Inst_vga/g0_b0__49_n_0
    SLICE_X103Y88        LUT3 (Prop_lut3_I2_O)        0.124     6.340 r  datapath/video_inst/Inst_vga/g0_b0_i_941/O
                         net (fo=1, routed)           0.620     6.960    datapath/video_inst/Inst_vga/g0_b0_i_941_n_0
    SLICE_X103Y89        LUT6 (Prop_lut6_I3_O)        0.124     7.084 r  datapath/video_inst/Inst_vga/g0_b0_i_671/O
                         net (fo=1, routed)           0.775     7.859    datapath/video_inst/Inst_vga/g0_b0_i_671_n_0
    SLICE_X106Y89        LUT5 (Prop_lut5_I1_O)        0.124     7.983 f  datapath/video_inst/Inst_vga/g0_b0_i_402/O
                         net (fo=1, routed)           0.808     8.791    datapath/video_inst/Inst_vga/g0_b0_i_402_n_0
    SLICE_X107Y90        LUT6 (Prop_lut6_I2_O)        0.124     8.915 f  datapath/video_inst/Inst_vga/g0_b0_i_197/O
                         net (fo=1, routed)           0.933     9.847    datapath/video_inst/Inst_vga/g0_b0_i_197_n_0
    SLICE_X108Y95        LUT6 (Prop_lut6_I5_O)        0.124     9.971 r  datapath/video_inst/Inst_vga/g0_b0_i_72/O
                         net (fo=5, routed)           0.445    10.416    datapath/video_inst/Inst_vga/g0_b0_i_72_n_0
    SLICE_X111Y94        LUT6 (Prop_lut6_I0_O)        0.124    10.540 f  datapath/video_inst/Inst_vga/g0_b2_i_19/O
                         net (fo=1, routed)           0.749    11.289    datapath/video_inst/Inst_vga/g0_b2_i_19_n_0
    SLICE_X111Y99        LUT6 (Prop_lut6_I2_O)        0.124    11.413 f  datapath/video_inst/Inst_vga/g0_b2_i_9/O
                         net (fo=11, routed)          0.844    12.257    datapath/video_inst/Inst_vga/g0_b2_i_9_n_0
    SLICE_X113Y104       LUT6 (Prop_lut6_I0_O)        0.124    12.381 r  datapath/video_inst/Inst_vga/g0_b2_i_5/O
                         net (fo=16, routed)          0.644    13.026    datapath/video_inst/Inst_vga/pixel_type[row][1]
    SLICE_X116Y100       LUT2 (Prop_lut2_I1_O)        0.124    13.150 r  datapath/video_inst/Inst_vga/g0_b0_i_5__2/O
                         net (fo=1, routed)           0.000    13.150    datapath/video_inst/Inst_vga/g0_b0_i_5__2_n_0
    SLICE_X116Y100       CARRY4 (Prop_carry4_S[1]_CO[3])
                                                      0.533    13.683 r  datapath/video_inst/Inst_vga/g0_b0_i_1/CO[3]
                         net (fo=1, routed)           0.000    13.683    datapath/video_inst/Inst_vga/g0_b0_i_1_n_0
    SLICE_X116Y101       CARRY4 (Prop_carry4_CI_O[1])
                                                      0.323    14.006 r  datapath/video_inst/Inst_vga/g0_b0_i_2/O[1]
                         net (fo=312, routed)         1.967    15.973    datapath/video_inst/Inst_vga/doodle_right[0][1]10_out[5]
    SLICE_X126Y80        LUT4 (Prop_lut4_I0_O)        0.334    16.307 f  datapath/video_inst/Inst_vga/dc_bias[0]_i_347/O
                         net (fo=2, routed)           0.621    16.928    datapath/video_inst/Inst_vga/dc_bias[0]_i_347_n_0
    SLICE_X125Y81        LUT6 (Prop_lut6_I1_O)        0.326    17.254 f  datapath/video_inst/Inst_vga/dc_bias[0]_i_421/O
                         net (fo=1, routed)           0.263    17.517    datapath/video_inst/Inst_vga/dc_bias[0]_i_421_n_0
    SLICE_X125Y81        LUT6 (Prop_lut6_I5_O)        0.124    17.641 r  datapath/video_inst/Inst_vga/dc_bias[0]_i_335/O
                         net (fo=1, routed)           0.151    17.792    datapath/video_inst/Inst_vga/dc_bias[0]_i_335_n_0
    SLICE_X125Y81        LUT6 (Prop_lut6_I3_O)        0.124    17.916 r  datapath/video_inst/Inst_vga/dc_bias[0]_i_220__0/O
                         net (fo=1, routed)           0.431    18.347    datapath/video_inst/Inst_vga/dc_bias[0]_i_220__0_n_0
    SLICE_X125Y82        LUT6 (Prop_lut6_I0_O)        0.124    18.471 f  datapath/video_inst/Inst_vga/dc_bias[0]_i_151/O
                         net (fo=1, routed)           0.433    18.905    datapath/video_inst/Inst_vga/dc_bias[0]_i_151_n_0
    SLICE_X125Y84        LUT6 (Prop_lut6_I1_O)        0.124    19.029 f  datapath/video_inst/Inst_vga/dc_bias[0]_i_103/O
                         net (fo=7, routed)           0.760    19.789    datapath/video_inst/Inst_vga/dc_bias[0]_i_103_n_0
    SLICE_X125Y87        LUT4 (Prop_lut4_I3_O)        0.150    19.939 f  datapath/video_inst/Inst_vga/dc_bias[0]_i_115__0/O
                         net (fo=1, routed)           0.690    20.629    datapath/video_inst/Inst_vga/dc_bias[0]_i_115__0_n_0
    SLICE_X125Y89        LUT6 (Prop_lut6_I0_O)        0.326    20.955 r  datapath/video_inst/Inst_vga/dc_bias[0]_i_65/O
                         net (fo=7, routed)           1.304    22.259    datapath/video_inst/Inst_vga/dc_bias[0]_i_65_n_0
    SLICE_X127Y100       LUT5 (Prop_lut5_I4_O)        0.152    22.411 r  datapath/video_inst/Inst_vga/dc_bias[0]_i_70__0/O
                         net (fo=10, routed)          0.569    22.980    datapath/video_inst/Inst_vga/dc_bias[0]_i_70__0_n_0
    SLICE_X126Y100       LUT6 (Prop_lut6_I5_O)        0.332    23.312 f  datapath/video_inst/Inst_vga/dc_bias[0]_i_23__0/O
                         net (fo=8, routed)           1.009    24.321    datapath/video_inst/Inst_vga/dc_bias[0]_i_23__0_n_0
    SLICE_X129Y102       LUT3 (Prop_lut3_I1_O)        0.124    24.445 f  datapath/video_inst/Inst_vga/encoded[1]_i_10__0/O
                         net (fo=4, routed)           0.463    24.908    datapath/video_inst/Inst_vga/encoded[1]_i_10__0_n_0
    SLICE_X126Y101       LUT5 (Prop_lut5_I4_O)        0.124    25.032 r  datapath/video_inst/Inst_vga/dc_bias[0]_i_28/O
                         net (fo=5, routed)           0.763    25.796    datapath/video_inst/Inst_vga/dc_bias[0]_i_28_n_0
    SLICE_X129Y103       LUT4 (Prop_lut4_I3_O)        0.150    25.946 f  datapath/video_inst/Inst_vga/encoded[7]_i_9__1/O
                         net (fo=1, routed)           0.794    26.740    datapath/video_inst/Inst_vga/Inst_scopeFace/doodlehundreds/encoded[5]_i_6__0_0
    SLICE_X130Y103       LUT4 (Prop_lut4_I1_O)        0.354    27.094 r  datapath/video_inst/Inst_vga/Inst_scopeFace/doodlehundreds/encoded[7]_i_8__0/O
                         net (fo=2, routed)           0.583    27.676    datapath/video_inst/Inst_vga/Inst_scopeFace/doodlehundreds/encoded[7]_i_8__0_n_0
    SLICE_X127Y104       LUT6 (Prop_lut6_I3_O)        0.326    28.002 r  datapath/video_inst/Inst_vga/Inst_scopeFace/doodlehundreds/encoded[5]_i_6__0/O
                         net (fo=20, routed)          0.801    28.803    datapath/video_inst/Inst_vga/Inst_scopeFace/doodlethousands/blue[1]
    SLICE_X126Y107       LUT3 (Prop_lut3_I2_O)        0.150    28.953 r  datapath/video_inst/Inst_vga/Inst_scopeFace/doodlethousands/dc_bias[0]_i_13__1/O
                         net (fo=4, routed)           0.468    29.421    datapath/video_inst/Inst_vga/Inst_scopeFace/doodlehundreds/encoded_reg[0]_4
    SLICE_X126Y107       LUT5 (Prop_lut5_I3_O)        0.326    29.747 r  datapath/video_inst/Inst_vga/Inst_scopeFace/doodlehundreds/dc_bias[0]_i_3__1/O
                         net (fo=44, routed)          0.734    30.481    datapath/video_inst/Inst_vga/Inst_scopeFace/doodleDigits/encoded_reg[6]
    SLICE_X126Y108       LUT3 (Prop_lut3_I2_O)        0.124    30.605 r  datapath/video_inst/Inst_vga/Inst_scopeFace/doodleDigits/dc_bias[1]_i_7/O
                         net (fo=7, routed)           1.045    31.650    datapath/video_inst/Inst_vga/Inst_scopeFace/doodleDigits/R2_in
    SLICE_X124Y109       LUT6 (Prop_lut6_I1_O)        0.124    31.774 r  datapath/video_inst/Inst_vga/Inst_scopeFace/doodleDigits/dc_bias[3]_i_24__1/O
                         net (fo=2, routed)           0.681    32.455    datapath/video_inst/Inst_vga/Inst_scopeFace/doodleDigits/dc_bias[3]_i_24__1_n_0
    SLICE_X124Y109       LUT6 (Prop_lut6_I0_O)        0.124    32.579 r  datapath/video_inst/Inst_vga/Inst_scopeFace/doodleDigits/dc_bias[3]_i_15__0/O
                         net (fo=1, routed)           0.290    32.869    datapath/video_inst/inst_dvid/TDMS_encoder_blue/eqOp__4
    SLICE_X125Y108       LUT5 (Prop_lut5_I4_O)        0.124    32.993 r  datapath/video_inst/inst_dvid/TDMS_encoder_blue/dc_bias[3]_i_6__0/O
                         net (fo=13, routed)          0.534    33.527    datapath/video_inst/Inst_vga/Inst_scopeFace/doodleDigits/encoded12_out_3
    SLICE_X129Y107       LUT6 (Prop_lut6_I4_O)        0.124    33.651 r  datapath/video_inst/Inst_vga/Inst_scopeFace/doodleDigits/encoded[5]_i_1/O
                         net (fo=1, routed)           0.000    33.651    datapath/video_inst/inst_dvid/TDMS_encoder_blue/encoded_reg[7]_0[5]
    SLICE_X129Y107       FDRE                                         r  datapath/video_inst/inst_dvid/TDMS_encoder_blue/encoded_reg[5]/D
  -------------------------------------------------------------------    -------------------

                         (clock clk_out1_clk_wiz_0 rise edge)
                                                     40.000    40.000 r  
    BUFGCTRL_X0Y2        BUFG                         0.000    40.000 r  clk_IBUF_BUFG_inst/O
                         net (fo=518, routed)         1.643    41.643    datapath/video_inst/mmcm_adv_inst_display_clocks/inst/clk_in1
    MMCME2_ADV_X0Y2      MMCME2_ADV (Prop_mmcme2_adv_CLKIN1_CLKOUT0)
                                                     -3.494    38.149 r  datapath/video_inst/mmcm_adv_inst_display_clocks/inst/mmcm_adv_inst/CLKOUT0
                         net (fo=1, routed)           1.760    39.909    datapath/video_inst/mmcm_adv_inst_display_clocks/inst/clk_out1_clk_wiz_0
    BUFGCTRL_X0Y3        BUFG (Prop_bufg_I_O)         0.091    40.000 r  datapath/video_inst/mmcm_adv_inst_display_clocks/inst/clkout1_buf/O
                         net (fo=132, routed)         1.569    41.569    datapath/video_inst/inst_dvid/TDMS_encoder_blue/clk_out1
    SLICE_X129Y107       FDRE                                         r  datapath/video_inst/inst_dvid/TDMS_encoder_blue/encoded_reg[5]/C
                         clock pessimism              0.008    41.577    
                         clock uncertainty           -0.095    41.483    
    SLICE_X129Y107       FDRE (Setup_fdre_C_D)        0.029    41.512    datapath/video_inst/inst_dvid/TDMS_encoder_blue/encoded_reg[5]
  -------------------------------------------------------------------
                         required time                         41.512    
                         arrival time                         -33.651    
  -------------------------------------------------------------------
                         slack                                  7.861    

Slack (MET) :             7.868ns  (required time - arrival time)
  Source:                 datapath/video_inst/Inst_vga/v_count_reg[0]_rep__2/C
                            (rising edge-triggered cell FDRE clocked by clk_out1_clk_wiz_0  {rise@0.000ns fall@20.000ns period=40.000ns})
  Destination:            datapath/video_inst/inst_dvid/TDMS_encoder_blue/encoded_reg[7]/D
                            (rising edge-triggered cell FDRE clocked by clk_out1_clk_wiz_0  {rise@0.000ns fall@20.000ns period=40.000ns})
  Path Group:             clk_out1_clk_wiz_0
  Path Type:              Setup (Max at Slow Process Corner)
  Requirement:            40.000ns  (clk_out1_clk_wiz_0 rise@40.000ns - clk_out1_clk_wiz_0 rise@0.000ns)
  Data Path Delay:        31.784ns  (logic 7.566ns (23.804%)  route 24.218ns (76.196%))
  Logic Levels:           35  (CARRY4=3 LUT2=1 LUT3=4 LUT4=4 LUT5=5 LUT6=18)
  Clock Path Skew:        -0.282ns (DCD - SCD + CPR)
    Destination Clock Delay (DCD):    1.568ns = ( 41.568 - 40.000 ) 
    Source Clock Delay      (SCD):    1.858ns
    Clock Pessimism Removal (CPR):    0.008ns
  Clock Uncertainty:      0.095ns  ((TSJ^2 + DJ^2)^1/2) / 2 + PE
    Total System Jitter     (TSJ):    0.071ns
    Discrete Jitter          (DJ):    0.175ns
    Phase Error              (PE):    0.000ns

    Location             Delay type                Incr(ns)  Path(ns)    Netlist Resource(s)
  -------------------------------------------------------------------    -------------------
                         (clock clk_out1_clk_wiz_0 rise edge)
                                                      0.000     0.000 r  
    BUFGCTRL_X0Y2        BUFG                         0.000     0.000 r  clk_IBUF_BUFG_inst/O
                         net (fo=518, routed)         1.761     1.761    datapath/video_inst/mmcm_adv_inst_display_clocks/inst/clk_in1
    MMCME2_ADV_X0Y2      MMCME2_ADV (Prop_mmcme2_adv_CLKIN1_CLKOUT0)
                                                     -3.701    -1.939 r  datapath/video_inst/mmcm_adv_inst_display_clocks/inst/mmcm_adv_inst/CLKOUT0
                         net (fo=1, routed)           1.843    -0.096    datapath/video_inst/mmcm_adv_inst_display_clocks/inst/clk_out1_clk_wiz_0
    BUFGCTRL_X0Y3        BUFG (Prop_bufg_I_O)         0.096    -0.000 r  datapath/video_inst/mmcm_adv_inst_display_clocks/inst/clkout1_buf/O
                         net (fo=132, routed)         1.858     1.858    datapath/video_inst/Inst_vga/clk_out1
    SLICE_X110Y99        FDRE                                         r  datapath/video_inst/Inst_vga/v_count_reg[0]_rep__2/C
  -------------------------------------------------------------------    -------------------
    SLICE_X110Y99        FDRE (Prop_fdre_C_Q)         0.419     2.277 r  datapath/video_inst/Inst_vga/v_count_reg[0]_rep__2/Q
                         net (fo=111, routed)         0.591     2.868    datapath/video_inst/Inst_vga/v_count_reg[0]_rep__2_n_0
    SLICE_X115Y99        CARRY4 (Prop_carry4_DI[0]_O[1])
                                                      0.582     3.450 r  datapath/video_inst/Inst_vga/g0_b0_i_1__1/O[1]
                         net (fo=182, routed)         2.060     5.511    datapath/video_inst/Inst_vga/pix_classifer/jetpackAndDoodle[0][0]11_out[1]
    SLICE_X103Y88        LUT6 (Prop_lut6_I1_O)        0.303     5.814 f  datapath/video_inst/Inst_vga/g0_b0__49/O
                         net (fo=1, routed)           0.402     6.216    datapath/video_inst/Inst_vga/g0_b0__49_n_0
    SLICE_X103Y88        LUT3 (Prop_lut3_I2_O)        0.124     6.340 r  datapath/video_inst/Inst_vga/g0_b0_i_941/O
                         net (fo=1, routed)           0.620     6.960    datapath/video_inst/Inst_vga/g0_b0_i_941_n_0
    SLICE_X103Y89        LUT6 (Prop_lut6_I3_O)        0.124     7.084 r  datapath/video_inst/Inst_vga/g0_b0_i_671/O
                         net (fo=1, routed)           0.775     7.859    datapath/video_inst/Inst_vga/g0_b0_i_671_n_0
    SLICE_X106Y89        LUT5 (Prop_lut5_I1_O)        0.124     7.983 f  datapath/video_inst/Inst_vga/g0_b0_i_402/O
                         net (fo=1, routed)           0.808     8.791    datapath/video_inst/Inst_vga/g0_b0_i_402_n_0
    SLICE_X107Y90        LUT6 (Prop_lut6_I2_O)        0.124     8.915 f  datapath/video_inst/Inst_vga/g0_b0_i_197/O
                         net (fo=1, routed)           0.933     9.847    datapath/video_inst/Inst_vga/g0_b0_i_197_n_0
    SLICE_X108Y95        LUT6 (Prop_lut6_I5_O)        0.124     9.971 r  datapath/video_inst/Inst_vga/g0_b0_i_72/O
                         net (fo=5, routed)           0.445    10.416    datapath/video_inst/Inst_vga/g0_b0_i_72_n_0
    SLICE_X111Y94        LUT6 (Prop_lut6_I0_O)        0.124    10.540 f  datapath/video_inst/Inst_vga/g0_b2_i_19/O
                         net (fo=1, routed)           0.749    11.289    datapath/video_inst/Inst_vga/g0_b2_i_19_n_0
    SLICE_X111Y99        LUT6 (Prop_lut6_I2_O)        0.124    11.413 f  datapath/video_inst/Inst_vga/g0_b2_i_9/O
                         net (fo=11, routed)          0.844    12.257    datapath/video_inst/Inst_vga/g0_b2_i_9_n_0
    SLICE_X113Y104       LUT6 (Prop_lut6_I0_O)        0.124    12.381 r  datapath/video_inst/Inst_vga/g0_b2_i_5/O
                         net (fo=16, routed)          0.644    13.026    datapath/video_inst/Inst_vga/pixel_type[row][1]
    SLICE_X116Y100       LUT2 (Prop_lut2_I1_O)        0.124    13.150 r  datapath/video_inst/Inst_vga/g0_b0_i_5__2/O
                         net (fo=1, routed)           0.000    13.150    datapath/video_inst/Inst_vga/g0_b0_i_5__2_n_0
    SLICE_X116Y100       CARRY4 (Prop_carry4_S[1]_CO[3])
                                                      0.533    13.683 r  datapath/video_inst/Inst_vga/g0_b0_i_1/CO[3]
                         net (fo=1, routed)           0.000    13.683    datapath/video_inst/Inst_vga/g0_b0_i_1_n_0
    SLICE_X116Y101       CARRY4 (Prop_carry4_CI_O[1])
                                                      0.323    14.006 r  datapath/video_inst/Inst_vga/g0_b0_i_2/O[1]
                         net (fo=312, routed)         1.967    15.973    datapath/video_inst/Inst_vga/doodle_right[0][1]10_out[5]
    SLICE_X126Y80        LUT4 (Prop_lut4_I0_O)        0.334    16.307 f  datapath/video_inst/Inst_vga/dc_bias[0]_i_347/O
                         net (fo=2, routed)           0.621    16.928    datapath/video_inst/Inst_vga/dc_bias[0]_i_347_n_0
    SLICE_X125Y81        LUT6 (Prop_lut6_I1_O)        0.326    17.254 f  datapath/video_inst/Inst_vga/dc_bias[0]_i_421/O
                         net (fo=1, routed)           0.263    17.517    datapath/video_inst/Inst_vga/dc_bias[0]_i_421_n_0
    SLICE_X125Y81        LUT6 (Prop_lut6_I5_O)        0.124    17.641 r  datapath/video_inst/Inst_vga/dc_bias[0]_i_335/O
                         net (fo=1, routed)           0.151    17.792    datapath/video_inst/Inst_vga/dc_bias[0]_i_335_n_0
    SLICE_X125Y81        LUT6 (Prop_lut6_I3_O)        0.124    17.916 r  datapath/video_inst/Inst_vga/dc_bias[0]_i_220__0/O
                         net (fo=1, routed)           0.431    18.347    datapath/video_inst/Inst_vga/dc_bias[0]_i_220__0_n_0
    SLICE_X125Y82        LUT6 (Prop_lut6_I0_O)        0.124    18.471 f  datapath/video_inst/Inst_vga/dc_bias[0]_i_151/O
                         net (fo=1, routed)           0.433    18.905    datapath/video_inst/Inst_vga/dc_bias[0]_i_151_n_0
    SLICE_X125Y84        LUT6 (Prop_lut6_I1_O)        0.124    19.029 f  datapath/video_inst/Inst_vga/dc_bias[0]_i_103/O
                         net (fo=7, routed)           0.760    19.789    datapath/video_inst/Inst_vga/dc_bias[0]_i_103_n_0
    SLICE_X125Y87        LUT4 (Prop_lut4_I3_O)        0.150    19.939 f  datapath/video_inst/Inst_vga/dc_bias[0]_i_115__0/O
                         net (fo=1, routed)           0.690    20.629    datapath/video_inst/Inst_vga/dc_bias[0]_i_115__0_n_0
    SLICE_X125Y89        LUT6 (Prop_lut6_I0_O)        0.326    20.955 r  datapath/video_inst/Inst_vga/dc_bias[0]_i_65/O
                         net (fo=7, routed)           1.304    22.259    datapath/video_inst/Inst_vga/dc_bias[0]_i_65_n_0
    SLICE_X127Y100       LUT5 (Prop_lut5_I4_O)        0.152    22.411 r  datapath/video_inst/Inst_vga/dc_bias[0]_i_70__0/O
                         net (fo=10, routed)          0.569    22.980    datapath/video_inst/Inst_vga/dc_bias[0]_i_70__0_n_0
    SLICE_X126Y100       LUT6 (Prop_lut6_I5_O)        0.332    23.312 f  datapath/video_inst/Inst_vga/dc_bias[0]_i_23__0/O
                         net (fo=8, routed)           1.009    24.321    datapath/video_inst/Inst_vga/dc_bias[0]_i_23__0_n_0
    SLICE_X129Y102       LUT3 (Prop_lut3_I1_O)        0.124    24.445 f  datapath/video_inst/Inst_vga/encoded[1]_i_10__0/O
                         net (fo=4, routed)           0.463    24.908    datapath/video_inst/Inst_vga/encoded[1]_i_10__0_n_0
    SLICE_X126Y101       LUT5 (Prop_lut5_I4_O)        0.124    25.032 r  datapath/video_inst/Inst_vga/dc_bias[0]_i_28/O
                         net (fo=5, routed)           0.763    25.796    datapath/video_inst/Inst_vga/dc_bias[0]_i_28_n_0
    SLICE_X129Y103       LUT4 (Prop_lut4_I3_O)        0.150    25.946 f  datapath/video_inst/Inst_vga/encoded[7]_i_9__1/O
                         net (fo=1, routed)           0.794    26.740    datapath/video_inst/Inst_vga/Inst_scopeFace/doodlehundreds/encoded[5]_i_6__0_0
    SLICE_X130Y103       LUT4 (Prop_lut4_I1_O)        0.354    27.094 r  datapath/video_inst/Inst_vga/Inst_scopeFace/doodlehundreds/encoded[7]_i_8__0/O
                         net (fo=2, routed)           0.583    27.676    datapath/video_inst/Inst_vga/Inst_scopeFace/doodlehundreds/encoded[7]_i_8__0_n_0
    SLICE_X127Y104       LUT6 (Prop_lut6_I3_O)        0.326    28.002 r  datapath/video_inst/Inst_vga/Inst_scopeFace/doodlehundreds/encoded[5]_i_6__0/O
                         net (fo=20, routed)          0.801    28.803    datapath/video_inst/Inst_vga/Inst_scopeFace/doodlethousands/blue[1]
    SLICE_X126Y107       LUT3 (Prop_lut3_I2_O)        0.150    28.953 r  datapath/video_inst/Inst_vga/Inst_scopeFace/doodlethousands/dc_bias[0]_i_13__1/O
                         net (fo=4, routed)           0.468    29.421    datapath/video_inst/Inst_vga/Inst_scopeFace/doodlehundreds/encoded_reg[0]_4
    SLICE_X126Y107       LUT5 (Prop_lut5_I3_O)        0.326    29.747 r  datapath/video_inst/Inst_vga/Inst_scopeFace/doodlehundreds/dc_bias[0]_i_3__1/O
                         net (fo=44, routed)          0.734    30.481    datapath/video_inst/Inst_vga/Inst_scopeFace/doodleDigits/encoded_reg[6]
    SLICE_X126Y108       LUT3 (Prop_lut3_I2_O)        0.124    30.605 r  datapath/video_inst/Inst_vga/Inst_scopeFace/doodleDigits/dc_bias[1]_i_7/O
                         net (fo=7, routed)           1.045    31.650    datapath/video_inst/Inst_vga/Inst_scopeFace/doodleDigits/R2_in
    SLICE_X124Y109       LUT6 (Prop_lut6_I1_O)        0.124    31.774 r  datapath/video_inst/Inst_vga/Inst_scopeFace/doodleDigits/dc_bias[3]_i_24__1/O
                         net (fo=2, routed)           0.681    32.455    datapath/video_inst/Inst_vga/Inst_scopeFace/doodleDigits/dc_bias[3]_i_24__1_n_0
    SLICE_X124Y109       LUT6 (Prop_lut6_I0_O)        0.124    32.579 r  datapath/video_inst/Inst_vga/Inst_scopeFace/doodleDigits/dc_bias[3]_i_15__0/O
                         net (fo=1, routed)           0.290    32.869    datapath/video_inst/inst_dvid/TDMS_encoder_blue/eqOp__4
    SLICE_X125Y108       LUT5 (Prop_lut5_I4_O)        0.124    32.993 r  datapath/video_inst/inst_dvid/TDMS_encoder_blue/dc_bias[3]_i_6__0/O
                         net (fo=13, routed)          0.525    33.518    datapath/video_inst/Inst_vga/Inst_scopeFace/doodlehundreds/encoded12_out_3
    SLICE_X126Y108       LUT6 (Prop_lut6_I4_O)        0.124    33.642 r  datapath/video_inst/Inst_vga/Inst_scopeFace/doodlehundreds/encoded[7]_i_1/O
                         net (fo=1, routed)           0.000    33.642    datapath/video_inst/inst_dvid/TDMS_encoder_blue/encoded_reg[7]_0[7]
    SLICE_X126Y108       FDRE                                         r  datapath/video_inst/inst_dvid/TDMS_encoder_blue/encoded_reg[7]/D
  -------------------------------------------------------------------    -------------------

                         (clock clk_out1_clk_wiz_0 rise edge)
                                                     40.000    40.000 r  
    BUFGCTRL_X0Y2        BUFG                         0.000    40.000 r  clk_IBUF_BUFG_inst/O
                         net (fo=518, routed)         1.643    41.643    datapath/video_inst/mmcm_adv_inst_display_clocks/inst/clk_in1
    MMCME2_ADV_X0Y2      MMCME2_ADV (Prop_mmcme2_adv_CLKIN1_CLKOUT0)
                                                     -3.494    38.149 r  datapath/video_inst/mmcm_adv_inst_display_clocks/inst/mmcm_adv_inst/CLKOUT0
                         net (fo=1, routed)           1.760    39.909    datapath/video_inst/mmcm_adv_inst_display_clocks/inst/clk_out1_clk_wiz_0
    BUFGCTRL_X0Y3        BUFG (Prop_bufg_I_O)         0.091    40.000 r  datapath/video_inst/mmcm_adv_inst_display_clocks/inst/clkout1_buf/O
                         net (fo=132, routed)         1.568    41.568    datapath/video_inst/inst_dvid/TDMS_encoder_blue/clk_out1
    SLICE_X126Y108       FDRE                                         r  datapath/video_inst/inst_dvid/TDMS_encoder_blue/encoded_reg[7]/C
                         clock pessimism              0.008    41.576    
                         clock uncertainty           -0.095    41.482    
    SLICE_X126Y108       FDRE (Setup_fdre_C_D)        0.029    41.511    datapath/video_inst/inst_dvid/TDMS_encoder_blue/encoded_reg[7]
  -------------------------------------------------------------------
                         required time                         41.511    
                         arrival time                         -33.642    
  -------------------------------------------------------------------
                         slack                                  7.868    

Slack (MET) :             7.875ns  (required time - arrival time)
  Source:                 datapath/video_inst/Inst_vga/v_count_reg[0]_rep__2/C
                            (rising edge-triggered cell FDRE clocked by clk_out1_clk_wiz_0  {rise@0.000ns fall@20.000ns period=40.000ns})
  Destination:            datapath/video_inst/inst_dvid/TDMS_encoder_blue/encoded_reg[6]/D
                            (rising edge-triggered cell FDRE clocked by clk_out1_clk_wiz_0  {rise@0.000ns fall@20.000ns period=40.000ns})
  Path Group:             clk_out1_clk_wiz_0
  Path Type:              Setup (Max at Slow Process Corner)
  Requirement:            40.000ns  (clk_out1_clk_wiz_0 rise@40.000ns - clk_out1_clk_wiz_0 rise@0.000ns)
  Data Path Delay:        31.778ns  (logic 7.566ns (23.809%)  route 24.212ns (76.191%))
  Logic Levels:           35  (CARRY4=3 LUT2=1 LUT3=4 LUT4=4 LUT5=5 LUT6=18)
  Clock Path Skew:        -0.282ns (DCD - SCD + CPR)
    Destination Clock Delay (DCD):    1.568ns = ( 41.568 - 40.000 ) 
    Source Clock Delay      (SCD):    1.858ns
    Clock Pessimism Removal (CPR):    0.008ns
  Clock Uncertainty:      0.095ns  ((TSJ^2 + DJ^2)^1/2) / 2 + PE
    Total System Jitter     (TSJ):    0.071ns
    Discrete Jitter          (DJ):    0.175ns
    Phase Error              (PE):    0.000ns

    Location             Delay type                Incr(ns)  Path(ns)    Netlist Resource(s)
  -------------------------------------------------------------------    -------------------
                         (clock clk_out1_clk_wiz_0 rise edge)
                                                      0.000     0.000 r  
    BUFGCTRL_X0Y2        BUFG                         0.000     0.000 r  clk_IBUF_BUFG_inst/O
                         net (fo=518, routed)         1.761     1.761    datapath/video_inst/mmcm_adv_inst_display_clocks/inst/clk_in1
    MMCME2_ADV_X0Y2      MMCME2_ADV (Prop_mmcme2_adv_CLKIN1_CLKOUT0)
                                                     -3.701    -1.939 r  datapath/video_inst/mmcm_adv_inst_display_clocks/inst/mmcm_adv_inst/CLKOUT0
                         net (fo=1, routed)           1.843    -0.096    datapath/video_inst/mmcm_adv_inst_display_clocks/inst/clk_out1_clk_wiz_0
    BUFGCTRL_X0Y3        BUFG (Prop_bufg_I_O)         0.096    -0.000 r  datapath/video_inst/mmcm_adv_inst_display_clocks/inst/clkout1_buf/O
                         net (fo=132, routed)         1.858     1.858    datapath/video_inst/Inst_vga/clk_out1
    SLICE_X110Y99        FDRE                                         r  datapath/video_inst/Inst_vga/v_count_reg[0]_rep__2/C
  -------------------------------------------------------------------    -------------------
    SLICE_X110Y99        FDRE (Prop_fdre_C_Q)         0.419     2.277 r  datapath/video_inst/Inst_vga/v_count_reg[0]_rep__2/Q
                         net (fo=111, routed)         0.591     2.868    datapath/video_inst/Inst_vga/v_count_reg[0]_rep__2_n_0
    SLICE_X115Y99        CARRY4 (Prop_carry4_DI[0]_O[1])
                                                      0.582     3.450 r  datapath/video_inst/Inst_vga/g0_b0_i_1__1/O[1]
                         net (fo=182, routed)         2.060     5.511    datapath/video_inst/Inst_vga/pix_classifer/jetpackAndDoodle[0][0]11_out[1]
    SLICE_X103Y88        LUT6 (Prop_lut6_I1_O)        0.303     5.814 f  datapath/video_inst/Inst_vga/g0_b0__49/O
                         net (fo=1, routed)           0.402     6.216    datapath/video_inst/Inst_vga/g0_b0__49_n_0
    SLICE_X103Y88        LUT3 (Prop_lut3_I2_O)        0.124     6.340 r  datapath/video_inst/Inst_vga/g0_b0_i_941/O
                         net (fo=1, routed)           0.620     6.960    datapath/video_inst/Inst_vga/g0_b0_i_941_n_0
    SLICE_X103Y89        LUT6 (Prop_lut6_I3_O)        0.124     7.084 r  datapath/video_inst/Inst_vga/g0_b0_i_671/O
                         net (fo=1, routed)           0.775     7.859    datapath/video_inst/Inst_vga/g0_b0_i_671_n_0
    SLICE_X106Y89        LUT5 (Prop_lut5_I1_O)        0.124     7.983 f  datapath/video_inst/Inst_vga/g0_b0_i_402/O
                         net (fo=1, routed)           0.808     8.791    datapath/video_inst/Inst_vga/g0_b0_i_402_n_0
    SLICE_X107Y90        LUT6 (Prop_lut6_I2_O)        0.124     8.915 f  datapath/video_inst/Inst_vga/g0_b0_i_197/O
                         net (fo=1, routed)           0.933     9.847    datapath/video_inst/Inst_vga/g0_b0_i_197_n_0
    SLICE_X108Y95        LUT6 (Prop_lut6_I5_O)        0.124     9.971 r  datapath/video_inst/Inst_vga/g0_b0_i_72/O
                         net (fo=5, routed)           0.445    10.416    datapath/video_inst/Inst_vga/g0_b0_i_72_n_0
    SLICE_X111Y94        LUT6 (Prop_lut6_I0_O)        0.124    10.540 f  datapath/video_inst/Inst_vga/g0_b2_i_19/O
                         net (fo=1, routed)           0.749    11.289    datapath/video_inst/Inst_vga/g0_b2_i_19_n_0
    SLICE_X111Y99        LUT6 (Prop_lut6_I2_O)        0.124    11.413 f  datapath/video_inst/Inst_vga/g0_b2_i_9/O
                         net (fo=11, routed)          0.844    12.257    datapath/video_inst/Inst_vga/g0_b2_i_9_n_0
    SLICE_X113Y104       LUT6 (Prop_lut6_I0_O)        0.124    12.381 r  datapath/video_inst/Inst_vga/g0_b2_i_5/O
                         net (fo=16, routed)          0.644    13.026    datapath/video_inst/Inst_vga/pixel_type[row][1]
    SLICE_X116Y100       LUT2 (Prop_lut2_I1_O)        0.124    13.150 r  datapath/video_inst/Inst_vga/g0_b0_i_5__2/O
                         net (fo=1, routed)           0.000    13.150    datapath/video_inst/Inst_vga/g0_b0_i_5__2_n_0
    SLICE_X116Y100       CARRY4 (Prop_carry4_S[1]_CO[3])
                                                      0.533    13.683 r  datapath/video_inst/Inst_vga/g0_b0_i_1/CO[3]
                         net (fo=1, routed)           0.000    13.683    datapath/video_inst/Inst_vga/g0_b0_i_1_n_0
    SLICE_X116Y101       CARRY4 (Prop_carry4_CI_O[1])
                                                      0.323    14.006 r  datapath/video_inst/Inst_vga/g0_b0_i_2/O[1]
                         net (fo=312, routed)         1.967    15.973    datapath/video_inst/Inst_vga/doodle_right[0][1]10_out[5]
    SLICE_X126Y80        LUT4 (Prop_lut4_I0_O)        0.334    16.307 f  datapath/video_inst/Inst_vga/dc_bias[0]_i_347/O
                         net (fo=2, routed)           0.621    16.928    datapath/video_inst/Inst_vga/dc_bias[0]_i_347_n_0
    SLICE_X125Y81        LUT6 (Prop_lut6_I1_O)        0.326    17.254 f  datapath/video_inst/Inst_vga/dc_bias[0]_i_421/O
                         net (fo=1, routed)           0.263    17.517    datapath/video_inst/Inst_vga/dc_bias[0]_i_421_n_0
    SLICE_X125Y81        LUT6 (Prop_lut6_I5_O)        0.124    17.641 r  datapath/video_inst/Inst_vga/dc_bias[0]_i_335/O
                         net (fo=1, routed)           0.151    17.792    datapath/video_inst/Inst_vga/dc_bias[0]_i_335_n_0
    SLICE_X125Y81        LUT6 (Prop_lut6_I3_O)        0.124    17.916 r  datapath/video_inst/Inst_vga/dc_bias[0]_i_220__0/O
                         net (fo=1, routed)           0.431    18.347    datapath/video_inst/Inst_vga/dc_bias[0]_i_220__0_n_0
    SLICE_X125Y82        LUT6 (Prop_lut6_I0_O)        0.124    18.471 f  datapath/video_inst/Inst_vga/dc_bias[0]_i_151/O
                         net (fo=1, routed)           0.433    18.905    datapath/video_inst/Inst_vga/dc_bias[0]_i_151_n_0
    SLICE_X125Y84        LUT6 (Prop_lut6_I1_O)        0.124    19.029 f  datapath/video_inst/Inst_vga/dc_bias[0]_i_103/O
                         net (fo=7, routed)           0.760    19.789    datapath/video_inst/Inst_vga/dc_bias[0]_i_103_n_0
    SLICE_X125Y87        LUT4 (Prop_lut4_I3_O)        0.150    19.939 f  datapath/video_inst/Inst_vga/dc_bias[0]_i_115__0/O
                         net (fo=1, routed)           0.690    20.629    datapath/video_inst/Inst_vga/dc_bias[0]_i_115__0_n_0
    SLICE_X125Y89        LUT6 (Prop_lut6_I0_O)        0.326    20.955 r  datapath/video_inst/Inst_vga/dc_bias[0]_i_65/O
                         net (fo=7, routed)           1.304    22.259    datapath/video_inst/Inst_vga/dc_bias[0]_i_65_n_0
    SLICE_X127Y100       LUT5 (Prop_lut5_I4_O)        0.152    22.411 r  datapath/video_inst/Inst_vga/dc_bias[0]_i_70__0/O
                         net (fo=10, routed)          0.569    22.980    datapath/video_inst/Inst_vga/dc_bias[0]_i_70__0_n_0
    SLICE_X126Y100       LUT6 (Prop_lut6_I5_O)        0.332    23.312 f  datapath/video_inst/Inst_vga/dc_bias[0]_i_23__0/O
                         net (fo=8, routed)           1.009    24.321    datapath/video_inst/Inst_vga/dc_bias[0]_i_23__0_n_0
    SLICE_X129Y102       LUT3 (Prop_lut3_I1_O)        0.124    24.445 f  datapath/video_inst/Inst_vga/encoded[1]_i_10__0/O
                         net (fo=4, routed)           0.463    24.908    datapath/video_inst/Inst_vga/encoded[1]_i_10__0_n_0
    SLICE_X126Y101       LUT5 (Prop_lut5_I4_O)        0.124    25.032 r  datapath/video_inst/Inst_vga/dc_bias[0]_i_28/O
                         net (fo=5, routed)           0.763    25.796    datapath/video_inst/Inst_vga/dc_bias[0]_i_28_n_0
    SLICE_X129Y103       LUT4 (Prop_lut4_I3_O)        0.150    25.946 f  datapath/video_inst/Inst_vga/encoded[7]_i_9__1/O
                         net (fo=1, routed)           0.794    26.740    datapath/video_inst/Inst_vga/Inst_scopeFace/doodlehundreds/encoded[5]_i_6__0_0
    SLICE_X130Y103       LUT4 (Prop_lut4_I1_O)        0.354    27.094 r  datapath/video_inst/Inst_vga/Inst_scopeFace/doodlehundreds/encoded[7]_i_8__0/O
                         net (fo=2, routed)           0.583    27.676    datapath/video_inst/Inst_vga/Inst_scopeFace/doodlehundreds/encoded[7]_i_8__0_n_0
    SLICE_X127Y104       LUT6 (Prop_lut6_I3_O)        0.326    28.002 r  datapath/video_inst/Inst_vga/Inst_scopeFace/doodlehundreds/encoded[5]_i_6__0/O
                         net (fo=20, routed)          0.801    28.803    datapath/video_inst/Inst_vga/Inst_scopeFace/doodlethousands/blue[1]
    SLICE_X126Y107       LUT3 (Prop_lut3_I2_O)        0.150    28.953 r  datapath/video_inst/Inst_vga/Inst_scopeFace/doodlethousands/dc_bias[0]_i_13__1/O
                         net (fo=4, routed)           0.468    29.421    datapath/video_inst/Inst_vga/Inst_scopeFace/doodlehundreds/encoded_reg[0]_4
    SLICE_X126Y107       LUT5 (Prop_lut5_I3_O)        0.326    29.747 r  datapath/video_inst/Inst_vga/Inst_scopeFace/doodlehundreds/dc_bias[0]_i_3__1/O
                         net (fo=44, routed)          0.734    30.481    datapath/video_inst/Inst_vga/Inst_scopeFace/doodleDigits/encoded_reg[6]
    SLICE_X126Y108       LUT3 (Prop_lut3_I2_O)        0.124    30.605 r  datapath/video_inst/Inst_vga/Inst_scopeFace/doodleDigits/dc_bias[1]_i_7/O
                         net (fo=7, routed)           1.045    31.650    datapath/video_inst/Inst_vga/Inst_scopeFace/doodleDigits/R2_in
    SLICE_X124Y109       LUT6 (Prop_lut6_I1_O)        0.124    31.774 r  datapath/video_inst/Inst_vga/Inst_scopeFace/doodleDigits/dc_bias[3]_i_24__1/O
                         net (fo=2, routed)           0.681    32.455    datapath/video_inst/Inst_vga/Inst_scopeFace/doodleDigits/dc_bias[3]_i_24__1_n_0
    SLICE_X124Y109       LUT6 (Prop_lut6_I0_O)        0.124    32.579 r  datapath/video_inst/Inst_vga/Inst_scopeFace/doodleDigits/dc_bias[3]_i_15__0/O
                         net (fo=1, routed)           0.290    32.869    datapath/video_inst/inst_dvid/TDMS_encoder_blue/eqOp__4
    SLICE_X125Y108       LUT5 (Prop_lut5_I4_O)        0.124    32.993 r  datapath/video_inst/inst_dvid/TDMS_encoder_blue/dc_bias[3]_i_6__0/O
                         net (fo=13, routed)          0.519    33.512    datapath/video_inst/Inst_vga/Inst_scopeFace/doodleDigits/encoded12_out_3
    SLICE_X127Y108       LUT6 (Prop_lut6_I4_O)        0.124    33.636 r  datapath/video_inst/Inst_vga/Inst_scopeFace/doodleDigits/encoded[6]_i_1/O
                         net (fo=1, routed)           0.000    33.636    datapath/video_inst/inst_dvid/TDMS_encoder_blue/encoded_reg[7]_0[6]
    SLICE_X127Y108       FDRE                                         r  datapath/video_inst/inst_dvid/TDMS_encoder_blue/encoded_reg[6]/D
  -------------------------------------------------------------------    -------------------

                         (clock clk_out1_clk_wiz_0 rise edge)
                                                     40.000    40.000 r  
    BUFGCTRL_X0Y2        BUFG                         0.000    40.000 r  clk_IBUF_BUFG_inst/O
                         net (fo=518, routed)         1.643    41.643    datapath/video_inst/mmcm_adv_inst_display_clocks/inst/clk_in1
    MMCME2_ADV_X0Y2      MMCME2_ADV (Prop_mmcme2_adv_CLKIN1_CLKOUT0)
                                                     -3.494    38.149 r  datapath/video_inst/mmcm_adv_inst_display_clocks/inst/mmcm_adv_inst/CLKOUT0
                         net (fo=1, routed)           1.760    39.909    datapath/video_inst/mmcm_adv_inst_display_clocks/inst/clk_out1_clk_wiz_0
    BUFGCTRL_X0Y3        BUFG (Prop_bufg_I_O)         0.091    40.000 r  datapath/video_inst/mmcm_adv_inst_display_clocks/inst/clkout1_buf/O
                         net (fo=132, routed)         1.568    41.568    datapath/video_inst/inst_dvid/TDMS_encoder_blue/clk_out1
    SLICE_X127Y108       FDRE                                         r  datapath/video_inst/inst_dvid/TDMS_encoder_blue/encoded_reg[6]/C
                         clock pessimism              0.008    41.576    
                         clock uncertainty           -0.095    41.482    
    SLICE_X127Y108       FDRE (Setup_fdre_C_D)        0.029    41.511    datapath/video_inst/inst_dvid/TDMS_encoder_blue/encoded_reg[6]
  -------------------------------------------------------------------
                         required time                         41.511    
                         arrival time                         -33.636    
  -------------------------------------------------------------------
                         slack                                  7.875    

Slack (MET) :             7.880ns  (required time - arrival time)
  Source:                 datapath/video_inst/Inst_vga/v_count_reg[0]_rep__2/C
                            (rising edge-triggered cell FDRE clocked by clk_out1_clk_wiz_0  {rise@0.000ns fall@20.000ns period=40.000ns})
  Destination:            datapath/video_inst/inst_dvid/TDMS_encoder_blue/encoded_reg[9]/D
                            (rising edge-triggered cell FDRE clocked by clk_out1_clk_wiz_0  {rise@0.000ns fall@20.000ns period=40.000ns})
  Path Group:             clk_out1_clk_wiz_0
  Path Type:              Setup (Max at Slow Process Corner)
  Requirement:            40.000ns  (clk_out1_clk_wiz_0 rise@40.000ns - clk_out1_clk_wiz_0 rise@0.000ns)
  Data Path Delay:        31.773ns  (logic 7.566ns (23.813%)  route 24.207ns (76.187%))
  Logic Levels:           35  (CARRY4=3 LUT2=1 LUT3=4 LUT4=4 LUT5=5 LUT6=18)
  Clock Path Skew:        -0.281ns (DCD - SCD + CPR)
    Destination Clock Delay (DCD):    1.569ns = ( 41.569 - 40.000 ) 
    Source Clock Delay      (SCD):    1.858ns
    Clock Pessimism Removal (CPR):    0.008ns
  Clock Uncertainty:      0.095ns  ((TSJ^2 + DJ^2)^1/2) / 2 + PE
    Total System Jitter     (TSJ):    0.071ns
    Discrete Jitter          (DJ):    0.175ns
    Phase Error              (PE):    0.000ns

    Location             Delay type                Incr(ns)  Path(ns)    Netlist Resource(s)
  -------------------------------------------------------------------    -------------------
                         (clock clk_out1_clk_wiz_0 rise edge)
                                                      0.000     0.000 r  
    BUFGCTRL_X0Y2        BUFG                         0.000     0.000 r  clk_IBUF_BUFG_inst/O
                         net (fo=518, routed)         1.761     1.761    datapath/video_inst/mmcm_adv_inst_display_clocks/inst/clk_in1
    MMCME2_ADV_X0Y2      MMCME2_ADV (Prop_mmcme2_adv_CLKIN1_CLKOUT0)
                                                     -3.701    -1.939 r  datapath/video_inst/mmcm_adv_inst_display_clocks/inst/mmcm_adv_inst/CLKOUT0
                         net (fo=1, routed)           1.843    -0.096    datapath/video_inst/mmcm_adv_inst_display_clocks/inst/clk_out1_clk_wiz_0
    BUFGCTRL_X0Y3        BUFG (Prop_bufg_I_O)         0.096    -0.000 r  datapath/video_inst/mmcm_adv_inst_display_clocks/inst/clkout1_buf/O
                         net (fo=132, routed)         1.858     1.858    datapath/video_inst/Inst_vga/clk_out1
    SLICE_X110Y99        FDRE                                         r  datapath/video_inst/Inst_vga/v_count_reg[0]_rep__2/C
  -------------------------------------------------------------------    -------------------
    SLICE_X110Y99        FDRE (Prop_fdre_C_Q)         0.419     2.277 r  datapath/video_inst/Inst_vga/v_count_reg[0]_rep__2/Q
                         net (fo=111, routed)         0.591     2.868    datapath/video_inst/Inst_vga/v_count_reg[0]_rep__2_n_0
    SLICE_X115Y99        CARRY4 (Prop_carry4_DI[0]_O[1])
                                                      0.582     3.450 r  datapath/video_inst/Inst_vga/g0_b0_i_1__1/O[1]
                         net (fo=182, routed)         2.060     5.511    datapath/video_inst/Inst_vga/pix_classifer/jetpackAndDoodle[0][0]11_out[1]
    SLICE_X103Y88        LUT6 (Prop_lut6_I1_O)        0.303     5.814 f  datapath/video_inst/Inst_vga/g0_b0__49/O
                         net (fo=1, routed)           0.402     6.216    datapath/video_inst/Inst_vga/g0_b0__49_n_0
    SLICE_X103Y88        LUT3 (Prop_lut3_I2_O)        0.124     6.340 r  datapath/video_inst/Inst_vga/g0_b0_i_941/O
                         net (fo=1, routed)           0.620     6.960    datapath/video_inst/Inst_vga/g0_b0_i_941_n_0
    SLICE_X103Y89        LUT6 (Prop_lut6_I3_O)        0.124     7.084 r  datapath/video_inst/Inst_vga/g0_b0_i_671/O
                         net (fo=1, routed)           0.775     7.859    datapath/video_inst/Inst_vga/g0_b0_i_671_n_0
    SLICE_X106Y89        LUT5 (Prop_lut5_I1_O)        0.124     7.983 f  datapath/video_inst/Inst_vga/g0_b0_i_402/O
                         net (fo=1, routed)           0.808     8.791    datapath/video_inst/Inst_vga/g0_b0_i_402_n_0
    SLICE_X107Y90        LUT6 (Prop_lut6_I2_O)        0.124     8.915 f  datapath/video_inst/Inst_vga/g0_b0_i_197/O
                         net (fo=1, routed)           0.933     9.847    datapath/video_inst/Inst_vga/g0_b0_i_197_n_0
    SLICE_X108Y95        LUT6 (Prop_lut6_I5_O)        0.124     9.971 r  datapath/video_inst/Inst_vga/g0_b0_i_72/O
                         net (fo=5, routed)           0.445    10.416    datapath/video_inst/Inst_vga/g0_b0_i_72_n_0
    SLICE_X111Y94        LUT6 (Prop_lut6_I0_O)        0.124    10.540 f  datapath/video_inst/Inst_vga/g0_b2_i_19/O
                         net (fo=1, routed)           0.749    11.289    datapath/video_inst/Inst_vga/g0_b2_i_19_n_0
    SLICE_X111Y99        LUT6 (Prop_lut6_I2_O)        0.124    11.413 f  datapath/video_inst/Inst_vga/g0_b2_i_9/O
                         net (fo=11, routed)          0.844    12.257    datapath/video_inst/Inst_vga/g0_b2_i_9_n_0
    SLICE_X113Y104       LUT6 (Prop_lut6_I0_O)        0.124    12.381 r  datapath/video_inst/Inst_vga/g0_b2_i_5/O
                         net (fo=16, routed)          0.644    13.026    datapath/video_inst/Inst_vga/pixel_type[row][1]
    SLICE_X116Y100       LUT2 (Prop_lut2_I1_O)        0.124    13.150 r  datapath/video_inst/Inst_vga/g0_b0_i_5__2/O
                         net (fo=1, routed)           0.000    13.150    datapath/video_inst/Inst_vga/g0_b0_i_5__2_n_0
    SLICE_X116Y100       CARRY4 (Prop_carry4_S[1]_CO[3])
                                                      0.533    13.683 r  datapath/video_inst/Inst_vga/g0_b0_i_1/CO[3]
                         net (fo=1, routed)           0.000    13.683    datapath/video_inst/Inst_vga/g0_b0_i_1_n_0
    SLICE_X116Y101       CARRY4 (Prop_carry4_CI_O[1])
                                                      0.323    14.006 r  datapath/video_inst/Inst_vga/g0_b0_i_2/O[1]
                         net (fo=312, routed)         1.967    15.973    datapath/video_inst/Inst_vga/doodle_right[0][1]10_out[5]
    SLICE_X126Y80        LUT4 (Prop_lut4_I0_O)        0.334    16.307 f  datapath/video_inst/Inst_vga/dc_bias[0]_i_347/O
                         net (fo=2, routed)           0.621    16.928    datapath/video_inst/Inst_vga/dc_bias[0]_i_347_n_0
    SLICE_X125Y81        LUT6 (Prop_lut6_I1_O)        0.326    17.254 f  datapath/video_inst/Inst_vga/dc_bias[0]_i_421/O
                         net (fo=1, routed)           0.263    17.517    datapath/video_inst/Inst_vga/dc_bias[0]_i_421_n_0
    SLICE_X125Y81        LUT6 (Prop_lut6_I5_O)        0.124    17.641 r  datapath/video_inst/Inst_vga/dc_bias[0]_i_335/O
                         net (fo=1, routed)           0.151    17.792    datapath/video_inst/Inst_vga/dc_bias[0]_i_335_n_0
    SLICE_X125Y81        LUT6 (Prop_lut6_I3_O)        0.124    17.916 r  datapath/video_inst/Inst_vga/dc_bias[0]_i_220__0/O
                         net (fo=1, routed)           0.431    18.347    datapath/video_inst/Inst_vga/dc_bias[0]_i_220__0_n_0
    SLICE_X125Y82        LUT6 (Prop_lut6_I0_O)        0.124    18.471 f  datapath/video_inst/Inst_vga/dc_bias[0]_i_151/O
                         net (fo=1, routed)           0.433    18.905    datapath/video_inst/Inst_vga/dc_bias[0]_i_151_n_0
    SLICE_X125Y84        LUT6 (Prop_lut6_I1_O)        0.124    19.029 f  datapath/video_inst/Inst_vga/dc_bias[0]_i_103/O
                         net (fo=7, routed)           0.760    19.789    datapath/video_inst/Inst_vga/dc_bias[0]_i_103_n_0
    SLICE_X125Y87        LUT4 (Prop_lut4_I3_O)        0.150    19.939 f  datapath/video_inst/Inst_vga/dc_bias[0]_i_115__0/O
                         net (fo=1, routed)           0.690    20.629    datapath/video_inst/Inst_vga/dc_bias[0]_i_115__0_n_0
    SLICE_X125Y89        LUT6 (Prop_lut6_I0_O)        0.326    20.955 r  datapath/video_inst/Inst_vga/dc_bias[0]_i_65/O
                         net (fo=7, routed)           1.304    22.259    datapath/video_inst/Inst_vga/dc_bias[0]_i_65_n_0
    SLICE_X127Y100       LUT5 (Prop_lut5_I4_O)        0.152    22.411 r  datapath/video_inst/Inst_vga/dc_bias[0]_i_70__0/O
                         net (fo=10, routed)          0.569    22.980    datapath/video_inst/Inst_vga/dc_bias[0]_i_70__0_n_0
    SLICE_X126Y100       LUT6 (Prop_lut6_I5_O)        0.332    23.312 f  datapath/video_inst/Inst_vga/dc_bias[0]_i_23__0/O
                         net (fo=8, routed)           1.009    24.321    datapath/video_inst/Inst_vga/dc_bias[0]_i_23__0_n_0
    SLICE_X129Y102       LUT3 (Prop_lut3_I1_O)        0.124    24.445 f  datapath/video_inst/Inst_vga/encoded[1]_i_10__0/O
                         net (fo=4, routed)           0.463    24.908    datapath/video_inst/Inst_vga/encoded[1]_i_10__0_n_0
    SLICE_X126Y101       LUT5 (Prop_lut5_I4_O)        0.124    25.032 r  datapath/video_inst/Inst_vga/dc_bias[0]_i_28/O
                         net (fo=5, routed)           0.763    25.796    datapath/video_inst/Inst_vga/dc_bias[0]_i_28_n_0
    SLICE_X129Y103       LUT4 (Prop_lut4_I3_O)        0.150    25.946 f  datapath/video_inst/Inst_vga/encoded[7]_i_9__1/O
                         net (fo=1, routed)           0.794    26.740    datapath/video_inst/Inst_vga/Inst_scopeFace/doodlehundreds/encoded[5]_i_6__0_0
    SLICE_X130Y103       LUT4 (Prop_lut4_I1_O)        0.354    27.094 r  datapath/video_inst/Inst_vga/Inst_scopeFace/doodlehundreds/encoded[7]_i_8__0/O
                         net (fo=2, routed)           0.583    27.676    datapath/video_inst/Inst_vga/Inst_scopeFace/doodlehundreds/encoded[7]_i_8__0_n_0
    SLICE_X127Y104       LUT6 (Prop_lut6_I3_O)        0.326    28.002 r  datapath/video_inst/Inst_vga/Inst_scopeFace/doodlehundreds/encoded[5]_i_6__0/O
                         net (fo=20, routed)          0.801    28.803    datapath/video_inst/Inst_vga/Inst_scopeFace/doodlethousands/blue[1]
    SLICE_X126Y107       LUT3 (Prop_lut3_I2_O)        0.150    28.953 r  datapath/video_inst/Inst_vga/Inst_scopeFace/doodlethousands/dc_bias[0]_i_13__1/O
                         net (fo=4, routed)           0.468    29.421    datapath/video_inst/Inst_vga/Inst_scopeFace/doodlehundreds/encoded_reg[0]_4
    SLICE_X126Y107       LUT5 (Prop_lut5_I3_O)        0.326    29.747 r  datapath/video_inst/Inst_vga/Inst_scopeFace/doodlehundreds/dc_bias[0]_i_3__1/O
                         net (fo=44, routed)          0.734    30.481    datapath/video_inst/Inst_vga/Inst_scopeFace/doodleDigits/encoded_reg[6]
    SLICE_X126Y108       LUT3 (Prop_lut3_I2_O)        0.124    30.605 r  datapath/video_inst/Inst_vga/Inst_scopeFace/doodleDigits/dc_bias[1]_i_7/O
                         net (fo=7, routed)           1.045    31.650    datapath/video_inst/Inst_vga/Inst_scopeFace/doodleDigits/R2_in
    SLICE_X124Y109       LUT6 (Prop_lut6_I1_O)        0.124    31.774 r  datapath/video_inst/Inst_vga/Inst_scopeFace/doodleDigits/dc_bias[3]_i_24__1/O
                         net (fo=2, routed)           0.681    32.455    datapath/video_inst/Inst_vga/Inst_scopeFace/doodleDigits/dc_bias[3]_i_24__1_n_0
    SLICE_X124Y109       LUT6 (Prop_lut6_I0_O)        0.124    32.579 r  datapath/video_inst/Inst_vga/Inst_scopeFace/doodleDigits/dc_bias[3]_i_15__0/O
                         net (fo=1, routed)           0.290    32.869    datapath/video_inst/inst_dvid/TDMS_encoder_blue/eqOp__4
    SLICE_X125Y108       LUT5 (Prop_lut5_I4_O)        0.124    32.993 r  datapath/video_inst/inst_dvid/TDMS_encoder_blue/dc_bias[3]_i_6__0/O
                         net (fo=13, routed)          0.514    33.508    datapath/video_inst/inst_dvid/TDMS_encoder_blue/encoded12_out_0
    SLICE_X126Y106       LUT6 (Prop_lut6_I4_O)        0.124    33.632 r  datapath/video_inst/inst_dvid/TDMS_encoder_blue/encoded[9]_i_1/O
                         net (fo=1, routed)           0.000    33.632    datapath/video_inst/inst_dvid/TDMS_encoder_blue/encoded[9]_i_1_n_0
    SLICE_X126Y106       FDRE                                         r  datapath/video_inst/inst_dvid/TDMS_encoder_blue/encoded_reg[9]/D
  -------------------------------------------------------------------    -------------------

                         (clock clk_out1_clk_wiz_0 rise edge)
                                                     40.000    40.000 r  
    BUFGCTRL_X0Y2        BUFG                         0.000    40.000 r  clk_IBUF_BUFG_inst/O
                         net (fo=518, routed)         1.643    41.643    datapath/video_inst/mmcm_adv_inst_display_clocks/inst/clk_in1
    MMCME2_ADV_X0Y2      MMCME2_ADV (Prop_mmcme2_adv_CLKIN1_CLKOUT0)
                                                     -3.494    38.149 r  datapath/video_inst/mmcm_adv_inst_display_clocks/inst/mmcm_adv_inst/CLKOUT0
                         net (fo=1, routed)           1.760    39.909    datapath/video_inst/mmcm_adv_inst_display_clocks/inst/clk_out1_clk_wiz_0
    BUFGCTRL_X0Y3        BUFG (Prop_bufg_I_O)         0.091    40.000 r  datapath/video_inst/mmcm_adv_inst_display_clocks/inst/clkout1_buf/O
                         net (fo=132, routed)         1.569    41.569    datapath/video_inst/inst_dvid/TDMS_encoder_blue/clk_out1
    SLICE_X126Y106       FDRE                                         r  datapath/video_inst/inst_dvid/TDMS_encoder_blue/encoded_reg[9]/C
                         clock pessimism              0.008    41.577    
                         clock uncertainty           -0.095    41.483    
    SLICE_X126Y106       FDRE (Setup_fdre_C_D)        0.029    41.512    datapath/video_inst/inst_dvid/TDMS_encoder_blue/encoded_reg[9]
  -------------------------------------------------------------------
                         required time                         41.512    
                         arrival time                         -33.632    
  -------------------------------------------------------------------
                         slack                                  7.880    





Min Delay Paths
--------------------------------------------------------------------------------------
Slack (MET) :             0.131ns  (arrival time - required time)
  Source:                 datapath/video_inst/inst_dvid/TDMS_encoder_blue/encoded_reg[9]/C
                            (rising edge-triggered cell FDRE clocked by clk_out1_clk_wiz_0  {rise@0.000ns fall@20.000ns period=40.000ns})
  Destination:            datapath/video_inst/inst_dvid/latched_blue_reg[9]/D
                            (rising edge-triggered cell FDRE clocked by clk_out1_clk_wiz_0  {rise@0.000ns fall@20.000ns period=40.000ns})
  Path Group:             clk_out1_clk_wiz_0
  Path Type:              Hold (Min at Fast Process Corner)
  Requirement:            0.000ns  (clk_out1_clk_wiz_0 rise@0.000ns - clk_out1_clk_wiz_0 rise@0.000ns)
  Data Path Delay:        0.206ns  (logic 0.141ns (68.336%)  route 0.065ns (31.664%))
  Logic Levels:           0  
  Clock Path Skew:        0.000ns (DCD - SCD - CPR)
    Destination Clock Delay (DCD):    0.865ns
    Source Clock Delay      (SCD):    0.594ns
    Clock Pessimism Removal (CPR):    0.271ns

    Location             Delay type                Incr(ns)  Path(ns)    Netlist Resource(s)
  -------------------------------------------------------------------    -------------------
                         (clock clk_out1_clk_wiz_0 rise edge)
                                                      0.000     0.000 r  
    BUFGCTRL_X0Y2        BUFG                         0.000     0.000 r  clk_IBUF_BUFG_inst/O
                         net (fo=518, routed)         0.610     0.610    datapath/video_inst/mmcm_adv_inst_display_clocks/inst/clk_in1
    MMCME2_ADV_X0Y2      MMCME2_ADV (Prop_mmcme2_adv_CLKIN1_CLKOUT0)
                                                     -1.180    -0.571 r  datapath/video_inst/mmcm_adv_inst_display_clocks/inst/mmcm_adv_inst/CLKOUT0
                         net (fo=1, routed)           0.545    -0.026    datapath/video_inst/mmcm_adv_inst_display_clocks/inst/clk_out1_clk_wiz_0
    BUFGCTRL_X0Y3        BUFG (Prop_bufg_I_O)         0.026     0.000 r  datapath/video_inst/mmcm_adv_inst_display_clocks/inst/clkout1_buf/O
                         net (fo=132, routed)         0.594     0.594    datapath/video_inst/inst_dvid/TDMS_encoder_blue/clk_out1
    SLICE_X126Y106       FDRE                                         r  datapath/video_inst/inst_dvid/TDMS_encoder_blue/encoded_reg[9]/C
  -------------------------------------------------------------------    -------------------
    SLICE_X126Y106       FDRE (Prop_fdre_C_Q)         0.141     0.735 r  datapath/video_inst/inst_dvid/TDMS_encoder_blue/encoded_reg[9]/Q
                         net (fo=1, routed)           0.065     0.800    datapath/video_inst/inst_dvid/TDMS_encoder_blue_n_11
    SLICE_X126Y106       FDRE                                         r  datapath/video_inst/inst_dvid/latched_blue_reg[9]/D
  -------------------------------------------------------------------    -------------------

                         (clock clk_out1_clk_wiz_0 rise edge)
                                                      0.000     0.000 r  
    BUFGCTRL_X0Y2        BUFG                         0.000     0.000 r  clk_IBUF_BUFG_inst/O
                         net (fo=518, routed)         0.879     0.879    datapath/video_inst/mmcm_adv_inst_display_clocks/inst/clk_in1
    MMCME2_ADV_X0Y2      MMCME2_ADV (Prop_mmcme2_adv_CLKIN1_CLKOUT0)
                                                     -1.502    -0.624 r  datapath/video_inst/mmcm_adv_inst_display_clocks/inst/mmcm_adv_inst/CLKOUT0
                         net (fo=1, routed)           0.595    -0.029    datapath/video_inst/mmcm_adv_inst_display_clocks/inst/clk_out1_clk_wiz_0
    BUFGCTRL_X0Y3        BUFG (Prop_bufg_I_O)         0.029    -0.000 r  datapath/video_inst/mmcm_adv_inst_display_clocks/inst/clkout1_buf/O
                         net (fo=132, routed)         0.865     0.865    datapath/video_inst/inst_dvid/clk_out1
    SLICE_X126Y106       FDRE                                         r  datapath/video_inst/inst_dvid/latched_blue_reg[9]/C
                         clock pessimism             -0.271     0.594    
    SLICE_X126Y106       FDRE (Hold_fdre_C_D)         0.075     0.669    datapath/video_inst/inst_dvid/latched_blue_reg[9]
  -------------------------------------------------------------------
                         required time                         -0.669    
                         arrival time                           0.800    
  -------------------------------------------------------------------
                         slack                                  0.131    

Slack (MET) :             0.131ns  (arrival time - required time)
  Source:                 datapath/video_inst/inst_dvid/TDMS_encoder_red/encoded_reg[8]/C
                            (rising edge-triggered cell FDRE clocked by clk_out1_clk_wiz_0  {rise@0.000ns fall@20.000ns period=40.000ns})
  Destination:            datapath/video_inst/inst_dvid/latched_red_reg[8]/D
                            (rising edge-triggered cell FDRE clocked by clk_out1_clk_wiz_0  {rise@0.000ns fall@20.000ns period=40.000ns})
  Path Group:             clk_out1_clk_wiz_0
  Path Type:              Hold (Min at Fast Process Corner)
  Requirement:            0.000ns  (clk_out1_clk_wiz_0 rise@0.000ns - clk_out1_clk_wiz_0 rise@0.000ns)
  Data Path Delay:        0.206ns  (logic 0.141ns (68.336%)  route 0.065ns (31.664%))
  Logic Levels:           0  
  Clock Path Skew:        0.000ns (DCD - SCD - CPR)
    Destination Clock Delay (DCD):    0.866ns
    Source Clock Delay      (SCD):    0.595ns
    Clock Pessimism Removal (CPR):    0.271ns

    Location             Delay type                Incr(ns)  Path(ns)    Netlist Resource(s)
  -------------------------------------------------------------------    -------------------
                         (clock clk_out1_clk_wiz_0 rise edge)
                                                      0.000     0.000 r  
    BUFGCTRL_X0Y2        BUFG                         0.000     0.000 r  clk_IBUF_BUFG_inst/O
                         net (fo=518, routed)         0.610     0.610    datapath/video_inst/mmcm_adv_inst_display_clocks/inst/clk_in1
    MMCME2_ADV_X0Y2      MMCME2_ADV (Prop_mmcme2_adv_CLKIN1_CLKOUT0)
                                                     -1.180    -0.571 r  datapath/video_inst/mmcm_adv_inst_display_clocks/inst/mmcm_adv_inst/CLKOUT0
                         net (fo=1, routed)           0.545    -0.026    datapath/video_inst/mmcm_adv_inst_display_clocks/inst/clk_out1_clk_wiz_0
    BUFGCTRL_X0Y3        BUFG (Prop_bufg_I_O)         0.026     0.000 r  datapath/video_inst/mmcm_adv_inst_display_clocks/inst/clkout1_buf/O
                         net (fo=132, routed)         0.595     0.595    datapath/video_inst/inst_dvid/TDMS_encoder_red/clk_out1
    SLICE_X134Y105       FDRE                                         r  datapath/video_inst/inst_dvid/TDMS_encoder_red/encoded_reg[8]/C
  -------------------------------------------------------------------    -------------------
    SLICE_X134Y105       FDRE (Prop_fdre_C_Q)         0.141     0.736 r  datapath/video_inst/inst_dvid/TDMS_encoder_red/encoded_reg[8]/Q
                         net (fo=1, routed)           0.065     0.801    datapath/video_inst/inst_dvid/TDMS_encoder_red_n_76
    SLICE_X134Y105       FDRE                                         r  datapath/video_inst/inst_dvid/latched_red_reg[8]/D
  -------------------------------------------------------------------    -------------------

                         (clock clk_out1_clk_wiz_0 rise edge)
                                                      0.000     0.000 r  
    BUFGCTRL_X0Y2        BUFG                         0.000     0.000 r  clk_IBUF_BUFG_inst/O
                         net (fo=518, routed)         0.879     0.879    datapath/video_inst/mmcm_adv_inst_display_clocks/inst/clk_in1
    MMCME2_ADV_X0Y2      MMCME2_ADV (Prop_mmcme2_adv_CLKIN1_CLKOUT0)
                                                     -1.502    -0.624 r  datapath/video_inst/mmcm_adv_inst_display_clocks/inst/mmcm_adv_inst/CLKOUT0
                         net (fo=1, routed)           0.595    -0.029    datapath/video_inst/mmcm_adv_inst_display_clocks/inst/clk_out1_clk_wiz_0
    BUFGCTRL_X0Y3        BUFG (Prop_bufg_I_O)         0.029    -0.000 r  datapath/video_inst/mmcm_adv_inst_display_clocks/inst/clkout1_buf/O
                         net (fo=132, routed)         0.866     0.866    datapath/video_inst/inst_dvid/clk_out1
    SLICE_X134Y105       FDRE                                         r  datapath/video_inst/inst_dvid/latched_red_reg[8]/C
                         clock pessimism             -0.271     0.595    
    SLICE_X134Y105       FDRE (Hold_fdre_C_D)         0.075     0.670    datapath/video_inst/inst_dvid/latched_red_reg[8]
  -------------------------------------------------------------------
                         required time                         -0.670    
                         arrival time                           0.801    
  -------------------------------------------------------------------
                         slack                                  0.131    

Slack (MET) :             0.160ns  (arrival time - required time)
  Source:                 datapath/video_inst/inst_dvid/TDMS_encoder_blue/encoded_reg[0]/C
                            (rising edge-triggered cell FDRE clocked by clk_out1_clk_wiz_0  {rise@0.000ns fall@20.000ns period=40.000ns})
  Destination:            datapath/video_inst/inst_dvid/latched_blue_reg[0]/D
                            (rising edge-triggered cell FDRE clocked by clk_out1_clk_wiz_0  {rise@0.000ns fall@20.000ns period=40.000ns})
  Path Group:             clk_out1_clk_wiz_0
  Path Type:              Hold (Min at Fast Process Corner)
  Requirement:            0.000ns  (clk_out1_clk_wiz_0 rise@0.000ns - clk_out1_clk_wiz_0 rise@0.000ns)
  Data Path Delay:        0.220ns  (logic 0.164ns (74.580%)  route 0.056ns (25.420%))
  Logic Levels:           0  
  Clock Path Skew:        0.000ns (DCD - SCD - CPR)
    Destination Clock Delay (DCD):    0.865ns
    Source Clock Delay      (SCD):    0.594ns
    Clock Pessimism Removal (CPR):    0.271ns

    Location             Delay type                Incr(ns)  Path(ns)    Netlist Resource(s)
  -------------------------------------------------------------------    -------------------
                         (clock clk_out1_clk_wiz_0 rise edge)
                                                      0.000     0.000 r  
    BUFGCTRL_X0Y2        BUFG                         0.000     0.000 r  clk_IBUF_BUFG_inst/O
                         net (fo=518, routed)         0.610     0.610    datapath/video_inst/mmcm_adv_inst_display_clocks/inst/clk_in1
    MMCME2_ADV_X0Y2      MMCME2_ADV (Prop_mmcme2_adv_CLKIN1_CLKOUT0)
                                                     -1.180    -0.571 r  datapath/video_inst/mmcm_adv_inst_display_clocks/inst/mmcm_adv_inst/CLKOUT0
                         net (fo=1, routed)           0.545    -0.026    datapath/video_inst/mmcm_adv_inst_display_clocks/inst/clk_out1_clk_wiz_0
    BUFGCTRL_X0Y3        BUFG (Prop_bufg_I_O)         0.026     0.000 r  datapath/video_inst/mmcm_adv_inst_display_clocks/inst/clkout1_buf/O
                         net (fo=132, routed)         0.594     0.594    datapath/video_inst/inst_dvid/TDMS_encoder_blue/clk_out1
    SLICE_X128Y106       FDRE                                         r  datapath/video_inst/inst_dvid/TDMS_encoder_blue/encoded_reg[0]/C
  -------------------------------------------------------------------    -------------------
    SLICE_X128Y106       FDRE (Prop_fdre_C_Q)         0.164     0.758 r  datapath/video_inst/inst_dvid/TDMS_encoder_blue/encoded_reg[0]/Q
                         net (fo=1, routed)           0.056     0.813    datapath/video_inst/inst_dvid/TDMS_encoder_blue_n_20
    SLICE_X128Y106       FDRE                                         r  datapath/video_inst/inst_dvid/latched_blue_reg[0]/D
  -------------------------------------------------------------------    -------------------

                         (clock clk_out1_clk_wiz_0 rise edge)
                                                      0.000     0.000 r  
    BUFGCTRL_X0Y2        BUFG                         0.000     0.000 r  clk_IBUF_BUFG_inst/O
                         net (fo=518, routed)         0.879     0.879    datapath/video_inst/mmcm_adv_inst_display_clocks/inst/clk_in1
    MMCME2_ADV_X0Y2      MMCME2_ADV (Prop_mmcme2_adv_CLKIN1_CLKOUT0)
                                                     -1.502    -0.624 r  datapath/video_inst/mmcm_adv_inst_display_clocks/inst/mmcm_adv_inst/CLKOUT0
                         net (fo=1, routed)           0.595    -0.029    datapath/video_inst/mmcm_adv_inst_display_clocks/inst/clk_out1_clk_wiz_0
    BUFGCTRL_X0Y3        BUFG (Prop_bufg_I_O)         0.029    -0.000 r  datapath/video_inst/mmcm_adv_inst_display_clocks/inst/clkout1_buf/O
                         net (fo=132, routed)         0.865     0.865    datapath/video_inst/inst_dvid/clk_out1
    SLICE_X128Y106       FDRE                                         r  datapath/video_inst/inst_dvid/latched_blue_reg[0]/C
                         clock pessimism             -0.271     0.594    
    SLICE_X128Y106       FDRE (Hold_fdre_C_D)         0.060     0.654    datapath/video_inst/inst_dvid/latched_blue_reg[0]
  -------------------------------------------------------------------
                         required time                         -0.654    
                         arrival time                           0.813    
  -------------------------------------------------------------------
                         slack                                  0.160    

Slack (MET) :             0.160ns  (arrival time - required time)
  Source:                 datapath/video_inst/inst_dvid/TDMS_encoder_blue/encoded_reg[2]/C
                            (rising edge-triggered cell FDRE clocked by clk_out1_clk_wiz_0  {rise@0.000ns fall@20.000ns period=40.000ns})
  Destination:            datapath/video_inst/inst_dvid/latched_blue_reg[2]/D
                            (rising edge-triggered cell FDRE clocked by clk_out1_clk_wiz_0  {rise@0.000ns fall@20.000ns period=40.000ns})
  Path Group:             clk_out1_clk_wiz_0
  Path Type:              Hold (Min at Fast Process Corner)
  Requirement:            0.000ns  (clk_out1_clk_wiz_0 rise@0.000ns - clk_out1_clk_wiz_0 rise@0.000ns)
  Data Path Delay:        0.220ns  (logic 0.164ns (74.580%)  route 0.056ns (25.420%))
  Logic Levels:           0  
  Clock Path Skew:        0.000ns (DCD - SCD - CPR)
    Destination Clock Delay (DCD):    0.864ns
    Source Clock Delay      (SCD):    0.593ns
    Clock Pessimism Removal (CPR):    0.271ns

    Location             Delay type                Incr(ns)  Path(ns)    Netlist Resource(s)
  -------------------------------------------------------------------    -------------------
                         (clock clk_out1_clk_wiz_0 rise edge)
                                                      0.000     0.000 r  
    BUFGCTRL_X0Y2        BUFG                         0.000     0.000 r  clk_IBUF_BUFG_inst/O
                         net (fo=518, routed)         0.610     0.610    datapath/video_inst/mmcm_adv_inst_display_clocks/inst/clk_in1
    MMCME2_ADV_X0Y2      MMCME2_ADV (Prop_mmcme2_adv_CLKIN1_CLKOUT0)
                                                     -1.180    -0.571 r  datapath/video_inst/mmcm_adv_inst_display_clocks/inst/mmcm_adv_inst/CLKOUT0
                         net (fo=1, routed)           0.545    -0.026    datapath/video_inst/mmcm_adv_inst_display_clocks/inst/clk_out1_clk_wiz_0
    BUFGCTRL_X0Y3        BUFG (Prop_bufg_I_O)         0.026     0.000 r  datapath/video_inst/mmcm_adv_inst_display_clocks/inst/clkout1_buf/O
                         net (fo=132, routed)         0.593     0.593    datapath/video_inst/inst_dvid/TDMS_encoder_blue/clk_out1
    SLICE_X128Y107       FDRE                                         r  datapath/video_inst/inst_dvid/TDMS_encoder_blue/encoded_reg[2]/C
  -------------------------------------------------------------------    -------------------
    SLICE_X128Y107       FDRE (Prop_fdre_C_Q)         0.164     0.757 r  datapath/video_inst/inst_dvid/TDMS_encoder_blue/encoded_reg[2]/Q
                         net (fo=1, routed)           0.056     0.812    datapath/video_inst/inst_dvid/TDMS_encoder_blue_n_18
    SLICE_X128Y107       FDRE                                         r  datapath/video_inst/inst_dvid/latched_blue_reg[2]/D
  -------------------------------------------------------------------    -------------------

                         (clock clk_out1_clk_wiz_0 rise edge)
                                                      0.000     0.000 r  
    BUFGCTRL_X0Y2        BUFG                         0.000     0.000 r  clk_IBUF_BUFG_inst/O
                         net (fo=518, routed)         0.879     0.879    datapath/video_inst/mmcm_adv_inst_display_clocks/inst/clk_in1
    MMCME2_ADV_X0Y2      MMCME2_ADV (Prop_mmcme2_adv_CLKIN1_CLKOUT0)
                                                     -1.502    -0.624 r  datapath/video_inst/mmcm_adv_inst_display_clocks/inst/mmcm_adv_inst/CLKOUT0
                         net (fo=1, routed)           0.595    -0.029    datapath/video_inst/mmcm_adv_inst_display_clocks/inst/clk_out1_clk_wiz_0
    BUFGCTRL_X0Y3        BUFG (Prop_bufg_I_O)         0.029    -0.000 r  datapath/video_inst/mmcm_adv_inst_display_clocks/inst/clkout1_buf/O
                         net (fo=132, routed)         0.864     0.864    datapath/video_inst/inst_dvid/clk_out1
    SLICE_X128Y107       FDRE                                         r  datapath/video_inst/inst_dvid/latched_blue_reg[2]/C
                         clock pessimism             -0.271     0.593    
    SLICE_X128Y107       FDRE (Hold_fdre_C_D)         0.060     0.653    datapath/video_inst/inst_dvid/latched_blue_reg[2]
  -------------------------------------------------------------------
                         required time                         -0.653    
                         arrival time                           0.812    
  -------------------------------------------------------------------
                         slack                                  0.160    

Slack (MET) :             0.160ns  (arrival time - required time)
  Source:                 datapath/video_inst/inst_dvid/TDMS_encoder_blue/encoded_reg[3]/C
                            (rising edge-triggered cell FDRE clocked by clk_out1_clk_wiz_0  {rise@0.000ns fall@20.000ns period=40.000ns})
  Destination:            datapath/video_inst/inst_dvid/latched_blue_reg[3]/D
                            (rising edge-triggered cell FDRE clocked by clk_out1_clk_wiz_0  {rise@0.000ns fall@20.000ns period=40.000ns})
  Path Group:             clk_out1_clk_wiz_0
  Path Type:              Hold (Min at Fast Process Corner)
  Requirement:            0.000ns  (clk_out1_clk_wiz_0 rise@0.000ns - clk_out1_clk_wiz_0 rise@0.000ns)
  Data Path Delay:        0.220ns  (logic 0.164ns (74.580%)  route 0.056ns (25.420%))
  Logic Levels:           0  
  Clock Path Skew:        0.000ns (DCD - SCD - CPR)
    Destination Clock Delay (DCD):    0.864ns
    Source Clock Delay      (SCD):    0.593ns
    Clock Pessimism Removal (CPR):    0.271ns

    Location             Delay type                Incr(ns)  Path(ns)    Netlist Resource(s)
  -------------------------------------------------------------------    -------------------
                         (clock clk_out1_clk_wiz_0 rise edge)
                                                      0.000     0.000 r  
    BUFGCTRL_X0Y2        BUFG                         0.000     0.000 r  clk_IBUF_BUFG_inst/O
                         net (fo=518, routed)         0.610     0.610    datapath/video_inst/mmcm_adv_inst_display_clocks/inst/clk_in1
    MMCME2_ADV_X0Y2      MMCME2_ADV (Prop_mmcme2_adv_CLKIN1_CLKOUT0)
                                                     -1.180    -0.571 r  datapath/video_inst/mmcm_adv_inst_display_clocks/inst/mmcm_adv_inst/CLKOUT0
                         net (fo=1, routed)           0.545    -0.026    datapath/video_inst/mmcm_adv_inst_display_clocks/inst/clk_out1_clk_wiz_0
    BUFGCTRL_X0Y3        BUFG (Prop_bufg_I_O)         0.026     0.000 r  datapath/video_inst/mmcm_adv_inst_display_clocks/inst/clkout1_buf/O
                         net (fo=132, routed)         0.593     0.593    datapath/video_inst/inst_dvid/TDMS_encoder_blue/clk_out1
    SLICE_X124Y108       FDRE                                         r  datapath/video_inst/inst_dvid/TDMS_encoder_blue/encoded_reg[3]/C
  -------------------------------------------------------------------    -------------------
    SLICE_X124Y108       FDRE (Prop_fdre_C_Q)         0.164     0.757 r  datapath/video_inst/inst_dvid/TDMS_encoder_blue/encoded_reg[3]/Q
                         net (fo=1, routed)           0.056     0.812    datapath/video_inst/inst_dvid/TDMS_encoder_blue_n_17
    SLICE_X124Y108       FDRE                                         r  datapath/video_inst/inst_dvid/latched_blue_reg[3]/D
  -------------------------------------------------------------------    -------------------

                         (clock clk_out1_clk_wiz_0 rise edge)
                                                      0.000     0.000 r  
    BUFGCTRL_X0Y2        BUFG                         0.000     0.000 r  clk_IBUF_BUFG_inst/O
                         net (fo=518, routed)         0.879     0.879    datapath/video_inst/mmcm_adv_inst_display_clocks/inst/clk_in1
    MMCME2_ADV_X0Y2      MMCME2_ADV (Prop_mmcme2_adv_CLKIN1_CLKOUT0)
                                                     -1.502    -0.624 r  datapath/video_inst/mmcm_adv_inst_display_clocks/inst/mmcm_adv_inst/CLKOUT0
                         net (fo=1, routed)           0.595    -0.029    datapath/video_inst/mmcm_adv_inst_display_clocks/inst/clk_out1_clk_wiz_0
    BUFGCTRL_X0Y3        BUFG (Prop_bufg_I_O)         0.029    -0.000 r  datapath/video_inst/mmcm_adv_inst_display_clocks/inst/clkout1_buf/O
                         net (fo=132, routed)         0.864     0.864    datapath/video_inst/inst_dvid/clk_out1
    SLICE_X124Y108       FDRE                                         r  datapath/video_inst/inst_dvid/latched_blue_reg[3]/C
                         clock pessimism             -0.271     0.593    
    SLICE_X124Y108       FDRE (Hold_fdre_C_D)         0.060     0.653    datapath/video_inst/inst_dvid/latched_blue_reg[3]
  -------------------------------------------------------------------
                         required time                         -0.653    
                         arrival time                           0.812    
  -------------------------------------------------------------------
                         slack                                  0.160    

Slack (MET) :             0.163ns  (arrival time - required time)
  Source:                 datapath/video_inst/inst_dvid/TDMS_encoder_green/encoded_reg[2]/C
                            (rising edge-triggered cell FDSE clocked by clk_out1_clk_wiz_0  {rise@0.000ns fall@20.000ns period=40.000ns})
  Destination:            datapath/video_inst/inst_dvid/latched_green_reg[2]/D
                            (rising edge-triggered cell FDRE clocked by clk_out1_clk_wiz_0  {rise@0.000ns fall@20.000ns period=40.000ns})
  Path Group:             clk_out1_clk_wiz_0
  Path Type:              Hold (Min at Fast Process Corner)
  Requirement:            0.000ns  (clk_out1_clk_wiz_0 rise@0.000ns - clk_out1_clk_wiz_0 rise@0.000ns)
  Data Path Delay:        0.257ns  (logic 0.141ns (54.872%)  route 0.116ns (45.128%))
  Logic Levels:           0  
  Clock Path Skew:        0.035ns (DCD - SCD - CPR)
    Destination Clock Delay (DCD):    0.862ns
    Source Clock Delay      (SCD):    0.593ns
    Clock Pessimism Removal (CPR):    0.234ns

    Location             Delay type                Incr(ns)  Path(ns)    Netlist Resource(s)
  -------------------------------------------------------------------    -------------------
                         (clock clk_out1_clk_wiz_0 rise edge)
                                                      0.000     0.000 r  
    BUFGCTRL_X0Y2        BUFG                         0.000     0.000 r  clk_IBUF_BUFG_inst/O
                         net (fo=518, routed)         0.610     0.610    datapath/video_inst/mmcm_adv_inst_display_clocks/inst/clk_in1
    MMCME2_ADV_X0Y2      MMCME2_ADV (Prop_mmcme2_adv_CLKIN1_CLKOUT0)
                                                     -1.180    -0.571 r  datapath/video_inst/mmcm_adv_inst_display_clocks/inst/mmcm_adv_inst/CLKOUT0
                         net (fo=1, routed)           0.545    -0.026    datapath/video_inst/mmcm_adv_inst_display_clocks/inst/clk_out1_clk_wiz_0
    BUFGCTRL_X0Y3        BUFG (Prop_bufg_I_O)         0.026     0.000 r  datapath/video_inst/mmcm_adv_inst_display_clocks/inst/clkout1_buf/O
                         net (fo=132, routed)         0.593     0.593    datapath/video_inst/inst_dvid/TDMS_encoder_green/clk_out1
    SLICE_X134Y111       FDSE                                         r  datapath/video_inst/inst_dvid/TDMS_encoder_green/encoded_reg[2]/C
  -------------------------------------------------------------------    -------------------
    SLICE_X134Y111       FDSE (Prop_fdse_C_Q)         0.141     0.734 r  datapath/video_inst/inst_dvid/TDMS_encoder_green/encoded_reg[2]/Q
                         net (fo=1, routed)           0.116     0.850    datapath/video_inst/inst_dvid/TDMS_encoder_green_n_19
    SLICE_X136Y112       FDRE                                         r  datapath/video_inst/inst_dvid/latched_green_reg[2]/D
  -------------------------------------------------------------------    -------------------

                         (clock clk_out1_clk_wiz_0 rise edge)
                                                      0.000     0.000 r  
    BUFGCTRL_X0Y2        BUFG                         0.000     0.000 r  clk_IBUF_BUFG_inst/O
                         net (fo=518, routed)         0.879     0.879    datapath/video_inst/mmcm_adv_inst_display_clocks/inst/clk_in1
    MMCME2_ADV_X0Y2      MMCME2_ADV (Prop_mmcme2_adv_CLKIN1_CLKOUT0)
                                                     -1.502    -0.624 r  datapath/video_inst/mmcm_adv_inst_display_clocks/inst/mmcm_adv_inst/CLKOUT0
                         net (fo=1, routed)           0.595    -0.029    datapath/video_inst/mmcm_adv_inst_display_clocks/inst/clk_out1_clk_wiz_0
    BUFGCTRL_X0Y3        BUFG (Prop_bufg_I_O)         0.029    -0.000 r  datapath/video_inst/mmcm_adv_inst_display_clocks/inst/clkout1_buf/O
                         net (fo=132, routed)         0.862     0.862    datapath/video_inst/inst_dvid/clk_out1
    SLICE_X136Y112       FDRE                                         r  datapath/video_inst/inst_dvid/latched_green_reg[2]/C
                         clock pessimism             -0.234     0.628    
    SLICE_X136Y112       FDRE (Hold_fdre_C_D)         0.059     0.687    datapath/video_inst/inst_dvid/latched_green_reg[2]
  -------------------------------------------------------------------
                         required time                         -0.687    
                         arrival time                           0.850    
  -------------------------------------------------------------------
                         slack                                  0.163    

Slack (MET) :             0.165ns  (arrival time - required time)
  Source:                 datapath/video_inst/Inst_vga/v_count_reg[3]_rep/C
                            (rising edge-triggered cell FDRE clocked by clk_out1_clk_wiz_0  {rise@0.000ns fall@20.000ns period=40.000ns})
  Destination:            datapath/video_inst/Inst_vga/v_count_reg[5]/D
                            (rising edge-triggered cell FDRE clocked by clk_out1_clk_wiz_0  {rise@0.000ns fall@20.000ns period=40.000ns})
  Path Group:             clk_out1_clk_wiz_0
  Path Type:              Hold (Min at Fast Process Corner)
  Requirement:            0.000ns  (clk_out1_clk_wiz_0 rise@0.000ns - clk_out1_clk_wiz_0 rise@0.000ns)
  Data Path Delay:        0.455ns  (logic 0.186ns (40.862%)  route 0.269ns (59.138%))
  Logic Levels:           1  (LUT6=1)
  Clock Path Skew:        0.198ns (DCD - SCD - CPR)
    Destination Clock Delay (DCD):    0.863ns
    Source Clock Delay      (SCD):    0.659ns
    Clock Pessimism Removal (CPR):    0.005ns

    Location             Delay type                Incr(ns)  Path(ns)    Netlist Resource(s)
  -------------------------------------------------------------------    -------------------
                         (clock clk_out1_clk_wiz_0 rise edge)
                                                      0.000     0.000 r  
    BUFGCTRL_X0Y2        BUFG                         0.000     0.000 r  clk_IBUF_BUFG_inst/O
                         net (fo=518, routed)         0.610     0.610    datapath/video_inst/mmcm_adv_inst_display_clocks/inst/clk_in1
    MMCME2_ADV_X0Y2      MMCME2_ADV (Prop_mmcme2_adv_CLKIN1_CLKOUT0)
                                                     -1.180    -0.571 r  datapath/video_inst/mmcm_adv_inst_display_clocks/inst/mmcm_adv_inst/CLKOUT0
                         net (fo=1, routed)           0.545    -0.026    datapath/video_inst/mmcm_adv_inst_display_clocks/inst/clk_out1_clk_wiz_0
    BUFGCTRL_X0Y3        BUFG (Prop_bufg_I_O)         0.026     0.000 r  datapath/video_inst/mmcm_adv_inst_display_clocks/inst/clkout1_buf/O
                         net (fo=132, routed)         0.659     0.659    datapath/video_inst/Inst_vga/clk_out1
    SLICE_X114Y98        FDRE                                         r  datapath/video_inst/Inst_vga/v_count_reg[3]_rep/C
  -------------------------------------------------------------------    -------------------
    SLICE_X114Y98        FDRE (Prop_fdre_C_Q)         0.141     0.800 r  datapath/video_inst/Inst_vga/v_count_reg[3]_rep/Q
                         net (fo=105, routed)         0.269     1.069    datapath/video_inst/Inst_vga/v_count_reg[3]_rep_n_0
    SLICE_X110Y100       LUT6 (Prop_lut6_I3_O)        0.045     1.114 r  datapath/video_inst/Inst_vga/v_count[5]_i_1/O
                         net (fo=1, routed)           0.000     1.114    datapath/video_inst/Inst_vga/plusOp[5]
    SLICE_X110Y100       FDRE                                         r  datapath/video_inst/Inst_vga/v_count_reg[5]/D
  -------------------------------------------------------------------    -------------------

                         (clock clk_out1_clk_wiz_0 rise edge)
                                                      0.000     0.000 r  
    BUFGCTRL_X0Y2        BUFG                         0.000     0.000 r  clk_IBUF_BUFG_inst/O
                         net (fo=518, routed)         0.879     0.879    datapath/video_inst/mmcm_adv_inst_display_clocks/inst/clk_in1
    MMCME2_ADV_X0Y2      MMCME2_ADV (Prop_mmcme2_adv_CLKIN1_CLKOUT0)
                                                     -1.502    -0.624 r  datapath/video_inst/mmcm_adv_inst_display_clocks/inst/mmcm_adv_inst/CLKOUT0
                         net (fo=1, routed)           0.595    -0.029    datapath/video_inst/mmcm_adv_inst_display_clocks/inst/clk_out1_clk_wiz_0
    BUFGCTRL_X0Y3        BUFG (Prop_bufg_I_O)         0.029    -0.000 r  datapath/video_inst/mmcm_adv_inst_display_clocks/inst/clkout1_buf/O
                         net (fo=132, routed)         0.863     0.863    datapath/video_inst/Inst_vga/clk_out1
    SLICE_X110Y100       FDRE                                         r  datapath/video_inst/Inst_vga/v_count_reg[5]/C
                         clock pessimism             -0.005     0.858    
    SLICE_X110Y100       FDRE (Hold_fdre_C_D)         0.092     0.950    datapath/video_inst/Inst_vga/v_count_reg[5]
  -------------------------------------------------------------------
                         required time                         -0.950    
                         arrival time                           1.114    
  -------------------------------------------------------------------
                         slack                                  0.165    

Slack (MET) :             0.165ns  (arrival time - required time)
  Source:                 datapath/video_inst/Inst_vga/v_count_reg[4]/C
                            (rising edge-triggered cell FDRE clocked by clk_out1_clk_wiz_0  {rise@0.000ns fall@20.000ns period=40.000ns})
  Destination:            datapath/video_inst/Inst_vga/v_count_reg[6]/D
                            (rising edge-triggered cell FDRE clocked by clk_out1_clk_wiz_0  {rise@0.000ns fall@20.000ns period=40.000ns})
  Path Group:             clk_out1_clk_wiz_0
  Path Type:              Hold (Min at Fast Process Corner)
  Requirement:            0.000ns  (clk_out1_clk_wiz_0 rise@0.000ns - clk_out1_clk_wiz_0 rise@0.000ns)
  Data Path Delay:        0.485ns  (logic 0.186ns (38.368%)  route 0.299ns (61.632%))
  Logic Levels:           1  (LUT6=1)
  Clock Path Skew:        0.199ns (DCD - SCD - CPR)
    Destination Clock Delay (DCD):    0.863ns
    Source Clock Delay      (SCD):    0.658ns
    Clock Pessimism Removal (CPR):    0.005ns

    Location             Delay type                Incr(ns)  Path(ns)    Netlist Resource(s)
  -------------------------------------------------------------------    -------------------
                         (clock clk_out1_clk_wiz_0 rise edge)
                                                      0.000     0.000 r  
    BUFGCTRL_X0Y2        BUFG                         0.000     0.000 r  clk_IBUF_BUFG_inst/O
                         net (fo=518, routed)         0.610     0.610    datapath/video_inst/mmcm_adv_inst_display_clocks/inst/clk_in1
    MMCME2_ADV_X0Y2      MMCME2_ADV (Prop_mmcme2_adv_CLKIN1_CLKOUT0)
                                                     -1.180    -0.571 r  datapath/video_inst/mmcm_adv_inst_display_clocks/inst/mmcm_adv_inst/CLKOUT0
                         net (fo=1, routed)           0.545    -0.026    datapath/video_inst/mmcm_adv_inst_display_clocks/inst/clk_out1_clk_wiz_0
    BUFGCTRL_X0Y3        BUFG (Prop_bufg_I_O)         0.026     0.000 r  datapath/video_inst/mmcm_adv_inst_display_clocks/inst/clkout1_buf/O
                         net (fo=132, routed)         0.658     0.658    datapath/video_inst/Inst_vga/clk_out1
    SLICE_X110Y99        FDRE                                         r  datapath/video_inst/Inst_vga/v_count_reg[4]/C
  -------------------------------------------------------------------    -------------------
    SLICE_X110Y99        FDRE (Prop_fdre_C_Q)         0.141     0.799 r  datapath/video_inst/Inst_vga/v_count_reg[4]/Q
                         net (fo=73, routed)          0.299     1.098    datapath/video_inst/Inst_vga/row[4]
    SLICE_X108Y102       LUT6 (Prop_lut6_I4_O)        0.045     1.143 r  datapath/video_inst/Inst_vga/v_count[6]_i_1/O
                         net (fo=1, routed)           0.000     1.143    datapath/video_inst/Inst_vga/plusOp[6]
    SLICE_X108Y102       FDRE                                         r  datapath/video_inst/Inst_vga/v_count_reg[6]/D
  -------------------------------------------------------------------    -------------------

                         (clock clk_out1_clk_wiz_0 rise edge)
                                                      0.000     0.000 r  
    BUFGCTRL_X0Y2        BUFG                         0.000     0.000 r  clk_IBUF_BUFG_inst/O
                         net (fo=518, routed)         0.879     0.879    datapath/video_inst/mmcm_adv_inst_display_clocks/inst/clk_in1
    MMCME2_ADV_X0Y2      MMCME2_ADV (Prop_mmcme2_adv_CLKIN1_CLKOUT0)
                                                     -1.502    -0.624 r  datapath/video_inst/mmcm_adv_inst_display_clocks/inst/mmcm_adv_inst/CLKOUT0
                         net (fo=1, routed)           0.595    -0.029    datapath/video_inst/mmcm_adv_inst_display_clocks/inst/clk_out1_clk_wiz_0
    BUFGCTRL_X0Y3        BUFG (Prop_bufg_I_O)         0.029    -0.000 r  datapath/video_inst/mmcm_adv_inst_display_clocks/inst/clkout1_buf/O
                         net (fo=132, routed)         0.863     0.863    datapath/video_inst/Inst_vga/clk_out1
    SLICE_X108Y102       FDRE                                         r  datapath/video_inst/Inst_vga/v_count_reg[6]/C
                         clock pessimism             -0.005     0.858    
    SLICE_X108Y102       FDRE (Hold_fdre_C_D)         0.120     0.978    datapath/video_inst/Inst_vga/v_count_reg[6]
  -------------------------------------------------------------------
                         required time                         -0.978    
                         arrival time                           1.143    
  -------------------------------------------------------------------
                         slack                                  0.165    

Slack (MET) :             0.167ns  (arrival time - required time)
  Source:                 datapath/video_inst/inst_dvid/TDMS_encoder_blue/encoded_reg[1]/C
                            (rising edge-triggered cell FDRE clocked by clk_out1_clk_wiz_0  {rise@0.000ns fall@20.000ns period=40.000ns})
  Destination:            datapath/video_inst/inst_dvid/latched_blue_reg[1]/D
                            (rising edge-triggered cell FDRE clocked by clk_out1_clk_wiz_0  {rise@0.000ns fall@20.000ns period=40.000ns})
  Path Group:             clk_out1_clk_wiz_0
  Path Type:              Hold (Min at Fast Process Corner)
  Requirement:            0.000ns  (clk_out1_clk_wiz_0 rise@0.000ns - clk_out1_clk_wiz_0 rise@0.000ns)
  Data Path Delay:        0.220ns  (logic 0.164ns (74.580%)  route 0.056ns (25.420%))
  Logic Levels:           0  
  Clock Path Skew:        0.000ns (DCD - SCD - CPR)
    Destination Clock Delay (DCD):    0.865ns
    Source Clock Delay      (SCD):    0.594ns
    Clock Pessimism Removal (CPR):    0.271ns

    Location             Delay type                Incr(ns)  Path(ns)    Netlist Resource(s)
  -------------------------------------------------------------------    -------------------
                         (clock clk_out1_clk_wiz_0 rise edge)
                                                      0.000     0.000 r  
    BUFGCTRL_X0Y2        BUFG                         0.000     0.000 r  clk_IBUF_BUFG_inst/O
                         net (fo=518, routed)         0.610     0.610    datapath/video_inst/mmcm_adv_inst_display_clocks/inst/clk_in1
    MMCME2_ADV_X0Y2      MMCME2_ADV (Prop_mmcme2_adv_CLKIN1_CLKOUT0)
                                                     -1.180    -0.571 r  datapath/video_inst/mmcm_adv_inst_display_clocks/inst/mmcm_adv_inst/CLKOUT0
                         net (fo=1, routed)           0.545    -0.026    datapath/video_inst/mmcm_adv_inst_display_clocks/inst/clk_out1_clk_wiz_0
    BUFGCTRL_X0Y3        BUFG (Prop_bufg_I_O)         0.026     0.000 r  datapath/video_inst/mmcm_adv_inst_display_clocks/inst/clkout1_buf/O
                         net (fo=132, routed)         0.594     0.594    datapath/video_inst/inst_dvid/TDMS_encoder_blue/clk_out1
    SLICE_X128Y106       FDRE                                         r  datapath/video_inst/inst_dvid/TDMS_encoder_blue/encoded_reg[1]/C
  -------------------------------------------------------------------    -------------------
    SLICE_X128Y106       FDRE (Prop_fdre_C_Q)         0.164     0.758 r  datapath/video_inst/inst_dvid/TDMS_encoder_blue/encoded_reg[1]/Q
                         net (fo=1, routed)           0.056     0.813    datapath/video_inst/inst_dvid/TDMS_encoder_blue_n_19
    SLICE_X128Y106       FDRE                                         r  datapath/video_inst/inst_dvid/latched_blue_reg[1]/D
  -------------------------------------------------------------------    -------------------

                         (clock clk_out1_clk_wiz_0 rise edge)
                                                      0.000     0.000 r  
    BUFGCTRL_X0Y2        BUFG                         0.000     0.000 r  clk_IBUF_BUFG_inst/O
                         net (fo=518, routed)         0.879     0.879    datapath/video_inst/mmcm_adv_inst_display_clocks/inst/clk_in1
    MMCME2_ADV_X0Y2      MMCME2_ADV (Prop_mmcme2_adv_CLKIN1_CLKOUT0)
                                                     -1.502    -0.624 r  datapath/video_inst/mmcm_adv_inst_display_clocks/inst/mmcm_adv_inst/CLKOUT0
                         net (fo=1, routed)           0.595    -0.029    datapath/video_inst/mmcm_adv_inst_display_clocks/inst/clk_out1_clk_wiz_0
    BUFGCTRL_X0Y3        BUFG (Prop_bufg_I_O)         0.029    -0.000 r  datapath/video_inst/mmcm_adv_inst_display_clocks/inst/clkout1_buf/O
                         net (fo=132, routed)         0.865     0.865    datapath/video_inst/inst_dvid/clk_out1
    SLICE_X128Y106       FDRE                                         r  datapath/video_inst/inst_dvid/latched_blue_reg[1]/C
                         clock pessimism             -0.271     0.594    
    SLICE_X128Y106       FDRE (Hold_fdre_C_D)         0.053     0.647    datapath/video_inst/inst_dvid/latched_blue_reg[1]
  -------------------------------------------------------------------
                         required time                         -0.647    
                         arrival time                           0.813    
  -------------------------------------------------------------------
                         slack                                  0.167    

Slack (MET) :             0.168ns  (arrival time - required time)
  Source:                 datapath/video_inst/Inst_vga/v_count_reg[4]/C
                            (rising edge-triggered cell FDRE clocked by clk_out1_clk_wiz_0  {rise@0.000ns fall@20.000ns period=40.000ns})
  Destination:            datapath/video_inst/Inst_vga/v_count_reg[7]/D
                            (rising edge-triggered cell FDRE clocked by clk_out1_clk_wiz_0  {rise@0.000ns fall@20.000ns period=40.000ns})
  Path Group:             clk_out1_clk_wiz_0
  Path Type:              Hold (Min at Fast Process Corner)
  Requirement:            0.000ns  (clk_out1_clk_wiz_0 rise@0.000ns - clk_out1_clk_wiz_0 rise@0.000ns)
  Data Path Delay:        0.489ns  (logic 0.186ns (38.054%)  route 0.303ns (61.946%))
  Logic Levels:           1  (LUT6=1)
  Clock Path Skew:        0.199ns (DCD - SCD - CPR)
    Destination Clock Delay (DCD):    0.863ns
    Source Clock Delay      (SCD):    0.658ns
    Clock Pessimism Removal (CPR):    0.005ns

    Location             Delay type                Incr(ns)  Path(ns)    Netlist Resource(s)
  -------------------------------------------------------------------    -------------------
                         (clock clk_out1_clk_wiz_0 rise edge)
                                                      0.000     0.000 r  
    BUFGCTRL_X0Y2        BUFG                         0.000     0.000 r  clk_IBUF_BUFG_inst/O
                         net (fo=518, routed)         0.610     0.610    datapath/video_inst/mmcm_adv_inst_display_clocks/inst/clk_in1
    MMCME2_ADV_X0Y2      MMCME2_ADV (Prop_mmcme2_adv_CLKIN1_CLKOUT0)
                                                     -1.180    -0.571 r  datapath/video_inst/mmcm_adv_inst_display_clocks/inst/mmcm_adv_inst/CLKOUT0
                         net (fo=1, routed)           0.545    -0.026    datapath/video_inst/mmcm_adv_inst_display_clocks/inst/clk_out1_clk_wiz_0
    BUFGCTRL_X0Y3        BUFG (Prop_bufg_I_O)         0.026     0.000 r  datapath/video_inst/mmcm_adv_inst_display_clocks/inst/clkout1_buf/O
                         net (fo=132, routed)         0.658     0.658    datapath/video_inst/Inst_vga/clk_out1
    SLICE_X110Y99        FDRE                                         r  datapath/video_inst/Inst_vga/v_count_reg[4]/C
  -------------------------------------------------------------------    -------------------
    SLICE_X110Y99        FDRE (Prop_fdre_C_Q)         0.141     0.799 r  datapath/video_inst/Inst_vga/v_count_reg[4]/Q
                         net (fo=73, routed)          0.303     1.102    datapath/video_inst/Inst_vga/row[4]
    SLICE_X108Y102       LUT6 (Prop_lut6_I1_O)        0.045     1.147 r  datapath/video_inst/Inst_vga/v_count[7]_i_1/O
                         net (fo=1, routed)           0.000     1.147    datapath/video_inst/Inst_vga/plusOp[7]
    SLICE_X108Y102       FDRE                                         r  datapath/video_inst/Inst_vga/v_count_reg[7]/D
  -------------------------------------------------------------------    -------------------

                         (clock clk_out1_clk_wiz_0 rise edge)
                                                      0.000     0.000 r  
    BUFGCTRL_X0Y2        BUFG                         0.000     0.000 r  clk_IBUF_BUFG_inst/O
                         net (fo=518, routed)         0.879     0.879    datapath/video_inst/mmcm_adv_inst_display_clocks/inst/clk_in1
    MMCME2_ADV_X0Y2      MMCME2_ADV (Prop_mmcme2_adv_CLKIN1_CLKOUT0)
                                                     -1.502    -0.624 r  datapath/video_inst/mmcm_adv_inst_display_clocks/inst/mmcm_adv_inst/CLKOUT0
                         net (fo=1, routed)           0.595    -0.029    datapath/video_inst/mmcm_adv_inst_display_clocks/inst/clk_out1_clk_wiz_0
    BUFGCTRL_X0Y3        BUFG (Prop_bufg_I_O)         0.029    -0.000 r  datapath/video_inst/mmcm_adv_inst_display_clocks/inst/clkout1_buf/O
                         net (fo=132, routed)         0.863     0.863    datapath/video_inst/Inst_vga/clk_out1
    SLICE_X108Y102       FDRE                                         r  datapath/video_inst/Inst_vga/v_count_reg[7]/C
                         clock pessimism             -0.005     0.858    
    SLICE_X108Y102       FDRE (Hold_fdre_C_D)         0.121     0.979    datapath/video_inst/Inst_vga/v_count_reg[7]
  -------------------------------------------------------------------
                         required time                         -0.979    
                         arrival time                           1.147    
  -------------------------------------------------------------------
                         slack                                  0.168    





Pulse Width Checks
--------------------------------------------------------------------------------------
Clock Name:         clk_out1_clk_wiz_0
Waveform(ns):       { 0.000 20.000 }
Period(ns):         40.000
Sources:            { datapath/video_inst/mmcm_adv_inst_display_clocks/inst/mmcm_adv_inst/CLKOUT0 }

Check Type        Corner  Lib Pin             Reference Pin  Required(ns)  Actual(ns)  Slack(ns)  Location         Pin
Min Period        n/a     BUFG/I              n/a            2.155         40.000      37.845     BUFGCTRL_X0Y3    datapath/video_inst/mmcm_adv_inst_display_clocks/inst/clkout1_buf/I
Min Period        n/a     MMCME2_ADV/CLKOUT0  n/a            1.249         40.000      38.751     MMCME2_ADV_X0Y2  datapath/video_inst/mmcm_adv_inst_display_clocks/inst/mmcm_adv_inst/CLKOUT0
Min Period        n/a     FDRE/C              n/a            1.000         40.000      39.000     SLICE_X122Y106   datapath/video_inst/Inst_vga/h_blank_reg/C
Min Period        n/a     FDRE/C              n/a            1.000         40.000      39.000     SLICE_X118Y104   datapath/video_inst/Inst_vga/h_count_reg[0]/C
Min Period        n/a     FDRE/C              n/a            1.000         40.000      39.000     SLICE_X118Y105   datapath/video_inst/Inst_vga/h_count_reg[0]_rep/C
Min Period        n/a     FDRE/C              n/a            1.000         40.000      39.000     SLICE_X119Y104   datapath/video_inst/Inst_vga/h_count_reg[0]_rep__0/C
Min Period        n/a     FDRE/C              n/a            1.000         40.000      39.000     SLICE_X115Y103   datapath/video_inst/Inst_vga/h_count_reg[0]_rep__1/C
Min Period        n/a     FDRE/C              n/a            1.000         40.000      39.000     SLICE_X119Y104   datapath/video_inst/Inst_vga/h_count_reg[0]_rep__2/C
Min Period        n/a     FDRE/C              n/a            1.000         40.000      39.000     SLICE_X118Y105   datapath/video_inst/Inst_vga/h_count_reg[1]/C
Min Period        n/a     FDRE/C              n/a            1.000         40.000      39.000     SLICE_X121Y101   datapath/video_inst/Inst_vga/h_count_reg[1]_rep/C
Max Period        n/a     MMCME2_ADV/CLKOUT0  n/a            213.360       40.000      173.360    MMCME2_ADV_X0Y2  datapath/video_inst/mmcm_adv_inst_display_clocks/inst/mmcm_adv_inst/CLKOUT0
Low Pulse Width   Slow    FDRE/C              n/a            0.500         20.000      19.500     SLICE_X122Y106   datapath/video_inst/Inst_vga/h_blank_reg/C
Low Pulse Width   Fast    FDRE/C              n/a            0.500         20.000      19.500     SLICE_X122Y106   datapath/video_inst/Inst_vga/h_blank_reg/C
Low Pulse Width   Slow    FDRE/C              n/a            0.500         20.000      19.500     SLICE_X118Y104   datapath/video_inst/Inst_vga/h_count_reg[0]/C
Low Pulse Width   Fast    FDRE/C              n/a            0.500         20.000      19.500     SLICE_X118Y104   datapath/video_inst/Inst_vga/h_count_reg[0]/C
Low Pulse Width   Slow    FDRE/C              n/a            0.500         20.000      19.500     SLICE_X118Y105   datapath/video_inst/Inst_vga/h_count_reg[0]_rep/C
Low Pulse Width   Fast    FDRE/C              n/a            0.500         20.000      19.500     SLICE_X118Y105   datapath/video_inst/Inst_vga/h_count_reg[0]_rep/C
Low Pulse Width   Slow    FDRE/C              n/a            0.500         20.000      19.500     SLICE_X119Y104   datapath/video_inst/Inst_vga/h_count_reg[0]_rep__0/C
Low Pulse Width   Fast    FDRE/C              n/a            0.500         20.000      19.500     SLICE_X119Y104   datapath/video_inst/Inst_vga/h_count_reg[0]_rep__0/C
Low Pulse Width   Slow    FDRE/C              n/a            0.500         20.000      19.500     SLICE_X115Y103   datapath/video_inst/Inst_vga/h_count_reg[0]_rep__1/C
Low Pulse Width   Fast    FDRE/C              n/a            0.500         20.000      19.500     SLICE_X115Y103   datapath/video_inst/Inst_vga/h_count_reg[0]_rep__1/C
High Pulse Width  Slow    FDRE/C              n/a            0.500         20.000      19.500     SLICE_X122Y106   datapath/video_inst/Inst_vga/h_blank_reg/C
High Pulse Width  Fast    FDRE/C              n/a            0.500         20.000      19.500     SLICE_X122Y106   datapath/video_inst/Inst_vga/h_blank_reg/C
High Pulse Width  Slow    FDRE/C              n/a            0.500         20.000      19.500     SLICE_X118Y104   datapath/video_inst/Inst_vga/h_count_reg[0]/C
High Pulse Width  Fast    FDRE/C              n/a            0.500         20.000      19.500     SLICE_X118Y104   datapath/video_inst/Inst_vga/h_count_reg[0]/C
High Pulse Width  Slow    FDRE/C              n/a            0.500         20.000      19.500     SLICE_X118Y105   datapath/video_inst/Inst_vga/h_count_reg[0]_rep/C
High Pulse Width  Fast    FDRE/C              n/a            0.500         20.000      19.500     SLICE_X118Y105   datapath/video_inst/Inst_vga/h_count_reg[0]_rep/C
High Pulse Width  Slow    FDRE/C              n/a            0.500         20.000      19.500     SLICE_X119Y104   datapath/video_inst/Inst_vga/h_count_reg[0]_rep__0/C
High Pulse Width  Fast    FDRE/C              n/a            0.500         20.000      19.500     SLICE_X119Y104   datapath/video_inst/Inst_vga/h_count_reg[0]_rep__0/C
High Pulse Width  Slow    FDRE/C              n/a            0.500         20.000      19.500     SLICE_X115Y103   datapath/video_inst/Inst_vga/h_count_reg[0]_rep__1/C
High Pulse Width  Fast    FDRE/C              n/a            0.500         20.000      19.500     SLICE_X115Y103   datapath/video_inst/Inst_vga/h_count_reg[0]_rep__1/C



---------------------------------------------------------------------------------------------------
From Clock:  clk_out2_clk_wiz_0
  To Clock:  clk_out2_clk_wiz_0

Setup :            0  Failing Endpoints,  Worst Slack        1.702ns,  Total Violation        0.000ns
Hold  :            0  Failing Endpoints,  Worst Slack        0.175ns,  Total Violation        0.000ns
PW    :            0  Failing Endpoints,  Worst Slack        3.500ns,  Total Violation        0.000ns
---------------------------------------------------------------------------------------------------


Max Delay Paths
--------------------------------------------------------------------------------------
Slack (MET) :             1.702ns  (required time - arrival time)
  Source:                 datapath/video_inst/inst_dvid/shift_clock_reg[0]/C
                            (rising edge-triggered cell FDRE clocked by clk_out2_clk_wiz_0  {rise@0.000ns fall@4.000ns period=8.000ns})
  Destination:            datapath/video_inst/inst_dvid/shift_blue_reg[8]/R
                            (rising edge-triggered cell FDRE clocked by clk_out2_clk_wiz_0  {rise@0.000ns fall@4.000ns period=8.000ns})
  Path Group:             clk_out2_clk_wiz_0
  Path Type:              Setup (Max at Slow Process Corner)
  Requirement:            8.000ns  (clk_out2_clk_wiz_0 rise@8.000ns - clk_out2_clk_wiz_0 rise@0.000ns)
  Data Path Delay:        5.611ns  (logic 0.766ns (13.653%)  route 4.845ns (86.347%))
  Logic Levels:           2  (LUT5=1 LUT6=1)
  Clock Path Skew:        -0.186ns (DCD - SCD + CPR)
    Destination Clock Delay (DCD):    1.567ns = ( 9.567 - 8.000 ) 
    Source Clock Delay      (SCD):    1.833ns
    Clock Pessimism Removal (CPR):    0.080ns
  Clock Uncertainty:      0.072ns  ((TSJ^2 + DJ^2)^1/2) / 2 + PE
    Total System Jitter     (TSJ):    0.071ns
    Discrete Jitter          (DJ):    0.125ns
    Phase Error              (PE):    0.000ns

    Location             Delay type                Incr(ns)  Path(ns)    Netlist Resource(s)
  -------------------------------------------------------------------    -------------------
                         (clock clk_out2_clk_wiz_0 rise edge)
                                                      0.000     0.000 r  
    BUFGCTRL_X0Y2        BUFG                         0.000     0.000 r  clk_IBUF_BUFG_inst/O
                         net (fo=518, routed)         1.761     1.761    datapath/video_inst/mmcm_adv_inst_display_clocks/inst/clk_in1
    MMCME2_ADV_X0Y2      MMCME2_ADV (Prop_mmcme2_adv_CLKIN1_CLKOUT1)
                                                     -3.701    -1.939 r  datapath/video_inst/mmcm_adv_inst_display_clocks/inst/mmcm_adv_inst/CLKOUT1
                         net (fo=1, routed)           1.843    -0.096    datapath/video_inst/mmcm_adv_inst_display_clocks/inst/clk_out2_clk_wiz_0
    BUFGCTRL_X0Y0        BUFG (Prop_bufg_I_O)         0.096    -0.000 r  datapath/video_inst/mmcm_adv_inst_display_clocks/inst/clkout2_buf/O
                         net (fo=44, routed)          1.833     1.833    datapath/video_inst/inst_dvid/clk_out2
    SLICE_X162Y147       FDRE                                         r  datapath/video_inst/inst_dvid/shift_clock_reg[0]/C
  -------------------------------------------------------------------    -------------------
    SLICE_X162Y147       FDRE (Prop_fdre_C_Q)         0.518     2.351 f  datapath/video_inst/inst_dvid/shift_clock_reg[0]/Q
                         net (fo=3, routed)           0.678     3.030    datapath/video_inst/inst_dvid/shift_clock[0]
    SLICE_X163Y147       LUT6 (Prop_lut6_I5_O)        0.124     3.154 r  datapath/video_inst/inst_dvid/shift_red[9]_i_2/O
                         net (fo=1, routed)           0.425     3.579    datapath/video_inst/inst_dvid/shift_red[9]_i_2_n_0
    SLICE_X162Y147       LUT5 (Prop_lut5_I0_O)        0.124     3.703 r  datapath/video_inst/inst_dvid/shift_red[9]_i_1/O
                         net (fo=30, routed)          3.741     7.444    datapath/video_inst/inst_dvid/shift_red[9]_i_1_n_0
    SLICE_X127Y109       FDRE                                         r  datapath/video_inst/inst_dvid/shift_blue_reg[8]/R
  -------------------------------------------------------------------    -------------------

                         (clock clk_out2_clk_wiz_0 rise edge)
                                                      8.000     8.000 r  
    BUFGCTRL_X0Y2        BUFG                         0.000     8.000 r  clk_IBUF_BUFG_inst/O
                         net (fo=518, routed)         1.643     9.643    datapath/video_inst/mmcm_adv_inst_display_clocks/inst/clk_in1
    MMCME2_ADV_X0Y2      MMCME2_ADV (Prop_mmcme2_adv_CLKIN1_CLKOUT1)
                                                     -3.494     6.149 r  datapath/video_inst/mmcm_adv_inst_display_clocks/inst/mmcm_adv_inst/CLKOUT1
                         net (fo=1, routed)           1.760     7.909    datapath/video_inst/mmcm_adv_inst_display_clocks/inst/clk_out2_clk_wiz_0
    BUFGCTRL_X0Y0        BUFG (Prop_bufg_I_O)         0.091     8.000 r  datapath/video_inst/mmcm_adv_inst_display_clocks/inst/clkout2_buf/O
                         net (fo=44, routed)          1.567     9.567    datapath/video_inst/inst_dvid/clk_out2
    SLICE_X127Y109       FDRE                                         r  datapath/video_inst/inst_dvid/shift_blue_reg[8]/C
                         clock pessimism              0.080     9.647    
                         clock uncertainty           -0.072     9.575    
    SLICE_X127Y109       FDRE (Setup_fdre_C_R)       -0.429     9.146    datapath/video_inst/inst_dvid/shift_blue_reg[8]
  -------------------------------------------------------------------
                         required time                          9.146    
                         arrival time                          -7.444    
  -------------------------------------------------------------------
                         slack                                  1.702    

Slack (MET) :             1.702ns  (required time - arrival time)
  Source:                 datapath/video_inst/inst_dvid/shift_clock_reg[0]/C
                            (rising edge-triggered cell FDRE clocked by clk_out2_clk_wiz_0  {rise@0.000ns fall@4.000ns period=8.000ns})
  Destination:            datapath/video_inst/inst_dvid/shift_blue_reg[9]/R
                            (rising edge-triggered cell FDRE clocked by clk_out2_clk_wiz_0  {rise@0.000ns fall@4.000ns period=8.000ns})
  Path Group:             clk_out2_clk_wiz_0
  Path Type:              Setup (Max at Slow Process Corner)
  Requirement:            8.000ns  (clk_out2_clk_wiz_0 rise@8.000ns - clk_out2_clk_wiz_0 rise@0.000ns)
  Data Path Delay:        5.611ns  (logic 0.766ns (13.653%)  route 4.845ns (86.347%))
  Logic Levels:           2  (LUT5=1 LUT6=1)
  Clock Path Skew:        -0.186ns (DCD - SCD + CPR)
    Destination Clock Delay (DCD):    1.567ns = ( 9.567 - 8.000 ) 
    Source Clock Delay      (SCD):    1.833ns
    Clock Pessimism Removal (CPR):    0.080ns
  Clock Uncertainty:      0.072ns  ((TSJ^2 + DJ^2)^1/2) / 2 + PE
    Total System Jitter     (TSJ):    0.071ns
    Discrete Jitter          (DJ):    0.125ns
    Phase Error              (PE):    0.000ns

    Location             Delay type                Incr(ns)  Path(ns)    Netlist Resource(s)
  -------------------------------------------------------------------    -------------------
                         (clock clk_out2_clk_wiz_0 rise edge)
                                                      0.000     0.000 r  
    BUFGCTRL_X0Y2        BUFG                         0.000     0.000 r  clk_IBUF_BUFG_inst/O
                         net (fo=518, routed)         1.761     1.761    datapath/video_inst/mmcm_adv_inst_display_clocks/inst/clk_in1
    MMCME2_ADV_X0Y2      MMCME2_ADV (Prop_mmcme2_adv_CLKIN1_CLKOUT1)
                                                     -3.701    -1.939 r  datapath/video_inst/mmcm_adv_inst_display_clocks/inst/mmcm_adv_inst/CLKOUT1
                         net (fo=1, routed)           1.843    -0.096    datapath/video_inst/mmcm_adv_inst_display_clocks/inst/clk_out2_clk_wiz_0
    BUFGCTRL_X0Y0        BUFG (Prop_bufg_I_O)         0.096    -0.000 r  datapath/video_inst/mmcm_adv_inst_display_clocks/inst/clkout2_buf/O
                         net (fo=44, routed)          1.833     1.833    datapath/video_inst/inst_dvid/clk_out2
    SLICE_X162Y147       FDRE                                         r  datapath/video_inst/inst_dvid/shift_clock_reg[0]/C
  -------------------------------------------------------------------    -------------------
    SLICE_X162Y147       FDRE (Prop_fdre_C_Q)         0.518     2.351 f  datapath/video_inst/inst_dvid/shift_clock_reg[0]/Q
                         net (fo=3, routed)           0.678     3.030    datapath/video_inst/inst_dvid/shift_clock[0]
    SLICE_X163Y147       LUT6 (Prop_lut6_I5_O)        0.124     3.154 r  datapath/video_inst/inst_dvid/shift_red[9]_i_2/O
                         net (fo=1, routed)           0.425     3.579    datapath/video_inst/inst_dvid/shift_red[9]_i_2_n_0
    SLICE_X162Y147       LUT5 (Prop_lut5_I0_O)        0.124     3.703 r  datapath/video_inst/inst_dvid/shift_red[9]_i_1/O
                         net (fo=30, routed)          3.741     7.444    datapath/video_inst/inst_dvid/shift_red[9]_i_1_n_0
    SLICE_X127Y109       FDRE                                         r  datapath/video_inst/inst_dvid/shift_blue_reg[9]/R
  -------------------------------------------------------------------    -------------------

                         (clock clk_out2_clk_wiz_0 rise edge)
                                                      8.000     8.000 r  
    BUFGCTRL_X0Y2        BUFG                         0.000     8.000 r  clk_IBUF_BUFG_inst/O
                         net (fo=518, routed)         1.643     9.643    datapath/video_inst/mmcm_adv_inst_display_clocks/inst/clk_in1
    MMCME2_ADV_X0Y2      MMCME2_ADV (Prop_mmcme2_adv_CLKIN1_CLKOUT1)
                                                     -3.494     6.149 r  datapath/video_inst/mmcm_adv_inst_display_clocks/inst/mmcm_adv_inst/CLKOUT1
                         net (fo=1, routed)           1.760     7.909    datapath/video_inst/mmcm_adv_inst_display_clocks/inst/clk_out2_clk_wiz_0
    BUFGCTRL_X0Y0        BUFG (Prop_bufg_I_O)         0.091     8.000 r  datapath/video_inst/mmcm_adv_inst_display_clocks/inst/clkout2_buf/O
                         net (fo=44, routed)          1.567     9.567    datapath/video_inst/inst_dvid/clk_out2
    SLICE_X127Y109       FDRE                                         r  datapath/video_inst/inst_dvid/shift_blue_reg[9]/C
                         clock pessimism              0.080     9.647    
                         clock uncertainty           -0.072     9.575    
    SLICE_X127Y109       FDRE (Setup_fdre_C_R)       -0.429     9.146    datapath/video_inst/inst_dvid/shift_blue_reg[9]
  -------------------------------------------------------------------
                         required time                          9.146    
                         arrival time                          -7.444    
  -------------------------------------------------------------------
                         slack                                  1.702    

Slack (MET) :             1.900ns  (required time - arrival time)
  Source:                 datapath/video_inst/inst_dvid/shift_clock_reg[0]/C
                            (rising edge-triggered cell FDRE clocked by clk_out2_clk_wiz_0  {rise@0.000ns fall@4.000ns period=8.000ns})
  Destination:            datapath/video_inst/inst_dvid/shift_blue_reg[0]/D
                            (rising edge-triggered cell FDRE clocked by clk_out2_clk_wiz_0  {rise@0.000ns fall@4.000ns period=8.000ns})
  Path Group:             clk_out2_clk_wiz_0
  Path Type:              Setup (Max at Slow Process Corner)
  Requirement:            8.000ns  (clk_out2_clk_wiz_0 rise@8.000ns - clk_out2_clk_wiz_0 rise@0.000ns)
  Data Path Delay:        5.920ns  (logic 0.890ns (15.034%)  route 5.030ns (84.966%))
  Logic Levels:           3  (LUT3=1 LUT5=1 LUT6=1)
  Clock Path Skew:        -0.185ns (DCD - SCD + CPR)
    Destination Clock Delay (DCD):    1.568ns = ( 9.568 - 8.000 ) 
    Source Clock Delay      (SCD):    1.833ns
    Clock Pessimism Removal (CPR):    0.080ns
  Clock Uncertainty:      0.072ns  ((TSJ^2 + DJ^2)^1/2) / 2 + PE
    Total System Jitter     (TSJ):    0.071ns
    Discrete Jitter          (DJ):    0.125ns
    Phase Error              (PE):    0.000ns

    Location             Delay type                Incr(ns)  Path(ns)    Netlist Resource(s)
  -------------------------------------------------------------------    -------------------
                         (clock clk_out2_clk_wiz_0 rise edge)
                                                      0.000     0.000 r  
    BUFGCTRL_X0Y2        BUFG                         0.000     0.000 r  clk_IBUF_BUFG_inst/O
                         net (fo=518, routed)         1.761     1.761    datapath/video_inst/mmcm_adv_inst_display_clocks/inst/clk_in1
    MMCME2_ADV_X0Y2      MMCME2_ADV (Prop_mmcme2_adv_CLKIN1_CLKOUT1)
                                                     -3.701    -1.939 r  datapath/video_inst/mmcm_adv_inst_display_clocks/inst/mmcm_adv_inst/CLKOUT1
                         net (fo=1, routed)           1.843    -0.096    datapath/video_inst/mmcm_adv_inst_display_clocks/inst/clk_out2_clk_wiz_0
    BUFGCTRL_X0Y0        BUFG (Prop_bufg_I_O)         0.096    -0.000 r  datapath/video_inst/mmcm_adv_inst_display_clocks/inst/clkout2_buf/O
                         net (fo=44, routed)          1.833     1.833    datapath/video_inst/inst_dvid/clk_out2
    SLICE_X162Y147       FDRE                                         r  datapath/video_inst/inst_dvid/shift_clock_reg[0]/C
  -------------------------------------------------------------------    -------------------
    SLICE_X162Y147       FDRE (Prop_fdre_C_Q)         0.518     2.351 f  datapath/video_inst/inst_dvid/shift_clock_reg[0]/Q
                         net (fo=3, routed)           0.678     3.030    datapath/video_inst/inst_dvid/shift_clock[0]
    SLICE_X163Y147       LUT6 (Prop_lut6_I5_O)        0.124     3.154 r  datapath/video_inst/inst_dvid/shift_red[9]_i_2/O
                         net (fo=1, routed)           0.425     3.579    datapath/video_inst/inst_dvid/shift_red[9]_i_2_n_0
    SLICE_X162Y147       LUT5 (Prop_lut5_I0_O)        0.124     3.703 r  datapath/video_inst/inst_dvid/shift_red[9]_i_1/O
                         net (fo=30, routed)          3.926     7.629    datapath/video_inst/inst_dvid/shift_red[9]_i_1_n_0
    SLICE_X128Y109       LUT3 (Prop_lut3_I1_O)        0.124     7.753 r  datapath/video_inst/inst_dvid/shift_blue[0]_i_1/O
                         net (fo=1, routed)           0.000     7.753    datapath/video_inst/inst_dvid/shift_blue_0[0]
    SLICE_X128Y109       FDRE                                         r  datapath/video_inst/inst_dvid/shift_blue_reg[0]/D
  -------------------------------------------------------------------    -------------------

                         (clock clk_out2_clk_wiz_0 rise edge)
                                                      8.000     8.000 r  
    BUFGCTRL_X0Y2        BUFG                         0.000     8.000 r  clk_IBUF_BUFG_inst/O
                         net (fo=518, routed)         1.643     9.643    datapath/video_inst/mmcm_adv_inst_display_clocks/inst/clk_in1
    MMCME2_ADV_X0Y2      MMCME2_ADV (Prop_mmcme2_adv_CLKIN1_CLKOUT1)
                                                     -3.494     6.149 r  datapath/video_inst/mmcm_adv_inst_display_clocks/inst/mmcm_adv_inst/CLKOUT1
                         net (fo=1, routed)           1.760     7.909    datapath/video_inst/mmcm_adv_inst_display_clocks/inst/clk_out2_clk_wiz_0
    BUFGCTRL_X0Y0        BUFG (Prop_bufg_I_O)         0.091     8.000 r  datapath/video_inst/mmcm_adv_inst_display_clocks/inst/clkout2_buf/O
                         net (fo=44, routed)          1.568     9.568    datapath/video_inst/inst_dvid/clk_out2
    SLICE_X128Y109       FDRE                                         r  datapath/video_inst/inst_dvid/shift_blue_reg[0]/C
                         clock pessimism              0.080     9.648    
                         clock uncertainty           -0.072     9.576    
    SLICE_X128Y109       FDRE (Setup_fdre_C_D)        0.077     9.653    datapath/video_inst/inst_dvid/shift_blue_reg[0]
  -------------------------------------------------------------------
                         required time                          9.653    
                         arrival time                          -7.753    
  -------------------------------------------------------------------
                         slack                                  1.900    

Slack (MET) :             1.917ns  (required time - arrival time)
  Source:                 datapath/video_inst/inst_dvid/shift_clock_reg[0]/C
                            (rising edge-triggered cell FDRE clocked by clk_out2_clk_wiz_0  {rise@0.000ns fall@4.000ns period=8.000ns})
  Destination:            datapath/video_inst/inst_dvid/shift_blue_reg[1]/D
                            (rising edge-triggered cell FDRE clocked by clk_out2_clk_wiz_0  {rise@0.000ns fall@4.000ns period=8.000ns})
  Path Group:             clk_out2_clk_wiz_0
  Path Type:              Setup (Max at Slow Process Corner)
  Requirement:            8.000ns  (clk_out2_clk_wiz_0 rise@8.000ns - clk_out2_clk_wiz_0 rise@0.000ns)
  Data Path Delay:        5.944ns  (logic 0.914ns (15.377%)  route 5.030ns (84.623%))
  Logic Levels:           3  (LUT3=1 LUT5=1 LUT6=1)
  Clock Path Skew:        -0.185ns (DCD - SCD + CPR)
    Destination Clock Delay (DCD):    1.568ns = ( 9.568 - 8.000 ) 
    Source Clock Delay      (SCD):    1.833ns
    Clock Pessimism Removal (CPR):    0.080ns
  Clock Uncertainty:      0.072ns  ((TSJ^2 + DJ^2)^1/2) / 2 + PE
    Total System Jitter     (TSJ):    0.071ns
    Discrete Jitter          (DJ):    0.125ns
    Phase Error              (PE):    0.000ns

    Location             Delay type                Incr(ns)  Path(ns)    Netlist Resource(s)
  -------------------------------------------------------------------    -------------------
                         (clock clk_out2_clk_wiz_0 rise edge)
                                                      0.000     0.000 r  
    BUFGCTRL_X0Y2        BUFG                         0.000     0.000 r  clk_IBUF_BUFG_inst/O
                         net (fo=518, routed)         1.761     1.761    datapath/video_inst/mmcm_adv_inst_display_clocks/inst/clk_in1
    MMCME2_ADV_X0Y2      MMCME2_ADV (Prop_mmcme2_adv_CLKIN1_CLKOUT1)
                                                     -3.701    -1.939 r  datapath/video_inst/mmcm_adv_inst_display_clocks/inst/mmcm_adv_inst/CLKOUT1
                         net (fo=1, routed)           1.843    -0.096    datapath/video_inst/mmcm_adv_inst_display_clocks/inst/clk_out2_clk_wiz_0
    BUFGCTRL_X0Y0        BUFG (Prop_bufg_I_O)         0.096    -0.000 r  datapath/video_inst/mmcm_adv_inst_display_clocks/inst/clkout2_buf/O
                         net (fo=44, routed)          1.833     1.833    datapath/video_inst/inst_dvid/clk_out2
    SLICE_X162Y147       FDRE                                         r  datapath/video_inst/inst_dvid/shift_clock_reg[0]/C
  -------------------------------------------------------------------    -------------------
    SLICE_X162Y147       FDRE (Prop_fdre_C_Q)         0.518     2.351 f  datapath/video_inst/inst_dvid/shift_clock_reg[0]/Q
                         net (fo=3, routed)           0.678     3.030    datapath/video_inst/inst_dvid/shift_clock[0]
    SLICE_X163Y147       LUT6 (Prop_lut6_I5_O)        0.124     3.154 r  datapath/video_inst/inst_dvid/shift_red[9]_i_2/O
                         net (fo=1, routed)           0.425     3.579    datapath/video_inst/inst_dvid/shift_red[9]_i_2_n_0
    SLICE_X162Y147       LUT5 (Prop_lut5_I0_O)        0.124     3.703 r  datapath/video_inst/inst_dvid/shift_red[9]_i_1/O
                         net (fo=30, routed)          3.926     7.629    datapath/video_inst/inst_dvid/shift_red[9]_i_1_n_0
    SLICE_X128Y109       LUT3 (Prop_lut3_I1_O)        0.148     7.777 r  datapath/video_inst/inst_dvid/shift_blue[1]_i_1/O
                         net (fo=1, routed)           0.000     7.777    datapath/video_inst/inst_dvid/shift_blue_0[1]
    SLICE_X128Y109       FDRE                                         r  datapath/video_inst/inst_dvid/shift_blue_reg[1]/D
  -------------------------------------------------------------------    -------------------

                         (clock clk_out2_clk_wiz_0 rise edge)
                                                      8.000     8.000 r  
    BUFGCTRL_X0Y2        BUFG                         0.000     8.000 r  clk_IBUF_BUFG_inst/O
                         net (fo=518, routed)         1.643     9.643    datapath/video_inst/mmcm_adv_inst_display_clocks/inst/clk_in1
    MMCME2_ADV_X0Y2      MMCME2_ADV (Prop_mmcme2_adv_CLKIN1_CLKOUT1)
                                                     -3.494     6.149 r  datapath/video_inst/mmcm_adv_inst_display_clocks/inst/mmcm_adv_inst/CLKOUT1
                         net (fo=1, routed)           1.760     7.909    datapath/video_inst/mmcm_adv_inst_display_clocks/inst/clk_out2_clk_wiz_0
    BUFGCTRL_X0Y0        BUFG (Prop_bufg_I_O)         0.091     8.000 r  datapath/video_inst/mmcm_adv_inst_display_clocks/inst/clkout2_buf/O
                         net (fo=44, routed)          1.568     9.568    datapath/video_inst/inst_dvid/clk_out2
    SLICE_X128Y109       FDRE                                         r  datapath/video_inst/inst_dvid/shift_blue_reg[1]/C
                         clock pessimism              0.080     9.648    
                         clock uncertainty           -0.072     9.576    
    SLICE_X128Y109       FDRE (Setup_fdre_C_D)        0.118     9.694    datapath/video_inst/inst_dvid/shift_blue_reg[1]
  -------------------------------------------------------------------
                         required time                          9.694    
                         arrival time                          -7.777    
  -------------------------------------------------------------------
                         slack                                  1.917    

Slack (MET) :             1.976ns  (required time - arrival time)
  Source:                 datapath/video_inst/inst_dvid/shift_clock_reg[0]/C
                            (rising edge-triggered cell FDRE clocked by clk_out2_clk_wiz_0  {rise@0.000ns fall@4.000ns period=8.000ns})
  Destination:            datapath/video_inst/inst_dvid/shift_blue_reg[2]/D
                            (rising edge-triggered cell FDRE clocked by clk_out2_clk_wiz_0  {rise@0.000ns fall@4.000ns period=8.000ns})
  Path Group:             clk_out2_clk_wiz_0
  Path Type:              Setup (Max at Slow Process Corner)
  Requirement:            8.000ns  (clk_out2_clk_wiz_0 rise@8.000ns - clk_out2_clk_wiz_0 rise@0.000ns)
  Data Path Delay:        5.848ns  (logic 0.890ns (15.219%)  route 4.958ns (84.781%))
  Logic Levels:           3  (LUT3=1 LUT5=1 LUT6=1)
  Clock Path Skew:        -0.185ns (DCD - SCD + CPR)
    Destination Clock Delay (DCD):    1.568ns = ( 9.568 - 8.000 ) 
    Source Clock Delay      (SCD):    1.833ns
    Clock Pessimism Removal (CPR):    0.080ns
  Clock Uncertainty:      0.072ns  ((TSJ^2 + DJ^2)^1/2) / 2 + PE
    Total System Jitter     (TSJ):    0.071ns
    Discrete Jitter          (DJ):    0.125ns
    Phase Error              (PE):    0.000ns

    Location             Delay type                Incr(ns)  Path(ns)    Netlist Resource(s)
  -------------------------------------------------------------------    -------------------
                         (clock clk_out2_clk_wiz_0 rise edge)
                                                      0.000     0.000 r  
    BUFGCTRL_X0Y2        BUFG                         0.000     0.000 r  clk_IBUF_BUFG_inst/O
                         net (fo=518, routed)         1.761     1.761    datapath/video_inst/mmcm_adv_inst_display_clocks/inst/clk_in1
    MMCME2_ADV_X0Y2      MMCME2_ADV (Prop_mmcme2_adv_CLKIN1_CLKOUT1)
                                                     -3.701    -1.939 r  datapath/video_inst/mmcm_adv_inst_display_clocks/inst/mmcm_adv_inst/CLKOUT1
                         net (fo=1, routed)           1.843    -0.096    datapath/video_inst/mmcm_adv_inst_display_clocks/inst/clk_out2_clk_wiz_0
    BUFGCTRL_X0Y0        BUFG (Prop_bufg_I_O)         0.096    -0.000 r  datapath/video_inst/mmcm_adv_inst_display_clocks/inst/clkout2_buf/O
                         net (fo=44, routed)          1.833     1.833    datapath/video_inst/inst_dvid/clk_out2
    SLICE_X162Y147       FDRE                                         r  datapath/video_inst/inst_dvid/shift_clock_reg[0]/C
  -------------------------------------------------------------------    -------------------
    SLICE_X162Y147       FDRE (Prop_fdre_C_Q)         0.518     2.351 f  datapath/video_inst/inst_dvid/shift_clock_reg[0]/Q
                         net (fo=3, routed)           0.678     3.030    datapath/video_inst/inst_dvid/shift_clock[0]
    SLICE_X163Y147       LUT6 (Prop_lut6_I5_O)        0.124     3.154 r  datapath/video_inst/inst_dvid/shift_red[9]_i_2/O
                         net (fo=1, routed)           0.425     3.579    datapath/video_inst/inst_dvid/shift_red[9]_i_2_n_0
    SLICE_X162Y147       LUT5 (Prop_lut5_I0_O)        0.124     3.703 r  datapath/video_inst/inst_dvid/shift_red[9]_i_1/O
                         net (fo=30, routed)          3.854     7.557    datapath/video_inst/inst_dvid/shift_red[9]_i_1_n_0
    SLICE_X128Y109       LUT3 (Prop_lut3_I1_O)        0.124     7.681 r  datapath/video_inst/inst_dvid/shift_blue[2]_i_1/O
                         net (fo=1, routed)           0.000     7.681    datapath/video_inst/inst_dvid/shift_blue_0[2]
    SLICE_X128Y109       FDRE                                         r  datapath/video_inst/inst_dvid/shift_blue_reg[2]/D
  -------------------------------------------------------------------    -------------------

                         (clock clk_out2_clk_wiz_0 rise edge)
                                                      8.000     8.000 r  
    BUFGCTRL_X0Y2        BUFG                         0.000     8.000 r  clk_IBUF_BUFG_inst/O
                         net (fo=518, routed)         1.643     9.643    datapath/video_inst/mmcm_adv_inst_display_clocks/inst/clk_in1
    MMCME2_ADV_X0Y2      MMCME2_ADV (Prop_mmcme2_adv_CLKIN1_CLKOUT1)
                                                     -3.494     6.149 r  datapath/video_inst/mmcm_adv_inst_display_clocks/inst/mmcm_adv_inst/CLKOUT1
                         net (fo=1, routed)           1.760     7.909    datapath/video_inst/mmcm_adv_inst_display_clocks/inst/clk_out2_clk_wiz_0
    BUFGCTRL_X0Y0        BUFG (Prop_bufg_I_O)         0.091     8.000 r  datapath/video_inst/mmcm_adv_inst_display_clocks/inst/clkout2_buf/O
                         net (fo=44, routed)          1.568     9.568    datapath/video_inst/inst_dvid/clk_out2
    SLICE_X128Y109       FDRE                                         r  datapath/video_inst/inst_dvid/shift_blue_reg[2]/C
                         clock pessimism              0.080     9.648    
                         clock uncertainty           -0.072     9.576    
    SLICE_X128Y109       FDRE (Setup_fdre_C_D)        0.081     9.657    datapath/video_inst/inst_dvid/shift_blue_reg[2]
  -------------------------------------------------------------------
                         required time                          9.657    
                         arrival time                          -7.681    
  -------------------------------------------------------------------
                         slack                                  1.976    

Slack (MET) :             1.987ns  (required time - arrival time)
  Source:                 datapath/video_inst/inst_dvid/shift_clock_reg[0]/C
                            (rising edge-triggered cell FDRE clocked by clk_out2_clk_wiz_0  {rise@0.000ns fall@4.000ns period=8.000ns})
  Destination:            datapath/video_inst/inst_dvid/shift_blue_reg[3]/D
                            (rising edge-triggered cell FDRE clocked by clk_out2_clk_wiz_0  {rise@0.000ns fall@4.000ns period=8.000ns})
  Path Group:             clk_out2_clk_wiz_0
  Path Type:              Setup (Max at Slow Process Corner)
  Requirement:            8.000ns  (clk_out2_clk_wiz_0 rise@8.000ns - clk_out2_clk_wiz_0 rise@0.000ns)
  Data Path Delay:        5.874ns  (logic 0.916ns (15.595%)  route 4.958ns (84.405%))
  Logic Levels:           3  (LUT3=1 LUT5=1 LUT6=1)
  Clock Path Skew:        -0.185ns (DCD - SCD + CPR)
    Destination Clock Delay (DCD):    1.568ns = ( 9.568 - 8.000 ) 
    Source Clock Delay      (SCD):    1.833ns
    Clock Pessimism Removal (CPR):    0.080ns
  Clock Uncertainty:      0.072ns  ((TSJ^2 + DJ^2)^1/2) / 2 + PE
    Total System Jitter     (TSJ):    0.071ns
    Discrete Jitter          (DJ):    0.125ns
    Phase Error              (PE):    0.000ns

    Location             Delay type                Incr(ns)  Path(ns)    Netlist Resource(s)
  -------------------------------------------------------------------    -------------------
                         (clock clk_out2_clk_wiz_0 rise edge)
                                                      0.000     0.000 r  
    BUFGCTRL_X0Y2        BUFG                         0.000     0.000 r  clk_IBUF_BUFG_inst/O
                         net (fo=518, routed)         1.761     1.761    datapath/video_inst/mmcm_adv_inst_display_clocks/inst/clk_in1
    MMCME2_ADV_X0Y2      MMCME2_ADV (Prop_mmcme2_adv_CLKIN1_CLKOUT1)
                                                     -3.701    -1.939 r  datapath/video_inst/mmcm_adv_inst_display_clocks/inst/mmcm_adv_inst/CLKOUT1
                         net (fo=1, routed)           1.843    -0.096    datapath/video_inst/mmcm_adv_inst_display_clocks/inst/clk_out2_clk_wiz_0
    BUFGCTRL_X0Y0        BUFG (Prop_bufg_I_O)         0.096    -0.000 r  datapath/video_inst/mmcm_adv_inst_display_clocks/inst/clkout2_buf/O
                         net (fo=44, routed)          1.833     1.833    datapath/video_inst/inst_dvid/clk_out2
    SLICE_X162Y147       FDRE                                         r  datapath/video_inst/inst_dvid/shift_clock_reg[0]/C
  -------------------------------------------------------------------    -------------------
    SLICE_X162Y147       FDRE (Prop_fdre_C_Q)         0.518     2.351 f  datapath/video_inst/inst_dvid/shift_clock_reg[0]/Q
                         net (fo=3, routed)           0.678     3.030    datapath/video_inst/inst_dvid/shift_clock[0]
    SLICE_X163Y147       LUT6 (Prop_lut6_I5_O)        0.124     3.154 r  datapath/video_inst/inst_dvid/shift_red[9]_i_2/O
                         net (fo=1, routed)           0.425     3.579    datapath/video_inst/inst_dvid/shift_red[9]_i_2_n_0
    SLICE_X162Y147       LUT5 (Prop_lut5_I0_O)        0.124     3.703 r  datapath/video_inst/inst_dvid/shift_red[9]_i_1/O
                         net (fo=30, routed)          3.854     7.557    datapath/video_inst/inst_dvid/shift_red[9]_i_1_n_0
    SLICE_X128Y109       LUT3 (Prop_lut3_I1_O)        0.150     7.707 r  datapath/video_inst/inst_dvid/shift_blue[3]_i_1/O
                         net (fo=1, routed)           0.000     7.707    datapath/video_inst/inst_dvid/shift_blue_0[3]
    SLICE_X128Y109       FDRE                                         r  datapath/video_inst/inst_dvid/shift_blue_reg[3]/D
  -------------------------------------------------------------------    -------------------

                         (clock clk_out2_clk_wiz_0 rise edge)
                                                      8.000     8.000 r  
    BUFGCTRL_X0Y2        BUFG                         0.000     8.000 r  clk_IBUF_BUFG_inst/O
                         net (fo=518, routed)         1.643     9.643    datapath/video_inst/mmcm_adv_inst_display_clocks/inst/clk_in1
    MMCME2_ADV_X0Y2      MMCME2_ADV (Prop_mmcme2_adv_CLKIN1_CLKOUT1)
                                                     -3.494     6.149 r  datapath/video_inst/mmcm_adv_inst_display_clocks/inst/mmcm_adv_inst/CLKOUT1
                         net (fo=1, routed)           1.760     7.909    datapath/video_inst/mmcm_adv_inst_display_clocks/inst/clk_out2_clk_wiz_0
    BUFGCTRL_X0Y0        BUFG (Prop_bufg_I_O)         0.091     8.000 r  datapath/video_inst/mmcm_adv_inst_display_clocks/inst/clkout2_buf/O
                         net (fo=44, routed)          1.568     9.568    datapath/video_inst/inst_dvid/clk_out2
    SLICE_X128Y109       FDRE                                         r  datapath/video_inst/inst_dvid/shift_blue_reg[3]/C
                         clock pessimism              0.080     9.648    
                         clock uncertainty           -0.072     9.576    
    SLICE_X128Y109       FDRE (Setup_fdre_C_D)        0.118     9.694    datapath/video_inst/inst_dvid/shift_blue_reg[3]
  -------------------------------------------------------------------
                         required time                          9.694    
                         arrival time                          -7.707    
  -------------------------------------------------------------------
                         slack                                  1.987    

Slack (MET) :             2.022ns  (required time - arrival time)
  Source:                 datapath/video_inst/inst_dvid/shift_clock_reg[0]/C
                            (rising edge-triggered cell FDRE clocked by clk_out2_clk_wiz_0  {rise@0.000ns fall@4.000ns period=8.000ns})
  Destination:            datapath/video_inst/inst_dvid/shift_red_reg[8]/R
                            (rising edge-triggered cell FDRE clocked by clk_out2_clk_wiz_0  {rise@0.000ns fall@4.000ns period=8.000ns})
  Path Group:             clk_out2_clk_wiz_0
  Path Type:              Setup (Max at Slow Process Corner)
  Requirement:            8.000ns  (clk_out2_clk_wiz_0 rise@8.000ns - clk_out2_clk_wiz_0 rise@0.000ns)
  Data Path Delay:        5.293ns  (logic 0.766ns (14.472%)  route 4.527ns (85.528%))
  Logic Levels:           2  (LUT5=1 LUT6=1)
  Clock Path Skew:        -0.184ns (DCD - SCD + CPR)
    Destination Clock Delay (DCD):    1.569ns = ( 9.569 - 8.000 ) 
    Source Clock Delay      (SCD):    1.833ns
    Clock Pessimism Removal (CPR):    0.080ns
  Clock Uncertainty:      0.072ns  ((TSJ^2 + DJ^2)^1/2) / 2 + PE
    Total System Jitter     (TSJ):    0.071ns
    Discrete Jitter          (DJ):    0.125ns
    Phase Error              (PE):    0.000ns

    Location             Delay type                Incr(ns)  Path(ns)    Netlist Resource(s)
  -------------------------------------------------------------------    -------------------
                         (clock clk_out2_clk_wiz_0 rise edge)
                                                      0.000     0.000 r  
    BUFGCTRL_X0Y2        BUFG                         0.000     0.000 r  clk_IBUF_BUFG_inst/O
                         net (fo=518, routed)         1.761     1.761    datapath/video_inst/mmcm_adv_inst_display_clocks/inst/clk_in1
    MMCME2_ADV_X0Y2      MMCME2_ADV (Prop_mmcme2_adv_CLKIN1_CLKOUT1)
                                                     -3.701    -1.939 r  datapath/video_inst/mmcm_adv_inst_display_clocks/inst/mmcm_adv_inst/CLKOUT1
                         net (fo=1, routed)           1.843    -0.096    datapath/video_inst/mmcm_adv_inst_display_clocks/inst/clk_out2_clk_wiz_0
    BUFGCTRL_X0Y0        BUFG (Prop_bufg_I_O)         0.096    -0.000 r  datapath/video_inst/mmcm_adv_inst_display_clocks/inst/clkout2_buf/O
                         net (fo=44, routed)          1.833     1.833    datapath/video_inst/inst_dvid/clk_out2
    SLICE_X162Y147       FDRE                                         r  datapath/video_inst/inst_dvid/shift_clock_reg[0]/C
  -------------------------------------------------------------------    -------------------
    SLICE_X162Y147       FDRE (Prop_fdre_C_Q)         0.518     2.351 f  datapath/video_inst/inst_dvid/shift_clock_reg[0]/Q
                         net (fo=3, routed)           0.678     3.030    datapath/video_inst/inst_dvid/shift_clock[0]
    SLICE_X163Y147       LUT6 (Prop_lut6_I5_O)        0.124     3.154 r  datapath/video_inst/inst_dvid/shift_red[9]_i_2/O
                         net (fo=1, routed)           0.425     3.579    datapath/video_inst/inst_dvid/shift_red[9]_i_2_n_0
    SLICE_X162Y147       LUT5 (Prop_lut5_I0_O)        0.124     3.703 r  datapath/video_inst/inst_dvid/shift_red[9]_i_1/O
                         net (fo=30, routed)          3.423     7.127    datapath/video_inst/inst_dvid/shift_red[9]_i_1_n_0
    SLICE_X134Y107       FDRE                                         r  datapath/video_inst/inst_dvid/shift_red_reg[8]/R
  -------------------------------------------------------------------    -------------------

                         (clock clk_out2_clk_wiz_0 rise edge)
                                                      8.000     8.000 r  
    BUFGCTRL_X0Y2        BUFG                         0.000     8.000 r  clk_IBUF_BUFG_inst/O
                         net (fo=518, routed)         1.643     9.643    datapath/video_inst/mmcm_adv_inst_display_clocks/inst/clk_in1
    MMCME2_ADV_X0Y2      MMCME2_ADV (Prop_mmcme2_adv_CLKIN1_CLKOUT1)
                                                     -3.494     6.149 r  datapath/video_inst/mmcm_adv_inst_display_clocks/inst/mmcm_adv_inst/CLKOUT1
                         net (fo=1, routed)           1.760     7.909    datapath/video_inst/mmcm_adv_inst_display_clocks/inst/clk_out2_clk_wiz_0
    BUFGCTRL_X0Y0        BUFG (Prop_bufg_I_O)         0.091     8.000 r  datapath/video_inst/mmcm_adv_inst_display_clocks/inst/clkout2_buf/O
                         net (fo=44, routed)          1.569     9.569    datapath/video_inst/inst_dvid/clk_out2
    SLICE_X134Y107       FDRE                                         r  datapath/video_inst/inst_dvid/shift_red_reg[8]/C
                         clock pessimism              0.080     9.649    
                         clock uncertainty           -0.072     9.577    
    SLICE_X134Y107       FDRE (Setup_fdre_C_R)       -0.429     9.148    datapath/video_inst/inst_dvid/shift_red_reg[8]
  -------------------------------------------------------------------
                         required time                          9.148    
                         arrival time                          -7.127    
  -------------------------------------------------------------------
                         slack                                  2.022    

Slack (MET) :             2.022ns  (required time - arrival time)
  Source:                 datapath/video_inst/inst_dvid/shift_clock_reg[0]/C
                            (rising edge-triggered cell FDRE clocked by clk_out2_clk_wiz_0  {rise@0.000ns fall@4.000ns period=8.000ns})
  Destination:            datapath/video_inst/inst_dvid/shift_red_reg[9]/R
                            (rising edge-triggered cell FDRE clocked by clk_out2_clk_wiz_0  {rise@0.000ns fall@4.000ns period=8.000ns})
  Path Group:             clk_out2_clk_wiz_0
  Path Type:              Setup (Max at Slow Process Corner)
  Requirement:            8.000ns  (clk_out2_clk_wiz_0 rise@8.000ns - clk_out2_clk_wiz_0 rise@0.000ns)
  Data Path Delay:        5.293ns  (logic 0.766ns (14.472%)  route 4.527ns (85.528%))
  Logic Levels:           2  (LUT5=1 LUT6=1)
  Clock Path Skew:        -0.184ns (DCD - SCD + CPR)
    Destination Clock Delay (DCD):    1.569ns = ( 9.569 - 8.000 ) 
    Source Clock Delay      (SCD):    1.833ns
    Clock Pessimism Removal (CPR):    0.080ns
  Clock Uncertainty:      0.072ns  ((TSJ^2 + DJ^2)^1/2) / 2 + PE
    Total System Jitter     (TSJ):    0.071ns
    Discrete Jitter          (DJ):    0.125ns
    Phase Error              (PE):    0.000ns

    Location             Delay type                Incr(ns)  Path(ns)    Netlist Resource(s)
  -------------------------------------------------------------------    -------------------
                         (clock clk_out2_clk_wiz_0 rise edge)
                                                      0.000     0.000 r  
    BUFGCTRL_X0Y2        BUFG                         0.000     0.000 r  clk_IBUF_BUFG_inst/O
                         net (fo=518, routed)         1.761     1.761    datapath/video_inst/mmcm_adv_inst_display_clocks/inst/clk_in1
    MMCME2_ADV_X0Y2      MMCME2_ADV (Prop_mmcme2_adv_CLKIN1_CLKOUT1)
                                                     -3.701    -1.939 r  datapath/video_inst/mmcm_adv_inst_display_clocks/inst/mmcm_adv_inst/CLKOUT1
                         net (fo=1, routed)           1.843    -0.096    datapath/video_inst/mmcm_adv_inst_display_clocks/inst/clk_out2_clk_wiz_0
    BUFGCTRL_X0Y0        BUFG (Prop_bufg_I_O)         0.096    -0.000 r  datapath/video_inst/mmcm_adv_inst_display_clocks/inst/clkout2_buf/O
                         net (fo=44, routed)          1.833     1.833    datapath/video_inst/inst_dvid/clk_out2
    SLICE_X162Y147       FDRE                                         r  datapath/video_inst/inst_dvid/shift_clock_reg[0]/C
  -------------------------------------------------------------------    -------------------
    SLICE_X162Y147       FDRE (Prop_fdre_C_Q)         0.518     2.351 f  datapath/video_inst/inst_dvid/shift_clock_reg[0]/Q
                         net (fo=3, routed)           0.678     3.030    datapath/video_inst/inst_dvid/shift_clock[0]
    SLICE_X163Y147       LUT6 (Prop_lut6_I5_O)        0.124     3.154 r  datapath/video_inst/inst_dvid/shift_red[9]_i_2/O
                         net (fo=1, routed)           0.425     3.579    datapath/video_inst/inst_dvid/shift_red[9]_i_2_n_0
    SLICE_X162Y147       LUT5 (Prop_lut5_I0_O)        0.124     3.703 r  datapath/video_inst/inst_dvid/shift_red[9]_i_1/O
                         net (fo=30, routed)          3.423     7.127    datapath/video_inst/inst_dvid/shift_red[9]_i_1_n_0
    SLICE_X134Y107       FDRE                                         r  datapath/video_inst/inst_dvid/shift_red_reg[9]/R
  -------------------------------------------------------------------    -------------------

                         (clock clk_out2_clk_wiz_0 rise edge)
                                                      8.000     8.000 r  
    BUFGCTRL_X0Y2        BUFG                         0.000     8.000 r  clk_IBUF_BUFG_inst/O
                         net (fo=518, routed)         1.643     9.643    datapath/video_inst/mmcm_adv_inst_display_clocks/inst/clk_in1
    MMCME2_ADV_X0Y2      MMCME2_ADV (Prop_mmcme2_adv_CLKIN1_CLKOUT1)
                                                     -3.494     6.149 r  datapath/video_inst/mmcm_adv_inst_display_clocks/inst/mmcm_adv_inst/CLKOUT1
                         net (fo=1, routed)           1.760     7.909    datapath/video_inst/mmcm_adv_inst_display_clocks/inst/clk_out2_clk_wiz_0
    BUFGCTRL_X0Y0        BUFG (Prop_bufg_I_O)         0.091     8.000 r  datapath/video_inst/mmcm_adv_inst_display_clocks/inst/clkout2_buf/O
                         net (fo=44, routed)          1.569     9.569    datapath/video_inst/inst_dvid/clk_out2
    SLICE_X134Y107       FDRE                                         r  datapath/video_inst/inst_dvid/shift_red_reg[9]/C
                         clock pessimism              0.080     9.649    
                         clock uncertainty           -0.072     9.577    
    SLICE_X134Y107       FDRE (Setup_fdre_C_R)       -0.429     9.148    datapath/video_inst/inst_dvid/shift_red_reg[9]
  -------------------------------------------------------------------
                         required time                          9.148    
                         arrival time                          -7.127    
  -------------------------------------------------------------------
                         slack                                  2.022    

Slack (MET) :             2.098ns  (required time - arrival time)
  Source:                 datapath/video_inst/inst_dvid/shift_clock_reg[0]/C
                            (rising edge-triggered cell FDRE clocked by clk_out2_clk_wiz_0  {rise@0.000ns fall@4.000ns period=8.000ns})
  Destination:            datapath/video_inst/inst_dvid/shift_blue_reg[6]/D
                            (rising edge-triggered cell FDRE clocked by clk_out2_clk_wiz_0  {rise@0.000ns fall@4.000ns period=8.000ns})
  Path Group:             clk_out2_clk_wiz_0
  Path Type:              Setup (Max at Slow Process Corner)
  Requirement:            8.000ns  (clk_out2_clk_wiz_0 rise@8.000ns - clk_out2_clk_wiz_0 rise@0.000ns)
  Data Path Delay:        5.724ns  (logic 0.890ns (15.549%)  route 4.834ns (84.451%))
  Logic Levels:           3  (LUT3=1 LUT5=1 LUT6=1)
  Clock Path Skew:        -0.185ns (DCD - SCD + CPR)
    Destination Clock Delay (DCD):    1.568ns = ( 9.568 - 8.000 ) 
    Source Clock Delay      (SCD):    1.833ns
    Clock Pessimism Removal (CPR):    0.080ns
  Clock Uncertainty:      0.072ns  ((TSJ^2 + DJ^2)^1/2) / 2 + PE
    Total System Jitter     (TSJ):    0.071ns
    Discrete Jitter          (DJ):    0.125ns
    Phase Error              (PE):    0.000ns

    Location             Delay type                Incr(ns)  Path(ns)    Netlist Resource(s)
  -------------------------------------------------------------------    -------------------
                         (clock clk_out2_clk_wiz_0 rise edge)
                                                      0.000     0.000 r  
    BUFGCTRL_X0Y2        BUFG                         0.000     0.000 r  clk_IBUF_BUFG_inst/O
                         net (fo=518, routed)         1.761     1.761    datapath/video_inst/mmcm_adv_inst_display_clocks/inst/clk_in1
    MMCME2_ADV_X0Y2      MMCME2_ADV (Prop_mmcme2_adv_CLKIN1_CLKOUT1)
                                                     -3.701    -1.939 r  datapath/video_inst/mmcm_adv_inst_display_clocks/inst/mmcm_adv_inst/CLKOUT1
                         net (fo=1, routed)           1.843    -0.096    datapath/video_inst/mmcm_adv_inst_display_clocks/inst/clk_out2_clk_wiz_0
    BUFGCTRL_X0Y0        BUFG (Prop_bufg_I_O)         0.096    -0.000 r  datapath/video_inst/mmcm_adv_inst_display_clocks/inst/clkout2_buf/O
                         net (fo=44, routed)          1.833     1.833    datapath/video_inst/inst_dvid/clk_out2
    SLICE_X162Y147       FDRE                                         r  datapath/video_inst/inst_dvid/shift_clock_reg[0]/C
  -------------------------------------------------------------------    -------------------
    SLICE_X162Y147       FDRE (Prop_fdre_C_Q)         0.518     2.351 f  datapath/video_inst/inst_dvid/shift_clock_reg[0]/Q
                         net (fo=3, routed)           0.678     3.030    datapath/video_inst/inst_dvid/shift_clock[0]
    SLICE_X163Y147       LUT6 (Prop_lut6_I5_O)        0.124     3.154 r  datapath/video_inst/inst_dvid/shift_red[9]_i_2/O
                         net (fo=1, routed)           0.425     3.579    datapath/video_inst/inst_dvid/shift_red[9]_i_2_n_0
    SLICE_X162Y147       LUT5 (Prop_lut5_I0_O)        0.124     3.703 r  datapath/video_inst/inst_dvid/shift_red[9]_i_1/O
                         net (fo=30, routed)          3.730     7.433    datapath/video_inst/inst_dvid/shift_red[9]_i_1_n_0
    SLICE_X128Y109       LUT3 (Prop_lut3_I1_O)        0.124     7.557 r  datapath/video_inst/inst_dvid/shift_blue[6]_i_1/O
                         net (fo=1, routed)           0.000     7.557    datapath/video_inst/inst_dvid/shift_blue_0[6]
    SLICE_X128Y109       FDRE                                         r  datapath/video_inst/inst_dvid/shift_blue_reg[6]/D
  -------------------------------------------------------------------    -------------------

                         (clock clk_out2_clk_wiz_0 rise edge)
                                                      8.000     8.000 r  
    BUFGCTRL_X0Y2        BUFG                         0.000     8.000 r  clk_IBUF_BUFG_inst/O
                         net (fo=518, routed)         1.643     9.643    datapath/video_inst/mmcm_adv_inst_display_clocks/inst/clk_in1
    MMCME2_ADV_X0Y2      MMCME2_ADV (Prop_mmcme2_adv_CLKIN1_CLKOUT1)
                                                     -3.494     6.149 r  datapath/video_inst/mmcm_adv_inst_display_clocks/inst/mmcm_adv_inst/CLKOUT1
                         net (fo=1, routed)           1.760     7.909    datapath/video_inst/mmcm_adv_inst_display_clocks/inst/clk_out2_clk_wiz_0
    BUFGCTRL_X0Y0        BUFG (Prop_bufg_I_O)         0.091     8.000 r  datapath/video_inst/mmcm_adv_inst_display_clocks/inst/clkout2_buf/O
                         net (fo=44, routed)          1.568     9.568    datapath/video_inst/inst_dvid/clk_out2
    SLICE_X128Y109       FDRE                                         r  datapath/video_inst/inst_dvid/shift_blue_reg[6]/C
                         clock pessimism              0.080     9.648    
                         clock uncertainty           -0.072     9.576    
    SLICE_X128Y109       FDRE (Setup_fdre_C_D)        0.079     9.655    datapath/video_inst/inst_dvid/shift_blue_reg[6]
  -------------------------------------------------------------------
                         required time                          9.655    
                         arrival time                          -7.557    
  -------------------------------------------------------------------
                         slack                                  2.098    

Slack (MET) :             2.107ns  (required time - arrival time)
  Source:                 datapath/video_inst/inst_dvid/shift_clock_reg[0]/C
                            (rising edge-triggered cell FDRE clocked by clk_out2_clk_wiz_0  {rise@0.000ns fall@4.000ns period=8.000ns})
  Destination:            datapath/video_inst/inst_dvid/shift_blue_reg[4]/D
                            (rising edge-triggered cell FDRE clocked by clk_out2_clk_wiz_0  {rise@0.000ns fall@4.000ns period=8.000ns})
  Path Group:             clk_out2_clk_wiz_0
  Path Type:              Setup (Max at Slow Process Corner)
  Requirement:            8.000ns  (clk_out2_clk_wiz_0 rise@8.000ns - clk_out2_clk_wiz_0 rise@0.000ns)
  Data Path Delay:        5.715ns  (logic 0.890ns (15.574%)  route 4.825ns (84.426%))
  Logic Levels:           3  (LUT3=1 LUT5=1 LUT6=1)
  Clock Path Skew:        -0.185ns (DCD - SCD + CPR)
    Destination Clock Delay (DCD):    1.568ns = ( 9.568 - 8.000 ) 
    Source Clock Delay      (SCD):    1.833ns
    Clock Pessimism Removal (CPR):    0.080ns
  Clock Uncertainty:      0.072ns  ((TSJ^2 + DJ^2)^1/2) / 2 + PE
    Total System Jitter     (TSJ):    0.071ns
    Discrete Jitter          (DJ):    0.125ns
    Phase Error              (PE):    0.000ns

    Location             Delay type                Incr(ns)  Path(ns)    Netlist Resource(s)
  -------------------------------------------------------------------    -------------------
                         (clock clk_out2_clk_wiz_0 rise edge)
                                                      0.000     0.000 r  
    BUFGCTRL_X0Y2        BUFG                         0.000     0.000 r  clk_IBUF_BUFG_inst/O
                         net (fo=518, routed)         1.761     1.761    datapath/video_inst/mmcm_adv_inst_display_clocks/inst/clk_in1
    MMCME2_ADV_X0Y2      MMCME2_ADV (Prop_mmcme2_adv_CLKIN1_CLKOUT1)
                                                     -3.701    -1.939 r  datapath/video_inst/mmcm_adv_inst_display_clocks/inst/mmcm_adv_inst/CLKOUT1
                         net (fo=1, routed)           1.843    -0.096    datapath/video_inst/mmcm_adv_inst_display_clocks/inst/clk_out2_clk_wiz_0
    BUFGCTRL_X0Y0        BUFG (Prop_bufg_I_O)         0.096    -0.000 r  datapath/video_inst/mmcm_adv_inst_display_clocks/inst/clkout2_buf/O
                         net (fo=44, routed)          1.833     1.833    datapath/video_inst/inst_dvid/clk_out2
    SLICE_X162Y147       FDRE                                         r  datapath/video_inst/inst_dvid/shift_clock_reg[0]/C
  -------------------------------------------------------------------    -------------------
    SLICE_X162Y147       FDRE (Prop_fdre_C_Q)         0.518     2.351 f  datapath/video_inst/inst_dvid/shift_clock_reg[0]/Q
                         net (fo=3, routed)           0.678     3.030    datapath/video_inst/inst_dvid/shift_clock[0]
    SLICE_X163Y147       LUT6 (Prop_lut6_I5_O)        0.124     3.154 r  datapath/video_inst/inst_dvid/shift_red[9]_i_2/O
                         net (fo=1, routed)           0.425     3.579    datapath/video_inst/inst_dvid/shift_red[9]_i_2_n_0
    SLICE_X162Y147       LUT5 (Prop_lut5_I0_O)        0.124     3.703 r  datapath/video_inst/inst_dvid/shift_red[9]_i_1/O
                         net (fo=30, routed)          3.721     7.424    datapath/video_inst/inst_dvid/shift_red[9]_i_1_n_0
    SLICE_X128Y109       LUT3 (Prop_lut3_I1_O)        0.124     7.548 r  datapath/video_inst/inst_dvid/shift_blue[4]_i_1/O
                         net (fo=1, routed)           0.000     7.548    datapath/video_inst/inst_dvid/shift_blue_0[4]
    SLICE_X128Y109       FDRE                                         r  datapath/video_inst/inst_dvid/shift_blue_reg[4]/D
  -------------------------------------------------------------------    -------------------

                         (clock clk_out2_clk_wiz_0 rise edge)
                                                      8.000     8.000 r  
    BUFGCTRL_X0Y2        BUFG                         0.000     8.000 r  clk_IBUF_BUFG_inst/O
                         net (fo=518, routed)         1.643     9.643    datapath/video_inst/mmcm_adv_inst_display_clocks/inst/clk_in1
    MMCME2_ADV_X0Y2      MMCME2_ADV (Prop_mmcme2_adv_CLKIN1_CLKOUT1)
                                                     -3.494     6.149 r  datapath/video_inst/mmcm_adv_inst_display_clocks/inst/mmcm_adv_inst/CLKOUT1
                         net (fo=1, routed)           1.760     7.909    datapath/video_inst/mmcm_adv_inst_display_clocks/inst/clk_out2_clk_wiz_0
    BUFGCTRL_X0Y0        BUFG (Prop_bufg_I_O)         0.091     8.000 r  datapath/video_inst/mmcm_adv_inst_display_clocks/inst/clkout2_buf/O
                         net (fo=44, routed)          1.568     9.568    datapath/video_inst/inst_dvid/clk_out2
    SLICE_X128Y109       FDRE                                         r  datapath/video_inst/inst_dvid/shift_blue_reg[4]/C
                         clock pessimism              0.080     9.648    
                         clock uncertainty           -0.072     9.576    
    SLICE_X128Y109       FDRE (Setup_fdre_C_D)        0.079     9.655    datapath/video_inst/inst_dvid/shift_blue_reg[4]
  -------------------------------------------------------------------
                         required time                          9.655    
                         arrival time                          -7.548    
  -------------------------------------------------------------------
                         slack                                  2.107    





Min Delay Paths
--------------------------------------------------------------------------------------
Slack (MET) :             0.175ns  (arrival time - required time)
  Source:                 datapath/video_inst/inst_dvid/shift_clock_reg[4]/C
                            (rising edge-triggered cell FDRE clocked by clk_out2_clk_wiz_0  {rise@0.000ns fall@4.000ns period=8.000ns})
  Destination:            datapath/video_inst/inst_dvid/shift_clock_reg[2]/D
                            (rising edge-triggered cell FDRE clocked by clk_out2_clk_wiz_0  {rise@0.000ns fall@4.000ns period=8.000ns})
  Path Group:             clk_out2_clk_wiz_0
  Path Type:              Hold (Min at Fast Process Corner)
  Requirement:            0.000ns  (clk_out2_clk_wiz_0 rise@0.000ns - clk_out2_clk_wiz_0 rise@0.000ns)
  Data Path Delay:        0.251ns  (logic 0.141ns (56.174%)  route 0.110ns (43.826%))
  Logic Levels:           0  
  Clock Path Skew:        0.013ns (DCD - SCD - CPR)
    Destination Clock Delay (DCD):    0.922ns
    Source Clock Delay      (SCD):    0.649ns
    Clock Pessimism Removal (CPR):    0.260ns

    Location             Delay type                Incr(ns)  Path(ns)    Netlist Resource(s)
  -------------------------------------------------------------------    -------------------
                         (clock clk_out2_clk_wiz_0 rise edge)
                                                      0.000     0.000 r  
    BUFGCTRL_X0Y2        BUFG                         0.000     0.000 r  clk_IBUF_BUFG_inst/O
                         net (fo=518, routed)         0.610     0.610    datapath/video_inst/mmcm_adv_inst_display_clocks/inst/clk_in1
    MMCME2_ADV_X0Y2      MMCME2_ADV (Prop_mmcme2_adv_CLKIN1_CLKOUT1)
                                                     -1.180    -0.571 r  datapath/video_inst/mmcm_adv_inst_display_clocks/inst/mmcm_adv_inst/CLKOUT1
                         net (fo=1, routed)           0.545    -0.026    datapath/video_inst/mmcm_adv_inst_display_clocks/inst/clk_out2_clk_wiz_0
    BUFGCTRL_X0Y0        BUFG (Prop_bufg_I_O)         0.026     0.000 r  datapath/video_inst/mmcm_adv_inst_display_clocks/inst/clkout2_buf/O
                         net (fo=44, routed)          0.649     0.649    datapath/video_inst/inst_dvid/clk_out2
    SLICE_X163Y147       FDRE                                         r  datapath/video_inst/inst_dvid/shift_clock_reg[4]/C
  -------------------------------------------------------------------    -------------------
    SLICE_X163Y147       FDRE (Prop_fdre_C_Q)         0.141     0.790 r  datapath/video_inst/inst_dvid/shift_clock_reg[4]/Q
                         net (fo=2, routed)           0.110     0.900    datapath/video_inst/inst_dvid/shift_clock_reg_n_0_[4]
    SLICE_X162Y147       FDRE                                         r  datapath/video_inst/inst_dvid/shift_clock_reg[2]/D
  -------------------------------------------------------------------    -------------------

                         (clock clk_out2_clk_wiz_0 rise edge)
                                                      0.000     0.000 r  
    BUFGCTRL_X0Y2        BUFG                         0.000     0.000 r  clk_IBUF_BUFG_inst/O
                         net (fo=518, routed)         0.879     0.879    datapath/video_inst/mmcm_adv_inst_display_clocks/inst/clk_in1
    MMCME2_ADV_X0Y2      MMCME2_ADV (Prop_mmcme2_adv_CLKIN1_CLKOUT1)
                                                     -1.502    -0.624 r  datapath/video_inst/mmcm_adv_inst_display_clocks/inst/mmcm_adv_inst/CLKOUT1
                         net (fo=1, routed)           0.595    -0.029    datapath/video_inst/mmcm_adv_inst_display_clocks/inst/clk_out2_clk_wiz_0
    BUFGCTRL_X0Y0        BUFG (Prop_bufg_I_O)         0.029    -0.000 r  datapath/video_inst/mmcm_adv_inst_display_clocks/inst/clkout2_buf/O
                         net (fo=44, routed)          0.922     0.922    datapath/video_inst/inst_dvid/clk_out2
    SLICE_X162Y147       FDRE                                         r  datapath/video_inst/inst_dvid/shift_clock_reg[2]/C
                         clock pessimism             -0.260     0.662    
    SLICE_X162Y147       FDRE (Hold_fdre_C_D)         0.063     0.725    datapath/video_inst/inst_dvid/shift_clock_reg[2]
  -------------------------------------------------------------------
                         required time                         -0.725    
                         arrival time                           0.900    
  -------------------------------------------------------------------
                         slack                                  0.175    

Slack (MET) :             0.209ns  (arrival time - required time)
  Source:                 datapath/video_inst/inst_dvid/shift_red_reg[5]/C
                            (rising edge-triggered cell FDRE clocked by clk_out2_clk_wiz_0  {rise@0.000ns fall@4.000ns period=8.000ns})
  Destination:            datapath/video_inst/inst_dvid/shift_red_reg[3]/D
                            (rising edge-triggered cell FDRE clocked by clk_out2_clk_wiz_0  {rise@0.000ns fall@4.000ns period=8.000ns})
  Path Group:             clk_out2_clk_wiz_0
  Path Type:              Hold (Min at Fast Process Corner)
  Requirement:            0.000ns  (clk_out2_clk_wiz_0 rise@0.000ns - clk_out2_clk_wiz_0 rise@0.000ns)
  Data Path Delay:        0.316ns  (logic 0.230ns (72.738%)  route 0.086ns (27.262%))
  Logic Levels:           1  (LUT3=1)
  Clock Path Skew:        0.000ns (DCD - SCD - CPR)
    Destination Clock Delay (DCD):    0.865ns
    Source Clock Delay      (SCD):    0.594ns
    Clock Pessimism Removal (CPR):    0.271ns

    Location             Delay type                Incr(ns)  Path(ns)    Netlist Resource(s)
  -------------------------------------------------------------------    -------------------
                         (clock clk_out2_clk_wiz_0 rise edge)
                                                      0.000     0.000 r  
    BUFGCTRL_X0Y2        BUFG                         0.000     0.000 r  clk_IBUF_BUFG_inst/O
                         net (fo=518, routed)         0.610     0.610    datapath/video_inst/mmcm_adv_inst_display_clocks/inst/clk_in1
    MMCME2_ADV_X0Y2      MMCME2_ADV (Prop_mmcme2_adv_CLKIN1_CLKOUT1)
                                                     -1.180    -0.571 r  datapath/video_inst/mmcm_adv_inst_display_clocks/inst/mmcm_adv_inst/CLKOUT1
                         net (fo=1, routed)           0.545    -0.026    datapath/video_inst/mmcm_adv_inst_display_clocks/inst/clk_out2_clk_wiz_0
    BUFGCTRL_X0Y0        BUFG (Prop_bufg_I_O)         0.026     0.000 r  datapath/video_inst/mmcm_adv_inst_display_clocks/inst/clkout2_buf/O
                         net (fo=44, routed)          0.594     0.594    datapath/video_inst/inst_dvid/clk_out2
    SLICE_X137Y107       FDRE                                         r  datapath/video_inst/inst_dvid/shift_red_reg[5]/C
  -------------------------------------------------------------------    -------------------
    SLICE_X137Y107       FDRE (Prop_fdre_C_Q)         0.128     0.722 r  datapath/video_inst/inst_dvid/shift_red_reg[5]/Q
                         net (fo=1, routed)           0.086     0.808    datapath/video_inst/inst_dvid/data1[3]
    SLICE_X137Y107       LUT3 (Prop_lut3_I0_O)        0.102     0.910 r  datapath/video_inst/inst_dvid/shift_red[3]_i_1/O
                         net (fo=1, routed)           0.000     0.910    datapath/video_inst/inst_dvid/shift_red[3]
    SLICE_X137Y107       FDRE                                         r  datapath/video_inst/inst_dvid/shift_red_reg[3]/D
  -------------------------------------------------------------------    -------------------

                         (clock clk_out2_clk_wiz_0 rise edge)
                                                      0.000     0.000 r  
    BUFGCTRL_X0Y2        BUFG                         0.000     0.000 r  clk_IBUF_BUFG_inst/O
                         net (fo=518, routed)         0.879     0.879    datapath/video_inst/mmcm_adv_inst_display_clocks/inst/clk_in1
    MMCME2_ADV_X0Y2      MMCME2_ADV (Prop_mmcme2_adv_CLKIN1_CLKOUT1)
                                                     -1.502    -0.624 r  datapath/video_inst/mmcm_adv_inst_display_clocks/inst/mmcm_adv_inst/CLKOUT1
                         net (fo=1, routed)           0.595    -0.029    datapath/video_inst/mmcm_adv_inst_display_clocks/inst/clk_out2_clk_wiz_0
    BUFGCTRL_X0Y0        BUFG (Prop_bufg_I_O)         0.029    -0.000 r  datapath/video_inst/mmcm_adv_inst_display_clocks/inst/clkout2_buf/O
                         net (fo=44, routed)          0.865     0.865    datapath/video_inst/inst_dvid/clk_out2
    SLICE_X137Y107       FDRE                                         r  datapath/video_inst/inst_dvid/shift_red_reg[3]/C
                         clock pessimism             -0.271     0.594    
    SLICE_X137Y107       FDRE (Hold_fdre_C_D)         0.107     0.701    datapath/video_inst/inst_dvid/shift_red_reg[3]
  -------------------------------------------------------------------
                         required time                         -0.701    
                         arrival time                           0.910    
  -------------------------------------------------------------------
                         slack                                  0.209    

Slack (MET) :             0.212ns  (arrival time - required time)
  Source:                 datapath/video_inst/inst_dvid/shift_blue_reg[5]/C
                            (rising edge-triggered cell FDRE clocked by clk_out2_clk_wiz_0  {rise@0.000ns fall@4.000ns period=8.000ns})
  Destination:            datapath/video_inst/inst_dvid/shift_blue_reg[3]/D
                            (rising edge-triggered cell FDRE clocked by clk_out2_clk_wiz_0  {rise@0.000ns fall@4.000ns period=8.000ns})
  Path Group:             clk_out2_clk_wiz_0
  Path Type:              Hold (Min at Fast Process Corner)
  Requirement:            0.000ns  (clk_out2_clk_wiz_0 rise@0.000ns - clk_out2_clk_wiz_0 rise@0.000ns)
  Data Path Delay:        0.343ns  (logic 0.249ns (72.541%)  route 0.094ns (27.459%))
  Logic Levels:           1  (LUT3=1)
  Clock Path Skew:        0.000ns (DCD - SCD - CPR)
    Destination Clock Delay (DCD):    0.864ns
    Source Clock Delay      (SCD):    0.593ns
    Clock Pessimism Removal (CPR):    0.271ns

    Location             Delay type                Incr(ns)  Path(ns)    Netlist Resource(s)
  -------------------------------------------------------------------    -------------------
                         (clock clk_out2_clk_wiz_0 rise edge)
                                                      0.000     0.000 r  
    BUFGCTRL_X0Y2        BUFG                         0.000     0.000 r  clk_IBUF_BUFG_inst/O
                         net (fo=518, routed)         0.610     0.610    datapath/video_inst/mmcm_adv_inst_display_clocks/inst/clk_in1
    MMCME2_ADV_X0Y2      MMCME2_ADV (Prop_mmcme2_adv_CLKIN1_CLKOUT1)
                                                     -1.180    -0.571 r  datapath/video_inst/mmcm_adv_inst_display_clocks/inst/mmcm_adv_inst/CLKOUT1
                         net (fo=1, routed)           0.545    -0.026    datapath/video_inst/mmcm_adv_inst_display_clocks/inst/clk_out2_clk_wiz_0
    BUFGCTRL_X0Y0        BUFG (Prop_bufg_I_O)         0.026     0.000 r  datapath/video_inst/mmcm_adv_inst_display_clocks/inst/clkout2_buf/O
                         net (fo=44, routed)          0.593     0.593    datapath/video_inst/inst_dvid/clk_out2
    SLICE_X128Y109       FDRE                                         r  datapath/video_inst/inst_dvid/shift_blue_reg[5]/C
  -------------------------------------------------------------------    -------------------
    SLICE_X128Y109       FDRE (Prop_fdre_C_Q)         0.148     0.741 r  datapath/video_inst/inst_dvid/shift_blue_reg[5]/Q
                         net (fo=1, routed)           0.094     0.835    datapath/video_inst/inst_dvid/shift_blue[5]
    SLICE_X128Y109       LUT3 (Prop_lut3_I0_O)        0.101     0.936 r  datapath/video_inst/inst_dvid/shift_blue[3]_i_1/O
                         net (fo=1, routed)           0.000     0.936    datapath/video_inst/inst_dvid/shift_blue_0[3]
    SLICE_X128Y109       FDRE                                         r  datapath/video_inst/inst_dvid/shift_blue_reg[3]/D
  -------------------------------------------------------------------    -------------------

                         (clock clk_out2_clk_wiz_0 rise edge)
                                                      0.000     0.000 r  
    BUFGCTRL_X0Y2        BUFG                         0.000     0.000 r  clk_IBUF_BUFG_inst/O
                         net (fo=518, routed)         0.879     0.879    datapath/video_inst/mmcm_adv_inst_display_clocks/inst/clk_in1
    MMCME2_ADV_X0Y2      MMCME2_ADV (Prop_mmcme2_adv_CLKIN1_CLKOUT1)
                                                     -1.502    -0.624 r  datapath/video_inst/mmcm_adv_inst_display_clocks/inst/mmcm_adv_inst/CLKOUT1
                         net (fo=1, routed)           0.595    -0.029    datapath/video_inst/mmcm_adv_inst_display_clocks/inst/clk_out2_clk_wiz_0
    BUFGCTRL_X0Y0        BUFG (Prop_bufg_I_O)         0.029    -0.000 r  datapath/video_inst/mmcm_adv_inst_display_clocks/inst/clkout2_buf/O
                         net (fo=44, routed)          0.864     0.864    datapath/video_inst/inst_dvid/clk_out2
    SLICE_X128Y109       FDRE                                         r  datapath/video_inst/inst_dvid/shift_blue_reg[3]/C
                         clock pessimism             -0.271     0.593    
    SLICE_X128Y109       FDRE (Hold_fdre_C_D)         0.131     0.724    datapath/video_inst/inst_dvid/shift_blue_reg[3]
  -------------------------------------------------------------------
                         required time                         -0.724    
                         arrival time                           0.936    
  -------------------------------------------------------------------
                         slack                                  0.212    

Slack (MET) :             0.223ns  (arrival time - required time)
  Source:                 datapath/video_inst/inst_dvid/shift_blue_reg[8]/C
                            (rising edge-triggered cell FDRE clocked by clk_out2_clk_wiz_0  {rise@0.000ns fall@4.000ns period=8.000ns})
  Destination:            datapath/video_inst/inst_dvid/shift_blue_reg[6]/D
                            (rising edge-triggered cell FDRE clocked by clk_out2_clk_wiz_0  {rise@0.000ns fall@4.000ns period=8.000ns})
  Path Group:             clk_out2_clk_wiz_0
  Path Type:              Hold (Min at Fast Process Corner)
  Requirement:            0.000ns  (clk_out2_clk_wiz_0 rise@0.000ns - clk_out2_clk_wiz_0 rise@0.000ns)
  Data Path Delay:        0.381ns  (logic 0.186ns (48.809%)  route 0.195ns (51.191%))
  Logic Levels:           1  (LUT3=1)
  Clock Path Skew:        0.037ns (DCD - SCD - CPR)
    Destination Clock Delay (DCD):    0.864ns
    Source Clock Delay      (SCD):    0.593ns
    Clock Pessimism Removal (CPR):    0.234ns

    Location             Delay type                Incr(ns)  Path(ns)    Netlist Resource(s)
  -------------------------------------------------------------------    -------------------
                         (clock clk_out2_clk_wiz_0 rise edge)
                                                      0.000     0.000 r  
    BUFGCTRL_X0Y2        BUFG                         0.000     0.000 r  clk_IBUF_BUFG_inst/O
                         net (fo=518, routed)         0.610     0.610    datapath/video_inst/mmcm_adv_inst_display_clocks/inst/clk_in1
    MMCME2_ADV_X0Y2      MMCME2_ADV (Prop_mmcme2_adv_CLKIN1_CLKOUT1)
                                                     -1.180    -0.571 r  datapath/video_inst/mmcm_adv_inst_display_clocks/inst/mmcm_adv_inst/CLKOUT1
                         net (fo=1, routed)           0.545    -0.026    datapath/video_inst/mmcm_adv_inst_display_clocks/inst/clk_out2_clk_wiz_0
    BUFGCTRL_X0Y0        BUFG (Prop_bufg_I_O)         0.026     0.000 r  datapath/video_inst/mmcm_adv_inst_display_clocks/inst/clkout2_buf/O
                         net (fo=44, routed)          0.593     0.593    datapath/video_inst/inst_dvid/clk_out2
    SLICE_X127Y109       FDRE                                         r  datapath/video_inst/inst_dvid/shift_blue_reg[8]/C
  -------------------------------------------------------------------    -------------------
    SLICE_X127Y109       FDRE (Prop_fdre_C_Q)         0.141     0.734 r  datapath/video_inst/inst_dvid/shift_blue_reg[8]/Q
                         net (fo=1, routed)           0.195     0.929    datapath/video_inst/inst_dvid/shift_blue[8]
    SLICE_X128Y109       LUT3 (Prop_lut3_I0_O)        0.045     0.974 r  datapath/video_inst/inst_dvid/shift_blue[6]_i_1/O
                         net (fo=1, routed)           0.000     0.974    datapath/video_inst/inst_dvid/shift_blue_0[6]
    SLICE_X128Y109       FDRE                                         r  datapath/video_inst/inst_dvid/shift_blue_reg[6]/D
  -------------------------------------------------------------------    -------------------

                         (clock clk_out2_clk_wiz_0 rise edge)
                                                      0.000     0.000 r  
    BUFGCTRL_X0Y2        BUFG                         0.000     0.000 r  clk_IBUF_BUFG_inst/O
                         net (fo=518, routed)         0.879     0.879    datapath/video_inst/mmcm_adv_inst_display_clocks/inst/clk_in1
    MMCME2_ADV_X0Y2      MMCME2_ADV (Prop_mmcme2_adv_CLKIN1_CLKOUT1)
                                                     -1.502    -0.624 r  datapath/video_inst/mmcm_adv_inst_display_clocks/inst/mmcm_adv_inst/CLKOUT1
                         net (fo=1, routed)           0.595    -0.029    datapath/video_inst/mmcm_adv_inst_display_clocks/inst/clk_out2_clk_wiz_0
    BUFGCTRL_X0Y0        BUFG (Prop_bufg_I_O)         0.029    -0.000 r  datapath/video_inst/mmcm_adv_inst_display_clocks/inst/clkout2_buf/O
                         net (fo=44, routed)          0.864     0.864    datapath/video_inst/inst_dvid/clk_out2
    SLICE_X128Y109       FDRE                                         r  datapath/video_inst/inst_dvid/shift_blue_reg[6]/C
                         clock pessimism             -0.234     0.630    
    SLICE_X128Y109       FDRE (Hold_fdre_C_D)         0.121     0.751    datapath/video_inst/inst_dvid/shift_blue_reg[6]
  -------------------------------------------------------------------
                         required time                         -0.751    
                         arrival time                           0.974    
  -------------------------------------------------------------------
                         slack                                  0.223    

Slack (MET) :             0.229ns  (arrival time - required time)
  Source:                 datapath/video_inst/inst_dvid/shift_green_reg[8]/C
                            (rising edge-triggered cell FDRE clocked by clk_out2_clk_wiz_0  {rise@0.000ns fall@4.000ns period=8.000ns})
  Destination:            datapath/video_inst/inst_dvid/shift_green_reg[6]/D
                            (rising edge-triggered cell FDRE clocked by clk_out2_clk_wiz_0  {rise@0.000ns fall@4.000ns period=8.000ns})
  Path Group:             clk_out2_clk_wiz_0
  Path Type:              Hold (Min at Fast Process Corner)
  Requirement:            0.000ns  (clk_out2_clk_wiz_0 rise@0.000ns - clk_out2_clk_wiz_0 rise@0.000ns)
  Data Path Delay:        0.386ns  (logic 0.186ns (48.174%)  route 0.200ns (51.826%))
  Logic Levels:           1  (LUT3=1)
  Clock Path Skew:        0.037ns (DCD - SCD - CPR)
    Destination Clock Delay (DCD):    0.865ns
    Source Clock Delay      (SCD):    0.594ns
    Clock Pessimism Removal (CPR):    0.234ns

    Location             Delay type                Incr(ns)  Path(ns)    Netlist Resource(s)
  -------------------------------------------------------------------    -------------------
                         (clock clk_out2_clk_wiz_0 rise edge)
                                                      0.000     0.000 r  
    BUFGCTRL_X0Y2        BUFG                         0.000     0.000 r  clk_IBUF_BUFG_inst/O
                         net (fo=518, routed)         0.610     0.610    datapath/video_inst/mmcm_adv_inst_display_clocks/inst/clk_in1
    MMCME2_ADV_X0Y2      MMCME2_ADV (Prop_mmcme2_adv_CLKIN1_CLKOUT1)
                                                     -1.180    -0.571 r  datapath/video_inst/mmcm_adv_inst_display_clocks/inst/mmcm_adv_inst/CLKOUT1
                         net (fo=1, routed)           0.545    -0.026    datapath/video_inst/mmcm_adv_inst_display_clocks/inst/clk_out2_clk_wiz_0
    BUFGCTRL_X0Y0        BUFG (Prop_bufg_I_O)         0.026     0.000 r  datapath/video_inst/mmcm_adv_inst_display_clocks/inst/clkout2_buf/O
                         net (fo=44, routed)          0.594     0.594    datapath/video_inst/inst_dvid/clk_out2
    SLICE_X135Y108       FDRE                                         r  datapath/video_inst/inst_dvid/shift_green_reg[8]/C
  -------------------------------------------------------------------    -------------------
    SLICE_X135Y108       FDRE (Prop_fdre_C_Q)         0.141     0.735 r  datapath/video_inst/inst_dvid/shift_green_reg[8]/Q
                         net (fo=1, routed)           0.200     0.935    datapath/video_inst/inst_dvid/shift_green[8]
    SLICE_X136Y108       LUT3 (Prop_lut3_I0_O)        0.045     0.980 r  datapath/video_inst/inst_dvid/shift_green[6]_i_1/O
                         net (fo=1, routed)           0.000     0.980    datapath/video_inst/inst_dvid/shift_green_1[6]
    SLICE_X136Y108       FDRE                                         r  datapath/video_inst/inst_dvid/shift_green_reg[6]/D
  -------------------------------------------------------------------    -------------------

                         (clock clk_out2_clk_wiz_0 rise edge)
                                                      0.000     0.000 r  
    BUFGCTRL_X0Y2        BUFG                         0.000     0.000 r  clk_IBUF_BUFG_inst/O
                         net (fo=518, routed)         0.879     0.879    datapath/video_inst/mmcm_adv_inst_display_clocks/inst/clk_in1
    MMCME2_ADV_X0Y2      MMCME2_ADV (Prop_mmcme2_adv_CLKIN1_CLKOUT1)
                                                     -1.502    -0.624 r  datapath/video_inst/mmcm_adv_inst_display_clocks/inst/mmcm_adv_inst/CLKOUT1
                         net (fo=1, routed)           0.595    -0.029    datapath/video_inst/mmcm_adv_inst_display_clocks/inst/clk_out2_clk_wiz_0
    BUFGCTRL_X0Y0        BUFG (Prop_bufg_I_O)         0.029    -0.000 r  datapath/video_inst/mmcm_adv_inst_display_clocks/inst/clkout2_buf/O
                         net (fo=44, routed)          0.865     0.865    datapath/video_inst/inst_dvid/clk_out2
    SLICE_X136Y108       FDRE                                         r  datapath/video_inst/inst_dvid/shift_green_reg[6]/C
                         clock pessimism             -0.234     0.631    
    SLICE_X136Y108       FDRE (Hold_fdre_C_D)         0.120     0.751    datapath/video_inst/inst_dvid/shift_green_reg[6]
  -------------------------------------------------------------------
                         required time                         -0.751    
                         arrival time                           0.980    
  -------------------------------------------------------------------
                         slack                                  0.229    

Slack (MET) :             0.233ns  (arrival time - required time)
  Source:                 datapath/video_inst/inst_dvid/shift_clock_reg[2]/C
                            (rising edge-triggered cell FDRE clocked by clk_out2_clk_wiz_0  {rise@0.000ns fall@4.000ns period=8.000ns})
  Destination:            datapath/video_inst/inst_dvid/shift_clock_reg[0]/D
                            (rising edge-triggered cell FDRE clocked by clk_out2_clk_wiz_0  {rise@0.000ns fall@4.000ns period=8.000ns})
  Path Group:             clk_out2_clk_wiz_0
  Path Type:              Hold (Min at Fast Process Corner)
  Requirement:            0.000ns  (clk_out2_clk_wiz_0 rise@0.000ns - clk_out2_clk_wiz_0 rise@0.000ns)
  Data Path Delay:        0.292ns  (logic 0.164ns (56.232%)  route 0.128ns (43.768%))
  Logic Levels:           0  
  Clock Path Skew:        0.000ns (DCD - SCD - CPR)
    Destination Clock Delay (DCD):    0.922ns
    Source Clock Delay      (SCD):    0.649ns
    Clock Pessimism Removal (CPR):    0.273ns

    Location             Delay type                Incr(ns)  Path(ns)    Netlist Resource(s)
  -------------------------------------------------------------------    -------------------
                         (clock clk_out2_clk_wiz_0 rise edge)
                                                      0.000     0.000 r  
    BUFGCTRL_X0Y2        BUFG                         0.000     0.000 r  clk_IBUF_BUFG_inst/O
                         net (fo=518, routed)         0.610     0.610    datapath/video_inst/mmcm_adv_inst_display_clocks/inst/clk_in1
    MMCME2_ADV_X0Y2      MMCME2_ADV (Prop_mmcme2_adv_CLKIN1_CLKOUT1)
                                                     -1.180    -0.571 r  datapath/video_inst/mmcm_adv_inst_display_clocks/inst/mmcm_adv_inst/CLKOUT1
                         net (fo=1, routed)           0.545    -0.026    datapath/video_inst/mmcm_adv_inst_display_clocks/inst/clk_out2_clk_wiz_0
    BUFGCTRL_X0Y0        BUFG (Prop_bufg_I_O)         0.026     0.000 r  datapath/video_inst/mmcm_adv_inst_display_clocks/inst/clkout2_buf/O
                         net (fo=44, routed)          0.649     0.649    datapath/video_inst/inst_dvid/clk_out2
    SLICE_X162Y147       FDRE                                         r  datapath/video_inst/inst_dvid/shift_clock_reg[2]/C
  -------------------------------------------------------------------    -------------------
    SLICE_X162Y147       FDRE (Prop_fdre_C_Q)         0.164     0.813 r  datapath/video_inst/inst_dvid/shift_clock_reg[2]/Q
                         net (fo=2, routed)           0.128     0.940    datapath/video_inst/inst_dvid/shift_clock_reg_n_0_[2]
    SLICE_X162Y147       FDRE                                         r  datapath/video_inst/inst_dvid/shift_clock_reg[0]/D
  -------------------------------------------------------------------    -------------------

                         (clock clk_out2_clk_wiz_0 rise edge)
                                                      0.000     0.000 r  
    BUFGCTRL_X0Y2        BUFG                         0.000     0.000 r  clk_IBUF_BUFG_inst/O
                         net (fo=518, routed)         0.879     0.879    datapath/video_inst/mmcm_adv_inst_display_clocks/inst/clk_in1
    MMCME2_ADV_X0Y2      MMCME2_ADV (Prop_mmcme2_adv_CLKIN1_CLKOUT1)
                                                     -1.502    -0.624 r  datapath/video_inst/mmcm_adv_inst_display_clocks/inst/mmcm_adv_inst/CLKOUT1
                         net (fo=1, routed)           0.595    -0.029    datapath/video_inst/mmcm_adv_inst_display_clocks/inst/clk_out2_clk_wiz_0
    BUFGCTRL_X0Y0        BUFG (Prop_bufg_I_O)         0.029    -0.000 r  datapath/video_inst/mmcm_adv_inst_display_clocks/inst/clkout2_buf/O
                         net (fo=44, routed)          0.922     0.922    datapath/video_inst/inst_dvid/clk_out2
    SLICE_X162Y147       FDRE                                         r  datapath/video_inst/inst_dvid/shift_clock_reg[0]/C
                         clock pessimism             -0.273     0.649    
    SLICE_X162Y147       FDRE (Hold_fdre_C_D)         0.059     0.708    datapath/video_inst/inst_dvid/shift_clock_reg[0]
  -------------------------------------------------------------------
                         required time                         -0.708    
                         arrival time                           0.940    
  -------------------------------------------------------------------
                         slack                                  0.233    

Slack (MET) :             0.233ns  (arrival time - required time)
  Source:                 datapath/video_inst/inst_dvid/shift_clock_reg[3]/C
                            (rising edge-triggered cell FDRE clocked by clk_out2_clk_wiz_0  {rise@0.000ns fall@4.000ns period=8.000ns})
  Destination:            datapath/video_inst/inst_dvid/shift_clock_reg[1]/D
                            (rising edge-triggered cell FDRE clocked by clk_out2_clk_wiz_0  {rise@0.000ns fall@4.000ns period=8.000ns})
  Path Group:             clk_out2_clk_wiz_0
  Path Type:              Hold (Min at Fast Process Corner)
  Requirement:            0.000ns  (clk_out2_clk_wiz_0 rise@0.000ns - clk_out2_clk_wiz_0 rise@0.000ns)
  Data Path Delay:        0.285ns  (logic 0.164ns (57.535%)  route 0.121ns (42.465%))
  Logic Levels:           0  
  Clock Path Skew:        0.000ns (DCD - SCD - CPR)
    Destination Clock Delay (DCD):    0.922ns
    Source Clock Delay      (SCD):    0.649ns
    Clock Pessimism Removal (CPR):    0.273ns

    Location             Delay type                Incr(ns)  Path(ns)    Netlist Resource(s)
  -------------------------------------------------------------------    -------------------
                         (clock clk_out2_clk_wiz_0 rise edge)
                                                      0.000     0.000 r  
    BUFGCTRL_X0Y2        BUFG                         0.000     0.000 r  clk_IBUF_BUFG_inst/O
                         net (fo=518, routed)         0.610     0.610    datapath/video_inst/mmcm_adv_inst_display_clocks/inst/clk_in1
    MMCME2_ADV_X0Y2      MMCME2_ADV (Prop_mmcme2_adv_CLKIN1_CLKOUT1)
                                                     -1.180    -0.571 r  datapath/video_inst/mmcm_adv_inst_display_clocks/inst/mmcm_adv_inst/CLKOUT1
                         net (fo=1, routed)           0.545    -0.026    datapath/video_inst/mmcm_adv_inst_display_clocks/inst/clk_out2_clk_wiz_0
    BUFGCTRL_X0Y0        BUFG (Prop_bufg_I_O)         0.026     0.000 r  datapath/video_inst/mmcm_adv_inst_display_clocks/inst/clkout2_buf/O
                         net (fo=44, routed)          0.649     0.649    datapath/video_inst/inst_dvid/clk_out2
    SLICE_X162Y147       FDRE                                         r  datapath/video_inst/inst_dvid/shift_clock_reg[3]/C
  -------------------------------------------------------------------    -------------------
    SLICE_X162Y147       FDRE (Prop_fdre_C_Q)         0.164     0.813 r  datapath/video_inst/inst_dvid/shift_clock_reg[3]/Q
                         net (fo=2, routed)           0.121     0.934    datapath/video_inst/inst_dvid/shift_clock_reg_n_0_[3]
    SLICE_X162Y147       FDRE                                         r  datapath/video_inst/inst_dvid/shift_clock_reg[1]/D
  -------------------------------------------------------------------    -------------------

                         (clock clk_out2_clk_wiz_0 rise edge)
                                                      0.000     0.000 r  
    BUFGCTRL_X0Y2        BUFG                         0.000     0.000 r  clk_IBUF_BUFG_inst/O
                         net (fo=518, routed)         0.879     0.879    datapath/video_inst/mmcm_adv_inst_display_clocks/inst/clk_in1
    MMCME2_ADV_X0Y2      MMCME2_ADV (Prop_mmcme2_adv_CLKIN1_CLKOUT1)
                                                     -1.502    -0.624 r  datapath/video_inst/mmcm_adv_inst_display_clocks/inst/mmcm_adv_inst/CLKOUT1
                         net (fo=1, routed)           0.595    -0.029    datapath/video_inst/mmcm_adv_inst_display_clocks/inst/clk_out2_clk_wiz_0
    BUFGCTRL_X0Y0        BUFG (Prop_bufg_I_O)         0.029    -0.000 r  datapath/video_inst/mmcm_adv_inst_display_clocks/inst/clkout2_buf/O
                         net (fo=44, routed)          0.922     0.922    datapath/video_inst/inst_dvid/clk_out2
    SLICE_X162Y147       FDRE                                         r  datapath/video_inst/inst_dvid/shift_clock_reg[1]/C
                         clock pessimism             -0.273     0.649    
    SLICE_X162Y147       FDRE (Hold_fdre_C_D)         0.052     0.701    datapath/video_inst/inst_dvid/shift_clock_reg[1]
  -------------------------------------------------------------------
                         required time                         -0.701    
                         arrival time                           0.934    
  -------------------------------------------------------------------
                         slack                                  0.233    

Slack (MET) :             0.236ns  (arrival time - required time)
  Source:                 datapath/video_inst/inst_dvid/shift_green_reg[9]/C
                            (rising edge-triggered cell FDRE clocked by clk_out2_clk_wiz_0  {rise@0.000ns fall@4.000ns period=8.000ns})
  Destination:            datapath/video_inst/inst_dvid/shift_green_reg[7]/D
                            (rising edge-triggered cell FDRE clocked by clk_out2_clk_wiz_0  {rise@0.000ns fall@4.000ns period=8.000ns})
  Path Group:             clk_out2_clk_wiz_0
  Path Type:              Hold (Min at Fast Process Corner)
  Requirement:            0.000ns  (clk_out2_clk_wiz_0 rise@0.000ns - clk_out2_clk_wiz_0 rise@0.000ns)
  Data Path Delay:        0.404ns  (logic 0.184ns (45.537%)  route 0.220ns (54.463%))
  Logic Levels:           1  (LUT3=1)
  Clock Path Skew:        0.037ns (DCD - SCD - CPR)
    Destination Clock Delay (DCD):    0.865ns
    Source Clock Delay      (SCD):    0.594ns
    Clock Pessimism Removal (CPR):    0.234ns

    Location             Delay type                Incr(ns)  Path(ns)    Netlist Resource(s)
  -------------------------------------------------------------------    -------------------
                         (clock clk_out2_clk_wiz_0 rise edge)
                                                      0.000     0.000 r  
    BUFGCTRL_X0Y2        BUFG                         0.000     0.000 r  clk_IBUF_BUFG_inst/O
                         net (fo=518, routed)         0.610     0.610    datapath/video_inst/mmcm_adv_inst_display_clocks/inst/clk_in1
    MMCME2_ADV_X0Y2      MMCME2_ADV (Prop_mmcme2_adv_CLKIN1_CLKOUT1)
                                                     -1.180    -0.571 r  datapath/video_inst/mmcm_adv_inst_display_clocks/inst/mmcm_adv_inst/CLKOUT1
                         net (fo=1, routed)           0.545    -0.026    datapath/video_inst/mmcm_adv_inst_display_clocks/inst/clk_out2_clk_wiz_0
    BUFGCTRL_X0Y0        BUFG (Prop_bufg_I_O)         0.026     0.000 r  datapath/video_inst/mmcm_adv_inst_display_clocks/inst/clkout2_buf/O
                         net (fo=44, routed)          0.594     0.594    datapath/video_inst/inst_dvid/clk_out2
    SLICE_X135Y108       FDRE                                         r  datapath/video_inst/inst_dvid/shift_green_reg[9]/C
  -------------------------------------------------------------------    -------------------
    SLICE_X135Y108       FDRE (Prop_fdre_C_Q)         0.141     0.735 r  datapath/video_inst/inst_dvid/shift_green_reg[9]/Q
                         net (fo=1, routed)           0.220     0.955    datapath/video_inst/inst_dvid/shift_green[9]
    SLICE_X136Y108       LUT3 (Prop_lut3_I0_O)        0.043     0.998 r  datapath/video_inst/inst_dvid/shift_green[7]_i_1/O
                         net (fo=1, routed)           0.000     0.998    datapath/video_inst/inst_dvid/shift_green_1[7]
    SLICE_X136Y108       FDRE                                         r  datapath/video_inst/inst_dvid/shift_green_reg[7]/D
  -------------------------------------------------------------------    -------------------

                         (clock clk_out2_clk_wiz_0 rise edge)
                                                      0.000     0.000 r  
    BUFGCTRL_X0Y2        BUFG                         0.000     0.000 r  clk_IBUF_BUFG_inst/O
                         net (fo=518, routed)         0.879     0.879    datapath/video_inst/mmcm_adv_inst_display_clocks/inst/clk_in1
    MMCME2_ADV_X0Y2      MMCME2_ADV (Prop_mmcme2_adv_CLKIN1_CLKOUT1)
                                                     -1.502    -0.624 r  datapath/video_inst/mmcm_adv_inst_display_clocks/inst/mmcm_adv_inst/CLKOUT1
                         net (fo=1, routed)           0.595    -0.029    datapath/video_inst/mmcm_adv_inst_display_clocks/inst/clk_out2_clk_wiz_0
    BUFGCTRL_X0Y0        BUFG (Prop_bufg_I_O)         0.029    -0.000 r  datapath/video_inst/mmcm_adv_inst_display_clocks/inst/clkout2_buf/O
                         net (fo=44, routed)          0.865     0.865    datapath/video_inst/inst_dvid/clk_out2
    SLICE_X136Y108       FDRE                                         r  datapath/video_inst/inst_dvid/shift_green_reg[7]/C
                         clock pessimism             -0.234     0.631    
    SLICE_X136Y108       FDRE (Hold_fdre_C_D)         0.131     0.762    datapath/video_inst/inst_dvid/shift_green_reg[7]
  -------------------------------------------------------------------
                         required time                         -0.762    
                         arrival time                           0.998    
  -------------------------------------------------------------------
                         slack                                  0.236    

Slack (MET) :             0.236ns  (arrival time - required time)
  Source:                 datapath/video_inst/inst_dvid/shift_blue_reg[2]/C
                            (rising edge-triggered cell FDRE clocked by clk_out2_clk_wiz_0  {rise@0.000ns fall@4.000ns period=8.000ns})
  Destination:            datapath/video_inst/inst_dvid/shift_blue_reg[0]/D
                            (rising edge-triggered cell FDRE clocked by clk_out2_clk_wiz_0  {rise@0.000ns fall@4.000ns period=8.000ns})
  Path Group:             clk_out2_clk_wiz_0
  Path Type:              Hold (Min at Fast Process Corner)
  Requirement:            0.000ns  (clk_out2_clk_wiz_0 rise@0.000ns - clk_out2_clk_wiz_0 rise@0.000ns)
  Data Path Delay:        0.356ns  (logic 0.209ns (58.645%)  route 0.147ns (41.355%))
  Logic Levels:           1  (LUT3=1)
  Clock Path Skew:        0.000ns (DCD - SCD - CPR)
    Destination Clock Delay (DCD):    0.864ns
    Source Clock Delay      (SCD):    0.593ns
    Clock Pessimism Removal (CPR):    0.271ns

    Location             Delay type                Incr(ns)  Path(ns)    Netlist Resource(s)
  -------------------------------------------------------------------    -------------------
                         (clock clk_out2_clk_wiz_0 rise edge)
                                                      0.000     0.000 r  
    BUFGCTRL_X0Y2        BUFG                         0.000     0.000 r  clk_IBUF_BUFG_inst/O
                         net (fo=518, routed)         0.610     0.610    datapath/video_inst/mmcm_adv_inst_display_clocks/inst/clk_in1
    MMCME2_ADV_X0Y2      MMCME2_ADV (Prop_mmcme2_adv_CLKIN1_CLKOUT1)
                                                     -1.180    -0.571 r  datapath/video_inst/mmcm_adv_inst_display_clocks/inst/mmcm_adv_inst/CLKOUT1
                         net (fo=1, routed)           0.545    -0.026    datapath/video_inst/mmcm_adv_inst_display_clocks/inst/clk_out2_clk_wiz_0
    BUFGCTRL_X0Y0        BUFG (Prop_bufg_I_O)         0.026     0.000 r  datapath/video_inst/mmcm_adv_inst_display_clocks/inst/clkout2_buf/O
                         net (fo=44, routed)          0.593     0.593    datapath/video_inst/inst_dvid/clk_out2
    SLICE_X128Y109       FDRE                                         r  datapath/video_inst/inst_dvid/shift_blue_reg[2]/C
  -------------------------------------------------------------------    -------------------
    SLICE_X128Y109       FDRE (Prop_fdre_C_Q)         0.164     0.757 r  datapath/video_inst/inst_dvid/shift_blue_reg[2]/Q
                         net (fo=1, routed)           0.147     0.904    datapath/video_inst/inst_dvid/shift_blue[2]
    SLICE_X128Y109       LUT3 (Prop_lut3_I0_O)        0.045     0.949 r  datapath/video_inst/inst_dvid/shift_blue[0]_i_1/O
                         net (fo=1, routed)           0.000     0.949    datapath/video_inst/inst_dvid/shift_blue_0[0]
    SLICE_X128Y109       FDRE                                         r  datapath/video_inst/inst_dvid/shift_blue_reg[0]/D
  -------------------------------------------------------------------    -------------------

                         (clock clk_out2_clk_wiz_0 rise edge)
                                                      0.000     0.000 r  
    BUFGCTRL_X0Y2        BUFG                         0.000     0.000 r  clk_IBUF_BUFG_inst/O
                         net (fo=518, routed)         0.879     0.879    datapath/video_inst/mmcm_adv_inst_display_clocks/inst/clk_in1
    MMCME2_ADV_X0Y2      MMCME2_ADV (Prop_mmcme2_adv_CLKIN1_CLKOUT1)
                                                     -1.502    -0.624 r  datapath/video_inst/mmcm_adv_inst_display_clocks/inst/mmcm_adv_inst/CLKOUT1
                         net (fo=1, routed)           0.595    -0.029    datapath/video_inst/mmcm_adv_inst_display_clocks/inst/clk_out2_clk_wiz_0
    BUFGCTRL_X0Y0        BUFG (Prop_bufg_I_O)         0.029    -0.000 r  datapath/video_inst/mmcm_adv_inst_display_clocks/inst/clkout2_buf/O
                         net (fo=44, routed)          0.864     0.864    datapath/video_inst/inst_dvid/clk_out2
    SLICE_X128Y109       FDRE                                         r  datapath/video_inst/inst_dvid/shift_blue_reg[0]/C
                         clock pessimism             -0.271     0.593    
    SLICE_X128Y109       FDRE (Hold_fdre_C_D)         0.120     0.713    datapath/video_inst/inst_dvid/shift_blue_reg[0]
  -------------------------------------------------------------------
                         required time                         -0.713    
                         arrival time                           0.949    
  -------------------------------------------------------------------
                         slack                                  0.236    

Slack (MET) :             0.253ns  (arrival time - required time)
  Source:                 datapath/video_inst/inst_dvid/shift_red_reg[6]/C
                            (rising edge-triggered cell FDRE clocked by clk_out2_clk_wiz_0  {rise@0.000ns fall@4.000ns period=8.000ns})
  Destination:            datapath/video_inst/inst_dvid/shift_red_reg[4]/D
                            (rising edge-triggered cell FDRE clocked by clk_out2_clk_wiz_0  {rise@0.000ns fall@4.000ns period=8.000ns})
  Path Group:             clk_out2_clk_wiz_0
  Path Type:              Hold (Min at Fast Process Corner)
  Requirement:            0.000ns  (clk_out2_clk_wiz_0 rise@0.000ns - clk_out2_clk_wiz_0 rise@0.000ns)
  Data Path Delay:        0.345ns  (logic 0.186ns (53.897%)  route 0.159ns (46.103%))
  Logic Levels:           1  (LUT3=1)
  Clock Path Skew:        0.000ns (DCD - SCD - CPR)
    Destination Clock Delay (DCD):    0.865ns
    Source Clock Delay      (SCD):    0.594ns
    Clock Pessimism Removal (CPR):    0.271ns

    Location             Delay type                Incr(ns)  Path(ns)    Netlist Resource(s)
  -------------------------------------------------------------------    -------------------
                         (clock clk_out2_clk_wiz_0 rise edge)
                                                      0.000     0.000 r  
    BUFGCTRL_X0Y2        BUFG                         0.000     0.000 r  clk_IBUF_BUFG_inst/O
                         net (fo=518, routed)         0.610     0.610    datapath/video_inst/mmcm_adv_inst_display_clocks/inst/clk_in1
    MMCME2_ADV_X0Y2      MMCME2_ADV (Prop_mmcme2_adv_CLKIN1_CLKOUT1)
                                                     -1.180    -0.571 r  datapath/video_inst/mmcm_adv_inst_display_clocks/inst/mmcm_adv_inst/CLKOUT1
                         net (fo=1, routed)           0.545    -0.026    datapath/video_inst/mmcm_adv_inst_display_clocks/inst/clk_out2_clk_wiz_0
    BUFGCTRL_X0Y0        BUFG (Prop_bufg_I_O)         0.026     0.000 r  datapath/video_inst/mmcm_adv_inst_display_clocks/inst/clkout2_buf/O
                         net (fo=44, routed)          0.594     0.594    datapath/video_inst/inst_dvid/clk_out2
    SLICE_X137Y107       FDRE                                         r  datapath/video_inst/inst_dvid/shift_red_reg[6]/C
  -------------------------------------------------------------------    -------------------
    SLICE_X137Y107       FDRE (Prop_fdre_C_Q)         0.141     0.735 r  datapath/video_inst/inst_dvid/shift_red_reg[6]/Q
                         net (fo=1, routed)           0.159     0.894    datapath/video_inst/inst_dvid/data1[4]
    SLICE_X137Y107       LUT3 (Prop_lut3_I0_O)        0.045     0.939 r  datapath/video_inst/inst_dvid/shift_red[4]_i_1/O
                         net (fo=1, routed)           0.000     0.939    datapath/video_inst/inst_dvid/shift_red[4]
    SLICE_X137Y107       FDRE                                         r  datapath/video_inst/inst_dvid/shift_red_reg[4]/D
  -------------------------------------------------------------------    -------------------

                         (clock clk_out2_clk_wiz_0 rise edge)
                                                      0.000     0.000 r  
    BUFGCTRL_X0Y2        BUFG                         0.000     0.000 r  clk_IBUF_BUFG_inst/O
                         net (fo=518, routed)         0.879     0.879    datapath/video_inst/mmcm_adv_inst_display_clocks/inst/clk_in1
    MMCME2_ADV_X0Y2      MMCME2_ADV (Prop_mmcme2_adv_CLKIN1_CLKOUT1)
                                                     -1.502    -0.624 r  datapath/video_inst/mmcm_adv_inst_display_clocks/inst/mmcm_adv_inst/CLKOUT1
                         net (fo=1, routed)           0.595    -0.029    datapath/video_inst/mmcm_adv_inst_display_clocks/inst/clk_out2_clk_wiz_0
    BUFGCTRL_X0Y0        BUFG (Prop_bufg_I_O)         0.029    -0.000 r  datapath/video_inst/mmcm_adv_inst_display_clocks/inst/clkout2_buf/O
                         net (fo=44, routed)          0.865     0.865    datapath/video_inst/inst_dvid/clk_out2
    SLICE_X137Y107       FDRE                                         r  datapath/video_inst/inst_dvid/shift_red_reg[4]/C
                         clock pessimism             -0.271     0.594    
    SLICE_X137Y107       FDRE (Hold_fdre_C_D)         0.092     0.686    datapath/video_inst/inst_dvid/shift_red_reg[4]
  -------------------------------------------------------------------
                         required time                         -0.686    
                         arrival time                           0.939    
  -------------------------------------------------------------------
                         slack                                  0.253    





Pulse Width Checks
--------------------------------------------------------------------------------------
Clock Name:         clk_out2_clk_wiz_0
Waveform(ns):       { 0.000 4.000 }
Period(ns):         8.000
Sources:            { datapath/video_inst/mmcm_adv_inst_display_clocks/inst/mmcm_adv_inst/CLKOUT1 }

Check Type        Corner  Lib Pin             Reference Pin  Required(ns)  Actual(ns)  Slack(ns)  Location         Pin
Min Period        n/a     BUFG/I              n/a            2.155         8.000       5.845      BUFGCTRL_X0Y0    datapath/video_inst/mmcm_adv_inst_display_clocks/inst/clkout2_buf/I
Min Period        n/a     ODDR/C              n/a            1.474         8.000       6.526      OLOGIC_X1Y140    datapath/video_inst/inst_dvid/ODDR2_blue/C
Min Period        n/a     ODDR/C              n/a            1.474         8.000       6.526      OLOGIC_X1Y148    datapath/video_inst/inst_dvid/ODDR2_clock/C
Min Period        n/a     ODDR/C              n/a            1.474         8.000       6.526      OLOGIC_X1Y136    datapath/video_inst/inst_dvid/ODDR2_green/C
Min Period        n/a     ODDR/C              n/a            1.474         8.000       6.526      OLOGIC_X1Y134    datapath/video_inst/inst_dvid/ODDR2_red/C
Min Period        n/a     MMCME2_ADV/CLKOUT1  n/a            1.249         8.000       6.751      MMCME2_ADV_X0Y2  datapath/video_inst/mmcm_adv_inst_display_clocks/inst/mmcm_adv_inst/CLKOUT1
Min Period        n/a     FDRE/C              n/a            1.000         8.000       7.000      SLICE_X128Y109   datapath/video_inst/inst_dvid/shift_blue_reg[0]/C
Min Period        n/a     FDRE/C              n/a            1.000         8.000       7.000      SLICE_X128Y109   datapath/video_inst/inst_dvid/shift_blue_reg[1]/C
Min Period        n/a     FDRE/C              n/a            1.000         8.000       7.000      SLICE_X128Y109   datapath/video_inst/inst_dvid/shift_blue_reg[2]/C
Min Period        n/a     FDRE/C              n/a            1.000         8.000       7.000      SLICE_X128Y109   datapath/video_inst/inst_dvid/shift_blue_reg[3]/C
Max Period        n/a     MMCME2_ADV/CLKOUT1  n/a            213.360       8.000       205.360    MMCME2_ADV_X0Y2  datapath/video_inst/mmcm_adv_inst_display_clocks/inst/mmcm_adv_inst/CLKOUT1
Low Pulse Width   Slow    FDRE/C              n/a            0.500         4.000       3.500      SLICE_X128Y109   datapath/video_inst/inst_dvid/shift_blue_reg[0]/C
Low Pulse Width   Fast    FDRE/C              n/a            0.500         4.000       3.500      SLICE_X128Y109   datapath/video_inst/inst_dvid/shift_blue_reg[0]/C
Low Pulse Width   Slow    FDRE/C              n/a            0.500         4.000       3.500      SLICE_X128Y109   datapath/video_inst/inst_dvid/shift_blue_reg[1]/C
Low Pulse Width   Fast    FDRE/C              n/a            0.500         4.000       3.500      SLICE_X128Y109   datapath/video_inst/inst_dvid/shift_blue_reg[1]/C
Low Pulse Width   Slow    FDRE/C              n/a            0.500         4.000       3.500      SLICE_X128Y109   datapath/video_inst/inst_dvid/shift_blue_reg[2]/C
Low Pulse Width   Fast    FDRE/C              n/a            0.500         4.000       3.500      SLICE_X128Y109   datapath/video_inst/inst_dvid/shift_blue_reg[2]/C
Low Pulse Width   Slow    FDRE/C              n/a            0.500         4.000       3.500      SLICE_X128Y109   datapath/video_inst/inst_dvid/shift_blue_reg[3]/C
Low Pulse Width   Fast    FDRE/C              n/a            0.500         4.000       3.500      SLICE_X128Y109   datapath/video_inst/inst_dvid/shift_blue_reg[3]/C
Low Pulse Width   Slow    FDRE/C              n/a            0.500         4.000       3.500      SLICE_X128Y109   datapath/video_inst/inst_dvid/shift_blue_reg[4]/C
Low Pulse Width   Fast    FDRE/C              n/a            0.500         4.000       3.500      SLICE_X128Y109   datapath/video_inst/inst_dvid/shift_blue_reg[4]/C
High Pulse Width  Slow    FDRE/C              n/a            0.500         4.000       3.500      SLICE_X128Y109   datapath/video_inst/inst_dvid/shift_blue_reg[0]/C
High Pulse Width  Fast    FDRE/C              n/a            0.500         4.000       3.500      SLICE_X128Y109   datapath/video_inst/inst_dvid/shift_blue_reg[0]/C
High Pulse Width  Slow    FDRE/C              n/a            0.500         4.000       3.500      SLICE_X128Y109   datapath/video_inst/inst_dvid/shift_blue_reg[1]/C
High Pulse Width  Fast    FDRE/C              n/a            0.500         4.000       3.500      SLICE_X128Y109   datapath/video_inst/inst_dvid/shift_blue_reg[1]/C
High Pulse Width  Slow    FDRE/C              n/a            0.500         4.000       3.500      SLICE_X128Y109   datapath/video_inst/inst_dvid/shift_blue_reg[2]/C
High Pulse Width  Fast    FDRE/C              n/a            0.500         4.000       3.500      SLICE_X128Y109   datapath/video_inst/inst_dvid/shift_blue_reg[2]/C
High Pulse Width  Slow    FDRE/C              n/a            0.500         4.000       3.500      SLICE_X128Y109   datapath/video_inst/inst_dvid/shift_blue_reg[3]/C
High Pulse Width  Fast    FDRE/C              n/a            0.500         4.000       3.500      SLICE_X128Y109   datapath/video_inst/inst_dvid/shift_blue_reg[3]/C
High Pulse Width  Slow    FDRE/C              n/a            0.500         4.000       3.500      SLICE_X128Y109   datapath/video_inst/inst_dvid/shift_blue_reg[4]/C
High Pulse Width  Fast    FDRE/C              n/a            0.500         4.000       3.500      SLICE_X128Y109   datapath/video_inst/inst_dvid/shift_blue_reg[4]/C



---------------------------------------------------------------------------------------------------
From Clock:  clkfbout_clk_wiz_0
  To Clock:  clkfbout_clk_wiz_0

Setup :           NA  Failing Endpoints,  Worst Slack           NA  ,  Total Violation           NA
Hold  :           NA  Failing Endpoints,  Worst Slack           NA  ,  Total Violation           NA
PW    :            0  Failing Endpoints,  Worst Slack        7.845ns,  Total Violation        0.000ns
---------------------------------------------------------------------------------------------------


Pulse Width Checks
--------------------------------------------------------------------------------------
Clock Name:         clkfbout_clk_wiz_0
Waveform(ns):       { 0.000 5.000 }
Period(ns):         10.000
Sources:            { datapath/video_inst/mmcm_adv_inst_display_clocks/inst/mmcm_adv_inst/CLKFBOUT }

Check Type  Corner  Lib Pin              Reference Pin  Required(ns)  Actual(ns)  Slack(ns)  Location         Pin
Min Period  n/a     BUFG/I               n/a            2.155         10.000      7.845      BUFGCTRL_X0Y5    datapath/video_inst/mmcm_adv_inst_display_clocks/inst/clkf_buf/I
Min Period  n/a     MMCME2_ADV/CLKFBOUT  n/a            1.249         10.000      8.751      MMCME2_ADV_X0Y2  datapath/video_inst/mmcm_adv_inst_display_clocks/inst/mmcm_adv_inst/CLKFBOUT
Min Period  n/a     MMCME2_ADV/CLKFBIN   n/a            1.249         10.000      8.751      MMCME2_ADV_X0Y2  datapath/video_inst/mmcm_adv_inst_display_clocks/inst/mmcm_adv_inst/CLKFBIN
Max Period  n/a     MMCME2_ADV/CLKFBIN   n/a            100.000       10.000      90.000     MMCME2_ADV_X0Y2  datapath/video_inst/mmcm_adv_inst_display_clocks/inst/mmcm_adv_inst/CLKFBIN
Max Period  n/a     MMCME2_ADV/CLKFBOUT  n/a            213.360       10.000      203.360    MMCME2_ADV_X0Y2  datapath/video_inst/mmcm_adv_inst_display_clocks/inst/mmcm_adv_inst/CLKFBOUT



---------------------------------------------------------------------------------------------------
From Clock:  doodleAudio/Audio_Codec/audiocodec_master_clock/inst/clk_in1
  To Clock:  doodleAudio/Audio_Codec/audiocodec_master_clock/inst/clk_in1

Setup :           NA  Failing Endpoints,  Worst Slack           NA  ,  Total Violation           NA
Hold  :           NA  Failing Endpoints,  Worst Slack           NA  ,  Total Violation           NA
PW    :            0  Failing Endpoints,  Worst Slack        3.000ns,  Total Violation        0.000ns
---------------------------------------------------------------------------------------------------


Pulse Width Checks
--------------------------------------------------------------------------------------
Clock Name:         doodleAudio/Audio_Codec/audiocodec_master_clock/inst/clk_in1
Waveform(ns):       { 0.000 5.000 }
Period(ns):         10.000
Sources:            { doodleAudio/Audio_Codec/audiocodec_master_clock/inst/clk_in1 }

Check Type        Corner  Lib Pin            Reference Pin  Required(ns)  Actual(ns)  Slack(ns)  Location         Pin
Min Period        n/a     MMCME2_ADV/CLKIN1  n/a            1.249         10.000      8.751      MMCME2_ADV_X1Y0  doodleAudio/Audio_Codec/audiocodec_master_clock/inst/mmcm_adv_inst/CLKIN1
Max Period        n/a     MMCME2_ADV/CLKIN1  n/a            100.000       10.000      90.000     MMCME2_ADV_X1Y0  doodleAudio/Audio_Codec/audiocodec_master_clock/inst/mmcm_adv_inst/CLKIN1
Low Pulse Width   Slow    MMCME2_ADV/CLKIN1  n/a            2.000         5.000       3.000      MMCME2_ADV_X1Y0  doodleAudio/Audio_Codec/audiocodec_master_clock/inst/mmcm_adv_inst/CLKIN1
Low Pulse Width   Fast    MMCME2_ADV/CLKIN1  n/a            2.000         5.000       3.000      MMCME2_ADV_X1Y0  doodleAudio/Audio_Codec/audiocodec_master_clock/inst/mmcm_adv_inst/CLKIN1
High Pulse Width  Slow    MMCME2_ADV/CLKIN1  n/a            2.000         5.000       3.000      MMCME2_ADV_X1Y0  doodleAudio/Audio_Codec/audiocodec_master_clock/inst/mmcm_adv_inst/CLKIN1
High Pulse Width  Fast    MMCME2_ADV/CLKIN1  n/a            2.000         5.000       3.000      MMCME2_ADV_X1Y0  doodleAudio/Audio_Codec/audiocodec_master_clock/inst/mmcm_adv_inst/CLKIN1



---------------------------------------------------------------------------------------------------
From Clock:  clk_out1_clk_wiz_1
  To Clock:  clk_out1_clk_wiz_1

Setup :           NA  Failing Endpoints,  Worst Slack           NA  ,  Total Violation           NA
Hold  :           NA  Failing Endpoints,  Worst Slack           NA  ,  Total Violation           NA
PW    :            0  Failing Endpoints,  Worst Slack       79.220ns,  Total Violation        0.000ns
---------------------------------------------------------------------------------------------------


Pulse Width Checks
--------------------------------------------------------------------------------------
Clock Name:         clk_out1_clk_wiz_1
Waveform(ns):       { 0.000 40.688 }
Period(ns):         81.375
Sources:            { doodleAudio/Audio_Codec/audiocodec_master_clock/inst/mmcm_adv_inst/CLKOUT0 }

Check Type  Corner  Lib Pin             Reference Pin  Required(ns)  Actual(ns)  Slack(ns)  Location         Pin
Min Period  n/a     BUFG/I              n/a            2.155         81.375      79.220     BUFGCTRL_X0Y1    doodleAudio/Audio_Codec/audiocodec_master_clock/inst/clkout1_buf/I
Min Period  n/a     MMCME2_ADV/CLKOUT0  n/a            1.249         81.375      80.126     MMCME2_ADV_X1Y0  doodleAudio/Audio_Codec/audiocodec_master_clock/inst/mmcm_adv_inst/CLKOUT0
Max Period  n/a     MMCME2_ADV/CLKOUT0  n/a            213.360       81.375      131.985    MMCME2_ADV_X1Y0  doodleAudio/Audio_Codec/audiocodec_master_clock/inst/mmcm_adv_inst/CLKOUT0



---------------------------------------------------------------------------------------------------
From Clock:  clk_out2_clk_wiz_1
  To Clock:  clk_out2_clk_wiz_1

Setup :            0  Failing Endpoints,  Worst Slack       13.790ns,  Total Violation        0.000ns
Hold  :            0  Failing Endpoints,  Worst Slack        0.166ns,  Total Violation        0.000ns
PW    :            0  Failing Endpoints,  Worst Slack        9.500ns,  Total Violation        0.000ns
---------------------------------------------------------------------------------------------------


Max Delay Paths
--------------------------------------------------------------------------------------
Slack (MET) :             13.790ns  (required time - arrival time)
  Source:                 doodleAudio/Audio_Codec/initialize_audio/delaycnt_reg[7]/C
                            (rising edge-triggered cell FDSE clocked by clk_out2_clk_wiz_1  {rise@0.000ns fall@10.000ns period=20.000ns})
  Destination:            doodleAudio/Audio_Codec/initialize_audio/initA_reg[1]/D
                            (rising edge-triggered cell FDRE clocked by clk_out2_clk_wiz_1  {rise@0.000ns fall@10.000ns period=20.000ns})
  Path Group:             clk_out2_clk_wiz_1
  Path Type:              Setup (Max at Slow Process Corner)
  Requirement:            20.000ns  (clk_out2_clk_wiz_1 rise@20.000ns - clk_out2_clk_wiz_1 rise@0.000ns)
  Data Path Delay:        6.113ns  (logic 1.433ns (23.442%)  route 4.680ns (76.558%))
  Logic Levels:           6  (LUT4=4 LUT5=1 LUT6=1)
  Clock Path Skew:        -0.044ns (DCD - SCD + CPR)
    Destination Clock Delay (DCD):    1.703ns = ( 21.703 - 20.000 ) 
    Source Clock Delay      (SCD):    1.822ns
    Clock Pessimism Removal (CPR):    0.075ns
  Clock Uncertainty:      0.084ns  ((TSJ^2 + DJ^2)^1/2) / 2 + PE
    Total System Jitter     (TSJ):    0.071ns
    Discrete Jitter          (DJ):    0.152ns
    Phase Error              (PE):    0.000ns

    Location             Delay type                Incr(ns)  Path(ns)    Netlist Resource(s)
  -------------------------------------------------------------------    -------------------
                         (clock clk_out2_clk_wiz_1 rise edge)
                                                      0.000     0.000 r  
    BUFGCTRL_X0Y2        BUFG                         0.000     0.000 r  clk_IBUF_BUFG_inst/O
                         net (fo=518, routed)         2.106     2.106    doodleAudio/Audio_Codec/audiocodec_master_clock/inst/clk_in1
    MMCME2_ADV_X1Y0      MMCME2_ADV (Prop_mmcme2_adv_CLKIN1_CLKOUT1)
                                                     -4.900    -2.793 r  doodleAudio/Audio_Codec/audiocodec_master_clock/inst/mmcm_adv_inst/CLKOUT1
                         net (fo=1, routed)           2.697    -0.096    doodleAudio/Audio_Codec/audiocodec_master_clock/inst/clk_out2_clk_wiz_1
    BUFGCTRL_X0Y4        BUFG (Prop_bufg_I_O)         0.096    -0.000 r  doodleAudio/Audio_Codec/audiocodec_master_clock/inst/clkout2_buf/O
                         net (fo=115, routed)         1.822     1.822    doodleAudio/Audio_Codec/initialize_audio/clk_out2
    SLICE_X156Y116       FDSE                                         r  doodleAudio/Audio_Codec/initialize_audio/delaycnt_reg[7]/C
  -------------------------------------------------------------------    -------------------
    SLICE_X156Y116       FDSE (Prop_fdse_C_Q)         0.456     2.278 f  doodleAudio/Audio_Codec/initialize_audio/delaycnt_reg[7]/Q
                         net (fo=3, routed)           0.870     3.149    doodleAudio/Audio_Codec/initialize_audio/delaycnt[7]
    SLICE_X157Y116       LUT4 (Prop_lut4_I2_O)        0.124     3.273 f  doodleAudio/Audio_Codec/initialize_audio/state[3]_i_11/O
                         net (fo=1, routed)           0.777     4.049    doodleAudio/Audio_Codec/initialize_audio/state[3]_i_11_n_0
    SLICE_X157Y120       LUT5 (Prop_lut5_I4_O)        0.124     4.173 f  doodleAudio/Audio_Codec/initialize_audio/state[3]_i_6/O
                         net (fo=1, routed)           0.796     4.970    doodleAudio/Audio_Codec/initialize_audio/state[3]_i_6_n_0
    SLICE_X157Y119       LUT4 (Prop_lut4_I1_O)        0.124     5.094 f  doodleAudio/Audio_Codec/initialize_audio/state[3]_i_3/O
                         net (fo=5, routed)           0.442     5.536    doodleAudio/Audio_Codec/initialize_audio/twi_controller/state_reg[0]
    SLICE_X158Y118       LUT6 (Prop_lut6_I0_O)        0.124     5.660 r  doodleAudio/Audio_Codec/initialize_audio/twi_controller/initA[6]_i_3/O
                         net (fo=2, routed)           0.972     6.631    doodleAudio/Audio_Codec/initialize_audio/twi_controller/initA[6]_i_3_n_0
    SLICE_X160Y118       LUT4 (Prop_lut4_I0_O)        0.149     6.780 r  doodleAudio/Audio_Codec/initialize_audio/twi_controller/initA[3]_i_2/O
                         net (fo=4, routed)           0.823     7.603    doodleAudio/Audio_Codec/initialize_audio/twi_controller/initA[3]_i_2_n_0
    SLICE_X163Y118       LUT4 (Prop_lut4_I3_O)        0.332     7.935 r  doodleAudio/Audio_Codec/initialize_audio/twi_controller/initA[1]_i_1/O
                         net (fo=1, routed)           0.000     7.935    doodleAudio/Audio_Codec/initialize_audio/twi_controller_n_7
    SLICE_X163Y118       FDRE                                         r  doodleAudio/Audio_Codec/initialize_audio/initA_reg[1]/D
  -------------------------------------------------------------------    -------------------

                         (clock clk_out2_clk_wiz_1 rise edge)
                                                     20.000    20.000 r  
    BUFGCTRL_X0Y2        BUFG                         0.000    20.000 r  clk_IBUF_BUFG_inst/O
                         net (fo=518, routed)         1.972    21.972    doodleAudio/Audio_Codec/audiocodec_master_clock/inst/clk_in1
    MMCME2_ADV_X1Y0      MMCME2_ADV (Prop_mmcme2_adv_CLKIN1_CLKOUT1)
                                                     -4.637    17.335 r  doodleAudio/Audio_Codec/audiocodec_master_clock/inst/mmcm_adv_inst/CLKOUT1
                         net (fo=1, routed)           2.574    19.909    doodleAudio/Audio_Codec/audiocodec_master_clock/inst/clk_out2_clk_wiz_1
    BUFGCTRL_X0Y4        BUFG (Prop_bufg_I_O)         0.091    20.000 r  doodleAudio/Audio_Codec/audiocodec_master_clock/inst/clkout2_buf/O
                         net (fo=115, routed)         1.703    21.703    doodleAudio/Audio_Codec/initialize_audio/clk_out2
    SLICE_X163Y118       FDRE                                         r  doodleAudio/Audio_Codec/initialize_audio/initA_reg[1]/C
                         clock pessimism              0.075    21.778    
                         clock uncertainty           -0.084    21.695    
    SLICE_X163Y118       FDRE (Setup_fdre_C_D)        0.031    21.726    doodleAudio/Audio_Codec/initialize_audio/initA_reg[1]
  -------------------------------------------------------------------
                         required time                         21.726    
                         arrival time                          -7.935    
  -------------------------------------------------------------------
                         slack                                 13.790    

Slack (MET) :             13.790ns  (required time - arrival time)
  Source:                 doodleAudio/Audio_Codec/initialize_audio/delaycnt_reg[7]/C
                            (rising edge-triggered cell FDSE clocked by clk_out2_clk_wiz_1  {rise@0.000ns fall@10.000ns period=20.000ns})
  Destination:            doodleAudio/Audio_Codec/initialize_audio/initA_reg[0]/D
                            (rising edge-triggered cell FDRE clocked by clk_out2_clk_wiz_1  {rise@0.000ns fall@10.000ns period=20.000ns})
  Path Group:             clk_out2_clk_wiz_1
  Path Type:              Setup (Max at Slow Process Corner)
  Requirement:            20.000ns  (clk_out2_clk_wiz_1 rise@20.000ns - clk_out2_clk_wiz_1 rise@0.000ns)
  Data Path Delay:        6.111ns  (logic 1.433ns (23.450%)  route 4.678ns (76.550%))
  Logic Levels:           6  (LUT3=1 LUT4=3 LUT5=1 LUT6=1)
  Clock Path Skew:        -0.044ns (DCD - SCD + CPR)
    Destination Clock Delay (DCD):    1.703ns = ( 21.703 - 20.000 ) 
    Source Clock Delay      (SCD):    1.822ns
    Clock Pessimism Removal (CPR):    0.075ns
  Clock Uncertainty:      0.084ns  ((TSJ^2 + DJ^2)^1/2) / 2 + PE
    Total System Jitter     (TSJ):    0.071ns
    Discrete Jitter          (DJ):    0.152ns
    Phase Error              (PE):    0.000ns

    Location             Delay type                Incr(ns)  Path(ns)    Netlist Resource(s)
  -------------------------------------------------------------------    -------------------
                         (clock clk_out2_clk_wiz_1 rise edge)
                                                      0.000     0.000 r  
    BUFGCTRL_X0Y2        BUFG                         0.000     0.000 r  clk_IBUF_BUFG_inst/O
                         net (fo=518, routed)         2.106     2.106    doodleAudio/Audio_Codec/audiocodec_master_clock/inst/clk_in1
    MMCME2_ADV_X1Y0      MMCME2_ADV (Prop_mmcme2_adv_CLKIN1_CLKOUT1)
                                                     -4.900    -2.793 r  doodleAudio/Audio_Codec/audiocodec_master_clock/inst/mmcm_adv_inst/CLKOUT1
                         net (fo=1, routed)           2.697    -0.096    doodleAudio/Audio_Codec/audiocodec_master_clock/inst/clk_out2_clk_wiz_1
    BUFGCTRL_X0Y4        BUFG (Prop_bufg_I_O)         0.096    -0.000 r  doodleAudio/Audio_Codec/audiocodec_master_clock/inst/clkout2_buf/O
                         net (fo=115, routed)         1.822     1.822    doodleAudio/Audio_Codec/initialize_audio/clk_out2
    SLICE_X156Y116       FDSE                                         r  doodleAudio/Audio_Codec/initialize_audio/delaycnt_reg[7]/C
  -------------------------------------------------------------------    -------------------
    SLICE_X156Y116       FDSE (Prop_fdse_C_Q)         0.456     2.278 f  doodleAudio/Audio_Codec/initialize_audio/delaycnt_reg[7]/Q
                         net (fo=3, routed)           0.870     3.149    doodleAudio/Audio_Codec/initialize_audio/delaycnt[7]
    SLICE_X157Y116       LUT4 (Prop_lut4_I2_O)        0.124     3.273 f  doodleAudio/Audio_Codec/initialize_audio/state[3]_i_11/O
                         net (fo=1, routed)           0.777     4.049    doodleAudio/Audio_Codec/initialize_audio/state[3]_i_11_n_0
    SLICE_X157Y120       LUT5 (Prop_lut5_I4_O)        0.124     4.173 f  doodleAudio/Audio_Codec/initialize_audio/state[3]_i_6/O
                         net (fo=1, routed)           0.796     4.970    doodleAudio/Audio_Codec/initialize_audio/state[3]_i_6_n_0
    SLICE_X157Y119       LUT4 (Prop_lut4_I1_O)        0.124     5.094 f  doodleAudio/Audio_Codec/initialize_audio/state[3]_i_3/O
                         net (fo=5, routed)           0.442     5.536    doodleAudio/Audio_Codec/initialize_audio/twi_controller/state_reg[0]
    SLICE_X158Y118       LUT6 (Prop_lut6_I0_O)        0.124     5.660 r  doodleAudio/Audio_Codec/initialize_audio/twi_controller/initA[6]_i_3/O
                         net (fo=2, routed)           0.972     6.631    doodleAudio/Audio_Codec/initialize_audio/twi_controller/initA[6]_i_3_n_0
    SLICE_X160Y118       LUT4 (Prop_lut4_I0_O)        0.149     6.780 r  doodleAudio/Audio_Codec/initialize_audio/twi_controller/initA[3]_i_2/O
                         net (fo=4, routed)           0.821     7.601    doodleAudio/Audio_Codec/initialize_audio/twi_controller/initA[3]_i_2_n_0
    SLICE_X163Y118       LUT3 (Prop_lut3_I2_O)        0.332     7.933 r  doodleAudio/Audio_Codec/initialize_audio/twi_controller/initA[0]_i_1/O
                         net (fo=1, routed)           0.000     7.933    doodleAudio/Audio_Codec/initialize_audio/twi_controller_n_9
    SLICE_X163Y118       FDRE                                         r  doodleAudio/Audio_Codec/initialize_audio/initA_reg[0]/D
  -------------------------------------------------------------------    -------------------

                         (clock clk_out2_clk_wiz_1 rise edge)
                                                     20.000    20.000 r  
    BUFGCTRL_X0Y2        BUFG                         0.000    20.000 r  clk_IBUF_BUFG_inst/O
                         net (fo=518, routed)         1.972    21.972    doodleAudio/Audio_Codec/audiocodec_master_clock/inst/clk_in1
    MMCME2_ADV_X1Y0      MMCME2_ADV (Prop_mmcme2_adv_CLKIN1_CLKOUT1)
                                                     -4.637    17.335 r  doodleAudio/Audio_Codec/audiocodec_master_clock/inst/mmcm_adv_inst/CLKOUT1
                         net (fo=1, routed)           2.574    19.909    doodleAudio/Audio_Codec/audiocodec_master_clock/inst/clk_out2_clk_wiz_1
    BUFGCTRL_X0Y4        BUFG (Prop_bufg_I_O)         0.091    20.000 r  doodleAudio/Audio_Codec/audiocodec_master_clock/inst/clkout2_buf/O
                         net (fo=115, routed)         1.703    21.703    doodleAudio/Audio_Codec/initialize_audio/clk_out2
    SLICE_X163Y118       FDRE                                         r  doodleAudio/Audio_Codec/initialize_audio/initA_reg[0]/C
                         clock pessimism              0.075    21.778    
                         clock uncertainty           -0.084    21.695    
    SLICE_X163Y118       FDRE (Setup_fdre_C_D)        0.029    21.724    doodleAudio/Audio_Codec/initialize_audio/initA_reg[0]
  -------------------------------------------------------------------
                         required time                         21.724    
                         arrival time                          -7.933    
  -------------------------------------------------------------------
                         slack                                 13.790    

Slack (MET) :             13.806ns  (required time - arrival time)
  Source:                 doodleAudio/Audio_Codec/initialize_audio/delaycnt_reg[7]/C
                            (rising edge-triggered cell FDSE clocked by clk_out2_clk_wiz_1  {rise@0.000ns fall@10.000ns period=20.000ns})
  Destination:            doodleAudio/Audio_Codec/initialize_audio/initA_reg[2]/D
                            (rising edge-triggered cell FDRE clocked by clk_out2_clk_wiz_1  {rise@0.000ns fall@10.000ns period=20.000ns})
  Path Group:             clk_out2_clk_wiz_1
  Path Type:              Setup (Max at Slow Process Corner)
  Requirement:            20.000ns  (clk_out2_clk_wiz_1 rise@20.000ns - clk_out2_clk_wiz_1 rise@0.000ns)
  Data Path Delay:        6.141ns  (logic 1.461ns (23.791%)  route 4.680ns (76.209%))
  Logic Levels:           6  (LUT4=3 LUT5=2 LUT6=1)
  Clock Path Skew:        -0.044ns (DCD - SCD + CPR)
    Destination Clock Delay (DCD):    1.703ns = ( 21.703 - 20.000 ) 
    Source Clock Delay      (SCD):    1.822ns
    Clock Pessimism Removal (CPR):    0.075ns
  Clock Uncertainty:      0.084ns  ((TSJ^2 + DJ^2)^1/2) / 2 + PE
    Total System Jitter     (TSJ):    0.071ns
    Discrete Jitter          (DJ):    0.152ns
    Phase Error              (PE):    0.000ns

    Location             Delay type                Incr(ns)  Path(ns)    Netlist Resource(s)
  -------------------------------------------------------------------    -------------------
                         (clock clk_out2_clk_wiz_1 rise edge)
                                                      0.000     0.000 r  
    BUFGCTRL_X0Y2        BUFG                         0.000     0.000 r  clk_IBUF_BUFG_inst/O
                         net (fo=518, routed)         2.106     2.106    doodleAudio/Audio_Codec/audiocodec_master_clock/inst/clk_in1
    MMCME2_ADV_X1Y0      MMCME2_ADV (Prop_mmcme2_adv_CLKIN1_CLKOUT1)
                                                     -4.900    -2.793 r  doodleAudio/Audio_Codec/audiocodec_master_clock/inst/mmcm_adv_inst/CLKOUT1
                         net (fo=1, routed)           2.697    -0.096    doodleAudio/Audio_Codec/audiocodec_master_clock/inst/clk_out2_clk_wiz_1
    BUFGCTRL_X0Y4        BUFG (Prop_bufg_I_O)         0.096    -0.000 r  doodleAudio/Audio_Codec/audiocodec_master_clock/inst/clkout2_buf/O
                         net (fo=115, routed)         1.822     1.822    doodleAudio/Audio_Codec/initialize_audio/clk_out2
    SLICE_X156Y116       FDSE                                         r  doodleAudio/Audio_Codec/initialize_audio/delaycnt_reg[7]/C
  -------------------------------------------------------------------    -------------------
    SLICE_X156Y116       FDSE (Prop_fdse_C_Q)         0.456     2.278 f  doodleAudio/Audio_Codec/initialize_audio/delaycnt_reg[7]/Q
                         net (fo=3, routed)           0.870     3.149    doodleAudio/Audio_Codec/initialize_audio/delaycnt[7]
    SLICE_X157Y116       LUT4 (Prop_lut4_I2_O)        0.124     3.273 f  doodleAudio/Audio_Codec/initialize_audio/state[3]_i_11/O
                         net (fo=1, routed)           0.777     4.049    doodleAudio/Audio_Codec/initialize_audio/state[3]_i_11_n_0
    SLICE_X157Y120       LUT5 (Prop_lut5_I4_O)        0.124     4.173 f  doodleAudio/Audio_Codec/initialize_audio/state[3]_i_6/O
                         net (fo=1, routed)           0.796     4.970    doodleAudio/Audio_Codec/initialize_audio/state[3]_i_6_n_0
    SLICE_X157Y119       LUT4 (Prop_lut4_I1_O)        0.124     5.094 f  doodleAudio/Audio_Codec/initialize_audio/state[3]_i_3/O
                         net (fo=5, routed)           0.442     5.536    doodleAudio/Audio_Codec/initialize_audio/twi_controller/state_reg[0]
    SLICE_X158Y118       LUT6 (Prop_lut6_I0_O)        0.124     5.660 r  doodleAudio/Audio_Codec/initialize_audio/twi_controller/initA[6]_i_3/O
                         net (fo=2, routed)           0.972     6.631    doodleAudio/Audio_Codec/initialize_audio/twi_controller/initA[6]_i_3_n_0
    SLICE_X160Y118       LUT4 (Prop_lut4_I0_O)        0.149     6.780 r  doodleAudio/Audio_Codec/initialize_audio/twi_controller/initA[3]_i_2/O
                         net (fo=4, routed)           0.823     7.603    doodleAudio/Audio_Codec/initialize_audio/twi_controller/initA[3]_i_2_n_0
    SLICE_X163Y118       LUT5 (Prop_lut5_I4_O)        0.360     7.963 r  doodleAudio/Audio_Codec/initialize_audio/twi_controller/initA[2]_i_1/O
                         net (fo=1, routed)           0.000     7.963    doodleAudio/Audio_Codec/initialize_audio/twi_controller_n_8
    SLICE_X163Y118       FDRE                                         r  doodleAudio/Audio_Codec/initialize_audio/initA_reg[2]/D
  -------------------------------------------------------------------    -------------------

                         (clock clk_out2_clk_wiz_1 rise edge)
                                                     20.000    20.000 r  
    BUFGCTRL_X0Y2        BUFG                         0.000    20.000 r  clk_IBUF_BUFG_inst/O
                         net (fo=518, routed)         1.972    21.972    doodleAudio/Audio_Codec/audiocodec_master_clock/inst/clk_in1
    MMCME2_ADV_X1Y0      MMCME2_ADV (Prop_mmcme2_adv_CLKIN1_CLKOUT1)
                                                     -4.637    17.335 r  doodleAudio/Audio_Codec/audiocodec_master_clock/inst/mmcm_adv_inst/CLKOUT1
                         net (fo=1, routed)           2.574    19.909    doodleAudio/Audio_Codec/audiocodec_master_clock/inst/clk_out2_clk_wiz_1
    BUFGCTRL_X0Y4        BUFG (Prop_bufg_I_O)         0.091    20.000 r  doodleAudio/Audio_Codec/audiocodec_master_clock/inst/clkout2_buf/O
                         net (fo=115, routed)         1.703    21.703    doodleAudio/Audio_Codec/initialize_audio/clk_out2
    SLICE_X163Y118       FDRE                                         r  doodleAudio/Audio_Codec/initialize_audio/initA_reg[2]/C
                         clock pessimism              0.075    21.778    
                         clock uncertainty           -0.084    21.695    
    SLICE_X163Y118       FDRE (Setup_fdre_C_D)        0.075    21.770    doodleAudio/Audio_Codec/initialize_audio/initA_reg[2]
  -------------------------------------------------------------------
                         required time                         21.770    
                         arrival time                          -7.963    
  -------------------------------------------------------------------
                         slack                                 13.806    

Slack (MET) :             14.027ns  (required time - arrival time)
  Source:                 doodleAudio/Audio_Codec/initialize_audio/delaycnt_reg[7]/C
                            (rising edge-triggered cell FDSE clocked by clk_out2_clk_wiz_1  {rise@0.000ns fall@10.000ns period=20.000ns})
  Destination:            doodleAudio/Audio_Codec/initialize_audio/initA_reg[3]/D
                            (rising edge-triggered cell FDRE clocked by clk_out2_clk_wiz_1  {rise@0.000ns fall@10.000ns period=20.000ns})
  Path Group:             clk_out2_clk_wiz_1
  Path Type:              Setup (Max at Slow Process Corner)
  Requirement:            20.000ns  (clk_out2_clk_wiz_1 rise@20.000ns - clk_out2_clk_wiz_1 rise@0.000ns)
  Data Path Delay:        5.876ns  (logic 1.433ns (24.387%)  route 4.443ns (75.613%))
  Logic Levels:           6  (LUT4=3 LUT5=1 LUT6=2)
  Clock Path Skew:        -0.044ns (DCD - SCD + CPR)
    Destination Clock Delay (DCD):    1.703ns = ( 21.703 - 20.000 ) 
    Source Clock Delay      (SCD):    1.822ns
    Clock Pessimism Removal (CPR):    0.075ns
  Clock Uncertainty:      0.084ns  ((TSJ^2 + DJ^2)^1/2) / 2 + PE
    Total System Jitter     (TSJ):    0.071ns
    Discrete Jitter          (DJ):    0.152ns
    Phase Error              (PE):    0.000ns

    Location             Delay type                Incr(ns)  Path(ns)    Netlist Resource(s)
  -------------------------------------------------------------------    -------------------
                         (clock clk_out2_clk_wiz_1 rise edge)
                                                      0.000     0.000 r  
    BUFGCTRL_X0Y2        BUFG                         0.000     0.000 r  clk_IBUF_BUFG_inst/O
                         net (fo=518, routed)         2.106     2.106    doodleAudio/Audio_Codec/audiocodec_master_clock/inst/clk_in1
    MMCME2_ADV_X1Y0      MMCME2_ADV (Prop_mmcme2_adv_CLKIN1_CLKOUT1)
                                                     -4.900    -2.793 r  doodleAudio/Audio_Codec/audiocodec_master_clock/inst/mmcm_adv_inst/CLKOUT1
                         net (fo=1, routed)           2.697    -0.096    doodleAudio/Audio_Codec/audiocodec_master_clock/inst/clk_out2_clk_wiz_1
    BUFGCTRL_X0Y4        BUFG (Prop_bufg_I_O)         0.096    -0.000 r  doodleAudio/Audio_Codec/audiocodec_master_clock/inst/clkout2_buf/O
                         net (fo=115, routed)         1.822     1.822    doodleAudio/Audio_Codec/initialize_audio/clk_out2
    SLICE_X156Y116       FDSE                                         r  doodleAudio/Audio_Codec/initialize_audio/delaycnt_reg[7]/C
  -------------------------------------------------------------------    -------------------
    SLICE_X156Y116       FDSE (Prop_fdse_C_Q)         0.456     2.278 f  doodleAudio/Audio_Codec/initialize_audio/delaycnt_reg[7]/Q
                         net (fo=3, routed)           0.870     3.149    doodleAudio/Audio_Codec/initialize_audio/delaycnt[7]
    SLICE_X157Y116       LUT4 (Prop_lut4_I2_O)        0.124     3.273 f  doodleAudio/Audio_Codec/initialize_audio/state[3]_i_11/O
                         net (fo=1, routed)           0.777     4.049    doodleAudio/Audio_Codec/initialize_audio/state[3]_i_11_n_0
    SLICE_X157Y120       LUT5 (Prop_lut5_I4_O)        0.124     4.173 f  doodleAudio/Audio_Codec/initialize_audio/state[3]_i_6/O
                         net (fo=1, routed)           0.796     4.970    doodleAudio/Audio_Codec/initialize_audio/state[3]_i_6_n_0
    SLICE_X157Y119       LUT4 (Prop_lut4_I1_O)        0.124     5.094 f  doodleAudio/Audio_Codec/initialize_audio/state[3]_i_3/O
                         net (fo=5, routed)           0.442     5.536    doodleAudio/Audio_Codec/initialize_audio/twi_controller/state_reg[0]
    SLICE_X158Y118       LUT6 (Prop_lut6_I0_O)        0.124     5.660 r  doodleAudio/Audio_Codec/initialize_audio/twi_controller/initA[6]_i_3/O
                         net (fo=2, routed)           0.972     6.631    doodleAudio/Audio_Codec/initialize_audio/twi_controller/initA[6]_i_3_n_0
    SLICE_X160Y118       LUT4 (Prop_lut4_I0_O)        0.149     6.780 r  doodleAudio/Audio_Codec/initialize_audio/twi_controller/initA[3]_i_2/O
                         net (fo=4, routed)           0.586     7.366    doodleAudio/Audio_Codec/initialize_audio/twi_controller/initA[3]_i_2_n_0
    SLICE_X163Y118       LUT6 (Prop_lut6_I1_O)        0.332     7.698 r  doodleAudio/Audio_Codec/initialize_audio/twi_controller/initA[3]_i_1/O
                         net (fo=1, routed)           0.000     7.698    doodleAudio/Audio_Codec/initialize_audio/twi_controller_n_10
    SLICE_X163Y118       FDRE                                         r  doodleAudio/Audio_Codec/initialize_audio/initA_reg[3]/D
  -------------------------------------------------------------------    -------------------

                         (clock clk_out2_clk_wiz_1 rise edge)
                                                     20.000    20.000 r  
    BUFGCTRL_X0Y2        BUFG                         0.000    20.000 r  clk_IBUF_BUFG_inst/O
                         net (fo=518, routed)         1.972    21.972    doodleAudio/Audio_Codec/audiocodec_master_clock/inst/clk_in1
    MMCME2_ADV_X1Y0      MMCME2_ADV (Prop_mmcme2_adv_CLKIN1_CLKOUT1)
                                                     -4.637    17.335 r  doodleAudio/Audio_Codec/audiocodec_master_clock/inst/mmcm_adv_inst/CLKOUT1
                         net (fo=1, routed)           2.574    19.909    doodleAudio/Audio_Codec/audiocodec_master_clock/inst/clk_out2_clk_wiz_1
    BUFGCTRL_X0Y4        BUFG (Prop_bufg_I_O)         0.091    20.000 r  doodleAudio/Audio_Codec/audiocodec_master_clock/inst/clkout2_buf/O
                         net (fo=115, routed)         1.703    21.703    doodleAudio/Audio_Codec/initialize_audio/clk_out2
    SLICE_X163Y118       FDRE                                         r  doodleAudio/Audio_Codec/initialize_audio/initA_reg[3]/C
                         clock pessimism              0.075    21.778    
                         clock uncertainty           -0.084    21.695    
    SLICE_X163Y118       FDRE (Setup_fdre_C_D)        0.031    21.726    doodleAudio/Audio_Codec/initialize_audio/initA_reg[3]
  -------------------------------------------------------------------
                         required time                         21.726    
                         arrival time                          -7.698    
  -------------------------------------------------------------------
                         slack                                 14.027    

Slack (MET) :             14.050ns  (required time - arrival time)
  Source:                 doodleAudio/Audio_Codec/initialize_audio/twi_controller/sclCnt_reg[2]/C
                            (rising edge-triggered cell FDSE clocked by clk_out2_clk_wiz_1  {rise@0.000ns fall@10.000ns period=20.000ns})
  Destination:            doodleAudio/Audio_Codec/initialize_audio/twi_controller/dataByte_reg[0]/CE
                            (rising edge-triggered cell FDRE clocked by clk_out2_clk_wiz_1  {rise@0.000ns fall@10.000ns period=20.000ns})
  Path Group:             clk_out2_clk_wiz_1
  Path Type:              Setup (Max at Slow Process Corner)
  Requirement:            20.000ns  (clk_out2_clk_wiz_1 rise@20.000ns - clk_out2_clk_wiz_1 rise@0.000ns)
  Data Path Delay:        5.638ns  (logic 1.320ns (23.411%)  route 4.318ns (76.589%))
  Logic Levels:           4  (LUT2=2 LUT6=2)
  Clock Path Skew:        -0.023ns (DCD - SCD + CPR)
    Destination Clock Delay (DCD):    1.702ns = ( 21.702 - 20.000 ) 
    Source Clock Delay      (SCD):    1.814ns
    Clock Pessimism Removal (CPR):    0.089ns
  Clock Uncertainty:      0.084ns  ((TSJ^2 + DJ^2)^1/2) / 2 + PE
    Total System Jitter     (TSJ):    0.071ns
    Discrete Jitter          (DJ):    0.152ns
    Phase Error              (PE):    0.000ns

    Location             Delay type                Incr(ns)  Path(ns)    Netlist Resource(s)
  -------------------------------------------------------------------    -------------------
                         (clock clk_out2_clk_wiz_1 rise edge)
                                                      0.000     0.000 r  
    BUFGCTRL_X0Y2        BUFG                         0.000     0.000 r  clk_IBUF_BUFG_inst/O
                         net (fo=518, routed)         2.106     2.106    doodleAudio/Audio_Codec/audiocodec_master_clock/inst/clk_in1
    MMCME2_ADV_X1Y0      MMCME2_ADV (Prop_mmcme2_adv_CLKIN1_CLKOUT1)
                                                     -4.900    -2.793 r  doodleAudio/Audio_Codec/audiocodec_master_clock/inst/mmcm_adv_inst/CLKOUT1
                         net (fo=1, routed)           2.697    -0.096    doodleAudio/Audio_Codec/audiocodec_master_clock/inst/clk_out2_clk_wiz_1
    BUFGCTRL_X0Y4        BUFG (Prop_bufg_I_O)         0.096    -0.000 r  doodleAudio/Audio_Codec/audiocodec_master_clock/inst/clkout2_buf/O
                         net (fo=115, routed)         1.814     1.814    doodleAudio/Audio_Codec/initialize_audio/twi_controller/clk_out2
    SLICE_X161Y123       FDSE                                         r  doodleAudio/Audio_Codec/initialize_audio/twi_controller/sclCnt_reg[2]/C
  -------------------------------------------------------------------    -------------------
    SLICE_X161Y123       FDSE (Prop_fdse_C_Q)         0.419     2.233 f  doodleAudio/Audio_Codec/initialize_audio/twi_controller/sclCnt_reg[2]/Q
                         net (fo=5, routed)           0.898     3.131    doodleAudio/Audio_Codec/initialize_audio/twi_controller/sclCnt_reg[2]
    SLICE_X161Y123       LUT6 (Prop_lut6_I4_O)        0.299     3.430 f  doodleAudio/Audio_Codec/initialize_audio/twi_controller/sclCnt[6]_i_4/O
                         net (fo=2, routed)           0.815     4.246    doodleAudio/Audio_Codec/initialize_audio/twi_controller/sclCnt[6]_i_4_n_0
    SLICE_X160Y122       LUT2 (Prop_lut2_I1_O)        0.152     4.398 r  doodleAudio/Audio_Codec/initialize_audio/twi_controller/subState[1]_i_2/O
                         net (fo=12, routed)          1.192     5.589    doodleAudio/Audio_Codec/initialize_audio/twi_controller/subState[1]_i_2_n_0
    SLICE_X159Y120       LUT6 (Prop_lut6_I5_O)        0.326     5.915 r  doodleAudio/Audio_Codec/initialize_audio/twi_controller/dataByte[7]_i_3/O
                         net (fo=4, routed)           0.748     6.664    doodleAudio/Audio_Codec/initialize_audio/twi_controller/dataByte1
    SLICE_X158Y120       LUT2 (Prop_lut2_I0_O)        0.124     6.788 r  doodleAudio/Audio_Codec/initialize_audio/twi_controller/dataByte[7]_i_1/O
                         net (fo=8, routed)           0.665     7.453    doodleAudio/Audio_Codec/initialize_audio/twi_controller/dataByte[7]_i_1_n_0
    SLICE_X161Y119       FDRE                                         r  doodleAudio/Audio_Codec/initialize_audio/twi_controller/dataByte_reg[0]/CE
  -------------------------------------------------------------------    -------------------

                         (clock clk_out2_clk_wiz_1 rise edge)
                                                     20.000    20.000 r  
    BUFGCTRL_X0Y2        BUFG                         0.000    20.000 r  clk_IBUF_BUFG_inst/O
                         net (fo=518, routed)         1.972    21.972    doodleAudio/Audio_Codec/audiocodec_master_clock/inst/clk_in1
    MMCME2_ADV_X1Y0      MMCME2_ADV (Prop_mmcme2_adv_CLKIN1_CLKOUT1)
                                                     -4.637    17.335 r  doodleAudio/Audio_Codec/audiocodec_master_clock/inst/mmcm_adv_inst/CLKOUT1
                         net (fo=1, routed)           2.574    19.909    doodleAudio/Audio_Codec/audiocodec_master_clock/inst/clk_out2_clk_wiz_1
    BUFGCTRL_X0Y4        BUFG (Prop_bufg_I_O)         0.091    20.000 r  doodleAudio/Audio_Codec/audiocodec_master_clock/inst/clkout2_buf/O
                         net (fo=115, routed)         1.702    21.702    doodleAudio/Audio_Codec/initialize_audio/twi_controller/clk_out2
    SLICE_X161Y119       FDRE                                         r  doodleAudio/Audio_Codec/initialize_audio/twi_controller/dataByte_reg[0]/C
                         clock pessimism              0.089    21.791    
                         clock uncertainty           -0.084    21.708    
    SLICE_X161Y119       FDRE (Setup_fdre_C_CE)      -0.205    21.503    doodleAudio/Audio_Codec/initialize_audio/twi_controller/dataByte_reg[0]
  -------------------------------------------------------------------
                         required time                         21.503    
                         arrival time                          -7.453    
  -------------------------------------------------------------------
                         slack                                 14.050    

Slack (MET) :             14.050ns  (required time - arrival time)
  Source:                 doodleAudio/Audio_Codec/initialize_audio/twi_controller/sclCnt_reg[2]/C
                            (rising edge-triggered cell FDSE clocked by clk_out2_clk_wiz_1  {rise@0.000ns fall@10.000ns period=20.000ns})
  Destination:            doodleAudio/Audio_Codec/initialize_audio/twi_controller/dataByte_reg[1]/CE
                            (rising edge-triggered cell FDRE clocked by clk_out2_clk_wiz_1  {rise@0.000ns fall@10.000ns period=20.000ns})
  Path Group:             clk_out2_clk_wiz_1
  Path Type:              Setup (Max at Slow Process Corner)
  Requirement:            20.000ns  (clk_out2_clk_wiz_1 rise@20.000ns - clk_out2_clk_wiz_1 rise@0.000ns)
  Data Path Delay:        5.638ns  (logic 1.320ns (23.411%)  route 4.318ns (76.589%))
  Logic Levels:           4  (LUT2=2 LUT6=2)
  Clock Path Skew:        -0.023ns (DCD - SCD + CPR)
    Destination Clock Delay (DCD):    1.702ns = ( 21.702 - 20.000 ) 
    Source Clock Delay      (SCD):    1.814ns
    Clock Pessimism Removal (CPR):    0.089ns
  Clock Uncertainty:      0.084ns  ((TSJ^2 + DJ^2)^1/2) / 2 + PE
    Total System Jitter     (TSJ):    0.071ns
    Discrete Jitter          (DJ):    0.152ns
    Phase Error              (PE):    0.000ns

    Location             Delay type                Incr(ns)  Path(ns)    Netlist Resource(s)
  -------------------------------------------------------------------    -------------------
                         (clock clk_out2_clk_wiz_1 rise edge)
                                                      0.000     0.000 r  
    BUFGCTRL_X0Y2        BUFG                         0.000     0.000 r  clk_IBUF_BUFG_inst/O
                         net (fo=518, routed)         2.106     2.106    doodleAudio/Audio_Codec/audiocodec_master_clock/inst/clk_in1
    MMCME2_ADV_X1Y0      MMCME2_ADV (Prop_mmcme2_adv_CLKIN1_CLKOUT1)
                                                     -4.900    -2.793 r  doodleAudio/Audio_Codec/audiocodec_master_clock/inst/mmcm_adv_inst/CLKOUT1
                         net (fo=1, routed)           2.697    -0.096    doodleAudio/Audio_Codec/audiocodec_master_clock/inst/clk_out2_clk_wiz_1
    BUFGCTRL_X0Y4        BUFG (Prop_bufg_I_O)         0.096    -0.000 r  doodleAudio/Audio_Codec/audiocodec_master_clock/inst/clkout2_buf/O
                         net (fo=115, routed)         1.814     1.814    doodleAudio/Audio_Codec/initialize_audio/twi_controller/clk_out2
    SLICE_X161Y123       FDSE                                         r  doodleAudio/Audio_Codec/initialize_audio/twi_controller/sclCnt_reg[2]/C
  -------------------------------------------------------------------    -------------------
    SLICE_X161Y123       FDSE (Prop_fdse_C_Q)         0.419     2.233 f  doodleAudio/Audio_Codec/initialize_audio/twi_controller/sclCnt_reg[2]/Q
                         net (fo=5, routed)           0.898     3.131    doodleAudio/Audio_Codec/initialize_audio/twi_controller/sclCnt_reg[2]
    SLICE_X161Y123       LUT6 (Prop_lut6_I4_O)        0.299     3.430 f  doodleAudio/Audio_Codec/initialize_audio/twi_controller/sclCnt[6]_i_4/O
                         net (fo=2, routed)           0.815     4.246    doodleAudio/Audio_Codec/initialize_audio/twi_controller/sclCnt[6]_i_4_n_0
    SLICE_X160Y122       LUT2 (Prop_lut2_I1_O)        0.152     4.398 r  doodleAudio/Audio_Codec/initialize_audio/twi_controller/subState[1]_i_2/O
                         net (fo=12, routed)          1.192     5.589    doodleAudio/Audio_Codec/initialize_audio/twi_controller/subState[1]_i_2_n_0
    SLICE_X159Y120       LUT6 (Prop_lut6_I5_O)        0.326     5.915 r  doodleAudio/Audio_Codec/initialize_audio/twi_controller/dataByte[7]_i_3/O
                         net (fo=4, routed)           0.748     6.664    doodleAudio/Audio_Codec/initialize_audio/twi_controller/dataByte1
    SLICE_X158Y120       LUT2 (Prop_lut2_I0_O)        0.124     6.788 r  doodleAudio/Audio_Codec/initialize_audio/twi_controller/dataByte[7]_i_1/O
                         net (fo=8, routed)           0.665     7.453    doodleAudio/Audio_Codec/initialize_audio/twi_controller/dataByte[7]_i_1_n_0
    SLICE_X161Y119       FDRE                                         r  doodleAudio/Audio_Codec/initialize_audio/twi_controller/dataByte_reg[1]/CE
  -------------------------------------------------------------------    -------------------

                         (clock clk_out2_clk_wiz_1 rise edge)
                                                     20.000    20.000 r  
    BUFGCTRL_X0Y2        BUFG                         0.000    20.000 r  clk_IBUF_BUFG_inst/O
                         net (fo=518, routed)         1.972    21.972    doodleAudio/Audio_Codec/audiocodec_master_clock/inst/clk_in1
    MMCME2_ADV_X1Y0      MMCME2_ADV (Prop_mmcme2_adv_CLKIN1_CLKOUT1)
                                                     -4.637    17.335 r  doodleAudio/Audio_Codec/audiocodec_master_clock/inst/mmcm_adv_inst/CLKOUT1
                         net (fo=1, routed)           2.574    19.909    doodleAudio/Audio_Codec/audiocodec_master_clock/inst/clk_out2_clk_wiz_1
    BUFGCTRL_X0Y4        BUFG (Prop_bufg_I_O)         0.091    20.000 r  doodleAudio/Audio_Codec/audiocodec_master_clock/inst/clkout2_buf/O
                         net (fo=115, routed)         1.702    21.702    doodleAudio/Audio_Codec/initialize_audio/twi_controller/clk_out2
    SLICE_X161Y119       FDRE                                         r  doodleAudio/Audio_Codec/initialize_audio/twi_controller/dataByte_reg[1]/C
                         clock pessimism              0.089    21.791    
                         clock uncertainty           -0.084    21.708    
    SLICE_X161Y119       FDRE (Setup_fdre_C_CE)      -0.205    21.503    doodleAudio/Audio_Codec/initialize_audio/twi_controller/dataByte_reg[1]
  -------------------------------------------------------------------
                         required time                         21.503    
                         arrival time                          -7.453    
  -------------------------------------------------------------------
                         slack                                 14.050    

Slack (MET) :             14.050ns  (required time - arrival time)
  Source:                 doodleAudio/Audio_Codec/initialize_audio/twi_controller/sclCnt_reg[2]/C
                            (rising edge-triggered cell FDSE clocked by clk_out2_clk_wiz_1  {rise@0.000ns fall@10.000ns period=20.000ns})
  Destination:            doodleAudio/Audio_Codec/initialize_audio/twi_controller/dataByte_reg[6]/CE
                            (rising edge-triggered cell FDRE clocked by clk_out2_clk_wiz_1  {rise@0.000ns fall@10.000ns period=20.000ns})
  Path Group:             clk_out2_clk_wiz_1
  Path Type:              Setup (Max at Slow Process Corner)
  Requirement:            20.000ns  (clk_out2_clk_wiz_1 rise@20.000ns - clk_out2_clk_wiz_1 rise@0.000ns)
  Data Path Delay:        5.638ns  (logic 1.320ns (23.411%)  route 4.318ns (76.589%))
  Logic Levels:           4  (LUT2=2 LUT6=2)
  Clock Path Skew:        -0.023ns (DCD - SCD + CPR)
    Destination Clock Delay (DCD):    1.702ns = ( 21.702 - 20.000 ) 
    Source Clock Delay      (SCD):    1.814ns
    Clock Pessimism Removal (CPR):    0.089ns
  Clock Uncertainty:      0.084ns  ((TSJ^2 + DJ^2)^1/2) / 2 + PE
    Total System Jitter     (TSJ):    0.071ns
    Discrete Jitter          (DJ):    0.152ns
    Phase Error              (PE):    0.000ns

    Location             Delay type                Incr(ns)  Path(ns)    Netlist Resource(s)
  -------------------------------------------------------------------    -------------------
                         (clock clk_out2_clk_wiz_1 rise edge)
                                                      0.000     0.000 r  
    BUFGCTRL_X0Y2        BUFG                         0.000     0.000 r  clk_IBUF_BUFG_inst/O
                         net (fo=518, routed)         2.106     2.106    doodleAudio/Audio_Codec/audiocodec_master_clock/inst/clk_in1
    MMCME2_ADV_X1Y0      MMCME2_ADV (Prop_mmcme2_adv_CLKIN1_CLKOUT1)
                                                     -4.900    -2.793 r  doodleAudio/Audio_Codec/audiocodec_master_clock/inst/mmcm_adv_inst/CLKOUT1
                         net (fo=1, routed)           2.697    -0.096    doodleAudio/Audio_Codec/audiocodec_master_clock/inst/clk_out2_clk_wiz_1
    BUFGCTRL_X0Y4        BUFG (Prop_bufg_I_O)         0.096    -0.000 r  doodleAudio/Audio_Codec/audiocodec_master_clock/inst/clkout2_buf/O
                         net (fo=115, routed)         1.814     1.814    doodleAudio/Audio_Codec/initialize_audio/twi_controller/clk_out2
    SLICE_X161Y123       FDSE                                         r  doodleAudio/Audio_Codec/initialize_audio/twi_controller/sclCnt_reg[2]/C
  -------------------------------------------------------------------    -------------------
    SLICE_X161Y123       FDSE (Prop_fdse_C_Q)         0.419     2.233 f  doodleAudio/Audio_Codec/initialize_audio/twi_controller/sclCnt_reg[2]/Q
                         net (fo=5, routed)           0.898     3.131    doodleAudio/Audio_Codec/initialize_audio/twi_controller/sclCnt_reg[2]
    SLICE_X161Y123       LUT6 (Prop_lut6_I4_O)        0.299     3.430 f  doodleAudio/Audio_Codec/initialize_audio/twi_controller/sclCnt[6]_i_4/O
                         net (fo=2, routed)           0.815     4.246    doodleAudio/Audio_Codec/initialize_audio/twi_controller/sclCnt[6]_i_4_n_0
    SLICE_X160Y122       LUT2 (Prop_lut2_I1_O)        0.152     4.398 r  doodleAudio/Audio_Codec/initialize_audio/twi_controller/subState[1]_i_2/O
                         net (fo=12, routed)          1.192     5.589    doodleAudio/Audio_Codec/initialize_audio/twi_controller/subState[1]_i_2_n_0
    SLICE_X159Y120       LUT6 (Prop_lut6_I5_O)        0.326     5.915 r  doodleAudio/Audio_Codec/initialize_audio/twi_controller/dataByte[7]_i_3/O
                         net (fo=4, routed)           0.748     6.664    doodleAudio/Audio_Codec/initialize_audio/twi_controller/dataByte1
    SLICE_X158Y120       LUT2 (Prop_lut2_I0_O)        0.124     6.788 r  doodleAudio/Audio_Codec/initialize_audio/twi_controller/dataByte[7]_i_1/O
                         net (fo=8, routed)           0.665     7.453    doodleAudio/Audio_Codec/initialize_audio/twi_controller/dataByte[7]_i_1_n_0
    SLICE_X161Y119       FDRE                                         r  doodleAudio/Audio_Codec/initialize_audio/twi_controller/dataByte_reg[6]/CE
  -------------------------------------------------------------------    -------------------

                         (clock clk_out2_clk_wiz_1 rise edge)
                                                     20.000    20.000 r  
    BUFGCTRL_X0Y2        BUFG                         0.000    20.000 r  clk_IBUF_BUFG_inst/O
                         net (fo=518, routed)         1.972    21.972    doodleAudio/Audio_Codec/audiocodec_master_clock/inst/clk_in1
    MMCME2_ADV_X1Y0      MMCME2_ADV (Prop_mmcme2_adv_CLKIN1_CLKOUT1)
                                                     -4.637    17.335 r  doodleAudio/Audio_Codec/audiocodec_master_clock/inst/mmcm_adv_inst/CLKOUT1
                         net (fo=1, routed)           2.574    19.909    doodleAudio/Audio_Codec/audiocodec_master_clock/inst/clk_out2_clk_wiz_1
    BUFGCTRL_X0Y4        BUFG (Prop_bufg_I_O)         0.091    20.000 r  doodleAudio/Audio_Codec/audiocodec_master_clock/inst/clkout2_buf/O
                         net (fo=115, routed)         1.702    21.702    doodleAudio/Audio_Codec/initialize_audio/twi_controller/clk_out2
    SLICE_X161Y119       FDRE                                         r  doodleAudio/Audio_Codec/initialize_audio/twi_controller/dataByte_reg[6]/C
                         clock pessimism              0.089    21.791    
                         clock uncertainty           -0.084    21.708    
    SLICE_X161Y119       FDRE (Setup_fdre_C_CE)      -0.205    21.503    doodleAudio/Audio_Codec/initialize_audio/twi_controller/dataByte_reg[6]
  -------------------------------------------------------------------
                         required time                         21.503    
                         arrival time                          -7.453    
  -------------------------------------------------------------------
                         slack                                 14.050    

Slack (MET) :             14.050ns  (required time - arrival time)
  Source:                 doodleAudio/Audio_Codec/initialize_audio/twi_controller/sclCnt_reg[2]/C
                            (rising edge-triggered cell FDSE clocked by clk_out2_clk_wiz_1  {rise@0.000ns fall@10.000ns period=20.000ns})
  Destination:            doodleAudio/Audio_Codec/initialize_audio/twi_controller/dataByte_reg[7]/CE
                            (rising edge-triggered cell FDRE clocked by clk_out2_clk_wiz_1  {rise@0.000ns fall@10.000ns period=20.000ns})
  Path Group:             clk_out2_clk_wiz_1
  Path Type:              Setup (Max at Slow Process Corner)
  Requirement:            20.000ns  (clk_out2_clk_wiz_1 rise@20.000ns - clk_out2_clk_wiz_1 rise@0.000ns)
  Data Path Delay:        5.638ns  (logic 1.320ns (23.411%)  route 4.318ns (76.589%))
  Logic Levels:           4  (LUT2=2 LUT6=2)
  Clock Path Skew:        -0.023ns (DCD - SCD + CPR)
    Destination Clock Delay (DCD):    1.702ns = ( 21.702 - 20.000 ) 
    Source Clock Delay      (SCD):    1.814ns
    Clock Pessimism Removal (CPR):    0.089ns
  Clock Uncertainty:      0.084ns  ((TSJ^2 + DJ^2)^1/2) / 2 + PE
    Total System Jitter     (TSJ):    0.071ns
    Discrete Jitter          (DJ):    0.152ns
    Phase Error              (PE):    0.000ns

    Location             Delay type                Incr(ns)  Path(ns)    Netlist Resource(s)
  -------------------------------------------------------------------    -------------------
                         (clock clk_out2_clk_wiz_1 rise edge)
                                                      0.000     0.000 r  
    BUFGCTRL_X0Y2        BUFG                         0.000     0.000 r  clk_IBUF_BUFG_inst/O
                         net (fo=518, routed)         2.106     2.106    doodleAudio/Audio_Codec/audiocodec_master_clock/inst/clk_in1
    MMCME2_ADV_X1Y0      MMCME2_ADV (Prop_mmcme2_adv_CLKIN1_CLKOUT1)
                                                     -4.900    -2.793 r  doodleAudio/Audio_Codec/audiocodec_master_clock/inst/mmcm_adv_inst/CLKOUT1
                         net (fo=1, routed)           2.697    -0.096    doodleAudio/Audio_Codec/audiocodec_master_clock/inst/clk_out2_clk_wiz_1
    BUFGCTRL_X0Y4        BUFG (Prop_bufg_I_O)         0.096    -0.000 r  doodleAudio/Audio_Codec/audiocodec_master_clock/inst/clkout2_buf/O
                         net (fo=115, routed)         1.814     1.814    doodleAudio/Audio_Codec/initialize_audio/twi_controller/clk_out2
    SLICE_X161Y123       FDSE                                         r  doodleAudio/Audio_Codec/initialize_audio/twi_controller/sclCnt_reg[2]/C
  -------------------------------------------------------------------    -------------------
    SLICE_X161Y123       FDSE (Prop_fdse_C_Q)         0.419     2.233 f  doodleAudio/Audio_Codec/initialize_audio/twi_controller/sclCnt_reg[2]/Q
                         net (fo=5, routed)           0.898     3.131    doodleAudio/Audio_Codec/initialize_audio/twi_controller/sclCnt_reg[2]
    SLICE_X161Y123       LUT6 (Prop_lut6_I4_O)        0.299     3.430 f  doodleAudio/Audio_Codec/initialize_audio/twi_controller/sclCnt[6]_i_4/O
                         net (fo=2, routed)           0.815     4.246    doodleAudio/Audio_Codec/initialize_audio/twi_controller/sclCnt[6]_i_4_n_0
    SLICE_X160Y122       LUT2 (Prop_lut2_I1_O)        0.152     4.398 r  doodleAudio/Audio_Codec/initialize_audio/twi_controller/subState[1]_i_2/O
                         net (fo=12, routed)          1.192     5.589    doodleAudio/Audio_Codec/initialize_audio/twi_controller/subState[1]_i_2_n_0
    SLICE_X159Y120       LUT6 (Prop_lut6_I5_O)        0.326     5.915 r  doodleAudio/Audio_Codec/initialize_audio/twi_controller/dataByte[7]_i_3/O
                         net (fo=4, routed)           0.748     6.664    doodleAudio/Audio_Codec/initialize_audio/twi_controller/dataByte1
    SLICE_X158Y120       LUT2 (Prop_lut2_I0_O)        0.124     6.788 r  doodleAudio/Audio_Codec/initialize_audio/twi_controller/dataByte[7]_i_1/O
                         net (fo=8, routed)           0.665     7.453    doodleAudio/Audio_Codec/initialize_audio/twi_controller/dataByte[7]_i_1_n_0
    SLICE_X161Y119       FDRE                                         r  doodleAudio/Audio_Codec/initialize_audio/twi_controller/dataByte_reg[7]/CE
  -------------------------------------------------------------------    -------------------

                         (clock clk_out2_clk_wiz_1 rise edge)
                                                     20.000    20.000 r  
    BUFGCTRL_X0Y2        BUFG                         0.000    20.000 r  clk_IBUF_BUFG_inst/O
                         net (fo=518, routed)         1.972    21.972    doodleAudio/Audio_Codec/audiocodec_master_clock/inst/clk_in1
    MMCME2_ADV_X1Y0      MMCME2_ADV (Prop_mmcme2_adv_CLKIN1_CLKOUT1)
                                                     -4.637    17.335 r  doodleAudio/Audio_Codec/audiocodec_master_clock/inst/mmcm_adv_inst/CLKOUT1
                         net (fo=1, routed)           2.574    19.909    doodleAudio/Audio_Codec/audiocodec_master_clock/inst/clk_out2_clk_wiz_1
    BUFGCTRL_X0Y4        BUFG (Prop_bufg_I_O)         0.091    20.000 r  doodleAudio/Audio_Codec/audiocodec_master_clock/inst/clkout2_buf/O
                         net (fo=115, routed)         1.702    21.702    doodleAudio/Audio_Codec/initialize_audio/twi_controller/clk_out2
    SLICE_X161Y119       FDRE                                         r  doodleAudio/Audio_Codec/initialize_audio/twi_controller/dataByte_reg[7]/C
                         clock pessimism              0.089    21.791    
                         clock uncertainty           -0.084    21.708    
    SLICE_X161Y119       FDRE (Setup_fdre_C_CE)      -0.205    21.503    doodleAudio/Audio_Codec/initialize_audio/twi_controller/dataByte_reg[7]
  -------------------------------------------------------------------
                         required time                         21.503    
                         arrival time                          -7.453    
  -------------------------------------------------------------------
                         slack                                 14.050    

Slack (MET) :             14.142ns  (required time - arrival time)
  Source:                 doodleAudio/Audio_Codec/initialize_audio/delaycnt_reg[7]/C
                            (rising edge-triggered cell FDSE clocked by clk_out2_clk_wiz_1  {rise@0.000ns fall@10.000ns period=20.000ns})
  Destination:            doodleAudio/Audio_Codec/initialize_audio/initA_reg[6]/D
                            (rising edge-triggered cell FDRE clocked by clk_out2_clk_wiz_1  {rise@0.000ns fall@10.000ns period=20.000ns})
  Path Group:             clk_out2_clk_wiz_1
  Path Type:              Setup (Max at Slow Process Corner)
  Requirement:            20.000ns  (clk_out2_clk_wiz_1 rise@20.000ns - clk_out2_clk_wiz_1 rise@0.000ns)
  Data Path Delay:        5.805ns  (logic 1.228ns (21.153%)  route 4.577ns (78.847%))
  Logic Levels:           6  (LUT3=1 LUT4=2 LUT5=1 LUT6=2)
  Clock Path Skew:        -0.044ns (DCD - SCD + CPR)
    Destination Clock Delay (DCD):    1.703ns = ( 21.703 - 20.000 ) 
    Source Clock Delay      (SCD):    1.822ns
    Clock Pessimism Removal (CPR):    0.075ns
  Clock Uncertainty:      0.084ns  ((TSJ^2 + DJ^2)^1/2) / 2 + PE
    Total System Jitter     (TSJ):    0.071ns
    Discrete Jitter          (DJ):    0.152ns
    Phase Error              (PE):    0.000ns

    Location             Delay type                Incr(ns)  Path(ns)    Netlist Resource(s)
  -------------------------------------------------------------------    -------------------
                         (clock clk_out2_clk_wiz_1 rise edge)
                                                      0.000     0.000 r  
    BUFGCTRL_X0Y2        BUFG                         0.000     0.000 r  clk_IBUF_BUFG_inst/O
                         net (fo=518, routed)         2.106     2.106    doodleAudio/Audio_Codec/audiocodec_master_clock/inst/clk_in1
    MMCME2_ADV_X1Y0      MMCME2_ADV (Prop_mmcme2_adv_CLKIN1_CLKOUT1)
                                                     -4.900    -2.793 r  doodleAudio/Audio_Codec/audiocodec_master_clock/inst/mmcm_adv_inst/CLKOUT1
                         net (fo=1, routed)           2.697    -0.096    doodleAudio/Audio_Codec/audiocodec_master_clock/inst/clk_out2_clk_wiz_1
    BUFGCTRL_X0Y4        BUFG (Prop_bufg_I_O)         0.096    -0.000 r  doodleAudio/Audio_Codec/audiocodec_master_clock/inst/clkout2_buf/O
                         net (fo=115, routed)         1.822     1.822    doodleAudio/Audio_Codec/initialize_audio/clk_out2
    SLICE_X156Y116       FDSE                                         r  doodleAudio/Audio_Codec/initialize_audio/delaycnt_reg[7]/C
  -------------------------------------------------------------------    -------------------
    SLICE_X156Y116       FDSE (Prop_fdse_C_Q)         0.456     2.278 r  doodleAudio/Audio_Codec/initialize_audio/delaycnt_reg[7]/Q
                         net (fo=3, routed)           0.870     3.149    doodleAudio/Audio_Codec/initialize_audio/delaycnt[7]
    SLICE_X157Y116       LUT4 (Prop_lut4_I2_O)        0.124     3.273 r  doodleAudio/Audio_Codec/initialize_audio/state[3]_i_11/O
                         net (fo=1, routed)           0.777     4.049    doodleAudio/Audio_Codec/initialize_audio/state[3]_i_11_n_0
    SLICE_X157Y120       LUT5 (Prop_lut5_I4_O)        0.124     4.173 r  doodleAudio/Audio_Codec/initialize_audio/state[3]_i_6/O
                         net (fo=1, routed)           0.796     4.970    doodleAudio/Audio_Codec/initialize_audio/state[3]_i_6_n_0
    SLICE_X157Y119       LUT4 (Prop_lut4_I1_O)        0.124     5.094 r  doodleAudio/Audio_Codec/initialize_audio/state[3]_i_3/O
                         net (fo=5, routed)           0.442     5.536    doodleAudio/Audio_Codec/initialize_audio/twi_controller/state_reg[0]
    SLICE_X158Y118       LUT6 (Prop_lut6_I0_O)        0.124     5.660 f  doodleAudio/Audio_Codec/initialize_audio/twi_controller/initA[6]_i_3/O
                         net (fo=2, routed)           0.819     6.478    doodleAudio/Audio_Codec/initialize_audio/twi_controller/initA[6]_i_3_n_0
    SLICE_X162Y118       LUT6 (Prop_lut6_I5_O)        0.124     6.602 r  doodleAudio/Audio_Codec/initialize_audio/twi_controller/initA[6]_i_2/O
                         net (fo=1, routed)           0.873     7.476    doodleAudio/Audio_Codec/initialize_audio/twi_controller/initA[6]_i_2_n_0
    SLICE_X163Y118       LUT3 (Prop_lut3_I2_O)        0.152     7.628 r  doodleAudio/Audio_Codec/initialize_audio/twi_controller/initA[6]_i_1/O
                         net (fo=1, routed)           0.000     7.628    doodleAudio/Audio_Codec/initialize_audio/twi_controller_n_11
    SLICE_X163Y118       FDRE                                         r  doodleAudio/Audio_Codec/initialize_audio/initA_reg[6]/D
  -------------------------------------------------------------------    -------------------

                         (clock clk_out2_clk_wiz_1 rise edge)
                                                     20.000    20.000 r  
    BUFGCTRL_X0Y2        BUFG                         0.000    20.000 r  clk_IBUF_BUFG_inst/O
                         net (fo=518, routed)         1.972    21.972    doodleAudio/Audio_Codec/audiocodec_master_clock/inst/clk_in1
    MMCME2_ADV_X1Y0      MMCME2_ADV (Prop_mmcme2_adv_CLKIN1_CLKOUT1)
                                                     -4.637    17.335 r  doodleAudio/Audio_Codec/audiocodec_master_clock/inst/mmcm_adv_inst/CLKOUT1
                         net (fo=1, routed)           2.574    19.909    doodleAudio/Audio_Codec/audiocodec_master_clock/inst/clk_out2_clk_wiz_1
    BUFGCTRL_X0Y4        BUFG (Prop_bufg_I_O)         0.091    20.000 r  doodleAudio/Audio_Codec/audiocodec_master_clock/inst/clkout2_buf/O
                         net (fo=115, routed)         1.703    21.703    doodleAudio/Audio_Codec/initialize_audio/clk_out2
    SLICE_X163Y118       FDRE                                         r  doodleAudio/Audio_Codec/initialize_audio/initA_reg[6]/C
                         clock pessimism              0.075    21.778    
                         clock uncertainty           -0.084    21.695    
    SLICE_X163Y118       FDRE (Setup_fdre_C_D)        0.075    21.770    doodleAudio/Audio_Codec/initialize_audio/initA_reg[6]
  -------------------------------------------------------------------
                         required time                         21.770    
                         arrival time                          -7.628    
  -------------------------------------------------------------------
                         slack                                 14.142    

Slack (MET) :             14.239ns  (required time - arrival time)
  Source:                 doodleAudio/Audio_Codec/initialize_audio/twi_controller/sclCnt_reg[2]/C
                            (rising edge-triggered cell FDSE clocked by clk_out2_clk_wiz_1  {rise@0.000ns fall@10.000ns period=20.000ns})
  Destination:            doodleAudio/Audio_Codec/initialize_audio/twi_controller/dataByte_reg[2]/CE
                            (rising edge-triggered cell FDRE clocked by clk_out2_clk_wiz_1  {rise@0.000ns fall@10.000ns period=20.000ns})
  Path Group:             clk_out2_clk_wiz_1
  Path Type:              Setup (Max at Slow Process Corner)
  Requirement:            20.000ns  (clk_out2_clk_wiz_1 rise@20.000ns - clk_out2_clk_wiz_1 rise@0.000ns)
  Data Path Delay:        5.449ns  (logic 1.320ns (24.224%)  route 4.129ns (75.776%))
  Logic Levels:           4  (LUT2=2 LUT6=2)
  Clock Path Skew:        -0.023ns (DCD - SCD + CPR)
    Destination Clock Delay (DCD):    1.702ns = ( 21.702 - 20.000 ) 
    Source Clock Delay      (SCD):    1.814ns
    Clock Pessimism Removal (CPR):    0.089ns
  Clock Uncertainty:      0.084ns  ((TSJ^2 + DJ^2)^1/2) / 2 + PE
    Total System Jitter     (TSJ):    0.071ns
    Discrete Jitter          (DJ):    0.152ns
    Phase Error              (PE):    0.000ns

    Location             Delay type                Incr(ns)  Path(ns)    Netlist Resource(s)
  -------------------------------------------------------------------    -------------------
                         (clock clk_out2_clk_wiz_1 rise edge)
                                                      0.000     0.000 r  
    BUFGCTRL_X0Y2        BUFG                         0.000     0.000 r  clk_IBUF_BUFG_inst/O
                         net (fo=518, routed)         2.106     2.106    doodleAudio/Audio_Codec/audiocodec_master_clock/inst/clk_in1
    MMCME2_ADV_X1Y0      MMCME2_ADV (Prop_mmcme2_adv_CLKIN1_CLKOUT1)
                                                     -4.900    -2.793 r  doodleAudio/Audio_Codec/audiocodec_master_clock/inst/mmcm_adv_inst/CLKOUT1
                         net (fo=1, routed)           2.697    -0.096    doodleAudio/Audio_Codec/audiocodec_master_clock/inst/clk_out2_clk_wiz_1
    BUFGCTRL_X0Y4        BUFG (Prop_bufg_I_O)         0.096    -0.000 r  doodleAudio/Audio_Codec/audiocodec_master_clock/inst/clkout2_buf/O
                         net (fo=115, routed)         1.814     1.814    doodleAudio/Audio_Codec/initialize_audio/twi_controller/clk_out2
    SLICE_X161Y123       FDSE                                         r  doodleAudio/Audio_Codec/initialize_audio/twi_controller/sclCnt_reg[2]/C
  -------------------------------------------------------------------    -------------------
    SLICE_X161Y123       FDSE (Prop_fdse_C_Q)         0.419     2.233 f  doodleAudio/Audio_Codec/initialize_audio/twi_controller/sclCnt_reg[2]/Q
                         net (fo=5, routed)           0.898     3.131    doodleAudio/Audio_Codec/initialize_audio/twi_controller/sclCnt_reg[2]
    SLICE_X161Y123       LUT6 (Prop_lut6_I4_O)        0.299     3.430 f  doodleAudio/Audio_Codec/initialize_audio/twi_controller/sclCnt[6]_i_4/O
                         net (fo=2, routed)           0.815     4.246    doodleAudio/Audio_Codec/initialize_audio/twi_controller/sclCnt[6]_i_4_n_0
    SLICE_X160Y122       LUT2 (Prop_lut2_I1_O)        0.152     4.398 r  doodleAudio/Audio_Codec/initialize_audio/twi_controller/subState[1]_i_2/O
                         net (fo=12, routed)          1.192     5.589    doodleAudio/Audio_Codec/initialize_audio/twi_controller/subState[1]_i_2_n_0
    SLICE_X159Y120       LUT6 (Prop_lut6_I5_O)        0.326     5.915 r  doodleAudio/Audio_Codec/initialize_audio/twi_controller/dataByte[7]_i_3/O
                         net (fo=4, routed)           0.748     6.664    doodleAudio/Audio_Codec/initialize_audio/twi_controller/dataByte1
    SLICE_X158Y120       LUT2 (Prop_lut2_I0_O)        0.124     6.788 r  doodleAudio/Audio_Codec/initialize_audio/twi_controller/dataByte[7]_i_1/O
                         net (fo=8, routed)           0.476     7.263    doodleAudio/Audio_Codec/initialize_audio/twi_controller/dataByte[7]_i_1_n_0
    SLICE_X160Y119       FDRE                                         r  doodleAudio/Audio_Codec/initialize_audio/twi_controller/dataByte_reg[2]/CE
  -------------------------------------------------------------------    -------------------

                         (clock clk_out2_clk_wiz_1 rise edge)
                                                     20.000    20.000 r  
    BUFGCTRL_X0Y2        BUFG                         0.000    20.000 r  clk_IBUF_BUFG_inst/O
                         net (fo=518, routed)         1.972    21.972    doodleAudio/Audio_Codec/audiocodec_master_clock/inst/clk_in1
    MMCME2_ADV_X1Y0      MMCME2_ADV (Prop_mmcme2_adv_CLKIN1_CLKOUT1)
                                                     -4.637    17.335 r  doodleAudio/Audio_Codec/audiocodec_master_clock/inst/mmcm_adv_inst/CLKOUT1
                         net (fo=1, routed)           2.574    19.909    doodleAudio/Audio_Codec/audiocodec_master_clock/inst/clk_out2_clk_wiz_1
    BUFGCTRL_X0Y4        BUFG (Prop_bufg_I_O)         0.091    20.000 r  doodleAudio/Audio_Codec/audiocodec_master_clock/inst/clkout2_buf/O
                         net (fo=115, routed)         1.702    21.702    doodleAudio/Audio_Codec/initialize_audio/twi_controller/clk_out2
    SLICE_X160Y119       FDRE                                         r  doodleAudio/Audio_Codec/initialize_audio/twi_controller/dataByte_reg[2]/C
                         clock pessimism              0.089    21.791    
                         clock uncertainty           -0.084    21.708    
    SLICE_X160Y119       FDRE (Setup_fdre_C_CE)      -0.205    21.503    doodleAudio/Audio_Codec/initialize_audio/twi_controller/dataByte_reg[2]
  -------------------------------------------------------------------
                         required time                         21.503    
                         arrival time                          -7.263    
  -------------------------------------------------------------------
                         slack                                 14.239    





Min Delay Paths
--------------------------------------------------------------------------------------
Slack (MET) :             0.166ns  (arrival time - required time)
  Source:                 doodleAudio/Audio_Codec/initialize_audio/twi_controller/dScl_reg/C
                            (rising edge-triggered cell FDRE clocked by clk_out2_clk_wiz_1  {rise@0.000ns fall@10.000ns period=20.000ns})
  Destination:            doodleAudio/Audio_Codec/initialize_audio/twi_controller/ERR_O_reg/D
                            (rising edge-triggered cell FDRE clocked by clk_out2_clk_wiz_1  {rise@0.000ns fall@10.000ns period=20.000ns})
  Path Group:             clk_out2_clk_wiz_1
  Path Type:              Hold (Min at Fast Process Corner)
  Requirement:            0.000ns  (clk_out2_clk_wiz_1 rise@0.000ns - clk_out2_clk_wiz_1 rise@0.000ns)
  Data Path Delay:        0.300ns  (logic 0.186ns (61.929%)  route 0.114ns (38.071%))
  Logic Levels:           1  (LUT6=1)
  Clock Path Skew:        0.013ns (DCD - SCD - CPR)
    Destination Clock Delay (DCD):    0.911ns
    Source Clock Delay      (SCD):    0.640ns
    Clock Pessimism Removal (CPR):    0.258ns

    Location             Delay type                Incr(ns)  Path(ns)    Netlist Resource(s)
  -------------------------------------------------------------------    -------------------
                         (clock clk_out2_clk_wiz_1 rise edge)
                                                      0.000     0.000 r  
    BUFGCTRL_X0Y2        BUFG                         0.000     0.000 r  clk_IBUF_BUFG_inst/O
                         net (fo=518, routed)         0.745     0.745    doodleAudio/Audio_Codec/audiocodec_master_clock/inst/clk_in1
    MMCME2_ADV_X1Y0      MMCME2_ADV (Prop_mmcme2_adv_CLKIN1_CLKOUT1)
                                                     -1.683    -0.938 r  doodleAudio/Audio_Codec/audiocodec_master_clock/inst/mmcm_adv_inst/CLKOUT1
                         net (fo=1, routed)           0.912    -0.026    doodleAudio/Audio_Codec/audiocodec_master_clock/inst/clk_out2_clk_wiz_1
    BUFGCTRL_X0Y4        BUFG (Prop_bufg_I_O)         0.026    -0.000 r  doodleAudio/Audio_Codec/audiocodec_master_clock/inst/clkout2_buf/O
                         net (fo=115, routed)         0.640     0.640    doodleAudio/Audio_Codec/initialize_audio/twi_controller/clk_out2
    SLICE_X163Y119       FDRE                                         r  doodleAudio/Audio_Codec/initialize_audio/twi_controller/dScl_reg/C
  -------------------------------------------------------------------    -------------------
    SLICE_X163Y119       FDRE (Prop_fdre_C_Q)         0.141     0.781 r  doodleAudio/Audio_Codec/initialize_audio/twi_controller/dScl_reg/Q
                         net (fo=7, routed)           0.114     0.895    doodleAudio/Audio_Codec/initialize_audio/twi_controller/dScl
    SLICE_X162Y119       LUT6 (Prop_lut6_I2_O)        0.045     0.940 r  doodleAudio/Audio_Codec/initialize_audio/twi_controller/ERR_O_i_1/O
                         net (fo=1, routed)           0.000     0.940    doodleAudio/Audio_Codec/initialize_audio/twi_controller/ERR_O_i_1_n_0
    SLICE_X162Y119       FDRE                                         r  doodleAudio/Audio_Codec/initialize_audio/twi_controller/ERR_O_reg/D
  -------------------------------------------------------------------    -------------------

                         (clock clk_out2_clk_wiz_1 rise edge)
                                                      0.000     0.000 r  
    BUFGCTRL_X0Y2        BUFG                         0.000     0.000 r  clk_IBUF_BUFG_inst/O
                         net (fo=518, routed)         1.022     1.022    doodleAudio/Audio_Codec/audiocodec_master_clock/inst/clk_in1
    MMCME2_ADV_X1Y0      MMCME2_ADV (Prop_mmcme2_adv_CLKIN1_CLKOUT1)
                                                     -2.040    -1.018 r  doodleAudio/Audio_Codec/audiocodec_master_clock/inst/mmcm_adv_inst/CLKOUT1
                         net (fo=1, routed)           0.989    -0.029    doodleAudio/Audio_Codec/audiocodec_master_clock/inst/clk_out2_clk_wiz_1
    BUFGCTRL_X0Y4        BUFG (Prop_bufg_I_O)         0.029    -0.000 r  doodleAudio/Audio_Codec/audiocodec_master_clock/inst/clkout2_buf/O
                         net (fo=115, routed)         0.911     0.911    doodleAudio/Audio_Codec/initialize_audio/twi_controller/clk_out2
    SLICE_X162Y119       FDRE                                         r  doodleAudio/Audio_Codec/initialize_audio/twi_controller/ERR_O_reg/C
                         clock pessimism             -0.258     0.653    
    SLICE_X162Y119       FDRE (Hold_fdre_C_D)         0.121     0.774    doodleAudio/Audio_Codec/initialize_audio/twi_controller/ERR_O_reg
  -------------------------------------------------------------------
                         required time                         -0.774    
                         arrival time                           0.940    
  -------------------------------------------------------------------
                         slack                                  0.166    

Slack (MET) :             0.178ns  (arrival time - required time)
  Source:                 doodleAudio/Audio_Codec/initialize_audio/state_reg[2]/C
                            (rising edge-triggered cell FDSE clocked by clk_out2_clk_wiz_1  {rise@0.000ns fall@10.000ns period=20.000ns})
  Destination:            doodleAudio/Audio_Codec/initialize_audio/initEn_reg/D
                            (rising edge-triggered cell FDRE clocked by clk_out2_clk_wiz_1  {rise@0.000ns fall@10.000ns period=20.000ns})
  Path Group:             clk_out2_clk_wiz_1
  Path Type:              Hold (Min at Fast Process Corner)
  Requirement:            0.000ns  (clk_out2_clk_wiz_1 rise@0.000ns - clk_out2_clk_wiz_1 rise@0.000ns)
  Data Path Delay:        0.312ns  (logic 0.186ns (59.524%)  route 0.126ns (40.476%))
  Logic Levels:           1  (LUT6=1)
  Clock Path Skew:        0.013ns (DCD - SCD - CPR)
    Destination Clock Delay (DCD):    0.911ns
    Source Clock Delay      (SCD):    0.640ns
    Clock Pessimism Removal (CPR):    0.258ns

    Location             Delay type                Incr(ns)  Path(ns)    Netlist Resource(s)
  -------------------------------------------------------------------    -------------------
                         (clock clk_out2_clk_wiz_1 rise edge)
                                                      0.000     0.000 r  
    BUFGCTRL_X0Y2        BUFG                         0.000     0.000 r  clk_IBUF_BUFG_inst/O
                         net (fo=518, routed)         0.745     0.745    doodleAudio/Audio_Codec/audiocodec_master_clock/inst/clk_in1
    MMCME2_ADV_X1Y0      MMCME2_ADV (Prop_mmcme2_adv_CLKIN1_CLKOUT1)
                                                     -1.683    -0.938 r  doodleAudio/Audio_Codec/audiocodec_master_clock/inst/mmcm_adv_inst/CLKOUT1
                         net (fo=1, routed)           0.912    -0.026    doodleAudio/Audio_Codec/audiocodec_master_clock/inst/clk_out2_clk_wiz_1
    BUFGCTRL_X0Y4        BUFG (Prop_bufg_I_O)         0.026    -0.000 r  doodleAudio/Audio_Codec/audiocodec_master_clock/inst/clkout2_buf/O
                         net (fo=115, routed)         0.640     0.640    doodleAudio/Audio_Codec/initialize_audio/clk_out2
    SLICE_X159Y118       FDSE                                         r  doodleAudio/Audio_Codec/initialize_audio/state_reg[2]/C
  -------------------------------------------------------------------    -------------------
    SLICE_X159Y118       FDSE (Prop_fdse_C_Q)         0.141     0.781 f  doodleAudio/Audio_Codec/initialize_audio/state_reg[2]/Q
                         net (fo=16, routed)          0.126     0.907    doodleAudio/Audio_Codec/initialize_audio/twi_controller/Q[2]
    SLICE_X158Y118       LUT6 (Prop_lut6_I2_O)        0.045     0.952 r  doodleAudio/Audio_Codec/initialize_audio/twi_controller/initEn_i_1/O
                         net (fo=1, routed)           0.000     0.952    doodleAudio/Audio_Codec/initialize_audio/twi_controller_n_2
    SLICE_X158Y118       FDRE                                         r  doodleAudio/Audio_Codec/initialize_audio/initEn_reg/D
  -------------------------------------------------------------------    -------------------

                         (clock clk_out2_clk_wiz_1 rise edge)
                                                      0.000     0.000 r  
    BUFGCTRL_X0Y2        BUFG                         0.000     0.000 r  clk_IBUF_BUFG_inst/O
                         net (fo=518, routed)         1.022     1.022    doodleAudio/Audio_Codec/audiocodec_master_clock/inst/clk_in1
    MMCME2_ADV_X1Y0      MMCME2_ADV (Prop_mmcme2_adv_CLKIN1_CLKOUT1)
                                                     -2.040    -1.018 r  doodleAudio/Audio_Codec/audiocodec_master_clock/inst/mmcm_adv_inst/CLKOUT1
                         net (fo=1, routed)           0.989    -0.029    doodleAudio/Audio_Codec/audiocodec_master_clock/inst/clk_out2_clk_wiz_1
    BUFGCTRL_X0Y4        BUFG (Prop_bufg_I_O)         0.029    -0.000 r  doodleAudio/Audio_Codec/audiocodec_master_clock/inst/clkout2_buf/O
                         net (fo=115, routed)         0.911     0.911    doodleAudio/Audio_Codec/initialize_audio/clk_out2
    SLICE_X158Y118       FDRE                                         r  doodleAudio/Audio_Codec/initialize_audio/initEn_reg/C
                         clock pessimism             -0.258     0.653    
    SLICE_X158Y118       FDRE (Hold_fdre_C_D)         0.121     0.774    doodleAudio/Audio_Codec/initialize_audio/initEn_reg
  -------------------------------------------------------------------
                         required time                         -0.774    
                         arrival time                           0.952    
  -------------------------------------------------------------------
                         slack                                  0.178    

Slack (MET) :             0.179ns  (arrival time - required time)
  Source:                 doodleAudio/Audio_Codec/initialize_audio/twi_controller/dataByte_reg[1]/C
                            (rising edge-triggered cell FDRE clocked by clk_out2_clk_wiz_1  {rise@0.000ns fall@10.000ns period=20.000ns})
  Destination:            doodleAudio/Audio_Codec/initialize_audio/twi_controller/dataByte_reg[2]/D
                            (rising edge-triggered cell FDRE clocked by clk_out2_clk_wiz_1  {rise@0.000ns fall@10.000ns period=20.000ns})
  Path Group:             clk_out2_clk_wiz_1
  Path Type:              Hold (Min at Fast Process Corner)
  Requirement:            0.000ns  (clk_out2_clk_wiz_1 rise@0.000ns - clk_out2_clk_wiz_1 rise@0.000ns)
  Data Path Delay:        0.283ns  (logic 0.186ns (65.755%)  route 0.097ns (34.245%))
  Logic Levels:           1  (LUT4=1)
  Clock Path Skew:        0.013ns (DCD - SCD - CPR)
    Destination Clock Delay (DCD):    0.911ns
    Source Clock Delay      (SCD):    0.640ns
    Clock Pessimism Removal (CPR):    0.258ns

    Location             Delay type                Incr(ns)  Path(ns)    Netlist Resource(s)
  -------------------------------------------------------------------    -------------------
                         (clock clk_out2_clk_wiz_1 rise edge)
                                                      0.000     0.000 r  
    BUFGCTRL_X0Y2        BUFG                         0.000     0.000 r  clk_IBUF_BUFG_inst/O
                         net (fo=518, routed)         0.745     0.745    doodleAudio/Audio_Codec/audiocodec_master_clock/inst/clk_in1
    MMCME2_ADV_X1Y0      MMCME2_ADV (Prop_mmcme2_adv_CLKIN1_CLKOUT1)
                                                     -1.683    -0.938 r  doodleAudio/Audio_Codec/audiocodec_master_clock/inst/mmcm_adv_inst/CLKOUT1
                         net (fo=1, routed)           0.912    -0.026    doodleAudio/Audio_Codec/audiocodec_master_clock/inst/clk_out2_clk_wiz_1
    BUFGCTRL_X0Y4        BUFG (Prop_bufg_I_O)         0.026    -0.000 r  doodleAudio/Audio_Codec/audiocodec_master_clock/inst/clkout2_buf/O
                         net (fo=115, routed)         0.640     0.640    doodleAudio/Audio_Codec/initialize_audio/twi_controller/clk_out2
    SLICE_X161Y119       FDRE                                         r  doodleAudio/Audio_Codec/initialize_audio/twi_controller/dataByte_reg[1]/C
  -------------------------------------------------------------------    -------------------
    SLICE_X161Y119       FDRE (Prop_fdre_C_Q)         0.141     0.781 r  doodleAudio/Audio_Codec/initialize_audio/twi_controller/dataByte_reg[1]/Q
                         net (fo=1, routed)           0.097     0.877    doodleAudio/Audio_Codec/initialize_audio/twi_controller/dataByte[1]
    SLICE_X160Y119       LUT4 (Prop_lut4_I0_O)        0.045     0.922 r  doodleAudio/Audio_Codec/initialize_audio/twi_controller/dataByte[2]_i_1/O
                         net (fo=1, routed)           0.000     0.922    doodleAudio/Audio_Codec/initialize_audio/twi_controller/p_1_in[2]
    SLICE_X160Y119       FDRE                                         r  doodleAudio/Audio_Codec/initialize_audio/twi_controller/dataByte_reg[2]/D
  -------------------------------------------------------------------    -------------------

                         (clock clk_out2_clk_wiz_1 rise edge)
                                                      0.000     0.000 r  
    BUFGCTRL_X0Y2        BUFG                         0.000     0.000 r  clk_IBUF_BUFG_inst/O
                         net (fo=518, routed)         1.022     1.022    doodleAudio/Audio_Codec/audiocodec_master_clock/inst/clk_in1
    MMCME2_ADV_X1Y0      MMCME2_ADV (Prop_mmcme2_adv_CLKIN1_CLKOUT1)
                                                     -2.040    -1.018 r  doodleAudio/Audio_Codec/audiocodec_master_clock/inst/mmcm_adv_inst/CLKOUT1
                         net (fo=1, routed)           0.989    -0.029    doodleAudio/Audio_Codec/audiocodec_master_clock/inst/clk_out2_clk_wiz_1
    BUFGCTRL_X0Y4        BUFG (Prop_bufg_I_O)         0.029    -0.000 r  doodleAudio/Audio_Codec/audiocodec_master_clock/inst/clkout2_buf/O
                         net (fo=115, routed)         0.911     0.911    doodleAudio/Audio_Codec/initialize_audio/twi_controller/clk_out2
    SLICE_X160Y119       FDRE                                         r  doodleAudio/Audio_Codec/initialize_audio/twi_controller/dataByte_reg[2]/C
                         clock pessimism             -0.258     0.653    
    SLICE_X160Y119       FDRE (Hold_fdre_C_D)         0.091     0.744    doodleAudio/Audio_Codec/initialize_audio/twi_controller/dataByte_reg[2]
  -------------------------------------------------------------------
                         required time                         -0.744    
                         arrival time                           0.922    
  -------------------------------------------------------------------
                         slack                                  0.179    

Slack (MET) :             0.186ns  (arrival time - required time)
  Source:                 doodleAudio/Audio_Codec/initialize_audio/data_i_reg[7]/C
                            (rising edge-triggered cell FDRE clocked by clk_out2_clk_wiz_1  {rise@0.000ns fall@10.000ns period=20.000ns})
  Destination:            doodleAudio/Audio_Codec/initialize_audio/twi_controller/dataByte_reg[7]/D
                            (rising edge-triggered cell FDRE clocked by clk_out2_clk_wiz_1  {rise@0.000ns fall@10.000ns period=20.000ns})
  Path Group:             clk_out2_clk_wiz_1
  Path Type:              Hold (Min at Fast Process Corner)
  Requirement:            0.000ns  (clk_out2_clk_wiz_1 rise@0.000ns - clk_out2_clk_wiz_1 rise@0.000ns)
  Data Path Delay:        0.291ns  (logic 0.186ns (63.880%)  route 0.105ns (36.120%))
  Logic Levels:           1  (LUT4=1)
  Clock Path Skew:        0.013ns (DCD - SCD - CPR)
    Destination Clock Delay (DCD):    0.911ns
    Source Clock Delay      (SCD):    0.641ns
    Clock Pessimism Removal (CPR):    0.257ns

    Location             Delay type                Incr(ns)  Path(ns)    Netlist Resource(s)
  -------------------------------------------------------------------    -------------------
                         (clock clk_out2_clk_wiz_1 rise edge)
                                                      0.000     0.000 r  
    BUFGCTRL_X0Y2        BUFG                         0.000     0.000 r  clk_IBUF_BUFG_inst/O
                         net (fo=518, routed)         0.745     0.745    doodleAudio/Audio_Codec/audiocodec_master_clock/inst/clk_in1
    MMCME2_ADV_X1Y0      MMCME2_ADV (Prop_mmcme2_adv_CLKIN1_CLKOUT1)
                                                     -1.683    -0.938 r  doodleAudio/Audio_Codec/audiocodec_master_clock/inst/mmcm_adv_inst/CLKOUT1
                         net (fo=1, routed)           0.912    -0.026    doodleAudio/Audio_Codec/audiocodec_master_clock/inst/clk_out2_clk_wiz_1
    BUFGCTRL_X0Y4        BUFG (Prop_bufg_I_O)         0.026    -0.000 r  doodleAudio/Audio_Codec/audiocodec_master_clock/inst/clkout2_buf/O
                         net (fo=115, routed)         0.641     0.641    doodleAudio/Audio_Codec/initialize_audio/clk_out2
    SLICE_X161Y118       FDRE                                         r  doodleAudio/Audio_Codec/initialize_audio/data_i_reg[7]/C
  -------------------------------------------------------------------    -------------------
    SLICE_X161Y118       FDRE (Prop_fdre_C_Q)         0.141     0.782 r  doodleAudio/Audio_Codec/initialize_audio/data_i_reg[7]/Q
                         net (fo=1, routed)           0.105     0.887    doodleAudio/Audio_Codec/initialize_audio/twi_controller/data_i[7]
    SLICE_X161Y119       LUT4 (Prop_lut4_I2_O)        0.045     0.932 r  doodleAudio/Audio_Codec/initialize_audio/twi_controller/dataByte[7]_i_2/O
                         net (fo=1, routed)           0.000     0.932    doodleAudio/Audio_Codec/initialize_audio/twi_controller/p_1_in[7]
    SLICE_X161Y119       FDRE                                         r  doodleAudio/Audio_Codec/initialize_audio/twi_controller/dataByte_reg[7]/D
  -------------------------------------------------------------------    -------------------

                         (clock clk_out2_clk_wiz_1 rise edge)
                                                      0.000     0.000 r  
    BUFGCTRL_X0Y2        BUFG                         0.000     0.000 r  clk_IBUF_BUFG_inst/O
                         net (fo=518, routed)         1.022     1.022    doodleAudio/Audio_Codec/audiocodec_master_clock/inst/clk_in1
    MMCME2_ADV_X1Y0      MMCME2_ADV (Prop_mmcme2_adv_CLKIN1_CLKOUT1)
                                                     -2.040    -1.018 r  doodleAudio/Audio_Codec/audiocodec_master_clock/inst/mmcm_adv_inst/CLKOUT1
                         net (fo=1, routed)           0.989    -0.029    doodleAudio/Audio_Codec/audiocodec_master_clock/inst/clk_out2_clk_wiz_1
    BUFGCTRL_X0Y4        BUFG (Prop_bufg_I_O)         0.029    -0.000 r  doodleAudio/Audio_Codec/audiocodec_master_clock/inst/clkout2_buf/O
                         net (fo=115, routed)         0.911     0.911    doodleAudio/Audio_Codec/initialize_audio/twi_controller/clk_out2
    SLICE_X161Y119       FDRE                                         r  doodleAudio/Audio_Codec/initialize_audio/twi_controller/dataByte_reg[7]/C
                         clock pessimism             -0.257     0.654    
    SLICE_X161Y119       FDRE (Hold_fdre_C_D)         0.092     0.746    doodleAudio/Audio_Codec/initialize_audio/twi_controller/dataByte_reg[7]
  -------------------------------------------------------------------
                         required time                         -0.746    
                         arrival time                           0.932    
  -------------------------------------------------------------------
                         slack                                  0.186    

Slack (MET) :             0.189ns  (arrival time - required time)
  Source:                 doodleAudio/Audio_Codec/initialize_audio/data_i_reg[1]/C
                            (rising edge-triggered cell FDRE clocked by clk_out2_clk_wiz_1  {rise@0.000ns fall@10.000ns period=20.000ns})
  Destination:            doodleAudio/Audio_Codec/initialize_audio/twi_controller/dataByte_reg[1]/D
                            (rising edge-triggered cell FDRE clocked by clk_out2_clk_wiz_1  {rise@0.000ns fall@10.000ns period=20.000ns})
  Path Group:             clk_out2_clk_wiz_1
  Path Type:              Hold (Min at Fast Process Corner)
  Requirement:            0.000ns  (clk_out2_clk_wiz_1 rise@0.000ns - clk_out2_clk_wiz_1 rise@0.000ns)
  Data Path Delay:        0.293ns  (logic 0.186ns (63.444%)  route 0.107ns (36.556%))
  Logic Levels:           1  (LUT4=1)
  Clock Path Skew:        0.013ns (DCD - SCD - CPR)
    Destination Clock Delay (DCD):    0.911ns
    Source Clock Delay      (SCD):    0.641ns
    Clock Pessimism Removal (CPR):    0.257ns

    Location             Delay type                Incr(ns)  Path(ns)    Netlist Resource(s)
  -------------------------------------------------------------------    -------------------
                         (clock clk_out2_clk_wiz_1 rise edge)
                                                      0.000     0.000 r  
    BUFGCTRL_X0Y2        BUFG                         0.000     0.000 r  clk_IBUF_BUFG_inst/O
                         net (fo=518, routed)         0.745     0.745    doodleAudio/Audio_Codec/audiocodec_master_clock/inst/clk_in1
    MMCME2_ADV_X1Y0      MMCME2_ADV (Prop_mmcme2_adv_CLKIN1_CLKOUT1)
                                                     -1.683    -0.938 r  doodleAudio/Audio_Codec/audiocodec_master_clock/inst/mmcm_adv_inst/CLKOUT1
                         net (fo=1, routed)           0.912    -0.026    doodleAudio/Audio_Codec/audiocodec_master_clock/inst/clk_out2_clk_wiz_1
    BUFGCTRL_X0Y4        BUFG (Prop_bufg_I_O)         0.026    -0.000 r  doodleAudio/Audio_Codec/audiocodec_master_clock/inst/clkout2_buf/O
                         net (fo=115, routed)         0.641     0.641    doodleAudio/Audio_Codec/initialize_audio/clk_out2
    SLICE_X161Y118       FDRE                                         r  doodleAudio/Audio_Codec/initialize_audio/data_i_reg[1]/C
  -------------------------------------------------------------------    -------------------
    SLICE_X161Y118       FDRE (Prop_fdre_C_Q)         0.141     0.782 r  doodleAudio/Audio_Codec/initialize_audio/data_i_reg[1]/Q
                         net (fo=1, routed)           0.107     0.889    doodleAudio/Audio_Codec/initialize_audio/twi_controller/data_i[1]
    SLICE_X161Y119       LUT4 (Prop_lut4_I2_O)        0.045     0.934 r  doodleAudio/Audio_Codec/initialize_audio/twi_controller/dataByte[1]_i_1/O
                         net (fo=1, routed)           0.000     0.934    doodleAudio/Audio_Codec/initialize_audio/twi_controller/p_1_in[1]
    SLICE_X161Y119       FDRE                                         r  doodleAudio/Audio_Codec/initialize_audio/twi_controller/dataByte_reg[1]/D
  -------------------------------------------------------------------    -------------------

                         (clock clk_out2_clk_wiz_1 rise edge)
                                                      0.000     0.000 r  
    BUFGCTRL_X0Y2        BUFG                         0.000     0.000 r  clk_IBUF_BUFG_inst/O
                         net (fo=518, routed)         1.022     1.022    doodleAudio/Audio_Codec/audiocodec_master_clock/inst/clk_in1
    MMCME2_ADV_X1Y0      MMCME2_ADV (Prop_mmcme2_adv_CLKIN1_CLKOUT1)
                                                     -2.040    -1.018 r  doodleAudio/Audio_Codec/audiocodec_master_clock/inst/mmcm_adv_inst/CLKOUT1
                         net (fo=1, routed)           0.989    -0.029    doodleAudio/Audio_Codec/audiocodec_master_clock/inst/clk_out2_clk_wiz_1
    BUFGCTRL_X0Y4        BUFG (Prop_bufg_I_O)         0.029    -0.000 r  doodleAudio/Audio_Codec/audiocodec_master_clock/inst/clkout2_buf/O
                         net (fo=115, routed)         0.911     0.911    doodleAudio/Audio_Codec/initialize_audio/twi_controller/clk_out2
    SLICE_X161Y119       FDRE                                         r  doodleAudio/Audio_Codec/initialize_audio/twi_controller/dataByte_reg[1]/C
                         clock pessimism             -0.257     0.654    
    SLICE_X161Y119       FDRE (Hold_fdre_C_D)         0.091     0.745    doodleAudio/Audio_Codec/initialize_audio/twi_controller/dataByte_reg[1]
  -------------------------------------------------------------------
                         required time                         -0.745    
                         arrival time                           0.934    
  -------------------------------------------------------------------
                         slack                                  0.189    

Slack (MET) :             0.198ns  (arrival time - required time)
  Source:                 doodleAudio/Audio_Codec/initialize_audio/initWord_reg[13]/C
                            (rising edge-triggered cell FDRE clocked by clk_out2_clk_wiz_1  {rise@0.000ns fall@10.000ns period=20.000ns})
  Destination:            doodleAudio/Audio_Codec/initialize_audio/data_i_reg[5]/D
                            (rising edge-triggered cell FDRE clocked by clk_out2_clk_wiz_1  {rise@0.000ns fall@10.000ns period=20.000ns})
  Path Group:             clk_out2_clk_wiz_1
  Path Type:              Hold (Min at Fast Process Corner)
  Requirement:            0.000ns  (clk_out2_clk_wiz_1 rise@0.000ns - clk_out2_clk_wiz_1 rise@0.000ns)
  Data Path Delay:        0.328ns  (logic 0.209ns (63.690%)  route 0.119ns (36.310%))
  Logic Levels:           1  (LUT6=1)
  Clock Path Skew:        0.038ns (DCD - SCD - CPR)
    Destination Clock Delay (DCD):    0.913ns
    Source Clock Delay      (SCD):    0.641ns
    Clock Pessimism Removal (CPR):    0.234ns

    Location             Delay type                Incr(ns)  Path(ns)    Netlist Resource(s)
  -------------------------------------------------------------------    -------------------
                         (clock clk_out2_clk_wiz_1 rise edge)
                                                      0.000     0.000 r  
    BUFGCTRL_X0Y2        BUFG                         0.000     0.000 r  clk_IBUF_BUFG_inst/O
                         net (fo=518, routed)         0.745     0.745    doodleAudio/Audio_Codec/audiocodec_master_clock/inst/clk_in1
    MMCME2_ADV_X1Y0      MMCME2_ADV (Prop_mmcme2_adv_CLKIN1_CLKOUT1)
                                                     -1.683    -0.938 r  doodleAudio/Audio_Codec/audiocodec_master_clock/inst/mmcm_adv_inst/CLKOUT1
                         net (fo=1, routed)           0.912    -0.026    doodleAudio/Audio_Codec/audiocodec_master_clock/inst/clk_out2_clk_wiz_1
    BUFGCTRL_X0Y4        BUFG (Prop_bufg_I_O)         0.026    -0.000 r  doodleAudio/Audio_Codec/audiocodec_master_clock/inst/clkout2_buf/O
                         net (fo=115, routed)         0.641     0.641    doodleAudio/Audio_Codec/initialize_audio/clk_out2
    SLICE_X158Y117       FDRE                                         r  doodleAudio/Audio_Codec/initialize_audio/initWord_reg[13]/C
  -------------------------------------------------------------------    -------------------
    SLICE_X158Y117       FDRE (Prop_fdre_C_Q)         0.164     0.805 r  doodleAudio/Audio_Codec/initialize_audio/initWord_reg[13]/Q
                         net (fo=1, routed)           0.119     0.924    doodleAudio/Audio_Codec/initialize_audio/data2[5]
    SLICE_X160Y117       LUT6 (Prop_lut6_I0_O)        0.045     0.969 r  doodleAudio/Audio_Codec/initialize_audio/data_i[5]_i_2/O
                         net (fo=1, routed)           0.000     0.969    doodleAudio/Audio_Codec/initialize_audio/data_i[5]_i_2_n_0
    SLICE_X160Y117       FDRE                                         r  doodleAudio/Audio_Codec/initialize_audio/data_i_reg[5]/D
  -------------------------------------------------------------------    -------------------

                         (clock clk_out2_clk_wiz_1 rise edge)
                                                      0.000     0.000 r  
    BUFGCTRL_X0Y2        BUFG                         0.000     0.000 r  clk_IBUF_BUFG_inst/O
                         net (fo=518, routed)         1.022     1.022    doodleAudio/Audio_Codec/audiocodec_master_clock/inst/clk_in1
    MMCME2_ADV_X1Y0      MMCME2_ADV (Prop_mmcme2_adv_CLKIN1_CLKOUT1)
                                                     -2.040    -1.018 r  doodleAudio/Audio_Codec/audiocodec_master_clock/inst/mmcm_adv_inst/CLKOUT1
                         net (fo=1, routed)           0.989    -0.029    doodleAudio/Audio_Codec/audiocodec_master_clock/inst/clk_out2_clk_wiz_1
    BUFGCTRL_X0Y4        BUFG (Prop_bufg_I_O)         0.029    -0.000 r  doodleAudio/Audio_Codec/audiocodec_master_clock/inst/clkout2_buf/O
                         net (fo=115, routed)         0.913     0.913    doodleAudio/Audio_Codec/initialize_audio/clk_out2
    SLICE_X160Y117       FDRE                                         r  doodleAudio/Audio_Codec/initialize_audio/data_i_reg[5]/C
                         clock pessimism             -0.234     0.679    
    SLICE_X160Y117       FDRE (Hold_fdre_C_D)         0.092     0.771    doodleAudio/Audio_Codec/initialize_audio/data_i_reg[5]
  -------------------------------------------------------------------
                         required time                         -0.771    
                         arrival time                           0.969    
  -------------------------------------------------------------------
                         slack                                  0.198    

Slack (MET) :             0.200ns  (arrival time - required time)
  Source:                 doodleAudio/Audio_Codec/initialize_audio/state_reg[3]/C
                            (rising edge-triggered cell FDRE clocked by clk_out2_clk_wiz_1  {rise@0.000ns fall@10.000ns period=20.000ns})
  Destination:            doodleAudio/Audio_Codec/initialize_audio/data_i_reg[1]/D
                            (rising edge-triggered cell FDRE clocked by clk_out2_clk_wiz_1  {rise@0.000ns fall@10.000ns period=20.000ns})
  Path Group:             clk_out2_clk_wiz_1
  Path Type:              Hold (Min at Fast Process Corner)
  Requirement:            0.000ns  (clk_out2_clk_wiz_1 rise@0.000ns - clk_out2_clk_wiz_1 rise@0.000ns)
  Data Path Delay:        0.305ns  (logic 0.186ns (60.889%)  route 0.119ns (39.111%))
  Logic Levels:           1  (LUT6=1)
  Clock Path Skew:        0.013ns (DCD - SCD - CPR)
    Destination Clock Delay (DCD):    0.912ns
    Source Clock Delay      (SCD):    0.641ns
    Clock Pessimism Removal (CPR):    0.258ns

    Location             Delay type                Incr(ns)  Path(ns)    Netlist Resource(s)
  -------------------------------------------------------------------    -------------------
                         (clock clk_out2_clk_wiz_1 rise edge)
                                                      0.000     0.000 r  
    BUFGCTRL_X0Y2        BUFG                         0.000     0.000 r  clk_IBUF_BUFG_inst/O
                         net (fo=518, routed)         0.745     0.745    doodleAudio/Audio_Codec/audiocodec_master_clock/inst/clk_in1
    MMCME2_ADV_X1Y0      MMCME2_ADV (Prop_mmcme2_adv_CLKIN1_CLKOUT1)
                                                     -1.683    -0.938 r  doodleAudio/Audio_Codec/audiocodec_master_clock/inst/mmcm_adv_inst/CLKOUT1
                         net (fo=1, routed)           0.912    -0.026    doodleAudio/Audio_Codec/audiocodec_master_clock/inst/clk_out2_clk_wiz_1
    BUFGCTRL_X0Y4        BUFG (Prop_bufg_I_O)         0.026    -0.000 r  doodleAudio/Audio_Codec/audiocodec_master_clock/inst/clkout2_buf/O
                         net (fo=115, routed)         0.641     0.641    doodleAudio/Audio_Codec/initialize_audio/clk_out2
    SLICE_X160Y118       FDRE                                         r  doodleAudio/Audio_Codec/initialize_audio/state_reg[3]/C
  -------------------------------------------------------------------    -------------------
    SLICE_X160Y118       FDRE (Prop_fdre_C_Q)         0.141     0.782 f  doodleAudio/Audio_Codec/initialize_audio/state_reg[3]/Q
                         net (fo=15, routed)          0.119     0.901    doodleAudio/Audio_Codec/initialize_audio/state_reg_n_0_[3]
    SLICE_X161Y118       LUT6 (Prop_lut6_I2_O)        0.045     0.946 r  doodleAudio/Audio_Codec/initialize_audio/data_i[1]_i_1/O
                         net (fo=1, routed)           0.000     0.946    doodleAudio/Audio_Codec/initialize_audio/data_i[1]_i_1_n_0
    SLICE_X161Y118       FDRE                                         r  doodleAudio/Audio_Codec/initialize_audio/data_i_reg[1]/D
  -------------------------------------------------------------------    -------------------

                         (clock clk_out2_clk_wiz_1 rise edge)
                                                      0.000     0.000 r  
    BUFGCTRL_X0Y2        BUFG                         0.000     0.000 r  clk_IBUF_BUFG_inst/O
                         net (fo=518, routed)         1.022     1.022    doodleAudio/Audio_Codec/audiocodec_master_clock/inst/clk_in1
    MMCME2_ADV_X1Y0      MMCME2_ADV (Prop_mmcme2_adv_CLKIN1_CLKOUT1)
                                                     -2.040    -1.018 r  doodleAudio/Audio_Codec/audiocodec_master_clock/inst/mmcm_adv_inst/CLKOUT1
                         net (fo=1, routed)           0.989    -0.029    doodleAudio/Audio_Codec/audiocodec_master_clock/inst/clk_out2_clk_wiz_1
    BUFGCTRL_X0Y4        BUFG (Prop_bufg_I_O)         0.029    -0.000 r  doodleAudio/Audio_Codec/audiocodec_master_clock/inst/clkout2_buf/O
                         net (fo=115, routed)         0.912     0.912    doodleAudio/Audio_Codec/initialize_audio/clk_out2
    SLICE_X161Y118       FDRE                                         r  doodleAudio/Audio_Codec/initialize_audio/data_i_reg[1]/C
                         clock pessimism             -0.258     0.654    
    SLICE_X161Y118       FDRE (Hold_fdre_C_D)         0.092     0.746    doodleAudio/Audio_Codec/initialize_audio/data_i_reg[1]
  -------------------------------------------------------------------
                         required time                         -0.746    
                         arrival time                           0.946    
  -------------------------------------------------------------------
                         slack                                  0.200    

Slack (MET) :             0.222ns  (arrival time - required time)
  Source:                 doodleAudio/Audio_Codec/initialize_audio/initA_reg[3]/C
                            (rising edge-triggered cell FDRE clocked by clk_out2_clk_wiz_1  {rise@0.000ns fall@10.000ns period=20.000ns})
  Destination:            doodleAudio/Audio_Codec/initialize_audio/initWord_reg[15]/D
                            (rising edge-triggered cell FDRE clocked by clk_out2_clk_wiz_1  {rise@0.000ns fall@10.000ns period=20.000ns})
  Path Group:             clk_out2_clk_wiz_1
  Path Type:              Hold (Min at Fast Process Corner)
  Requirement:            0.000ns  (clk_out2_clk_wiz_1 rise@0.000ns - clk_out2_clk_wiz_1 rise@0.000ns)
  Data Path Delay:        0.358ns  (logic 0.186ns (52.021%)  route 0.172ns (47.980%))
  Logic Levels:           1  (LUT6=1)
  Clock Path Skew:        0.015ns (DCD - SCD - CPR)
    Destination Clock Delay (DCD):    0.913ns
    Source Clock Delay      (SCD):    0.641ns
    Clock Pessimism Removal (CPR):    0.257ns

    Location             Delay type                Incr(ns)  Path(ns)    Netlist Resource(s)
  -------------------------------------------------------------------    -------------------
                         (clock clk_out2_clk_wiz_1 rise edge)
                                                      0.000     0.000 r  
    BUFGCTRL_X0Y2        BUFG                         0.000     0.000 r  clk_IBUF_BUFG_inst/O
                         net (fo=518, routed)         0.745     0.745    doodleAudio/Audio_Codec/audiocodec_master_clock/inst/clk_in1
    MMCME2_ADV_X1Y0      MMCME2_ADV (Prop_mmcme2_adv_CLKIN1_CLKOUT1)
                                                     -1.683    -0.938 r  doodleAudio/Audio_Codec/audiocodec_master_clock/inst/mmcm_adv_inst/CLKOUT1
                         net (fo=1, routed)           0.912    -0.026    doodleAudio/Audio_Codec/audiocodec_master_clock/inst/clk_out2_clk_wiz_1
    BUFGCTRL_X0Y4        BUFG (Prop_bufg_I_O)         0.026    -0.000 r  doodleAudio/Audio_Codec/audiocodec_master_clock/inst/clkout2_buf/O
                         net (fo=115, routed)         0.641     0.641    doodleAudio/Audio_Codec/initialize_audio/clk_out2
    SLICE_X163Y118       FDRE                                         r  doodleAudio/Audio_Codec/initialize_audio/initA_reg[3]/C
  -------------------------------------------------------------------    -------------------
    SLICE_X163Y118       FDRE (Prop_fdre_C_Q)         0.141     0.782 r  doodleAudio/Audio_Codec/initialize_audio/initA_reg[3]/Q
                         net (fo=20, routed)          0.172     0.953    doodleAudio/Audio_Codec/initialize_audio/initA_reg[3]
    SLICE_X162Y117       LUT6 (Prop_lut6_I0_O)        0.045     0.998 r  doodleAudio/Audio_Codec/initialize_audio/initWord[15]_i_1/O
                         net (fo=1, routed)           0.000     0.998    doodleAudio/Audio_Codec/initialize_audio/initWord[15]_i_1_n_0
    SLICE_X162Y117       FDRE                                         r  doodleAudio/Audio_Codec/initialize_audio/initWord_reg[15]/D
  -------------------------------------------------------------------    -------------------

                         (clock clk_out2_clk_wiz_1 rise edge)
                                                      0.000     0.000 r  
    BUFGCTRL_X0Y2        BUFG                         0.000     0.000 r  clk_IBUF_BUFG_inst/O
                         net (fo=518, routed)         1.022     1.022    doodleAudio/Audio_Codec/audiocodec_master_clock/inst/clk_in1
    MMCME2_ADV_X1Y0      MMCME2_ADV (Prop_mmcme2_adv_CLKIN1_CLKOUT1)
                                                     -2.040    -1.018 r  doodleAudio/Audio_Codec/audiocodec_master_clock/inst/mmcm_adv_inst/CLKOUT1
                         net (fo=1, routed)           0.989    -0.029    doodleAudio/Audio_Codec/audiocodec_master_clock/inst/clk_out2_clk_wiz_1
    BUFGCTRL_X0Y4        BUFG (Prop_bufg_I_O)         0.029    -0.000 r  doodleAudio/Audio_Codec/audiocodec_master_clock/inst/clkout2_buf/O
                         net (fo=115, routed)         0.913     0.913    doodleAudio/Audio_Codec/initialize_audio/clk_out2
    SLICE_X162Y117       FDRE                                         r  doodleAudio/Audio_Codec/initialize_audio/initWord_reg[15]/C
                         clock pessimism             -0.257     0.656    
    SLICE_X162Y117       FDRE (Hold_fdre_C_D)         0.121     0.777    doodleAudio/Audio_Codec/initialize_audio/initWord_reg[15]
  -------------------------------------------------------------------
                         required time                         -0.777    
                         arrival time                           0.998    
  -------------------------------------------------------------------
                         slack                                  0.222    

Slack (MET) :             0.223ns  (arrival time - required time)
  Source:                 doodleAudio/Audio_Codec/initialize_audio/initWord_reg[18]/C
                            (rising edge-triggered cell FDRE clocked by clk_out2_clk_wiz_1  {rise@0.000ns fall@10.000ns period=20.000ns})
  Destination:            doodleAudio/Audio_Codec/initialize_audio/data_i_reg[2]/D
                            (rising edge-triggered cell FDRE clocked by clk_out2_clk_wiz_1  {rise@0.000ns fall@10.000ns period=20.000ns})
  Path Group:             clk_out2_clk_wiz_1
  Path Type:              Hold (Min at Fast Process Corner)
  Requirement:            0.000ns  (clk_out2_clk_wiz_1 rise@0.000ns - clk_out2_clk_wiz_1 rise@0.000ns)
  Data Path Delay:        0.351ns  (logic 0.186ns (52.939%)  route 0.165ns (47.061%))
  Logic Levels:           1  (LUT6=1)
  Clock Path Skew:        0.037ns (DCD - SCD - CPR)
    Destination Clock Delay (DCD):    0.913ns
    Source Clock Delay      (SCD):    0.642ns
    Clock Pessimism Removal (CPR):    0.234ns

    Location             Delay type                Incr(ns)  Path(ns)    Netlist Resource(s)
  -------------------------------------------------------------------    -------------------
                         (clock clk_out2_clk_wiz_1 rise edge)
                                                      0.000     0.000 r  
    BUFGCTRL_X0Y2        BUFG                         0.000     0.000 r  clk_IBUF_BUFG_inst/O
                         net (fo=518, routed)         0.745     0.745    doodleAudio/Audio_Codec/audiocodec_master_clock/inst/clk_in1
    MMCME2_ADV_X1Y0      MMCME2_ADV (Prop_mmcme2_adv_CLKIN1_CLKOUT1)
                                                     -1.683    -0.938 r  doodleAudio/Audio_Codec/audiocodec_master_clock/inst/mmcm_adv_inst/CLKOUT1
                         net (fo=1, routed)           0.912    -0.026    doodleAudio/Audio_Codec/audiocodec_master_clock/inst/clk_out2_clk_wiz_1
    BUFGCTRL_X0Y4        BUFG (Prop_bufg_I_O)         0.026    -0.000 r  doodleAudio/Audio_Codec/audiocodec_master_clock/inst/clkout2_buf/O
                         net (fo=115, routed)         0.642     0.642    doodleAudio/Audio_Codec/initialize_audio/clk_out2
    SLICE_X159Y116       FDRE                                         r  doodleAudio/Audio_Codec/initialize_audio/initWord_reg[18]/C
  -------------------------------------------------------------------    -------------------
    SLICE_X159Y116       FDRE (Prop_fdre_C_Q)         0.141     0.783 r  doodleAudio/Audio_Codec/initialize_audio/initWord_reg[18]/Q
                         net (fo=2, routed)           0.165     0.948    doodleAudio/Audio_Codec/initialize_audio/data1[2]
    SLICE_X160Y117       LUT6 (Prop_lut6_I1_O)        0.045     0.993 r  doodleAudio/Audio_Codec/initialize_audio/data_i[2]_i_1/O
                         net (fo=1, routed)           0.000     0.993    doodleAudio/Audio_Codec/initialize_audio/data_i[2]_i_1_n_0
    SLICE_X160Y117       FDRE                                         r  doodleAudio/Audio_Codec/initialize_audio/data_i_reg[2]/D
  -------------------------------------------------------------------    -------------------

                         (clock clk_out2_clk_wiz_1 rise edge)
                                                      0.000     0.000 r  
    BUFGCTRL_X0Y2        BUFG                         0.000     0.000 r  clk_IBUF_BUFG_inst/O
                         net (fo=518, routed)         1.022     1.022    doodleAudio/Audio_Codec/audiocodec_master_clock/inst/clk_in1
    MMCME2_ADV_X1Y0      MMCME2_ADV (Prop_mmcme2_adv_CLKIN1_CLKOUT1)
                                                     -2.040    -1.018 r  doodleAudio/Audio_Codec/audiocodec_master_clock/inst/mmcm_adv_inst/CLKOUT1
                         net (fo=1, routed)           0.989    -0.029    doodleAudio/Audio_Codec/audiocodec_master_clock/inst/clk_out2_clk_wiz_1
    BUFGCTRL_X0Y4        BUFG (Prop_bufg_I_O)         0.029    -0.000 r  doodleAudio/Audio_Codec/audiocodec_master_clock/inst/clkout2_buf/O
                         net (fo=115, routed)         0.913     0.913    doodleAudio/Audio_Codec/initialize_audio/clk_out2
    SLICE_X160Y117       FDRE                                         r  doodleAudio/Audio_Codec/initialize_audio/data_i_reg[2]/C
                         clock pessimism             -0.234     0.679    
    SLICE_X160Y117       FDRE (Hold_fdre_C_D)         0.091     0.770    doodleAudio/Audio_Codec/initialize_audio/data_i_reg[2]
  -------------------------------------------------------------------
                         required time                         -0.770    
                         arrival time                           0.993    
  -------------------------------------------------------------------
                         slack                                  0.223    

Slack (MET) :             0.225ns  (arrival time - required time)
  Source:                 doodleAudio/Audio_Codec/initialize_audio/initA_reg[3]/C
                            (rising edge-triggered cell FDRE clocked by clk_out2_clk_wiz_1  {rise@0.000ns fall@10.000ns period=20.000ns})
  Destination:            doodleAudio/Audio_Codec/initialize_audio/initWord_reg[12]/D
                            (rising edge-triggered cell FDRE clocked by clk_out2_clk_wiz_1  {rise@0.000ns fall@10.000ns period=20.000ns})
  Path Group:             clk_out2_clk_wiz_1
  Path Type:              Hold (Min at Fast Process Corner)
  Requirement:            0.000ns  (clk_out2_clk_wiz_1 rise@0.000ns - clk_out2_clk_wiz_1 rise@0.000ns)
  Data Path Delay:        0.360ns  (logic 0.186ns (51.731%)  route 0.174ns (48.269%))
  Logic Levels:           1  (LUT6=1)
  Clock Path Skew:        0.015ns (DCD - SCD - CPR)
    Destination Clock Delay (DCD):    0.913ns
    Source Clock Delay      (SCD):    0.641ns
    Clock Pessimism Removal (CPR):    0.257ns

    Location             Delay type                Incr(ns)  Path(ns)    Netlist Resource(s)
  -------------------------------------------------------------------    -------------------
                         (clock clk_out2_clk_wiz_1 rise edge)
                                                      0.000     0.000 r  
    BUFGCTRL_X0Y2        BUFG                         0.000     0.000 r  clk_IBUF_BUFG_inst/O
                         net (fo=518, routed)         0.745     0.745    doodleAudio/Audio_Codec/audiocodec_master_clock/inst/clk_in1
    MMCME2_ADV_X1Y0      MMCME2_ADV (Prop_mmcme2_adv_CLKIN1_CLKOUT1)
                                                     -1.683    -0.938 r  doodleAudio/Audio_Codec/audiocodec_master_clock/inst/mmcm_adv_inst/CLKOUT1
                         net (fo=1, routed)           0.912    -0.026    doodleAudio/Audio_Codec/audiocodec_master_clock/inst/clk_out2_clk_wiz_1
    BUFGCTRL_X0Y4        BUFG (Prop_bufg_I_O)         0.026    -0.000 r  doodleAudio/Audio_Codec/audiocodec_master_clock/inst/clkout2_buf/O
                         net (fo=115, routed)         0.641     0.641    doodleAudio/Audio_Codec/initialize_audio/clk_out2
    SLICE_X163Y118       FDRE                                         r  doodleAudio/Audio_Codec/initialize_audio/initA_reg[3]/C
  -------------------------------------------------------------------    -------------------
    SLICE_X163Y118       FDRE (Prop_fdre_C_Q)         0.141     0.782 r  doodleAudio/Audio_Codec/initialize_audio/initA_reg[3]/Q
                         net (fo=20, routed)          0.174     0.955    doodleAudio/Audio_Codec/initialize_audio/initA_reg[3]
    SLICE_X162Y117       LUT6 (Prop_lut6_I0_O)        0.045     1.000 r  doodleAudio/Audio_Codec/initialize_audio/initWord[12]_i_1/O
                         net (fo=1, routed)           0.000     1.000    doodleAudio/Audio_Codec/initialize_audio/initWord[12]_i_1_n_0
    SLICE_X162Y117       FDRE                                         r  doodleAudio/Audio_Codec/initialize_audio/initWord_reg[12]/D
  -------------------------------------------------------------------    -------------------

                         (clock clk_out2_clk_wiz_1 rise edge)
                                                      0.000     0.000 r  
    BUFGCTRL_X0Y2        BUFG                         0.000     0.000 r  clk_IBUF_BUFG_inst/O
                         net (fo=518, routed)         1.022     1.022    doodleAudio/Audio_Codec/audiocodec_master_clock/inst/clk_in1
    MMCME2_ADV_X1Y0      MMCME2_ADV (Prop_mmcme2_adv_CLKIN1_CLKOUT1)
                                                     -2.040    -1.018 r  doodleAudio/Audio_Codec/audiocodec_master_clock/inst/mmcm_adv_inst/CLKOUT1
                         net (fo=1, routed)           0.989    -0.029    doodleAudio/Audio_Codec/audiocodec_master_clock/inst/clk_out2_clk_wiz_1
    BUFGCTRL_X0Y4        BUFG (Prop_bufg_I_O)         0.029    -0.000 r  doodleAudio/Audio_Codec/audiocodec_master_clock/inst/clkout2_buf/O
                         net (fo=115, routed)         0.913     0.913    doodleAudio/Audio_Codec/initialize_audio/clk_out2
    SLICE_X162Y117       FDRE                                         r  doodleAudio/Audio_Codec/initialize_audio/initWord_reg[12]/C
                         clock pessimism             -0.257     0.656    
    SLICE_X162Y117       FDRE (Hold_fdre_C_D)         0.120     0.776    doodleAudio/Audio_Codec/initialize_audio/initWord_reg[12]
  -------------------------------------------------------------------
                         required time                         -0.776    
                         arrival time                           1.000    
  -------------------------------------------------------------------
                         slack                                  0.225    





Pulse Width Checks
--------------------------------------------------------------------------------------
Clock Name:         clk_out2_clk_wiz_1
Waveform(ns):       { 0.000 10.000 }
Period(ns):         20.000
Sources:            { doodleAudio/Audio_Codec/audiocodec_master_clock/inst/mmcm_adv_inst/CLKOUT1 }

Check Type        Corner  Lib Pin             Reference Pin  Required(ns)  Actual(ns)  Slack(ns)  Location         Pin
Min Period        n/a     BUFG/I              n/a            2.155         20.000      17.845     BUFGCTRL_X0Y4    doodleAudio/Audio_Codec/audiocodec_master_clock/inst/clkout2_buf/I
Min Period        n/a     MMCME2_ADV/CLKOUT1  n/a            1.249         20.000      18.751     MMCME2_ADV_X1Y0  doodleAudio/Audio_Codec/audiocodec_master_clock/inst/mmcm_adv_inst/CLKOUT1
Min Period        n/a     FDRE/C              n/a            1.000         20.000      19.000     SLICE_X160Y117   doodleAudio/Audio_Codec/initialize_audio/data_i_reg[0]/C
Min Period        n/a     FDRE/C              n/a            1.000         20.000      19.000     SLICE_X161Y118   doodleAudio/Audio_Codec/initialize_audio/data_i_reg[1]/C
Min Period        n/a     FDRE/C              n/a            1.000         20.000      19.000     SLICE_X160Y117   doodleAudio/Audio_Codec/initialize_audio/data_i_reg[2]/C
Min Period        n/a     FDRE/C              n/a            1.000         20.000      19.000     SLICE_X160Y117   doodleAudio/Audio_Codec/initialize_audio/data_i_reg[3]/C
Min Period        n/a     FDRE/C              n/a            1.000         20.000      19.000     SLICE_X161Y117   doodleAudio/Audio_Codec/initialize_audio/data_i_reg[4]/C
Min Period        n/a     FDRE/C              n/a            1.000         20.000      19.000     SLICE_X160Y117   doodleAudio/Audio_Codec/initialize_audio/data_i_reg[5]/C
Min Period        n/a     FDRE/C              n/a            1.000         20.000      19.000     SLICE_X161Y118   doodleAudio/Audio_Codec/initialize_audio/data_i_reg[6]/C
Min Period        n/a     FDRE/C              n/a            1.000         20.000      19.000     SLICE_X161Y118   doodleAudio/Audio_Codec/initialize_audio/data_i_reg[7]/C
Max Period        n/a     MMCME2_ADV/CLKOUT1  n/a            213.360       20.000      193.360    MMCME2_ADV_X1Y0  doodleAudio/Audio_Codec/audiocodec_master_clock/inst/mmcm_adv_inst/CLKOUT1
Low Pulse Width   Slow    FDRE/C              n/a            0.500         10.000      9.500      SLICE_X160Y117   doodleAudio/Audio_Codec/initialize_audio/data_i_reg[0]/C
Low Pulse Width   Fast    FDRE/C              n/a            0.500         10.000      9.500      SLICE_X160Y117   doodleAudio/Audio_Codec/initialize_audio/data_i_reg[0]/C
Low Pulse Width   Slow    FDRE/C              n/a            0.500         10.000      9.500      SLICE_X161Y118   doodleAudio/Audio_Codec/initialize_audio/data_i_reg[1]/C
Low Pulse Width   Fast    FDRE/C              n/a            0.500         10.000      9.500      SLICE_X161Y118   doodleAudio/Audio_Codec/initialize_audio/data_i_reg[1]/C
Low Pulse Width   Slow    FDRE/C              n/a            0.500         10.000      9.500      SLICE_X160Y117   doodleAudio/Audio_Codec/initialize_audio/data_i_reg[2]/C
Low Pulse Width   Fast    FDRE/C              n/a            0.500         10.000      9.500      SLICE_X160Y117   doodleAudio/Audio_Codec/initialize_audio/data_i_reg[2]/C
Low Pulse Width   Slow    FDRE/C              n/a            0.500         10.000      9.500      SLICE_X160Y117   doodleAudio/Audio_Codec/initialize_audio/data_i_reg[3]/C
Low Pulse Width   Fast    FDRE/C              n/a            0.500         10.000      9.500      SLICE_X160Y117   doodleAudio/Audio_Codec/initialize_audio/data_i_reg[3]/C
Low Pulse Width   Slow    FDRE/C              n/a            0.500         10.000      9.500      SLICE_X161Y117   doodleAudio/Audio_Codec/initialize_audio/data_i_reg[4]/C
Low Pulse Width   Fast    FDRE/C              n/a            0.500         10.000      9.500      SLICE_X161Y117   doodleAudio/Audio_Codec/initialize_audio/data_i_reg[4]/C
High Pulse Width  Slow    FDRE/C              n/a            0.500         10.000      9.500      SLICE_X160Y117   doodleAudio/Audio_Codec/initialize_audio/data_i_reg[0]/C
High Pulse Width  Fast    FDRE/C              n/a            0.500         10.000      9.500      SLICE_X160Y117   doodleAudio/Audio_Codec/initialize_audio/data_i_reg[0]/C
High Pulse Width  Slow    FDRE/C              n/a            0.500         10.000      9.500      SLICE_X161Y118   doodleAudio/Audio_Codec/initialize_audio/data_i_reg[1]/C
High Pulse Width  Fast    FDRE/C              n/a            0.500         10.000      9.500      SLICE_X161Y118   doodleAudio/Audio_Codec/initialize_audio/data_i_reg[1]/C
High Pulse Width  Slow    FDRE/C              n/a            0.500         10.000      9.500      SLICE_X160Y117   doodleAudio/Audio_Codec/initialize_audio/data_i_reg[2]/C
High Pulse Width  Fast    FDRE/C              n/a            0.500         10.000      9.500      SLICE_X160Y117   doodleAudio/Audio_Codec/initialize_audio/data_i_reg[2]/C
High Pulse Width  Slow    FDRE/C              n/a            0.500         10.000      9.500      SLICE_X160Y117   doodleAudio/Audio_Codec/initialize_audio/data_i_reg[3]/C
High Pulse Width  Fast    FDRE/C              n/a            0.500         10.000      9.500      SLICE_X160Y117   doodleAudio/Audio_Codec/initialize_audio/data_i_reg[3]/C
High Pulse Width  Slow    FDRE/C              n/a            0.500         10.000      9.500      SLICE_X161Y117   doodleAudio/Audio_Codec/initialize_audio/data_i_reg[4]/C
High Pulse Width  Fast    FDRE/C              n/a            0.500         10.000      9.500      SLICE_X161Y117   doodleAudio/Audio_Codec/initialize_audio/data_i_reg[4]/C



---------------------------------------------------------------------------------------------------
From Clock:  clkfbout_clk_wiz_1
  To Clock:  clkfbout_clk_wiz_1

Setup :           NA  Failing Endpoints,  Worst Slack           NA  ,  Total Violation           NA
Hold  :           NA  Failing Endpoints,  Worst Slack           NA  ,  Total Violation           NA
PW    :            0  Failing Endpoints,  Worst Slack        7.845ns,  Total Violation        0.000ns
---------------------------------------------------------------------------------------------------


Pulse Width Checks
--------------------------------------------------------------------------------------
Clock Name:         clkfbout_clk_wiz_1
Waveform(ns):       { 0.000 5.000 }
Period(ns):         10.000
Sources:            { doodleAudio/Audio_Codec/audiocodec_master_clock/inst/mmcm_adv_inst/CLKFBOUT }

Check Type  Corner  Lib Pin              Reference Pin  Required(ns)  Actual(ns)  Slack(ns)  Location         Pin
Min Period  n/a     BUFG/I               n/a            2.155         10.000      7.845      BUFGCTRL_X0Y6    doodleAudio/Audio_Codec/audiocodec_master_clock/inst/clkf_buf/I
Min Period  n/a     MMCME2_ADV/CLKFBOUT  n/a            1.249         10.000      8.751      MMCME2_ADV_X1Y0  doodleAudio/Audio_Codec/audiocodec_master_clock/inst/mmcm_adv_inst/CLKFBOUT
Min Period  n/a     MMCME2_ADV/CLKFBIN   n/a            1.249         10.000      8.751      MMCME2_ADV_X1Y0  doodleAudio/Audio_Codec/audiocodec_master_clock/inst/mmcm_adv_inst/CLKFBIN
Max Period  n/a     MMCME2_ADV/CLKFBIN   n/a            100.000       10.000      90.000     MMCME2_ADV_X1Y0  doodleAudio/Audio_Codec/audiocodec_master_clock/inst/mmcm_adv_inst/CLKFBIN
Max Period  n/a     MMCME2_ADV/CLKFBOUT  n/a            213.360       10.000      203.360    MMCME2_ADV_X1Y0  doodleAudio/Audio_Codec/audiocodec_master_clock/inst/mmcm_adv_inst/CLKFBOUT



---------------------------------------------------------------------------------------------------
From Clock:  clk_out1_clk_wiz_0
  To Clock:  clk_out2_clk_wiz_0

Setup :            0  Failing Endpoints,  Worst Slack        5.130ns,  Total Violation        0.000ns
Hold  :            0  Failing Endpoints,  Worst Slack        0.119ns,  Total Violation        0.000ns
---------------------------------------------------------------------------------------------------


Max Delay Paths
--------------------------------------------------------------------------------------
Slack (MET) :             5.130ns  (required time - arrival time)
  Source:                 datapath/video_inst/inst_dvid/latched_blue_reg[7]/C
                            (rising edge-triggered cell FDRE clocked by clk_out1_clk_wiz_0  {rise@0.000ns fall@20.000ns period=40.000ns})
  Destination:            datapath/video_inst/inst_dvid/shift_blue_reg[7]/D
                            (rising edge-triggered cell FDRE clocked by clk_out2_clk_wiz_0  {rise@0.000ns fall@4.000ns period=8.000ns})
  Path Group:             clk_out2_clk_wiz_0
  Path Type:              Setup (Max at Slow Process Corner)
  Requirement:            8.000ns  (clk_out2_clk_wiz_0 rise@8.000ns - clk_out1_clk_wiz_0 rise@0.000ns)
  Data Path Delay:        2.563ns  (logic 0.675ns (26.336%)  route 1.888ns (73.664%))
  Logic Levels:           1  (LUT3=1)
  Clock Path Skew:        -0.210ns (DCD - SCD + CPR)
    Destination Clock Delay (DCD):    1.568ns = ( 9.568 - 8.000 ) 
    Source Clock Delay      (SCD):    1.690ns
    Clock Pessimism Removal (CPR):    -0.088ns
  Clock Uncertainty:      0.215ns  ((TSJ^2 + DJ^2)^1/2) / 2 + PE
    Total System Jitter     (TSJ):    0.071ns
    Discrete Jitter          (DJ):    0.175ns
    Phase Error              (PE):    0.120ns

    Location             Delay type                Incr(ns)  Path(ns)    Netlist Resource(s)
  -------------------------------------------------------------------    -------------------
                         (clock clk_out1_clk_wiz_0 rise edge)
                                                      0.000     0.000 r  
    BUFGCTRL_X0Y2        BUFG                         0.000     0.000 r  clk_IBUF_BUFG_inst/O
                         net (fo=518, routed)         1.761     1.761    datapath/video_inst/mmcm_adv_inst_display_clocks/inst/clk_in1
    MMCME2_ADV_X0Y2      MMCME2_ADV (Prop_mmcme2_adv_CLKIN1_CLKOUT0)
                                                     -3.701    -1.939 r  datapath/video_inst/mmcm_adv_inst_display_clocks/inst/mmcm_adv_inst/CLKOUT0
                         net (fo=1, routed)           1.843    -0.096    datapath/video_inst/mmcm_adv_inst_display_clocks/inst/clk_out1_clk_wiz_0
    BUFGCTRL_X0Y3        BUFG (Prop_bufg_I_O)         0.096    -0.000 r  datapath/video_inst/mmcm_adv_inst_display_clocks/inst/clkout1_buf/O
                         net (fo=132, routed)         1.690     1.690    datapath/video_inst/inst_dvid/clk_out1
    SLICE_X128Y108       FDRE                                         r  datapath/video_inst/inst_dvid/latched_blue_reg[7]/C
  -------------------------------------------------------------------    -------------------
    SLICE_X128Y108       FDRE (Prop_fdre_C_Q)         0.518     2.208 r  datapath/video_inst/inst_dvid/latched_blue_reg[7]/Q
                         net (fo=1, routed)           1.888     4.096    datapath/video_inst/inst_dvid/latched_blue[7]
    SLICE_X128Y109       LUT3 (Prop_lut3_I2_O)        0.157     4.253 r  datapath/video_inst/inst_dvid/shift_blue[7]_i_1/O
                         net (fo=1, routed)           0.000     4.253    datapath/video_inst/inst_dvid/shift_blue_0[7]
    SLICE_X128Y109       FDRE                                         r  datapath/video_inst/inst_dvid/shift_blue_reg[7]/D
  -------------------------------------------------------------------    -------------------

                         (clock clk_out2_clk_wiz_0 rise edge)
                                                      8.000     8.000 r  
    BUFGCTRL_X0Y2        BUFG                         0.000     8.000 r  clk_IBUF_BUFG_inst/O
                         net (fo=518, routed)         1.643     9.643    datapath/video_inst/mmcm_adv_inst_display_clocks/inst/clk_in1
    MMCME2_ADV_X0Y2      MMCME2_ADV (Prop_mmcme2_adv_CLKIN1_CLKOUT1)
                                                     -3.494     6.149 r  datapath/video_inst/mmcm_adv_inst_display_clocks/inst/mmcm_adv_inst/CLKOUT1
                         net (fo=1, routed)           1.760     7.909    datapath/video_inst/mmcm_adv_inst_display_clocks/inst/clk_out2_clk_wiz_0
    BUFGCTRL_X0Y0        BUFG (Prop_bufg_I_O)         0.091     8.000 r  datapath/video_inst/mmcm_adv_inst_display_clocks/inst/clkout2_buf/O
                         net (fo=44, routed)          1.568     9.568    datapath/video_inst/inst_dvid/clk_out2
    SLICE_X128Y109       FDRE                                         r  datapath/video_inst/inst_dvid/shift_blue_reg[7]/C
                         clock pessimism             -0.088     9.480    
                         clock uncertainty           -0.215     9.266    
    SLICE_X128Y109       FDRE (Setup_fdre_C_D)        0.118     9.384    datapath/video_inst/inst_dvid/shift_blue_reg[7]
  -------------------------------------------------------------------
                         required time                          9.384    
                         arrival time                          -4.253    
  -------------------------------------------------------------------
                         slack                                  5.130    

Slack (MET) :             5.166ns  (required time - arrival time)
  Source:                 datapath/video_inst/inst_dvid/latched_green_reg[6]/C
                            (rising edge-triggered cell FDRE clocked by clk_out1_clk_wiz_0  {rise@0.000ns fall@20.000ns period=40.000ns})
  Destination:            datapath/video_inst/inst_dvid/shift_green_reg[6]/D
                            (rising edge-triggered cell FDRE clocked by clk_out2_clk_wiz_0  {rise@0.000ns fall@4.000ns period=8.000ns})
  Path Group:             clk_out2_clk_wiz_0
  Path Type:              Setup (Max at Slow Process Corner)
  Requirement:            8.000ns  (clk_out2_clk_wiz_0 rise@8.000ns - clk_out1_clk_wiz_0 rise@0.000ns)
  Data Path Delay:        2.488ns  (logic 0.580ns (23.311%)  route 1.908ns (76.689%))
  Logic Levels:           1  (LUT3=1)
  Clock Path Skew:        -0.208ns (DCD - SCD + CPR)
    Destination Clock Delay (DCD):    1.570ns = ( 9.570 - 8.000 ) 
    Source Clock Delay      (SCD):    1.690ns
    Clock Pessimism Removal (CPR):    -0.088ns
  Clock Uncertainty:      0.215ns  ((TSJ^2 + DJ^2)^1/2) / 2 + PE
    Total System Jitter     (TSJ):    0.071ns
    Discrete Jitter          (DJ):    0.175ns
    Phase Error              (PE):    0.120ns

    Location             Delay type                Incr(ns)  Path(ns)    Netlist Resource(s)
  -------------------------------------------------------------------    -------------------
                         (clock clk_out1_clk_wiz_0 rise edge)
                                                      0.000     0.000 r  
    BUFGCTRL_X0Y2        BUFG                         0.000     0.000 r  clk_IBUF_BUFG_inst/O
                         net (fo=518, routed)         1.761     1.761    datapath/video_inst/mmcm_adv_inst_display_clocks/inst/clk_in1
    MMCME2_ADV_X0Y2      MMCME2_ADV (Prop_mmcme2_adv_CLKIN1_CLKOUT0)
                                                     -3.701    -1.939 r  datapath/video_inst/mmcm_adv_inst_display_clocks/inst/mmcm_adv_inst/CLKOUT0
                         net (fo=1, routed)           1.843    -0.096    datapath/video_inst/mmcm_adv_inst_display_clocks/inst/clk_out1_clk_wiz_0
    BUFGCTRL_X0Y3        BUFG (Prop_bufg_I_O)         0.096    -0.000 r  datapath/video_inst/mmcm_adv_inst_display_clocks/inst/clkout1_buf/O
                         net (fo=132, routed)         1.690     1.690    datapath/video_inst/inst_dvid/clk_out1
    SLICE_X137Y109       FDRE                                         r  datapath/video_inst/inst_dvid/latched_green_reg[6]/C
  -------------------------------------------------------------------    -------------------
    SLICE_X137Y109       FDRE (Prop_fdre_C_Q)         0.456     2.146 r  datapath/video_inst/inst_dvid/latched_green_reg[6]/Q
                         net (fo=1, routed)           1.908     4.055    datapath/video_inst/inst_dvid/latched_green[6]
    SLICE_X136Y108       LUT3 (Prop_lut3_I2_O)        0.124     4.179 r  datapath/video_inst/inst_dvid/shift_green[6]_i_1/O
                         net (fo=1, routed)           0.000     4.179    datapath/video_inst/inst_dvid/shift_green_1[6]
    SLICE_X136Y108       FDRE                                         r  datapath/video_inst/inst_dvid/shift_green_reg[6]/D
  -------------------------------------------------------------------    -------------------

                         (clock clk_out2_clk_wiz_0 rise edge)
                                                      8.000     8.000 r  
    BUFGCTRL_X0Y2        BUFG                         0.000     8.000 r  clk_IBUF_BUFG_inst/O
                         net (fo=518, routed)         1.643     9.643    datapath/video_inst/mmcm_adv_inst_display_clocks/inst/clk_in1
    MMCME2_ADV_X0Y2      MMCME2_ADV (Prop_mmcme2_adv_CLKIN1_CLKOUT1)
                                                     -3.494     6.149 r  datapath/video_inst/mmcm_adv_inst_display_clocks/inst/mmcm_adv_inst/CLKOUT1
                         net (fo=1, routed)           1.760     7.909    datapath/video_inst/mmcm_adv_inst_display_clocks/inst/clk_out2_clk_wiz_0
    BUFGCTRL_X0Y0        BUFG (Prop_bufg_I_O)         0.091     8.000 r  datapath/video_inst/mmcm_adv_inst_display_clocks/inst/clkout2_buf/O
                         net (fo=44, routed)          1.570     9.570    datapath/video_inst/inst_dvid/clk_out2
    SLICE_X136Y108       FDRE                                         r  datapath/video_inst/inst_dvid/shift_green_reg[6]/C
                         clock pessimism             -0.088     9.482    
                         clock uncertainty           -0.215     9.268    
    SLICE_X136Y108       FDRE (Setup_fdre_C_D)        0.077     9.345    datapath/video_inst/inst_dvid/shift_green_reg[6]
  -------------------------------------------------------------------
                         required time                          9.345    
                         arrival time                          -4.179    
  -------------------------------------------------------------------
                         slack                                  5.166    

Slack (MET) :             5.192ns  (required time - arrival time)
  Source:                 datapath/video_inst/inst_dvid/latched_blue_reg[8]/C
                            (rising edge-triggered cell FDRE clocked by clk_out1_clk_wiz_0  {rise@0.000ns fall@20.000ns period=40.000ns})
  Destination:            datapath/video_inst/inst_dvid/shift_blue_reg[8]/D
                            (rising edge-triggered cell FDRE clocked by clk_out2_clk_wiz_0  {rise@0.000ns fall@4.000ns period=8.000ns})
  Path Group:             clk_out2_clk_wiz_0
  Path Type:              Setup (Max at Slow Process Corner)
  Requirement:            8.000ns  (clk_out2_clk_wiz_0 rise@8.000ns - clk_out1_clk_wiz_0 rise@0.000ns)
  Data Path Delay:        2.315ns  (logic 0.518ns (22.372%)  route 1.797ns (77.628%))
  Logic Levels:           0  
  Clock Path Skew:        -0.211ns (DCD - SCD + CPR)
    Destination Clock Delay (DCD):    1.567ns = ( 9.567 - 8.000 ) 
    Source Clock Delay      (SCD):    1.690ns
    Clock Pessimism Removal (CPR):    -0.088ns
  Clock Uncertainty:      0.215ns  ((TSJ^2 + DJ^2)^1/2) / 2 + PE
    Total System Jitter     (TSJ):    0.071ns
    Discrete Jitter          (DJ):    0.175ns
    Phase Error              (PE):    0.120ns

    Location             Delay type                Incr(ns)  Path(ns)    Netlist Resource(s)
  -------------------------------------------------------------------    -------------------
                         (clock clk_out1_clk_wiz_0 rise edge)
                                                      0.000     0.000 r  
    BUFGCTRL_X0Y2        BUFG                         0.000     0.000 r  clk_IBUF_BUFG_inst/O
                         net (fo=518, routed)         1.761     1.761    datapath/video_inst/mmcm_adv_inst_display_clocks/inst/clk_in1
    MMCME2_ADV_X0Y2      MMCME2_ADV (Prop_mmcme2_adv_CLKIN1_CLKOUT0)
                                                     -3.701    -1.939 r  datapath/video_inst/mmcm_adv_inst_display_clocks/inst/mmcm_adv_inst/CLKOUT0
                         net (fo=1, routed)           1.843    -0.096    datapath/video_inst/mmcm_adv_inst_display_clocks/inst/clk_out1_clk_wiz_0
    BUFGCTRL_X0Y3        BUFG (Prop_bufg_I_O)         0.096    -0.000 r  datapath/video_inst/mmcm_adv_inst_display_clocks/inst/clkout1_buf/O
                         net (fo=132, routed)         1.690     1.690    datapath/video_inst/inst_dvid/clk_out1
    SLICE_X128Y108       FDRE                                         r  datapath/video_inst/inst_dvid/latched_blue_reg[8]/C
  -------------------------------------------------------------------    -------------------
    SLICE_X128Y108       FDRE (Prop_fdre_C_Q)         0.518     2.208 r  datapath/video_inst/inst_dvid/latched_blue_reg[8]/Q
                         net (fo=1, routed)           1.797     4.006    datapath/video_inst/inst_dvid/latched_blue[8]
    SLICE_X127Y109       FDRE                                         r  datapath/video_inst/inst_dvid/shift_blue_reg[8]/D
  -------------------------------------------------------------------    -------------------

                         (clock clk_out2_clk_wiz_0 rise edge)
                                                      8.000     8.000 r  
    BUFGCTRL_X0Y2        BUFG                         0.000     8.000 r  clk_IBUF_BUFG_inst/O
                         net (fo=518, routed)         1.643     9.643    datapath/video_inst/mmcm_adv_inst_display_clocks/inst/clk_in1
    MMCME2_ADV_X0Y2      MMCME2_ADV (Prop_mmcme2_adv_CLKIN1_CLKOUT1)
                                                     -3.494     6.149 r  datapath/video_inst/mmcm_adv_inst_display_clocks/inst/mmcm_adv_inst/CLKOUT1
                         net (fo=1, routed)           1.760     7.909    datapath/video_inst/mmcm_adv_inst_display_clocks/inst/clk_out2_clk_wiz_0
    BUFGCTRL_X0Y0        BUFG (Prop_bufg_I_O)         0.091     8.000 r  datapath/video_inst/mmcm_adv_inst_display_clocks/inst/clkout2_buf/O
                         net (fo=44, routed)          1.567     9.567    datapath/video_inst/inst_dvid/clk_out2
    SLICE_X127Y109       FDRE                                         r  datapath/video_inst/inst_dvid/shift_blue_reg[8]/C
                         clock pessimism             -0.088     9.479    
                         clock uncertainty           -0.215     9.265    
    SLICE_X127Y109       FDRE (Setup_fdre_C_D)       -0.067     9.198    datapath/video_inst/inst_dvid/shift_blue_reg[8]
  -------------------------------------------------------------------
                         required time                          9.198    
                         arrival time                          -4.006    
  -------------------------------------------------------------------
                         slack                                  5.192    

Slack (MET) :             5.202ns  (required time - arrival time)
  Source:                 datapath/video_inst/inst_dvid/latched_green_reg[3]/C
                            (rising edge-triggered cell FDRE clocked by clk_out1_clk_wiz_0  {rise@0.000ns fall@20.000ns period=40.000ns})
  Destination:            datapath/video_inst/inst_dvid/shift_green_reg[3]/D
                            (rising edge-triggered cell FDRE clocked by clk_out2_clk_wiz_0  {rise@0.000ns fall@4.000ns period=8.000ns})
  Path Group:             clk_out2_clk_wiz_0
  Path Type:              Setup (Max at Slow Process Corner)
  Requirement:            8.000ns  (clk_out2_clk_wiz_0 rise@8.000ns - clk_out1_clk_wiz_0 rise@0.000ns)
  Data Path Delay:        2.492ns  (logic 0.670ns (26.891%)  route 1.822ns (73.109%))
  Logic Levels:           1  (LUT3=1)
  Clock Path Skew:        -0.210ns (DCD - SCD + CPR)
    Destination Clock Delay (DCD):    1.566ns = ( 9.566 - 8.000 ) 
    Source Clock Delay      (SCD):    1.688ns
    Clock Pessimism Removal (CPR):    -0.088ns
  Clock Uncertainty:      0.215ns  ((TSJ^2 + DJ^2)^1/2) / 2 + PE
    Total System Jitter     (TSJ):    0.071ns
    Discrete Jitter          (DJ):    0.175ns
    Phase Error              (PE):    0.120ns

    Location             Delay type                Incr(ns)  Path(ns)    Netlist Resource(s)
  -------------------------------------------------------------------    -------------------
                         (clock clk_out1_clk_wiz_0 rise edge)
                                                      0.000     0.000 r  
    BUFGCTRL_X0Y2        BUFG                         0.000     0.000 r  clk_IBUF_BUFG_inst/O
                         net (fo=518, routed)         1.761     1.761    datapath/video_inst/mmcm_adv_inst_display_clocks/inst/clk_in1
    MMCME2_ADV_X0Y2      MMCME2_ADV (Prop_mmcme2_adv_CLKIN1_CLKOUT0)
                                                     -3.701    -1.939 r  datapath/video_inst/mmcm_adv_inst_display_clocks/inst/mmcm_adv_inst/CLKOUT0
                         net (fo=1, routed)           1.843    -0.096    datapath/video_inst/mmcm_adv_inst_display_clocks/inst/clk_out1_clk_wiz_0
    BUFGCTRL_X0Y3        BUFG (Prop_bufg_I_O)         0.096    -0.000 r  datapath/video_inst/mmcm_adv_inst_display_clocks/inst/clkout1_buf/O
                         net (fo=132, routed)         1.688     1.688    datapath/video_inst/inst_dvid/clk_out1
    SLICE_X136Y112       FDRE                                         r  datapath/video_inst/inst_dvid/latched_green_reg[3]/C
  -------------------------------------------------------------------    -------------------
    SLICE_X136Y112       FDRE (Prop_fdre_C_Q)         0.518     2.206 r  datapath/video_inst/inst_dvid/latched_green_reg[3]/Q
                         net (fo=1, routed)           1.822     4.028    datapath/video_inst/inst_dvid/latched_green[3]
    SLICE_X136Y113       LUT3 (Prop_lut3_I2_O)        0.152     4.180 r  datapath/video_inst/inst_dvid/shift_green[3]_i_1/O
                         net (fo=1, routed)           0.000     4.180    datapath/video_inst/inst_dvid/shift_green_1[3]
    SLICE_X136Y113       FDRE                                         r  datapath/video_inst/inst_dvid/shift_green_reg[3]/D
  -------------------------------------------------------------------    -------------------

                         (clock clk_out2_clk_wiz_0 rise edge)
                                                      8.000     8.000 r  
    BUFGCTRL_X0Y2        BUFG                         0.000     8.000 r  clk_IBUF_BUFG_inst/O
                         net (fo=518, routed)         1.643     9.643    datapath/video_inst/mmcm_adv_inst_display_clocks/inst/clk_in1
    MMCME2_ADV_X0Y2      MMCME2_ADV (Prop_mmcme2_adv_CLKIN1_CLKOUT1)
                                                     -3.494     6.149 r  datapath/video_inst/mmcm_adv_inst_display_clocks/inst/mmcm_adv_inst/CLKOUT1
                         net (fo=1, routed)           1.760     7.909    datapath/video_inst/mmcm_adv_inst_display_clocks/inst/clk_out2_clk_wiz_0
    BUFGCTRL_X0Y0        BUFG (Prop_bufg_I_O)         0.091     8.000 r  datapath/video_inst/mmcm_adv_inst_display_clocks/inst/clkout2_buf/O
                         net (fo=44, routed)          1.566     9.566    datapath/video_inst/inst_dvid/clk_out2
    SLICE_X136Y113       FDRE                                         r  datapath/video_inst/inst_dvid/shift_green_reg[3]/C
                         clock pessimism             -0.088     9.478    
                         clock uncertainty           -0.215     9.264    
    SLICE_X136Y113       FDRE (Setup_fdre_C_D)        0.118     9.382    datapath/video_inst/inst_dvid/shift_green_reg[3]
  -------------------------------------------------------------------
                         required time                          9.382    
                         arrival time                          -4.180    
  -------------------------------------------------------------------
                         slack                                  5.202    

Slack (MET) :             5.232ns  (required time - arrival time)
  Source:                 datapath/video_inst/inst_dvid/latched_blue_reg[0]/C
                            (rising edge-triggered cell FDRE clocked by clk_out1_clk_wiz_0  {rise@0.000ns fall@20.000ns period=40.000ns})
  Destination:            datapath/video_inst/inst_dvid/shift_blue_reg[0]/D
                            (rising edge-triggered cell FDRE clocked by clk_out2_clk_wiz_0  {rise@0.000ns fall@4.000ns period=8.000ns})
  Path Group:             clk_out2_clk_wiz_0
  Path Type:              Setup (Max at Slow Process Corner)
  Requirement:            8.000ns  (clk_out2_clk_wiz_0 rise@8.000ns - clk_out1_clk_wiz_0 rise@0.000ns)
  Data Path Delay:        2.419ns  (logic 0.773ns (31.952%)  route 1.646ns (68.048%))
  Logic Levels:           1  (LUT3=1)
  Clock Path Skew:        -0.211ns (DCD - SCD + CPR)
    Destination Clock Delay (DCD):    1.568ns = ( 9.568 - 8.000 ) 
    Source Clock Delay      (SCD):    1.691ns
    Clock Pessimism Removal (CPR):    -0.088ns
  Clock Uncertainty:      0.215ns  ((TSJ^2 + DJ^2)^1/2) / 2 + PE
    Total System Jitter     (TSJ):    0.071ns
    Discrete Jitter          (DJ):    0.175ns
    Phase Error              (PE):    0.120ns

    Location             Delay type                Incr(ns)  Path(ns)    Netlist Resource(s)
  -------------------------------------------------------------------    -------------------
                         (clock clk_out1_clk_wiz_0 rise edge)
                                                      0.000     0.000 r  
    BUFGCTRL_X0Y2        BUFG                         0.000     0.000 r  clk_IBUF_BUFG_inst/O
                         net (fo=518, routed)         1.761     1.761    datapath/video_inst/mmcm_adv_inst_display_clocks/inst/clk_in1
    MMCME2_ADV_X0Y2      MMCME2_ADV (Prop_mmcme2_adv_CLKIN1_CLKOUT0)
                                                     -3.701    -1.939 r  datapath/video_inst/mmcm_adv_inst_display_clocks/inst/mmcm_adv_inst/CLKOUT0
                         net (fo=1, routed)           1.843    -0.096    datapath/video_inst/mmcm_adv_inst_display_clocks/inst/clk_out1_clk_wiz_0
    BUFGCTRL_X0Y3        BUFG (Prop_bufg_I_O)         0.096    -0.000 r  datapath/video_inst/mmcm_adv_inst_display_clocks/inst/clkout1_buf/O
                         net (fo=132, routed)         1.691     1.691    datapath/video_inst/inst_dvid/clk_out1
    SLICE_X128Y106       FDRE                                         r  datapath/video_inst/inst_dvid/latched_blue_reg[0]/C
  -------------------------------------------------------------------    -------------------
    SLICE_X128Y106       FDRE (Prop_fdre_C_Q)         0.478     2.169 r  datapath/video_inst/inst_dvid/latched_blue_reg[0]/Q
                         net (fo=1, routed)           1.646     3.816    datapath/video_inst/inst_dvid/latched_blue[0]
    SLICE_X128Y109       LUT3 (Prop_lut3_I2_O)        0.295     4.111 r  datapath/video_inst/inst_dvid/shift_blue[0]_i_1/O
                         net (fo=1, routed)           0.000     4.111    datapath/video_inst/inst_dvid/shift_blue_0[0]
    SLICE_X128Y109       FDRE                                         r  datapath/video_inst/inst_dvid/shift_blue_reg[0]/D
  -------------------------------------------------------------------    -------------------

                         (clock clk_out2_clk_wiz_0 rise edge)
                                                      8.000     8.000 r  
    BUFGCTRL_X0Y2        BUFG                         0.000     8.000 r  clk_IBUF_BUFG_inst/O
                         net (fo=518, routed)         1.643     9.643    datapath/video_inst/mmcm_adv_inst_display_clocks/inst/clk_in1
    MMCME2_ADV_X0Y2      MMCME2_ADV (Prop_mmcme2_adv_CLKIN1_CLKOUT1)
                                                     -3.494     6.149 r  datapath/video_inst/mmcm_adv_inst_display_clocks/inst/mmcm_adv_inst/CLKOUT1
                         net (fo=1, routed)           1.760     7.909    datapath/video_inst/mmcm_adv_inst_display_clocks/inst/clk_out2_clk_wiz_0
    BUFGCTRL_X0Y0        BUFG (Prop_bufg_I_O)         0.091     8.000 r  datapath/video_inst/mmcm_adv_inst_display_clocks/inst/clkout2_buf/O
                         net (fo=44, routed)          1.568     9.568    datapath/video_inst/inst_dvid/clk_out2
    SLICE_X128Y109       FDRE                                         r  datapath/video_inst/inst_dvid/shift_blue_reg[0]/C
                         clock pessimism             -0.088     9.480    
                         clock uncertainty           -0.215     9.266    
    SLICE_X128Y109       FDRE (Setup_fdre_C_D)        0.077     9.343    datapath/video_inst/inst_dvid/shift_blue_reg[0]
  -------------------------------------------------------------------
                         required time                          9.343    
                         arrival time                          -4.111    
  -------------------------------------------------------------------
                         slack                                  5.232    

Slack (MET) :             5.243ns  (required time - arrival time)
  Source:                 datapath/video_inst/inst_dvid/latched_blue_reg[6]/C
                            (rising edge-triggered cell FDRE clocked by clk_out1_clk_wiz_0  {rise@0.000ns fall@20.000ns period=40.000ns})
  Destination:            datapath/video_inst/inst_dvid/shift_blue_reg[6]/D
                            (rising edge-triggered cell FDRE clocked by clk_out2_clk_wiz_0  {rise@0.000ns fall@4.000ns period=8.000ns})
  Path Group:             clk_out2_clk_wiz_0
  Path Type:              Setup (Max at Slow Process Corner)
  Requirement:            8.000ns  (clk_out2_clk_wiz_0 rise@8.000ns - clk_out1_clk_wiz_0 rise@0.000ns)
  Data Path Delay:        2.411ns  (logic 0.773ns (32.057%)  route 1.638ns (67.943%))
  Logic Levels:           1  (LUT3=1)
  Clock Path Skew:        -0.210ns (DCD - SCD + CPR)
    Destination Clock Delay (DCD):    1.568ns = ( 9.568 - 8.000 ) 
    Source Clock Delay      (SCD):    1.690ns
    Clock Pessimism Removal (CPR):    -0.088ns
  Clock Uncertainty:      0.215ns  ((TSJ^2 + DJ^2)^1/2) / 2 + PE
    Total System Jitter     (TSJ):    0.071ns
    Discrete Jitter          (DJ):    0.175ns
    Phase Error              (PE):    0.120ns

    Location             Delay type                Incr(ns)  Path(ns)    Netlist Resource(s)
  -------------------------------------------------------------------    -------------------
                         (clock clk_out1_clk_wiz_0 rise edge)
                                                      0.000     0.000 r  
    BUFGCTRL_X0Y2        BUFG                         0.000     0.000 r  clk_IBUF_BUFG_inst/O
                         net (fo=518, routed)         1.761     1.761    datapath/video_inst/mmcm_adv_inst_display_clocks/inst/clk_in1
    MMCME2_ADV_X0Y2      MMCME2_ADV (Prop_mmcme2_adv_CLKIN1_CLKOUT0)
                                                     -3.701    -1.939 r  datapath/video_inst/mmcm_adv_inst_display_clocks/inst/mmcm_adv_inst/CLKOUT0
                         net (fo=1, routed)           1.843    -0.096    datapath/video_inst/mmcm_adv_inst_display_clocks/inst/clk_out1_clk_wiz_0
    BUFGCTRL_X0Y3        BUFG (Prop_bufg_I_O)         0.096    -0.000 r  datapath/video_inst/mmcm_adv_inst_display_clocks/inst/clkout1_buf/O
                         net (fo=132, routed)         1.690     1.690    datapath/video_inst/inst_dvid/clk_out1
    SLICE_X128Y108       FDRE                                         r  datapath/video_inst/inst_dvid/latched_blue_reg[6]/C
  -------------------------------------------------------------------    -------------------
    SLICE_X128Y108       FDRE (Prop_fdre_C_Q)         0.478     2.168 r  datapath/video_inst/inst_dvid/latched_blue_reg[6]/Q
                         net (fo=1, routed)           1.638     3.807    datapath/video_inst/inst_dvid/latched_blue[6]
    SLICE_X128Y109       LUT3 (Prop_lut3_I2_O)        0.295     4.102 r  datapath/video_inst/inst_dvid/shift_blue[6]_i_1/O
                         net (fo=1, routed)           0.000     4.102    datapath/video_inst/inst_dvid/shift_blue_0[6]
    SLICE_X128Y109       FDRE                                         r  datapath/video_inst/inst_dvid/shift_blue_reg[6]/D
  -------------------------------------------------------------------    -------------------

                         (clock clk_out2_clk_wiz_0 rise edge)
                                                      8.000     8.000 r  
    BUFGCTRL_X0Y2        BUFG                         0.000     8.000 r  clk_IBUF_BUFG_inst/O
                         net (fo=518, routed)         1.643     9.643    datapath/video_inst/mmcm_adv_inst_display_clocks/inst/clk_in1
    MMCME2_ADV_X0Y2      MMCME2_ADV (Prop_mmcme2_adv_CLKIN1_CLKOUT1)
                                                     -3.494     6.149 r  datapath/video_inst/mmcm_adv_inst_display_clocks/inst/mmcm_adv_inst/CLKOUT1
                         net (fo=1, routed)           1.760     7.909    datapath/video_inst/mmcm_adv_inst_display_clocks/inst/clk_out2_clk_wiz_0
    BUFGCTRL_X0Y0        BUFG (Prop_bufg_I_O)         0.091     8.000 r  datapath/video_inst/mmcm_adv_inst_display_clocks/inst/clkout2_buf/O
                         net (fo=44, routed)          1.568     9.568    datapath/video_inst/inst_dvid/clk_out2
    SLICE_X128Y109       FDRE                                         r  datapath/video_inst/inst_dvid/shift_blue_reg[6]/C
                         clock pessimism             -0.088     9.480    
                         clock uncertainty           -0.215     9.266    
    SLICE_X128Y109       FDRE (Setup_fdre_C_D)        0.079     9.345    datapath/video_inst/inst_dvid/shift_blue_reg[6]
  -------------------------------------------------------------------
                         required time                          9.345    
                         arrival time                          -4.102    
  -------------------------------------------------------------------
                         slack                                  5.243    

Slack (MET) :             5.264ns  (required time - arrival time)
  Source:                 datapath/video_inst/inst_dvid/latched_green_reg[8]/C
                            (rising edge-triggered cell FDRE clocked by clk_out1_clk_wiz_0  {rise@0.000ns fall@20.000ns period=40.000ns})
  Destination:            datapath/video_inst/inst_dvid/shift_green_reg[8]/D
                            (rising edge-triggered cell FDRE clocked by clk_out2_clk_wiz_0  {rise@0.000ns fall@4.000ns period=8.000ns})
  Path Group:             clk_out2_clk_wiz_0
  Path Type:              Setup (Max at Slow Process Corner)
  Requirement:            8.000ns  (clk_out2_clk_wiz_0 rise@8.000ns - clk_out1_clk_wiz_0 rise@0.000ns)
  Data Path Delay:        2.075ns  (logic 0.478ns (23.041%)  route 1.597ns (76.959%))
  Logic Levels:           0  
  Clock Path Skew:        -0.209ns (DCD - SCD + CPR)
    Destination Clock Delay (DCD):    1.569ns = ( 9.569 - 8.000 ) 
    Source Clock Delay      (SCD):    1.690ns
    Clock Pessimism Removal (CPR):    -0.088ns
  Clock Uncertainty:      0.215ns  ((TSJ^2 + DJ^2)^1/2) / 2 + PE
    Total System Jitter     (TSJ):    0.071ns
    Discrete Jitter          (DJ):    0.175ns
    Phase Error              (PE):    0.120ns

    Location             Delay type                Incr(ns)  Path(ns)    Netlist Resource(s)
  -------------------------------------------------------------------    -------------------
                         (clock clk_out1_clk_wiz_0 rise edge)
                                                      0.000     0.000 r  
    BUFGCTRL_X0Y2        BUFG                         0.000     0.000 r  clk_IBUF_BUFG_inst/O
                         net (fo=518, routed)         1.761     1.761    datapath/video_inst/mmcm_adv_inst_display_clocks/inst/clk_in1
    MMCME2_ADV_X0Y2      MMCME2_ADV (Prop_mmcme2_adv_CLKIN1_CLKOUT0)
                                                     -3.701    -1.939 r  datapath/video_inst/mmcm_adv_inst_display_clocks/inst/mmcm_adv_inst/CLKOUT0
                         net (fo=1, routed)           1.843    -0.096    datapath/video_inst/mmcm_adv_inst_display_clocks/inst/clk_out1_clk_wiz_0
    BUFGCTRL_X0Y3        BUFG (Prop_bufg_I_O)         0.096    -0.000 r  datapath/video_inst/mmcm_adv_inst_display_clocks/inst/clkout1_buf/O
                         net (fo=132, routed)         1.690     1.690    datapath/video_inst/inst_dvid/clk_out1
    SLICE_X136Y109       FDRE                                         r  datapath/video_inst/inst_dvid/latched_green_reg[8]/C
  -------------------------------------------------------------------    -------------------
    SLICE_X136Y109       FDRE (Prop_fdre_C_Q)         0.478     2.168 r  datapath/video_inst/inst_dvid/latched_green_reg[8]/Q
                         net (fo=1, routed)           1.597     3.765    datapath/video_inst/inst_dvid/latched_green[8]
    SLICE_X135Y108       FDRE                                         r  datapath/video_inst/inst_dvid/shift_green_reg[8]/D
  -------------------------------------------------------------------    -------------------

                         (clock clk_out2_clk_wiz_0 rise edge)
                                                      8.000     8.000 r  
    BUFGCTRL_X0Y2        BUFG                         0.000     8.000 r  clk_IBUF_BUFG_inst/O
                         net (fo=518, routed)         1.643     9.643    datapath/video_inst/mmcm_adv_inst_display_clocks/inst/clk_in1
    MMCME2_ADV_X0Y2      MMCME2_ADV (Prop_mmcme2_adv_CLKIN1_CLKOUT1)
                                                     -3.494     6.149 r  datapath/video_inst/mmcm_adv_inst_display_clocks/inst/mmcm_adv_inst/CLKOUT1
                         net (fo=1, routed)           1.760     7.909    datapath/video_inst/mmcm_adv_inst_display_clocks/inst/clk_out2_clk_wiz_0
    BUFGCTRL_X0Y0        BUFG (Prop_bufg_I_O)         0.091     8.000 r  datapath/video_inst/mmcm_adv_inst_display_clocks/inst/clkout2_buf/O
                         net (fo=44, routed)          1.569     9.569    datapath/video_inst/inst_dvid/clk_out2
    SLICE_X135Y108       FDRE                                         r  datapath/video_inst/inst_dvid/shift_green_reg[8]/C
                         clock pessimism             -0.088     9.481    
                         clock uncertainty           -0.215     9.267    
    SLICE_X135Y108       FDRE (Setup_fdre_C_D)       -0.238     9.029    datapath/video_inst/inst_dvid/shift_green_reg[8]
  -------------------------------------------------------------------
                         required time                          9.029    
                         arrival time                          -3.765    
  -------------------------------------------------------------------
                         slack                                  5.264    

Slack (MET) :             5.298ns  (required time - arrival time)
  Source:                 datapath/video_inst/inst_dvid/latched_red_reg[4]/C
                            (rising edge-triggered cell FDRE clocked by clk_out1_clk_wiz_0  {rise@0.000ns fall@20.000ns period=40.000ns})
  Destination:            datapath/video_inst/inst_dvid/shift_red_reg[4]/D
                            (rising edge-triggered cell FDRE clocked by clk_out2_clk_wiz_0  {rise@0.000ns fall@4.000ns period=8.000ns})
  Path Group:             clk_out2_clk_wiz_0
  Path Type:              Setup (Max at Slow Process Corner)
  Requirement:            8.000ns  (clk_out2_clk_wiz_0 rise@8.000ns - clk_out1_clk_wiz_0 rise@0.000ns)
  Data Path Delay:        2.309ns  (logic 0.642ns (27.804%)  route 1.667ns (72.196%))
  Logic Levels:           1  (LUT3=1)
  Clock Path Skew:        -0.209ns (DCD - SCD + CPR)
    Destination Clock Delay (DCD):    1.570ns = ( 9.570 - 8.000 ) 
    Source Clock Delay      (SCD):    1.691ns
    Clock Pessimism Removal (CPR):    -0.088ns
  Clock Uncertainty:      0.215ns  ((TSJ^2 + DJ^2)^1/2) / 2 + PE
    Total System Jitter     (TSJ):    0.071ns
    Discrete Jitter          (DJ):    0.175ns
    Phase Error              (PE):    0.120ns

    Location             Delay type                Incr(ns)  Path(ns)    Netlist Resource(s)
  -------------------------------------------------------------------    -------------------
                         (clock clk_out1_clk_wiz_0 rise edge)
                                                      0.000     0.000 r  
    BUFGCTRL_X0Y2        BUFG                         0.000     0.000 r  clk_IBUF_BUFG_inst/O
                         net (fo=518, routed)         1.761     1.761    datapath/video_inst/mmcm_adv_inst_display_clocks/inst/clk_in1
    MMCME2_ADV_X0Y2      MMCME2_ADV (Prop_mmcme2_adv_CLKIN1_CLKOUT0)
                                                     -3.701    -1.939 r  datapath/video_inst/mmcm_adv_inst_display_clocks/inst/mmcm_adv_inst/CLKOUT0
                         net (fo=1, routed)           1.843    -0.096    datapath/video_inst/mmcm_adv_inst_display_clocks/inst/clk_out1_clk_wiz_0
    BUFGCTRL_X0Y3        BUFG (Prop_bufg_I_O)         0.096    -0.000 r  datapath/video_inst/mmcm_adv_inst_display_clocks/inst/clkout1_buf/O
                         net (fo=132, routed)         1.691     1.691    datapath/video_inst/inst_dvid/clk_out1
    SLICE_X136Y107       FDRE                                         r  datapath/video_inst/inst_dvid/latched_red_reg[4]/C
  -------------------------------------------------------------------    -------------------
    SLICE_X136Y107       FDRE (Prop_fdre_C_Q)         0.518     2.209 r  datapath/video_inst/inst_dvid/latched_red_reg[4]/Q
                         net (fo=1, routed)           1.667     3.876    datapath/video_inst/inst_dvid/latched_red[4]
    SLICE_X137Y107       LUT3 (Prop_lut3_I2_O)        0.124     4.000 r  datapath/video_inst/inst_dvid/shift_red[4]_i_1/O
                         net (fo=1, routed)           0.000     4.000    datapath/video_inst/inst_dvid/shift_red[4]
    SLICE_X137Y107       FDRE                                         r  datapath/video_inst/inst_dvid/shift_red_reg[4]/D
  -------------------------------------------------------------------    -------------------

                         (clock clk_out2_clk_wiz_0 rise edge)
                                                      8.000     8.000 r  
    BUFGCTRL_X0Y2        BUFG                         0.000     8.000 r  clk_IBUF_BUFG_inst/O
                         net (fo=518, routed)         1.643     9.643    datapath/video_inst/mmcm_adv_inst_display_clocks/inst/clk_in1
    MMCME2_ADV_X0Y2      MMCME2_ADV (Prop_mmcme2_adv_CLKIN1_CLKOUT1)
                                                     -3.494     6.149 r  datapath/video_inst/mmcm_adv_inst_display_clocks/inst/mmcm_adv_inst/CLKOUT1
                         net (fo=1, routed)           1.760     7.909    datapath/video_inst/mmcm_adv_inst_display_clocks/inst/clk_out2_clk_wiz_0
    BUFGCTRL_X0Y0        BUFG (Prop_bufg_I_O)         0.091     8.000 r  datapath/video_inst/mmcm_adv_inst_display_clocks/inst/clkout2_buf/O
                         net (fo=44, routed)          1.570     9.570    datapath/video_inst/inst_dvid/clk_out2
    SLICE_X137Y107       FDRE                                         r  datapath/video_inst/inst_dvid/shift_red_reg[4]/C
                         clock pessimism             -0.088     9.482    
                         clock uncertainty           -0.215     9.268    
    SLICE_X137Y107       FDRE (Setup_fdre_C_D)        0.031     9.299    datapath/video_inst/inst_dvid/shift_red_reg[4]
  -------------------------------------------------------------------
                         required time                          9.299    
                         arrival time                          -4.000    
  -------------------------------------------------------------------
                         slack                                  5.298    

Slack (MET) :             5.315ns  (required time - arrival time)
  Source:                 datapath/video_inst/inst_dvid/latched_blue_reg[2]/C
                            (rising edge-triggered cell FDRE clocked by clk_out1_clk_wiz_0  {rise@0.000ns fall@20.000ns period=40.000ns})
  Destination:            datapath/video_inst/inst_dvid/shift_blue_reg[2]/D
                            (rising edge-triggered cell FDRE clocked by clk_out2_clk_wiz_0  {rise@0.000ns fall@4.000ns period=8.000ns})
  Path Group:             clk_out2_clk_wiz_0
  Path Type:              Setup (Max at Slow Process Corner)
  Requirement:            8.000ns  (clk_out2_clk_wiz_0 rise@8.000ns - clk_out1_clk_wiz_0 rise@0.000ns)
  Data Path Delay:        2.341ns  (logic 0.773ns (33.020%)  route 1.568ns (66.980%))
  Logic Levels:           1  (LUT3=1)
  Clock Path Skew:        -0.210ns (DCD - SCD + CPR)
    Destination Clock Delay (DCD):    1.568ns = ( 9.568 - 8.000 ) 
    Source Clock Delay      (SCD):    1.690ns
    Clock Pessimism Removal (CPR):    -0.088ns
  Clock Uncertainty:      0.215ns  ((TSJ^2 + DJ^2)^1/2) / 2 + PE
    Total System Jitter     (TSJ):    0.071ns
    Discrete Jitter          (DJ):    0.175ns
    Phase Error              (PE):    0.120ns

    Location             Delay type                Incr(ns)  Path(ns)    Netlist Resource(s)
  -------------------------------------------------------------------    -------------------
                         (clock clk_out1_clk_wiz_0 rise edge)
                                                      0.000     0.000 r  
    BUFGCTRL_X0Y2        BUFG                         0.000     0.000 r  clk_IBUF_BUFG_inst/O
                         net (fo=518, routed)         1.761     1.761    datapath/video_inst/mmcm_adv_inst_display_clocks/inst/clk_in1
    MMCME2_ADV_X0Y2      MMCME2_ADV (Prop_mmcme2_adv_CLKIN1_CLKOUT0)
                                                     -3.701    -1.939 r  datapath/video_inst/mmcm_adv_inst_display_clocks/inst/mmcm_adv_inst/CLKOUT0
                         net (fo=1, routed)           1.843    -0.096    datapath/video_inst/mmcm_adv_inst_display_clocks/inst/clk_out1_clk_wiz_0
    BUFGCTRL_X0Y3        BUFG (Prop_bufg_I_O)         0.096    -0.000 r  datapath/video_inst/mmcm_adv_inst_display_clocks/inst/clkout1_buf/O
                         net (fo=132, routed)         1.690     1.690    datapath/video_inst/inst_dvid/clk_out1
    SLICE_X128Y107       FDRE                                         r  datapath/video_inst/inst_dvid/latched_blue_reg[2]/C
  -------------------------------------------------------------------    -------------------
    SLICE_X128Y107       FDRE (Prop_fdre_C_Q)         0.478     2.168 r  datapath/video_inst/inst_dvid/latched_blue_reg[2]/Q
                         net (fo=1, routed)           1.568     3.736    datapath/video_inst/inst_dvid/latched_blue[2]
    SLICE_X128Y109       LUT3 (Prop_lut3_I2_O)        0.295     4.031 r  datapath/video_inst/inst_dvid/shift_blue[2]_i_1/O
                         net (fo=1, routed)           0.000     4.031    datapath/video_inst/inst_dvid/shift_blue_0[2]
    SLICE_X128Y109       FDRE                                         r  datapath/video_inst/inst_dvid/shift_blue_reg[2]/D
  -------------------------------------------------------------------    -------------------

                         (clock clk_out2_clk_wiz_0 rise edge)
                                                      8.000     8.000 r  
    BUFGCTRL_X0Y2        BUFG                         0.000     8.000 r  clk_IBUF_BUFG_inst/O
                         net (fo=518, routed)         1.643     9.643    datapath/video_inst/mmcm_adv_inst_display_clocks/inst/clk_in1
    MMCME2_ADV_X0Y2      MMCME2_ADV (Prop_mmcme2_adv_CLKIN1_CLKOUT1)
                                                     -3.494     6.149 r  datapath/video_inst/mmcm_adv_inst_display_clocks/inst/mmcm_adv_inst/CLKOUT1
                         net (fo=1, routed)           1.760     7.909    datapath/video_inst/mmcm_adv_inst_display_clocks/inst/clk_out2_clk_wiz_0
    BUFGCTRL_X0Y0        BUFG (Prop_bufg_I_O)         0.091     8.000 r  datapath/video_inst/mmcm_adv_inst_display_clocks/inst/clkout2_buf/O
                         net (fo=44, routed)          1.568     9.568    datapath/video_inst/inst_dvid/clk_out2
    SLICE_X128Y109       FDRE                                         r  datapath/video_inst/inst_dvid/shift_blue_reg[2]/C
                         clock pessimism             -0.088     9.480    
                         clock uncertainty           -0.215     9.266    
    SLICE_X128Y109       FDRE (Setup_fdre_C_D)        0.081     9.347    datapath/video_inst/inst_dvid/shift_blue_reg[2]
  -------------------------------------------------------------------
                         required time                          9.347    
                         arrival time                          -4.031    
  -------------------------------------------------------------------
                         slack                                  5.315    

Slack (MET) :             5.318ns  (required time - arrival time)
  Source:                 datapath/video_inst/inst_dvid/latched_green_reg[9]/C
                            (rising edge-triggered cell FDRE clocked by clk_out1_clk_wiz_0  {rise@0.000ns fall@20.000ns period=40.000ns})
  Destination:            datapath/video_inst/inst_dvid/shift_green_reg[9]/D
                            (rising edge-triggered cell FDRE clocked by clk_out2_clk_wiz_0  {rise@0.000ns fall@4.000ns period=8.000ns})
  Path Group:             clk_out2_clk_wiz_0
  Path Type:              Setup (Max at Slow Process Corner)
  Requirement:            8.000ns  (clk_out2_clk_wiz_0 rise@8.000ns - clk_out1_clk_wiz_0 rise@0.000ns)
  Data Path Delay:        2.001ns  (logic 0.478ns (23.893%)  route 1.523ns (76.107%))
  Logic Levels:           0  
  Clock Path Skew:        -0.209ns (DCD - SCD + CPR)
    Destination Clock Delay (DCD):    1.569ns = ( 9.569 - 8.000 ) 
    Source Clock Delay      (SCD):    1.690ns
    Clock Pessimism Removal (CPR):    -0.088ns
  Clock Uncertainty:      0.215ns  ((TSJ^2 + DJ^2)^1/2) / 2 + PE
    Total System Jitter     (TSJ):    0.071ns
    Discrete Jitter          (DJ):    0.175ns
    Phase Error              (PE):    0.120ns

    Location             Delay type                Incr(ns)  Path(ns)    Netlist Resource(s)
  -------------------------------------------------------------------    -------------------
                         (clock clk_out1_clk_wiz_0 rise edge)
                                                      0.000     0.000 r  
    BUFGCTRL_X0Y2        BUFG                         0.000     0.000 r  clk_IBUF_BUFG_inst/O
                         net (fo=518, routed)         1.761     1.761    datapath/video_inst/mmcm_adv_inst_display_clocks/inst/clk_in1
    MMCME2_ADV_X0Y2      MMCME2_ADV (Prop_mmcme2_adv_CLKIN1_CLKOUT0)
                                                     -3.701    -1.939 r  datapath/video_inst/mmcm_adv_inst_display_clocks/inst/mmcm_adv_inst/CLKOUT0
                         net (fo=1, routed)           1.843    -0.096    datapath/video_inst/mmcm_adv_inst_display_clocks/inst/clk_out1_clk_wiz_0
    BUFGCTRL_X0Y3        BUFG (Prop_bufg_I_O)         0.096    -0.000 r  datapath/video_inst/mmcm_adv_inst_display_clocks/inst/clkout1_buf/O
                         net (fo=132, routed)         1.690     1.690    datapath/video_inst/inst_dvid/clk_out1
    SLICE_X136Y109       FDRE                                         r  datapath/video_inst/inst_dvid/latched_green_reg[9]/C
  -------------------------------------------------------------------    -------------------
    SLICE_X136Y109       FDRE (Prop_fdre_C_Q)         0.478     2.168 r  datapath/video_inst/inst_dvid/latched_green_reg[9]/Q
                         net (fo=1, routed)           1.523     3.691    datapath/video_inst/inst_dvid/latched_green[9]
    SLICE_X135Y108       FDRE                                         r  datapath/video_inst/inst_dvid/shift_green_reg[9]/D
  -------------------------------------------------------------------    -------------------

                         (clock clk_out2_clk_wiz_0 rise edge)
                                                      8.000     8.000 r  
    BUFGCTRL_X0Y2        BUFG                         0.000     8.000 r  clk_IBUF_BUFG_inst/O
                         net (fo=518, routed)         1.643     9.643    datapath/video_inst/mmcm_adv_inst_display_clocks/inst/clk_in1
    MMCME2_ADV_X0Y2      MMCME2_ADV (Prop_mmcme2_adv_CLKIN1_CLKOUT1)
                                                     -3.494     6.149 r  datapath/video_inst/mmcm_adv_inst_display_clocks/inst/mmcm_adv_inst/CLKOUT1
                         net (fo=1, routed)           1.760     7.909    datapath/video_inst/mmcm_adv_inst_display_clocks/inst/clk_out2_clk_wiz_0
    BUFGCTRL_X0Y0        BUFG (Prop_bufg_I_O)         0.091     8.000 r  datapath/video_inst/mmcm_adv_inst_display_clocks/inst/clkout2_buf/O
                         net (fo=44, routed)          1.569     9.569    datapath/video_inst/inst_dvid/clk_out2
    SLICE_X135Y108       FDRE                                         r  datapath/video_inst/inst_dvid/shift_green_reg[9]/C
                         clock pessimism             -0.088     9.481    
                         clock uncertainty           -0.215     9.267    
    SLICE_X135Y108       FDRE (Setup_fdre_C_D)       -0.258     9.009    datapath/video_inst/inst_dvid/shift_green_reg[9]
  -------------------------------------------------------------------
                         required time                          9.009    
                         arrival time                          -3.691    
  -------------------------------------------------------------------
                         slack                                  5.318    





Min Delay Paths
--------------------------------------------------------------------------------------
Slack (MET) :             0.119ns  (arrival time - required time)
  Source:                 datapath/video_inst/inst_dvid/latched_green_reg[5]/C
                            (rising edge-triggered cell FDRE clocked by clk_out1_clk_wiz_0  {rise@0.000ns fall@20.000ns period=40.000ns})
  Destination:            datapath/video_inst/inst_dvid/shift_green_reg[5]/D
                            (rising edge-triggered cell FDRE clocked by clk_out2_clk_wiz_0  {rise@0.000ns fall@4.000ns period=8.000ns})
  Path Group:             clk_out2_clk_wiz_0
  Path Type:              Hold (Min at Fast Process Corner)
  Requirement:            0.000ns  (clk_out2_clk_wiz_0 rise@0.000ns - clk_out1_clk_wiz_0 rise@0.000ns)
  Data Path Delay:        0.789ns  (logic 0.207ns (26.242%)  route 0.582ns (73.758%))
  Logic Levels:           1  (LUT3=1)
  Clock Path Skew:        0.325ns (DCD - SCD - CPR)
    Destination Clock Delay (DCD):    0.864ns
    Source Clock Delay      (SCD):    0.592ns
    Clock Pessimism Removal (CPR):    -0.053ns
  Clock Uncertainty:      0.215ns  ((TSJ^2 + DJ^2)^1/2) / 2 + PE
    Total System Jitter     (TSJ):    0.071ns
    Discrete Jitter          (DJ):    0.175ns
    Phase Error              (PE):    0.120ns

    Location             Delay type                Incr(ns)  Path(ns)    Netlist Resource(s)
  -------------------------------------------------------------------    -------------------
                         (clock clk_out1_clk_wiz_0 rise edge)
                                                      0.000     0.000 r  
    BUFGCTRL_X0Y2        BUFG                         0.000     0.000 r  clk_IBUF_BUFG_inst/O
                         net (fo=518, routed)         0.610     0.610    datapath/video_inst/mmcm_adv_inst_display_clocks/inst/clk_in1
    MMCME2_ADV_X0Y2      MMCME2_ADV (Prop_mmcme2_adv_CLKIN1_CLKOUT0)
                                                     -1.180    -0.571 r  datapath/video_inst/mmcm_adv_inst_display_clocks/inst/mmcm_adv_inst/CLKOUT0
                         net (fo=1, routed)           0.545    -0.026    datapath/video_inst/mmcm_adv_inst_display_clocks/inst/clk_out1_clk_wiz_0
    BUFGCTRL_X0Y3        BUFG (Prop_bufg_I_O)         0.026     0.000 r  datapath/video_inst/mmcm_adv_inst_display_clocks/inst/clkout1_buf/O
                         net (fo=132, routed)         0.592     0.592    datapath/video_inst/inst_dvid/clk_out1
    SLICE_X136Y112       FDRE                                         r  datapath/video_inst/inst_dvid/latched_green_reg[5]/C
  -------------------------------------------------------------------    -------------------
    SLICE_X136Y112       FDRE (Prop_fdre_C_Q)         0.164     0.756 r  datapath/video_inst/inst_dvid/latched_green_reg[5]/Q
                         net (fo=1, routed)           0.582     1.337    datapath/video_inst/inst_dvid/latched_green[5]
    SLICE_X136Y111       LUT3 (Prop_lut3_I2_O)        0.043     1.380 r  datapath/video_inst/inst_dvid/shift_green[5]_i_1/O
                         net (fo=1, routed)           0.000     1.380    datapath/video_inst/inst_dvid/shift_green_1[5]
    SLICE_X136Y111       FDRE                                         r  datapath/video_inst/inst_dvid/shift_green_reg[5]/D
  -------------------------------------------------------------------    -------------------

                         (clock clk_out2_clk_wiz_0 rise edge)
                                                      0.000     0.000 r  
    BUFGCTRL_X0Y2        BUFG                         0.000     0.000 r  clk_IBUF_BUFG_inst/O
                         net (fo=518, routed)         0.879     0.879    datapath/video_inst/mmcm_adv_inst_display_clocks/inst/clk_in1
    MMCME2_ADV_X0Y2      MMCME2_ADV (Prop_mmcme2_adv_CLKIN1_CLKOUT1)
                                                     -1.502    -0.624 r  datapath/video_inst/mmcm_adv_inst_display_clocks/inst/mmcm_adv_inst/CLKOUT1
                         net (fo=1, routed)           0.595    -0.029    datapath/video_inst/mmcm_adv_inst_display_clocks/inst/clk_out2_clk_wiz_0
    BUFGCTRL_X0Y0        BUFG (Prop_bufg_I_O)         0.029    -0.000 r  datapath/video_inst/mmcm_adv_inst_display_clocks/inst/clkout2_buf/O
                         net (fo=44, routed)          0.864     0.864    datapath/video_inst/inst_dvid/clk_out2
    SLICE_X136Y111       FDRE                                         r  datapath/video_inst/inst_dvid/shift_green_reg[5]/C
                         clock pessimism              0.053     0.916    
                         clock uncertainty            0.215     1.131    
    SLICE_X136Y111       FDRE (Hold_fdre_C_D)         0.131     1.262    datapath/video_inst/inst_dvid/shift_green_reg[5]
  -------------------------------------------------------------------
                         required time                         -1.262    
                         arrival time                           1.380    
  -------------------------------------------------------------------
                         slack                                  0.119    

Slack (MET) :             0.121ns  (arrival time - required time)
  Source:                 datapath/video_inst/inst_dvid/latched_green_reg[2]/C
                            (rising edge-triggered cell FDRE clocked by clk_out1_clk_wiz_0  {rise@0.000ns fall@20.000ns period=40.000ns})
  Destination:            datapath/video_inst/inst_dvid/shift_green_reg[2]/D
                            (rising edge-triggered cell FDRE clocked by clk_out2_clk_wiz_0  {rise@0.000ns fall@4.000ns period=8.000ns})
  Path Group:             clk_out2_clk_wiz_0
  Path Type:              Hold (Min at Fast Process Corner)
  Requirement:            0.000ns  (clk_out2_clk_wiz_0 rise@0.000ns - clk_out1_clk_wiz_0 rise@0.000ns)
  Data Path Delay:        0.778ns  (logic 0.209ns (26.853%)  route 0.569ns (73.147%))
  Logic Levels:           1  (LUT3=1)
  Clock Path Skew:        0.322ns (DCD - SCD - CPR)
    Destination Clock Delay (DCD):    0.861ns
    Source Clock Delay      (SCD):    0.592ns
    Clock Pessimism Removal (CPR):    -0.053ns
  Clock Uncertainty:      0.215ns  ((TSJ^2 + DJ^2)^1/2) / 2 + PE
    Total System Jitter     (TSJ):    0.071ns
    Discrete Jitter          (DJ):    0.175ns
    Phase Error              (PE):    0.120ns

    Location             Delay type                Incr(ns)  Path(ns)    Netlist Resource(s)
  -------------------------------------------------------------------    -------------------
                         (clock clk_out1_clk_wiz_0 rise edge)
                                                      0.000     0.000 r  
    BUFGCTRL_X0Y2        BUFG                         0.000     0.000 r  clk_IBUF_BUFG_inst/O
                         net (fo=518, routed)         0.610     0.610    datapath/video_inst/mmcm_adv_inst_display_clocks/inst/clk_in1
    MMCME2_ADV_X0Y2      MMCME2_ADV (Prop_mmcme2_adv_CLKIN1_CLKOUT0)
                                                     -1.180    -0.571 r  datapath/video_inst/mmcm_adv_inst_display_clocks/inst/mmcm_adv_inst/CLKOUT0
                         net (fo=1, routed)           0.545    -0.026    datapath/video_inst/mmcm_adv_inst_display_clocks/inst/clk_out1_clk_wiz_0
    BUFGCTRL_X0Y3        BUFG (Prop_bufg_I_O)         0.026     0.000 r  datapath/video_inst/mmcm_adv_inst_display_clocks/inst/clkout1_buf/O
                         net (fo=132, routed)         0.592     0.592    datapath/video_inst/inst_dvid/clk_out1
    SLICE_X136Y112       FDRE                                         r  datapath/video_inst/inst_dvid/latched_green_reg[2]/C
  -------------------------------------------------------------------    -------------------
    SLICE_X136Y112       FDRE (Prop_fdre_C_Q)         0.164     0.756 r  datapath/video_inst/inst_dvid/latched_green_reg[2]/Q
                         net (fo=1, routed)           0.569     1.325    datapath/video_inst/inst_dvid/latched_green[2]
    SLICE_X136Y113       LUT3 (Prop_lut3_I2_O)        0.045     1.370 r  datapath/video_inst/inst_dvid/shift_green[2]_i_1/O
                         net (fo=1, routed)           0.000     1.370    datapath/video_inst/inst_dvid/shift_green_1[2]
    SLICE_X136Y113       FDRE                                         r  datapath/video_inst/inst_dvid/shift_green_reg[2]/D
  -------------------------------------------------------------------    -------------------

                         (clock clk_out2_clk_wiz_0 rise edge)
                                                      0.000     0.000 r  
    BUFGCTRL_X0Y2        BUFG                         0.000     0.000 r  clk_IBUF_BUFG_inst/O
                         net (fo=518, routed)         0.879     0.879    datapath/video_inst/mmcm_adv_inst_display_clocks/inst/clk_in1
    MMCME2_ADV_X0Y2      MMCME2_ADV (Prop_mmcme2_adv_CLKIN1_CLKOUT1)
                                                     -1.502    -0.624 r  datapath/video_inst/mmcm_adv_inst_display_clocks/inst/mmcm_adv_inst/CLKOUT1
                         net (fo=1, routed)           0.595    -0.029    datapath/video_inst/mmcm_adv_inst_display_clocks/inst/clk_out2_clk_wiz_0
    BUFGCTRL_X0Y0        BUFG (Prop_bufg_I_O)         0.029    -0.000 r  datapath/video_inst/mmcm_adv_inst_display_clocks/inst/clkout2_buf/O
                         net (fo=44, routed)          0.861     0.861    datapath/video_inst/inst_dvid/clk_out2
    SLICE_X136Y113       FDRE                                         r  datapath/video_inst/inst_dvid/shift_green_reg[2]/C
                         clock pessimism              0.053     0.913    
                         clock uncertainty            0.215     1.128    
    SLICE_X136Y113       FDRE (Hold_fdre_C_D)         0.121     1.249    datapath/video_inst/inst_dvid/shift_green_reg[2]
  -------------------------------------------------------------------
                         required time                         -1.249    
                         arrival time                           1.370    
  -------------------------------------------------------------------
                         slack                                  0.121    

Slack (MET) :             0.153ns  (arrival time - required time)
  Source:                 datapath/video_inst/inst_dvid/latched_blue_reg[5]/C
                            (rising edge-triggered cell FDRE clocked by clk_out1_clk_wiz_0  {rise@0.000ns fall@20.000ns period=40.000ns})
  Destination:            datapath/video_inst/inst_dvid/shift_blue_reg[5]/D
                            (rising edge-triggered cell FDRE clocked by clk_out2_clk_wiz_0  {rise@0.000ns fall@4.000ns period=8.000ns})
  Path Group:             clk_out2_clk_wiz_0
  Path Type:              Hold (Min at Fast Process Corner)
  Requirement:            0.000ns  (clk_out2_clk_wiz_0 rise@0.000ns - clk_out1_clk_wiz_0 rise@0.000ns)
  Data Path Delay:        0.822ns  (logic 0.246ns (29.922%)  route 0.576ns (70.078%))
  Logic Levels:           1  (LUT3=1)
  Clock Path Skew:        0.324ns (DCD - SCD - CPR)
    Destination Clock Delay (DCD):    0.864ns
    Source Clock Delay      (SCD):    0.593ns
    Clock Pessimism Removal (CPR):    -0.053ns
  Clock Uncertainty:      0.215ns  ((TSJ^2 + DJ^2)^1/2) / 2 + PE
    Total System Jitter     (TSJ):    0.071ns
    Discrete Jitter          (DJ):    0.175ns
    Phase Error              (PE):    0.120ns

    Location             Delay type                Incr(ns)  Path(ns)    Netlist Resource(s)
  -------------------------------------------------------------------    -------------------
                         (clock clk_out1_clk_wiz_0 rise edge)
                                                      0.000     0.000 r  
    BUFGCTRL_X0Y2        BUFG                         0.000     0.000 r  clk_IBUF_BUFG_inst/O
                         net (fo=518, routed)         0.610     0.610    datapath/video_inst/mmcm_adv_inst_display_clocks/inst/clk_in1
    MMCME2_ADV_X0Y2      MMCME2_ADV (Prop_mmcme2_adv_CLKIN1_CLKOUT0)
                                                     -1.180    -0.571 r  datapath/video_inst/mmcm_adv_inst_display_clocks/inst/mmcm_adv_inst/CLKOUT0
                         net (fo=1, routed)           0.545    -0.026    datapath/video_inst/mmcm_adv_inst_display_clocks/inst/clk_out1_clk_wiz_0
    BUFGCTRL_X0Y3        BUFG (Prop_bufg_I_O)         0.026     0.000 r  datapath/video_inst/mmcm_adv_inst_display_clocks/inst/clkout1_buf/O
                         net (fo=132, routed)         0.593     0.593    datapath/video_inst/inst_dvid/clk_out1
    SLICE_X128Y107       FDRE                                         r  datapath/video_inst/inst_dvid/latched_blue_reg[5]/C
  -------------------------------------------------------------------    -------------------
    SLICE_X128Y107       FDRE (Prop_fdre_C_Q)         0.148     0.741 r  datapath/video_inst/inst_dvid/latched_blue_reg[5]/Q
                         net (fo=1, routed)           0.576     1.317    datapath/video_inst/inst_dvid/latched_blue[5]
    SLICE_X128Y109       LUT3 (Prop_lut3_I2_O)        0.098     1.415 r  datapath/video_inst/inst_dvid/shift_blue[5]_i_1/O
                         net (fo=1, routed)           0.000     1.415    datapath/video_inst/inst_dvid/shift_blue_0[5]
    SLICE_X128Y109       FDRE                                         r  datapath/video_inst/inst_dvid/shift_blue_reg[5]/D
  -------------------------------------------------------------------    -------------------

                         (clock clk_out2_clk_wiz_0 rise edge)
                                                      0.000     0.000 r  
    BUFGCTRL_X0Y2        BUFG                         0.000     0.000 r  clk_IBUF_BUFG_inst/O
                         net (fo=518, routed)         0.879     0.879    datapath/video_inst/mmcm_adv_inst_display_clocks/inst/clk_in1
    MMCME2_ADV_X0Y2      MMCME2_ADV (Prop_mmcme2_adv_CLKIN1_CLKOUT1)
                                                     -1.502    -0.624 r  datapath/video_inst/mmcm_adv_inst_display_clocks/inst/mmcm_adv_inst/CLKOUT1
                         net (fo=1, routed)           0.595    -0.029    datapath/video_inst/mmcm_adv_inst_display_clocks/inst/clk_out2_clk_wiz_0
    BUFGCTRL_X0Y0        BUFG (Prop_bufg_I_O)         0.029    -0.000 r  datapath/video_inst/mmcm_adv_inst_display_clocks/inst/clkout2_buf/O
                         net (fo=44, routed)          0.864     0.864    datapath/video_inst/inst_dvid/clk_out2
    SLICE_X128Y109       FDRE                                         r  datapath/video_inst/inst_dvid/shift_blue_reg[5]/C
                         clock pessimism              0.053     0.916    
                         clock uncertainty            0.215     1.131    
    SLICE_X128Y109       FDRE (Hold_fdre_C_D)         0.131     1.262    datapath/video_inst/inst_dvid/shift_blue_reg[5]
  -------------------------------------------------------------------
                         required time                         -1.262    
                         arrival time                           1.415    
  -------------------------------------------------------------------
                         slack                                  0.153    

Slack (MET) :             0.157ns  (arrival time - required time)
  Source:                 datapath/video_inst/inst_dvid/latched_red_reg[6]/C
                            (rising edge-triggered cell FDRE clocked by clk_out1_clk_wiz_0  {rise@0.000ns fall@20.000ns period=40.000ns})
  Destination:            datapath/video_inst/inst_dvid/shift_red_reg[6]/D
                            (rising edge-triggered cell FDRE clocked by clk_out2_clk_wiz_0  {rise@0.000ns fall@4.000ns period=8.000ns})
  Path Group:             clk_out2_clk_wiz_0
  Path Type:              Hold (Min at Fast Process Corner)
  Requirement:            0.000ns  (clk_out2_clk_wiz_0 rise@0.000ns - clk_out1_clk_wiz_0 rise@0.000ns)
  Data Path Delay:        0.788ns  (logic 0.186ns (23.618%)  route 0.602ns (76.382%))
  Logic Levels:           1  (LUT3=1)
  Clock Path Skew:        0.324ns (DCD - SCD - CPR)
    Destination Clock Delay (DCD):    0.865ns
    Source Clock Delay      (SCD):    0.594ns
    Clock Pessimism Removal (CPR):    -0.053ns
  Clock Uncertainty:      0.215ns  ((TSJ^2 + DJ^2)^1/2) / 2 + PE
    Total System Jitter     (TSJ):    0.071ns
    Discrete Jitter          (DJ):    0.175ns
    Phase Error              (PE):    0.120ns

    Location             Delay type                Incr(ns)  Path(ns)    Netlist Resource(s)
  -------------------------------------------------------------------    -------------------
                         (clock clk_out1_clk_wiz_0 rise edge)
                                                      0.000     0.000 r  
    BUFGCTRL_X0Y2        BUFG                         0.000     0.000 r  clk_IBUF_BUFG_inst/O
                         net (fo=518, routed)         0.610     0.610    datapath/video_inst/mmcm_adv_inst_display_clocks/inst/clk_in1
    MMCME2_ADV_X0Y2      MMCME2_ADV (Prop_mmcme2_adv_CLKIN1_CLKOUT0)
                                                     -1.180    -0.571 r  datapath/video_inst/mmcm_adv_inst_display_clocks/inst/mmcm_adv_inst/CLKOUT0
                         net (fo=1, routed)           0.545    -0.026    datapath/video_inst/mmcm_adv_inst_display_clocks/inst/clk_out1_clk_wiz_0
    BUFGCTRL_X0Y3        BUFG (Prop_bufg_I_O)         0.026     0.000 r  datapath/video_inst/mmcm_adv_inst_display_clocks/inst/clkout1_buf/O
                         net (fo=132, routed)         0.594     0.594    datapath/video_inst/inst_dvid/clk_out1
    SLICE_X138Y107       FDRE                                         r  datapath/video_inst/inst_dvid/latched_red_reg[6]/C
  -------------------------------------------------------------------    -------------------
    SLICE_X138Y107       FDRE (Prop_fdre_C_Q)         0.141     0.735 r  datapath/video_inst/inst_dvid/latched_red_reg[6]/Q
                         net (fo=1, routed)           0.602     1.336    datapath/video_inst/inst_dvid/latched_red[6]
    SLICE_X137Y107       LUT3 (Prop_lut3_I2_O)        0.045     1.381 r  datapath/video_inst/inst_dvid/shift_red[6]_i_1/O
                         net (fo=1, routed)           0.000     1.381    datapath/video_inst/inst_dvid/shift_red[6]
    SLICE_X137Y107       FDRE                                         r  datapath/video_inst/inst_dvid/shift_red_reg[6]/D
  -------------------------------------------------------------------    -------------------

                         (clock clk_out2_clk_wiz_0 rise edge)
                                                      0.000     0.000 r  
    BUFGCTRL_X0Y2        BUFG                         0.000     0.000 r  clk_IBUF_BUFG_inst/O
                         net (fo=518, routed)         0.879     0.879    datapath/video_inst/mmcm_adv_inst_display_clocks/inst/clk_in1
    MMCME2_ADV_X0Y2      MMCME2_ADV (Prop_mmcme2_adv_CLKIN1_CLKOUT1)
                                                     -1.502    -0.624 r  datapath/video_inst/mmcm_adv_inst_display_clocks/inst/mmcm_adv_inst/CLKOUT1
                         net (fo=1, routed)           0.595    -0.029    datapath/video_inst/mmcm_adv_inst_display_clocks/inst/clk_out2_clk_wiz_0
    BUFGCTRL_X0Y0        BUFG (Prop_bufg_I_O)         0.029    -0.000 r  datapath/video_inst/mmcm_adv_inst_display_clocks/inst/clkout2_buf/O
                         net (fo=44, routed)          0.865     0.865    datapath/video_inst/inst_dvid/clk_out2
    SLICE_X137Y107       FDRE                                         r  datapath/video_inst/inst_dvid/shift_red_reg[6]/C
                         clock pessimism              0.053     0.917    
                         clock uncertainty            0.215     1.132    
    SLICE_X137Y107       FDRE (Hold_fdre_C_D)         0.092     1.224    datapath/video_inst/inst_dvid/shift_red_reg[6]
  -------------------------------------------------------------------
                         required time                         -1.224    
                         arrival time                           1.381    
  -------------------------------------------------------------------
                         slack                                  0.157    

Slack (MET) :             0.161ns  (arrival time - required time)
  Source:                 datapath/video_inst/inst_dvid/latched_blue_reg[3]/C
                            (rising edge-triggered cell FDRE clocked by clk_out1_clk_wiz_0  {rise@0.000ns fall@20.000ns period=40.000ns})
  Destination:            datapath/video_inst/inst_dvid/shift_blue_reg[3]/D
                            (rising edge-triggered cell FDRE clocked by clk_out2_clk_wiz_0  {rise@0.000ns fall@4.000ns period=8.000ns})
  Path Group:             clk_out2_clk_wiz_0
  Path Type:              Hold (Min at Fast Process Corner)
  Requirement:            0.000ns  (clk_out2_clk_wiz_0 rise@0.000ns - clk_out1_clk_wiz_0 rise@0.000ns)
  Data Path Delay:        0.830ns  (logic 0.245ns (29.518%)  route 0.585ns (70.482%))
  Logic Levels:           1  (LUT3=1)
  Clock Path Skew:        0.324ns (DCD - SCD - CPR)
    Destination Clock Delay (DCD):    0.864ns
    Source Clock Delay      (SCD):    0.593ns
    Clock Pessimism Removal (CPR):    -0.053ns
  Clock Uncertainty:      0.215ns  ((TSJ^2 + DJ^2)^1/2) / 2 + PE
    Total System Jitter     (TSJ):    0.071ns
    Discrete Jitter          (DJ):    0.175ns
    Phase Error              (PE):    0.120ns

    Location             Delay type                Incr(ns)  Path(ns)    Netlist Resource(s)
  -------------------------------------------------------------------    -------------------
                         (clock clk_out1_clk_wiz_0 rise edge)
                                                      0.000     0.000 r  
    BUFGCTRL_X0Y2        BUFG                         0.000     0.000 r  clk_IBUF_BUFG_inst/O
                         net (fo=518, routed)         0.610     0.610    datapath/video_inst/mmcm_adv_inst_display_clocks/inst/clk_in1
    MMCME2_ADV_X0Y2      MMCME2_ADV (Prop_mmcme2_adv_CLKIN1_CLKOUT0)
                                                     -1.180    -0.571 r  datapath/video_inst/mmcm_adv_inst_display_clocks/inst/mmcm_adv_inst/CLKOUT0
                         net (fo=1, routed)           0.545    -0.026    datapath/video_inst/mmcm_adv_inst_display_clocks/inst/clk_out1_clk_wiz_0
    BUFGCTRL_X0Y3        BUFG (Prop_bufg_I_O)         0.026     0.000 r  datapath/video_inst/mmcm_adv_inst_display_clocks/inst/clkout1_buf/O
                         net (fo=132, routed)         0.593     0.593    datapath/video_inst/inst_dvid/clk_out1
    SLICE_X124Y108       FDRE                                         r  datapath/video_inst/inst_dvid/latched_blue_reg[3]/C
  -------------------------------------------------------------------    -------------------
    SLICE_X124Y108       FDRE (Prop_fdre_C_Q)         0.148     0.741 r  datapath/video_inst/inst_dvid/latched_blue_reg[3]/Q
                         net (fo=1, routed)           0.585     1.326    datapath/video_inst/inst_dvid/latched_blue[3]
    SLICE_X128Y109       LUT3 (Prop_lut3_I2_O)        0.097     1.423 r  datapath/video_inst/inst_dvid/shift_blue[3]_i_1/O
                         net (fo=1, routed)           0.000     1.423    datapath/video_inst/inst_dvid/shift_blue_0[3]
    SLICE_X128Y109       FDRE                                         r  datapath/video_inst/inst_dvid/shift_blue_reg[3]/D
  -------------------------------------------------------------------    -------------------

                         (clock clk_out2_clk_wiz_0 rise edge)
                                                      0.000     0.000 r  
    BUFGCTRL_X0Y2        BUFG                         0.000     0.000 r  clk_IBUF_BUFG_inst/O
                         net (fo=518, routed)         0.879     0.879    datapath/video_inst/mmcm_adv_inst_display_clocks/inst/clk_in1
    MMCME2_ADV_X0Y2      MMCME2_ADV (Prop_mmcme2_adv_CLKIN1_CLKOUT1)
                                                     -1.502    -0.624 r  datapath/video_inst/mmcm_adv_inst_display_clocks/inst/mmcm_adv_inst/CLKOUT1
                         net (fo=1, routed)           0.595    -0.029    datapath/video_inst/mmcm_adv_inst_display_clocks/inst/clk_out2_clk_wiz_0
    BUFGCTRL_X0Y0        BUFG (Prop_bufg_I_O)         0.029    -0.000 r  datapath/video_inst/mmcm_adv_inst_display_clocks/inst/clkout2_buf/O
                         net (fo=44, routed)          0.864     0.864    datapath/video_inst/inst_dvid/clk_out2
    SLICE_X128Y109       FDRE                                         r  datapath/video_inst/inst_dvid/shift_blue_reg[3]/C
                         clock pessimism              0.053     0.916    
                         clock uncertainty            0.215     1.131    
    SLICE_X128Y109       FDRE (Hold_fdre_C_D)         0.131     1.262    datapath/video_inst/inst_dvid/shift_blue_reg[3]
  -------------------------------------------------------------------
                         required time                         -1.262    
                         arrival time                           1.423    
  -------------------------------------------------------------------
                         slack                                  0.161    

Slack (MET) :             0.166ns  (arrival time - required time)
  Source:                 datapath/video_inst/inst_dvid/latched_blue_reg[9]/C
                            (rising edge-triggered cell FDRE clocked by clk_out1_clk_wiz_0  {rise@0.000ns fall@20.000ns period=40.000ns})
  Destination:            datapath/video_inst/inst_dvid/shift_blue_reg[9]/D
                            (rising edge-triggered cell FDRE clocked by clk_out2_clk_wiz_0  {rise@0.000ns fall@4.000ns period=8.000ns})
  Path Group:             clk_out2_clk_wiz_0
  Path Type:              Hold (Min at Fast Process Corner)
  Requirement:            0.000ns  (clk_out2_clk_wiz_0 rise@0.000ns - clk_out1_clk_wiz_0 rise@0.000ns)
  Data Path Delay:        0.715ns  (logic 0.128ns (17.893%)  route 0.587ns (82.107%))
  Logic Levels:           0  
  Clock Path Skew:        0.323ns (DCD - SCD - CPR)
    Destination Clock Delay (DCD):    0.864ns
    Source Clock Delay      (SCD):    0.594ns
    Clock Pessimism Removal (CPR):    -0.053ns
  Clock Uncertainty:      0.215ns  ((TSJ^2 + DJ^2)^1/2) / 2 + PE
    Total System Jitter     (TSJ):    0.071ns
    Discrete Jitter          (DJ):    0.175ns
    Phase Error              (PE):    0.120ns

    Location             Delay type                Incr(ns)  Path(ns)    Netlist Resource(s)
  -------------------------------------------------------------------    -------------------
                         (clock clk_out1_clk_wiz_0 rise edge)
                                                      0.000     0.000 r  
    BUFGCTRL_X0Y2        BUFG                         0.000     0.000 r  clk_IBUF_BUFG_inst/O
                         net (fo=518, routed)         0.610     0.610    datapath/video_inst/mmcm_adv_inst_display_clocks/inst/clk_in1
    MMCME2_ADV_X0Y2      MMCME2_ADV (Prop_mmcme2_adv_CLKIN1_CLKOUT0)
                                                     -1.180    -0.571 r  datapath/video_inst/mmcm_adv_inst_display_clocks/inst/mmcm_adv_inst/CLKOUT0
                         net (fo=1, routed)           0.545    -0.026    datapath/video_inst/mmcm_adv_inst_display_clocks/inst/clk_out1_clk_wiz_0
    BUFGCTRL_X0Y3        BUFG (Prop_bufg_I_O)         0.026     0.000 r  datapath/video_inst/mmcm_adv_inst_display_clocks/inst/clkout1_buf/O
                         net (fo=132, routed)         0.594     0.594    datapath/video_inst/inst_dvid/clk_out1
    SLICE_X126Y106       FDRE                                         r  datapath/video_inst/inst_dvid/latched_blue_reg[9]/C
  -------------------------------------------------------------------    -------------------
    SLICE_X126Y106       FDRE (Prop_fdre_C_Q)         0.128     0.722 r  datapath/video_inst/inst_dvid/latched_blue_reg[9]/Q
                         net (fo=1, routed)           0.587     1.309    datapath/video_inst/inst_dvid/latched_blue[9]
    SLICE_X127Y109       FDRE                                         r  datapath/video_inst/inst_dvid/shift_blue_reg[9]/D
  -------------------------------------------------------------------    -------------------

                         (clock clk_out2_clk_wiz_0 rise edge)
                                                      0.000     0.000 r  
    BUFGCTRL_X0Y2        BUFG                         0.000     0.000 r  clk_IBUF_BUFG_inst/O
                         net (fo=518, routed)         0.879     0.879    datapath/video_inst/mmcm_adv_inst_display_clocks/inst/clk_in1
    MMCME2_ADV_X0Y2      MMCME2_ADV (Prop_mmcme2_adv_CLKIN1_CLKOUT1)
                                                     -1.502    -0.624 r  datapath/video_inst/mmcm_adv_inst_display_clocks/inst/mmcm_adv_inst/CLKOUT1
                         net (fo=1, routed)           0.595    -0.029    datapath/video_inst/mmcm_adv_inst_display_clocks/inst/clk_out2_clk_wiz_0
    BUFGCTRL_X0Y0        BUFG (Prop_bufg_I_O)         0.029    -0.000 r  datapath/video_inst/mmcm_adv_inst_display_clocks/inst/clkout2_buf/O
                         net (fo=44, routed)          0.864     0.864    datapath/video_inst/inst_dvid/clk_out2
    SLICE_X127Y109       FDRE                                         r  datapath/video_inst/inst_dvid/shift_blue_reg[9]/C
                         clock pessimism              0.053     0.916    
                         clock uncertainty            0.215     1.131    
    SLICE_X127Y109       FDRE (Hold_fdre_C_D)         0.012     1.143    datapath/video_inst/inst_dvid/shift_blue_reg[9]
  -------------------------------------------------------------------
                         required time                         -1.143    
                         arrival time                           1.309    
  -------------------------------------------------------------------
                         slack                                  0.166    

Slack (MET) :             0.172ns  (arrival time - required time)
  Source:                 datapath/video_inst/inst_dvid/latched_blue_reg[2]/C
                            (rising edge-triggered cell FDRE clocked by clk_out1_clk_wiz_0  {rise@0.000ns fall@20.000ns period=40.000ns})
  Destination:            datapath/video_inst/inst_dvid/shift_blue_reg[2]/D
                            (rising edge-triggered cell FDRE clocked by clk_out2_clk_wiz_0  {rise@0.000ns fall@4.000ns period=8.000ns})
  Path Group:             clk_out2_clk_wiz_0
  Path Type:              Hold (Min at Fast Process Corner)
  Requirement:            0.000ns  (clk_out2_clk_wiz_0 rise@0.000ns - clk_out1_clk_wiz_0 rise@0.000ns)
  Data Path Delay:        0.831ns  (logic 0.246ns (29.602%)  route 0.585ns (70.398%))
  Logic Levels:           1  (LUT3=1)
  Clock Path Skew:        0.324ns (DCD - SCD - CPR)
    Destination Clock Delay (DCD):    0.864ns
    Source Clock Delay      (SCD):    0.593ns
    Clock Pessimism Removal (CPR):    -0.053ns
  Clock Uncertainty:      0.215ns  ((TSJ^2 + DJ^2)^1/2) / 2 + PE
    Total System Jitter     (TSJ):    0.071ns
    Discrete Jitter          (DJ):    0.175ns
    Phase Error              (PE):    0.120ns

    Location             Delay type                Incr(ns)  Path(ns)    Netlist Resource(s)
  -------------------------------------------------------------------    -------------------
                         (clock clk_out1_clk_wiz_0 rise edge)
                                                      0.000     0.000 r  
    BUFGCTRL_X0Y2        BUFG                         0.000     0.000 r  clk_IBUF_BUFG_inst/O
                         net (fo=518, routed)         0.610     0.610    datapath/video_inst/mmcm_adv_inst_display_clocks/inst/clk_in1
    MMCME2_ADV_X0Y2      MMCME2_ADV (Prop_mmcme2_adv_CLKIN1_CLKOUT0)
                                                     -1.180    -0.571 r  datapath/video_inst/mmcm_adv_inst_display_clocks/inst/mmcm_adv_inst/CLKOUT0
                         net (fo=1, routed)           0.545    -0.026    datapath/video_inst/mmcm_adv_inst_display_clocks/inst/clk_out1_clk_wiz_0
    BUFGCTRL_X0Y3        BUFG (Prop_bufg_I_O)         0.026     0.000 r  datapath/video_inst/mmcm_adv_inst_display_clocks/inst/clkout1_buf/O
                         net (fo=132, routed)         0.593     0.593    datapath/video_inst/inst_dvid/clk_out1
    SLICE_X128Y107       FDRE                                         r  datapath/video_inst/inst_dvid/latched_blue_reg[2]/C
  -------------------------------------------------------------------    -------------------
    SLICE_X128Y107       FDRE (Prop_fdre_C_Q)         0.148     0.741 r  datapath/video_inst/inst_dvid/latched_blue_reg[2]/Q
                         net (fo=1, routed)           0.585     1.326    datapath/video_inst/inst_dvid/latched_blue[2]
    SLICE_X128Y109       LUT3 (Prop_lut3_I2_O)        0.098     1.424 r  datapath/video_inst/inst_dvid/shift_blue[2]_i_1/O
                         net (fo=1, routed)           0.000     1.424    datapath/video_inst/inst_dvid/shift_blue_0[2]
    SLICE_X128Y109       FDRE                                         r  datapath/video_inst/inst_dvid/shift_blue_reg[2]/D
  -------------------------------------------------------------------    -------------------

                         (clock clk_out2_clk_wiz_0 rise edge)
                                                      0.000     0.000 r  
    BUFGCTRL_X0Y2        BUFG                         0.000     0.000 r  clk_IBUF_BUFG_inst/O
                         net (fo=518, routed)         0.879     0.879    datapath/video_inst/mmcm_adv_inst_display_clocks/inst/clk_in1
    MMCME2_ADV_X0Y2      MMCME2_ADV (Prop_mmcme2_adv_CLKIN1_CLKOUT1)
                                                     -1.502    -0.624 r  datapath/video_inst/mmcm_adv_inst_display_clocks/inst/mmcm_adv_inst/CLKOUT1
                         net (fo=1, routed)           0.595    -0.029    datapath/video_inst/mmcm_adv_inst_display_clocks/inst/clk_out2_clk_wiz_0
    BUFGCTRL_X0Y0        BUFG (Prop_bufg_I_O)         0.029    -0.000 r  datapath/video_inst/mmcm_adv_inst_display_clocks/inst/clkout2_buf/O
                         net (fo=44, routed)          0.864     0.864    datapath/video_inst/inst_dvid/clk_out2
    SLICE_X128Y109       FDRE                                         r  datapath/video_inst/inst_dvid/shift_blue_reg[2]/C
                         clock pessimism              0.053     0.916    
                         clock uncertainty            0.215     1.131    
    SLICE_X128Y109       FDRE (Hold_fdre_C_D)         0.121     1.252    datapath/video_inst/inst_dvid/shift_blue_reg[2]
  -------------------------------------------------------------------
                         required time                         -1.252    
                         arrival time                           1.424    
  -------------------------------------------------------------------
                         slack                                  0.172    

Slack (MET) :             0.172ns  (arrival time - required time)
  Source:                 datapath/video_inst/inst_dvid/latched_blue_reg[1]/C
                            (rising edge-triggered cell FDRE clocked by clk_out1_clk_wiz_0  {rise@0.000ns fall@20.000ns period=40.000ns})
  Destination:            datapath/video_inst/inst_dvid/shift_blue_reg[1]/D
                            (rising edge-triggered cell FDRE clocked by clk_out2_clk_wiz_0  {rise@0.000ns fall@4.000ns period=8.000ns})
  Path Group:             clk_out2_clk_wiz_0
  Path Type:              Hold (Min at Fast Process Corner)
  Requirement:            0.000ns  (clk_out2_clk_wiz_0 rise@0.000ns - clk_out1_clk_wiz_0 rise@0.000ns)
  Data Path Delay:        0.841ns  (logic 0.246ns (29.265%)  route 0.595ns (70.735%))
  Logic Levels:           1  (LUT3=1)
  Clock Path Skew:        0.323ns (DCD - SCD - CPR)
    Destination Clock Delay (DCD):    0.864ns
    Source Clock Delay      (SCD):    0.594ns
    Clock Pessimism Removal (CPR):    -0.053ns
  Clock Uncertainty:      0.215ns  ((TSJ^2 + DJ^2)^1/2) / 2 + PE
    Total System Jitter     (TSJ):    0.071ns
    Discrete Jitter          (DJ):    0.175ns
    Phase Error              (PE):    0.120ns

    Location             Delay type                Incr(ns)  Path(ns)    Netlist Resource(s)
  -------------------------------------------------------------------    -------------------
                         (clock clk_out1_clk_wiz_0 rise edge)
                                                      0.000     0.000 r  
    BUFGCTRL_X0Y2        BUFG                         0.000     0.000 r  clk_IBUF_BUFG_inst/O
                         net (fo=518, routed)         0.610     0.610    datapath/video_inst/mmcm_adv_inst_display_clocks/inst/clk_in1
    MMCME2_ADV_X0Y2      MMCME2_ADV (Prop_mmcme2_adv_CLKIN1_CLKOUT0)
                                                     -1.180    -0.571 r  datapath/video_inst/mmcm_adv_inst_display_clocks/inst/mmcm_adv_inst/CLKOUT0
                         net (fo=1, routed)           0.545    -0.026    datapath/video_inst/mmcm_adv_inst_display_clocks/inst/clk_out1_clk_wiz_0
    BUFGCTRL_X0Y3        BUFG (Prop_bufg_I_O)         0.026     0.000 r  datapath/video_inst/mmcm_adv_inst_display_clocks/inst/clkout1_buf/O
                         net (fo=132, routed)         0.594     0.594    datapath/video_inst/inst_dvid/clk_out1
    SLICE_X128Y106       FDRE                                         r  datapath/video_inst/inst_dvid/latched_blue_reg[1]/C
  -------------------------------------------------------------------    -------------------
    SLICE_X128Y106       FDRE (Prop_fdre_C_Q)         0.148     0.742 r  datapath/video_inst/inst_dvid/latched_blue_reg[1]/Q
                         net (fo=1, routed)           0.595     1.336    datapath/video_inst/inst_dvid/latched_blue[1]
    SLICE_X128Y109       LUT3 (Prop_lut3_I2_O)        0.098     1.434 r  datapath/video_inst/inst_dvid/shift_blue[1]_i_1/O
                         net (fo=1, routed)           0.000     1.434    datapath/video_inst/inst_dvid/shift_blue_0[1]
    SLICE_X128Y109       FDRE                                         r  datapath/video_inst/inst_dvid/shift_blue_reg[1]/D
  -------------------------------------------------------------------    -------------------

                         (clock clk_out2_clk_wiz_0 rise edge)
                                                      0.000     0.000 r  
    BUFGCTRL_X0Y2        BUFG                         0.000     0.000 r  clk_IBUF_BUFG_inst/O
                         net (fo=518, routed)         0.879     0.879    datapath/video_inst/mmcm_adv_inst_display_clocks/inst/clk_in1
    MMCME2_ADV_X0Y2      MMCME2_ADV (Prop_mmcme2_adv_CLKIN1_CLKOUT1)
                                                     -1.502    -0.624 r  datapath/video_inst/mmcm_adv_inst_display_clocks/inst/mmcm_adv_inst/CLKOUT1
                         net (fo=1, routed)           0.595    -0.029    datapath/video_inst/mmcm_adv_inst_display_clocks/inst/clk_out2_clk_wiz_0
    BUFGCTRL_X0Y0        BUFG (Prop_bufg_I_O)         0.029    -0.000 r  datapath/video_inst/mmcm_adv_inst_display_clocks/inst/clkout2_buf/O
                         net (fo=44, routed)          0.864     0.864    datapath/video_inst/inst_dvid/clk_out2
    SLICE_X128Y109       FDRE                                         r  datapath/video_inst/inst_dvid/shift_blue_reg[1]/C
                         clock pessimism              0.053     0.916    
                         clock uncertainty            0.215     1.131    
    SLICE_X128Y109       FDRE (Hold_fdre_C_D)         0.131     1.262    datapath/video_inst/inst_dvid/shift_blue_reg[1]
  -------------------------------------------------------------------
                         required time                         -1.262    
                         arrival time                           1.434    
  -------------------------------------------------------------------
                         slack                                  0.172    

Slack (MET) :             0.173ns  (arrival time - required time)
  Source:                 datapath/video_inst/inst_dvid/latched_blue_reg[4]/C
                            (rising edge-triggered cell FDRE clocked by clk_out1_clk_wiz_0  {rise@0.000ns fall@20.000ns period=40.000ns})
  Destination:            datapath/video_inst/inst_dvid/shift_blue_reg[4]/D
                            (rising edge-triggered cell FDRE clocked by clk_out2_clk_wiz_0  {rise@0.000ns fall@4.000ns period=8.000ns})
  Path Group:             clk_out2_clk_wiz_0
  Path Type:              Hold (Min at Fast Process Corner)
  Requirement:            0.000ns  (clk_out2_clk_wiz_0 rise@0.000ns - clk_out1_clk_wiz_0 rise@0.000ns)
  Data Path Delay:        0.832ns  (logic 0.186ns (22.357%)  route 0.646ns (77.643%))
  Logic Levels:           1  (LUT3=1)
  Clock Path Skew:        0.324ns (DCD - SCD - CPR)
    Destination Clock Delay (DCD):    0.864ns
    Source Clock Delay      (SCD):    0.593ns
    Clock Pessimism Removal (CPR):    -0.053ns
  Clock Uncertainty:      0.215ns  ((TSJ^2 + DJ^2)^1/2) / 2 + PE
    Total System Jitter     (TSJ):    0.071ns
    Discrete Jitter          (DJ):    0.175ns
    Phase Error              (PE):    0.120ns

    Location             Delay type                Incr(ns)  Path(ns)    Netlist Resource(s)
  -------------------------------------------------------------------    -------------------
                         (clock clk_out1_clk_wiz_0 rise edge)
                                                      0.000     0.000 r  
    BUFGCTRL_X0Y2        BUFG                         0.000     0.000 r  clk_IBUF_BUFG_inst/O
                         net (fo=518, routed)         0.610     0.610    datapath/video_inst/mmcm_adv_inst_display_clocks/inst/clk_in1
    MMCME2_ADV_X0Y2      MMCME2_ADV (Prop_mmcme2_adv_CLKIN1_CLKOUT0)
                                                     -1.180    -0.571 r  datapath/video_inst/mmcm_adv_inst_display_clocks/inst/mmcm_adv_inst/CLKOUT0
                         net (fo=1, routed)           0.545    -0.026    datapath/video_inst/mmcm_adv_inst_display_clocks/inst/clk_out1_clk_wiz_0
    BUFGCTRL_X0Y3        BUFG (Prop_bufg_I_O)         0.026     0.000 r  datapath/video_inst/mmcm_adv_inst_display_clocks/inst/clkout1_buf/O
                         net (fo=132, routed)         0.593     0.593    datapath/video_inst/inst_dvid/clk_out1
    SLICE_X129Y108       FDRE                                         r  datapath/video_inst/inst_dvid/latched_blue_reg[4]/C
  -------------------------------------------------------------------    -------------------
    SLICE_X129Y108       FDRE (Prop_fdre_C_Q)         0.141     0.734 r  datapath/video_inst/inst_dvid/latched_blue_reg[4]/Q
                         net (fo=1, routed)           0.646     1.380    datapath/video_inst/inst_dvid/latched_blue[4]
    SLICE_X128Y109       LUT3 (Prop_lut3_I2_O)        0.045     1.425 r  datapath/video_inst/inst_dvid/shift_blue[4]_i_1/O
                         net (fo=1, routed)           0.000     1.425    datapath/video_inst/inst_dvid/shift_blue_0[4]
    SLICE_X128Y109       FDRE                                         r  datapath/video_inst/inst_dvid/shift_blue_reg[4]/D
  -------------------------------------------------------------------    -------------------

                         (clock clk_out2_clk_wiz_0 rise edge)
                                                      0.000     0.000 r  
    BUFGCTRL_X0Y2        BUFG                         0.000     0.000 r  clk_IBUF_BUFG_inst/O
                         net (fo=518, routed)         0.879     0.879    datapath/video_inst/mmcm_adv_inst_display_clocks/inst/clk_in1
    MMCME2_ADV_X0Y2      MMCME2_ADV (Prop_mmcme2_adv_CLKIN1_CLKOUT1)
                                                     -1.502    -0.624 r  datapath/video_inst/mmcm_adv_inst_display_clocks/inst/mmcm_adv_inst/CLKOUT1
                         net (fo=1, routed)           0.595    -0.029    datapath/video_inst/mmcm_adv_inst_display_clocks/inst/clk_out2_clk_wiz_0
    BUFGCTRL_X0Y0        BUFG (Prop_bufg_I_O)         0.029    -0.000 r  datapath/video_inst/mmcm_adv_inst_display_clocks/inst/clkout2_buf/O
                         net (fo=44, routed)          0.864     0.864    datapath/video_inst/inst_dvid/clk_out2
    SLICE_X128Y109       FDRE                                         r  datapath/video_inst/inst_dvid/shift_blue_reg[4]/C
                         clock pessimism              0.053     0.916    
                         clock uncertainty            0.215     1.131    
    SLICE_X128Y109       FDRE (Hold_fdre_C_D)         0.121     1.252    datapath/video_inst/inst_dvid/shift_blue_reg[4]
  -------------------------------------------------------------------
                         required time                         -1.252    
                         arrival time                           1.425    
  -------------------------------------------------------------------
                         slack                                  0.173    

Slack (MET) :             0.176ns  (arrival time - required time)
  Source:                 datapath/video_inst/inst_dvid/latched_red_reg[2]/C
                            (rising edge-triggered cell FDRE clocked by clk_out1_clk_wiz_0  {rise@0.000ns fall@20.000ns period=40.000ns})
  Destination:            datapath/video_inst/inst_dvid/shift_red_reg[2]/D
                            (rising edge-triggered cell FDRE clocked by clk_out2_clk_wiz_0  {rise@0.000ns fall@4.000ns period=8.000ns})
  Path Group:             clk_out2_clk_wiz_0
  Path Type:              Hold (Min at Fast Process Corner)
  Requirement:            0.000ns  (clk_out2_clk_wiz_0 rise@0.000ns - clk_out1_clk_wiz_0 rise@0.000ns)
  Data Path Delay:        0.807ns  (logic 0.209ns (25.913%)  route 0.598ns (74.087%))
  Logic Levels:           1  (LUT3=1)
  Clock Path Skew:        0.324ns (DCD - SCD - CPR)
    Destination Clock Delay (DCD):    0.865ns
    Source Clock Delay      (SCD):    0.594ns
    Clock Pessimism Removal (CPR):    -0.053ns
  Clock Uncertainty:      0.215ns  ((TSJ^2 + DJ^2)^1/2) / 2 + PE
    Total System Jitter     (TSJ):    0.071ns
    Discrete Jitter          (DJ):    0.175ns
    Phase Error              (PE):    0.120ns

    Location             Delay type                Incr(ns)  Path(ns)    Netlist Resource(s)
  -------------------------------------------------------------------    -------------------
                         (clock clk_out1_clk_wiz_0 rise edge)
                                                      0.000     0.000 r  
    BUFGCTRL_X0Y2        BUFG                         0.000     0.000 r  clk_IBUF_BUFG_inst/O
                         net (fo=518, routed)         0.610     0.610    datapath/video_inst/mmcm_adv_inst_display_clocks/inst/clk_in1
    MMCME2_ADV_X0Y2      MMCME2_ADV (Prop_mmcme2_adv_CLKIN1_CLKOUT0)
                                                     -1.180    -0.571 r  datapath/video_inst/mmcm_adv_inst_display_clocks/inst/mmcm_adv_inst/CLKOUT0
                         net (fo=1, routed)           0.545    -0.026    datapath/video_inst/mmcm_adv_inst_display_clocks/inst/clk_out1_clk_wiz_0
    BUFGCTRL_X0Y3        BUFG (Prop_bufg_I_O)         0.026     0.000 r  datapath/video_inst/mmcm_adv_inst_display_clocks/inst/clkout1_buf/O
                         net (fo=132, routed)         0.594     0.594    datapath/video_inst/inst_dvid/clk_out1
    SLICE_X136Y107       FDRE                                         r  datapath/video_inst/inst_dvid/latched_red_reg[2]/C
  -------------------------------------------------------------------    -------------------
    SLICE_X136Y107       FDRE (Prop_fdre_C_Q)         0.164     0.758 r  datapath/video_inst/inst_dvid/latched_red_reg[2]/Q
                         net (fo=1, routed)           0.598     1.355    datapath/video_inst/inst_dvid/latched_red[2]
    SLICE_X137Y107       LUT3 (Prop_lut3_I2_O)        0.045     1.400 r  datapath/video_inst/inst_dvid/shift_red[2]_i_1/O
                         net (fo=1, routed)           0.000     1.400    datapath/video_inst/inst_dvid/shift_red[2]
    SLICE_X137Y107       FDRE                                         r  datapath/video_inst/inst_dvid/shift_red_reg[2]/D
  -------------------------------------------------------------------    -------------------

                         (clock clk_out2_clk_wiz_0 rise edge)
                                                      0.000     0.000 r  
    BUFGCTRL_X0Y2        BUFG                         0.000     0.000 r  clk_IBUF_BUFG_inst/O
                         net (fo=518, routed)         0.879     0.879    datapath/video_inst/mmcm_adv_inst_display_clocks/inst/clk_in1
    MMCME2_ADV_X0Y2      MMCME2_ADV (Prop_mmcme2_adv_CLKIN1_CLKOUT1)
                                                     -1.502    -0.624 r  datapath/video_inst/mmcm_adv_inst_display_clocks/inst/mmcm_adv_inst/CLKOUT1
                         net (fo=1, routed)           0.595    -0.029    datapath/video_inst/mmcm_adv_inst_display_clocks/inst/clk_out2_clk_wiz_0
    BUFGCTRL_X0Y0        BUFG (Prop_bufg_I_O)         0.029    -0.000 r  datapath/video_inst/mmcm_adv_inst_display_clocks/inst/clkout2_buf/O
                         net (fo=44, routed)          0.865     0.865    datapath/video_inst/inst_dvid/clk_out2
    SLICE_X137Y107       FDRE                                         r  datapath/video_inst/inst_dvid/shift_red_reg[2]/C
                         clock pessimism              0.053     0.917    
                         clock uncertainty            0.215     1.132    
    SLICE_X137Y107       FDRE (Hold_fdre_C_D)         0.092     1.224    datapath/video_inst/inst_dvid/shift_red_reg[2]
  -------------------------------------------------------------------
                         required time                         -1.224    
                         arrival time                           1.400    
  -------------------------------------------------------------------
                         slack                                  0.176    





--------------------------------------------------------------------------------------
Path Group:  (none)
From Clock:  
  To Clock:  

Max Delay          1412 Endpoints
Min Delay          1412 Endpoints
--------------------------------------------------------------------------------------


Max Delay Paths
--------------------------------------------------------------------------------------
Slack:                    inf
  Source:                 reset_n
                            (input port)
  Destination:            doodleAudio/datapath/read_bram/jetpackBRAM_0/sdp_bl.ramb36_dp_bl.ram36_bl/ENARDEN
  Path Group:             (none)
  Path Type:              Max at Slow Process Corner
  Data Path Delay:        16.791ns  (logic 1.117ns (6.651%)  route 15.674ns (93.349%))
  Logic Levels:           2  (IBUF=1 LUT4=1)

    Location             Delay type                Incr(ns)  Path(ns)    Netlist Resource(s)
  -------------------------------------------------------------------    -------------------
    G4                                                0.000     0.000 f  reset_n (IN)
                         net (fo=0)                   0.000     0.000    reset_n
    G4                   IBUF (Prop_ibuf_I_O)         0.969     0.969 f  reset_n_IBUF_inst/O
                         net (fo=132, routed)        14.984    15.952    doodleAudio/datapath/read_bram/jetpackBRAM_0/lopt
    SLICE_X44Y86         LUT4 (Prop_lut4_I0_O)        0.148    16.100 r  doodleAudio/datapath/read_bram/jetpackBRAM_0/sdp_bl.ramb36_dp_bl.ram36_bl_ENARDEN_cooolgate_en_gate_16/O
                         net (fo=1, routed)           0.691    16.791    doodleAudio/datapath/read_bram/jetpackBRAM_0/sdp_bl.ramb36_dp_bl.ram36_bl_ENARDEN_cooolgate_en_sig_10
    RAMB36_X2Y18         RAMB36E1                                     r  doodleAudio/datapath/read_bram/jetpackBRAM_0/sdp_bl.ramb36_dp_bl.ram36_bl/ENARDEN
  -------------------------------------------------------------------    -------------------

Slack:                    inf
  Source:                 reset_n
                            (input port)
  Destination:            doodleAudio/datapath/read_bram/brokenBeamBRAM_4/sdp_bl.ramb36_dp_bl.ram36_bl/ENARDEN
  Path Group:             (none)
  Path Type:              Max at Slow Process Corner
  Data Path Delay:        16.584ns  (logic 1.093ns (6.589%)  route 15.492ns (93.411%))
  Logic Levels:           2  (IBUF=1 LUT4=1)

    Location             Delay type                Incr(ns)  Path(ns)    Netlist Resource(s)
  -------------------------------------------------------------------    -------------------
    G4                                                0.000     0.000 f  reset_n (IN)
                         net (fo=0)                   0.000     0.000    reset_n
    G4                   IBUF (Prop_ibuf_I_O)         0.969     0.969 f  reset_n_IBUF_inst/O
                         net (fo=132, routed)        14.984    15.952    doodleAudio/datapath/read_bram/brokenBeamBRAM_4/lopt
    SLICE_X44Y86         LUT4 (Prop_lut4_I0_O)        0.124    16.076 r  doodleAudio/datapath/read_bram/brokenBeamBRAM_4/sdp_bl.ramb36_dp_bl.ram36_bl_ENARDEN_cooolgate_en_gate_12/O
                         net (fo=1, routed)           0.508    16.584    doodleAudio/datapath/read_bram/brokenBeamBRAM_4/sdp_bl.ramb36_dp_bl.ram36_bl_ENARDEN_cooolgate_en_sig_8
    RAMB36_X2Y17         RAMB36E1                                     r  doodleAudio/datapath/read_bram/brokenBeamBRAM_4/sdp_bl.ramb36_dp_bl.ram36_bl/ENARDEN
  -------------------------------------------------------------------    -------------------

Slack:                    inf
  Source:                 reset_n
                            (input port)
  Destination:            doodleAudio/datapath/read_bram/jetpackBRAM_0/sdp_bl.ramb36_dp_bl.ram36_bl/RSTRAMARSTRAM
  Path Group:             (none)
  Path Type:              Max at Slow Process Corner
  Data Path Delay:        16.272ns  (logic 0.969ns (5.954%)  route 15.303ns (94.046%))
  Logic Levels:           1  (IBUF=1)

    Location             Delay type                Incr(ns)  Path(ns)    Netlist Resource(s)
  -------------------------------------------------------------------    -------------------
    G4                                                0.000     0.000 f  reset_n (IN)
                         net (fo=0)                   0.000     0.000    reset_n
    G4                   IBUF (Prop_ibuf_I_O)         0.969     0.969 f  reset_n_IBUF_inst/O
                         net (fo=132, routed)        15.303    16.272    doodleAudio/datapath/read_bram/jetpackBRAM_0/lopt
    RAMB36_X2Y18         RAMB36E1                                     r  doodleAudio/datapath/read_bram/jetpackBRAM_0/sdp_bl.ramb36_dp_bl.ram36_bl/RSTRAMARSTRAM  (IS_INVERTED)
  -------------------------------------------------------------------    -------------------

Slack:                    inf
  Source:                 reset_n
                            (input port)
  Destination:            doodleAudio/datapath/read_bram/brokenBeamBRAM_2/sdp_bl.ramb36_dp_bl.ram36_bl/ENARDEN
  Path Group:             (none)
  Path Type:              Max at Slow Process Corner
  Data Path Delay:        16.042ns  (logic 1.093ns (6.812%)  route 14.950ns (93.188%))
  Logic Levels:           2  (IBUF=1 LUT4=1)

    Location             Delay type                Incr(ns)  Path(ns)    Netlist Resource(s)
  -------------------------------------------------------------------    -------------------
    G4                                                0.000     0.000 f  reset_n (IN)
                         net (fo=0)                   0.000     0.000    reset_n
    G4                   IBUF (Prop_ibuf_I_O)         0.969     0.969 f  reset_n_IBUF_inst/O
                         net (fo=132, routed)        13.712    14.681    doodleAudio/datapath/read_bram/brokenBeamBRAM_2/lopt
    SLICE_X44Y81         LUT4 (Prop_lut4_I0_O)        0.124    14.805 r  doodleAudio/datapath/read_bram/brokenBeamBRAM_2/sdp_bl.ramb36_dp_bl.ram36_bl_ENARDEN_cooolgate_en_gate_8/O
                         net (fo=1, routed)           1.237    16.042    doodleAudio/datapath/read_bram/brokenBeamBRAM_2/sdp_bl.ramb36_dp_bl.ram36_bl_ENARDEN_cooolgate_en_sig_6
    RAMB36_X1Y15         RAMB36E1                                     r  doodleAudio/datapath/read_bram/brokenBeamBRAM_2/sdp_bl.ramb36_dp_bl.ram36_bl/ENARDEN
  -------------------------------------------------------------------    -------------------

Slack:                    inf
  Source:                 reset_n
                            (input port)
  Destination:            doodleAudio/datapath/read_bram/jetpackBRAM_0/sdp_bl.ramb36_dp_bl.ram36_bl/RSTRAMB
  Path Group:             (none)
  Path Type:              Max at Slow Process Corner
  Data Path Delay:        15.985ns  (logic 0.969ns (6.061%)  route 15.016ns (93.939%))
  Logic Levels:           1  (IBUF=1)

    Location             Delay type                Incr(ns)  Path(ns)    Netlist Resource(s)
  -------------------------------------------------------------------    -------------------
    G4                                                0.000     0.000 f  reset_n (IN)
                         net (fo=0)                   0.000     0.000    reset_n
    G4                   IBUF (Prop_ibuf_I_O)         0.969     0.969 f  reset_n_IBUF_inst/O
                         net (fo=132, routed)        15.016    15.985    doodleAudio/datapath/read_bram/jetpackBRAM_0/lopt
    RAMB36_X2Y18         RAMB36E1                                     r  doodleAudio/datapath/read_bram/jetpackBRAM_0/sdp_bl.ramb36_dp_bl.ram36_bl/RSTRAMB  (IS_INVERTED)
  -------------------------------------------------------------------    -------------------

Slack:                    inf
  Source:                 reset_n
                            (input port)
  Destination:            doodleAudio/datapath/read_bram/brokenBeamBRAM_0/sdp_bl.ramb36_dp_bl.ram36_bl/RSTRAMB
  Path Group:             (none)
  Path Type:              Max at Slow Process Corner
  Data Path Delay:        15.874ns  (logic 0.969ns (6.103%)  route 14.906ns (93.897%))
  Logic Levels:           1  (IBUF=1)

    Location             Delay type                Incr(ns)  Path(ns)    Netlist Resource(s)
  -------------------------------------------------------------------    -------------------
    G4                                                0.000     0.000 f  reset_n (IN)
                         net (fo=0)                   0.000     0.000    reset_n
    G4                   IBUF (Prop_ibuf_I_O)         0.969     0.969 f  reset_n_IBUF_inst/O
                         net (fo=132, routed)        14.906    15.874    doodleAudio/datapath/read_bram/brokenBeamBRAM_0/reset_n_IBUF
    RAMB36_X2Y13         RAMB36E1                                     r  doodleAudio/datapath/read_bram/brokenBeamBRAM_0/sdp_bl.ramb36_dp_bl.ram36_bl/RSTRAMB  (IS_INVERTED)
  -------------------------------------------------------------------    -------------------

Slack:                    inf
  Source:                 reset_n
                            (input port)
  Destination:            doodleAudio/datapath/read_bram/brokenBeamBRAM_0/sdp_bl.ramb36_dp_bl.ram36_bl/ENARDEN
  Path Group:             (none)
  Path Type:              Max at Slow Process Corner
  Data Path Delay:        15.760ns  (logic 1.093ns (6.934%)  route 14.667ns (93.066%))
  Logic Levels:           2  (IBUF=1 LUT4=1)

    Location             Delay type                Incr(ns)  Path(ns)    Netlist Resource(s)
  -------------------------------------------------------------------    -------------------
    G4                                                0.000     0.000 f  reset_n (IN)
                         net (fo=0)                   0.000     0.000    reset_n
    G4                   IBUF (Prop_ibuf_I_O)         0.969     0.969 f  reset_n_IBUF_inst/O
                         net (fo=132, routed)        13.925    14.893    doodleAudio/datapath/read_bram/brokenBeamBRAM_0/reset_n_IBUF
    SLICE_X44Y75         LUT4 (Prop_lut4_I0_O)        0.124    15.017 r  doodleAudio/datapath/read_bram/brokenBeamBRAM_0/sdp_bl.ramb36_dp_bl.ram36_bl_ENARDEN_cooolgate_en_gate_4/O
                         net (fo=1, routed)           0.742    15.760    doodleAudio/datapath/read_bram/brokenBeamBRAM_0/sdp_bl.ramb36_dp_bl.ram36_bl_ENARDEN_cooolgate_en_sig_4
    RAMB36_X2Y13         RAMB36E1                                     r  doodleAudio/datapath/read_bram/brokenBeamBRAM_0/sdp_bl.ramb36_dp_bl.ram36_bl/ENARDEN
  -------------------------------------------------------------------    -------------------

Slack:                    inf
  Source:                 reset_n
                            (input port)
  Destination:            doodleAudio/datapath/read_bram/brokenBeamBRAM_0/sdp_bl.ramb36_dp_bl.ram36_bl/RSTRAMARSTRAM
  Path Group:             (none)
  Path Type:              Max at Slow Process Corner
  Data Path Delay:        15.730ns  (logic 0.969ns (6.159%)  route 14.762ns (93.841%))
  Logic Levels:           1  (IBUF=1)

    Location             Delay type                Incr(ns)  Path(ns)    Netlist Resource(s)
  -------------------------------------------------------------------    -------------------
    G4                                                0.000     0.000 f  reset_n (IN)
                         net (fo=0)                   0.000     0.000    reset_n
    G4                   IBUF (Prop_ibuf_I_O)         0.969     0.969 f  reset_n_IBUF_inst/O
                         net (fo=132, routed)        14.762    15.730    doodleAudio/datapath/read_bram/brokenBeamBRAM_0/reset_n_IBUF
    RAMB36_X2Y13         RAMB36E1                                     r  doodleAudio/datapath/read_bram/brokenBeamBRAM_0/sdp_bl.ramb36_dp_bl.ram36_bl/RSTRAMARSTRAM  (IS_INVERTED)
  -------------------------------------------------------------------    -------------------

Slack:                    inf
  Source:                 reset_n
                            (input port)
  Destination:            doodleAudio/datapath/read_bram/brokenBeamBRAM_1/sdp_bl.ramb36_dp_bl.ram36_bl/ENARDEN
  Path Group:             (none)
  Path Type:              Max at Slow Process Corner
  Data Path Delay:        15.688ns  (logic 1.117ns (7.119%)  route 14.571ns (92.881%))
  Logic Levels:           2  (IBUF=1 LUT4=1)

    Location             Delay type                Incr(ns)  Path(ns)    Netlist Resource(s)
  -------------------------------------------------------------------    -------------------
    G4                                                0.000     0.000 f  reset_n (IN)
                         net (fo=0)                   0.000     0.000    reset_n
    G4                   IBUF (Prop_ibuf_I_O)         0.969     0.969 f  reset_n_IBUF_inst/O
                         net (fo=132, routed)        13.925    14.893    doodleAudio/datapath/read_bram/brokenBeamBRAM_1/lopt
    SLICE_X44Y75         LUT4 (Prop_lut4_I0_O)        0.148    15.041 r  doodleAudio/datapath/read_bram/brokenBeamBRAM_1/sdp_bl.ramb36_dp_bl.ram36_bl_ENARDEN_cooolgate_en_gate_6/O
                         net (fo=1, routed)           0.647    15.688    doodleAudio/datapath/read_bram/brokenBeamBRAM_1/sdp_bl.ramb36_dp_bl.ram36_bl_ENARDEN_cooolgate_en_sig_5
    RAMB36_X2Y15         RAMB36E1                                     r  doodleAudio/datapath/read_bram/brokenBeamBRAM_1/sdp_bl.ramb36_dp_bl.ram36_bl/ENARDEN
  -------------------------------------------------------------------    -------------------

Slack:                    inf
  Source:                 reset_n
                            (input port)
  Destination:            doodleAudio/datapath/read_bram/brokenBeamBRAM_4/sdp_bl.ramb36_dp_bl.ram36_bl/RSTRAMARSTRAM
  Path Group:             (none)
  Path Type:              Max at Slow Process Corner
  Data Path Delay:        15.686ns  (logic 0.969ns (6.176%)  route 14.717ns (93.824%))
  Logic Levels:           1  (IBUF=1)

    Location             Delay type                Incr(ns)  Path(ns)    Netlist Resource(s)
  -------------------------------------------------------------------    -------------------
    G4                                                0.000     0.000 f  reset_n (IN)
                         net (fo=0)                   0.000     0.000    reset_n
    G4                   IBUF (Prop_ibuf_I_O)         0.969     0.969 f  reset_n_IBUF_inst/O
                         net (fo=132, routed)        14.717    15.686    doodleAudio/datapath/read_bram/brokenBeamBRAM_4/lopt
    RAMB36_X2Y17         RAMB36E1                                     r  doodleAudio/datapath/read_bram/brokenBeamBRAM_4/sdp_bl.ramb36_dp_bl.ram36_bl/RSTRAMARSTRAM  (IS_INVERTED)
  -------------------------------------------------------------------    -------------------





Min Delay Paths
--------------------------------------------------------------------------------------
Slack:                    inf
  Source:                 NEScontroller/cu/FSM_onehot_state_reg[12]/C
                            (rising edge-triggered cell FDRE)
  Destination:            NEScontroller/cu/FSM_onehot_state_reg[0]/D
  Path Group:             (none)
  Path Type:              Min at Fast Process Corner
  Data Path Delay:        0.232ns  (logic 0.164ns (70.680%)  route 0.068ns (29.320%))
  Logic Levels:           1  (FDRE=1)

    Location             Delay type                Incr(ns)  Path(ns)    Netlist Resource(s)
  -------------------------------------------------------------------    -------------------
    SLICE_X94Y88         FDRE                         0.000     0.000 r  NEScontroller/cu/FSM_onehot_state_reg[12]/C
    SLICE_X94Y88         FDRE (Prop_fdre_C_Q)         0.164     0.164 r  NEScontroller/cu/FSM_onehot_state_reg[12]/Q
                         net (fo=10, routed)          0.068     0.232    NEScontroller/cu/Q[4]
    SLICE_X94Y88         FDSE                                         r  NEScontroller/cu/FSM_onehot_state_reg[0]/D
  -------------------------------------------------------------------    -------------------

Slack:                    inf
  Source:                 control/fsmSpriteStatus_reg[row][7]/C
                            (rising edge-triggered cell FDRE)
  Destination:            datapath/sprite_status_array_reg[14][row][7]/D
  Path Group:             (none)
  Path Type:              Min at Fast Process Corner
  Data Path Delay:        0.248ns  (logic 0.128ns (51.520%)  route 0.120ns (48.480%))
  Logic Levels:           1  (FDRE=1)

    Location             Delay type                Incr(ns)  Path(ns)    Netlist Resource(s)
  -------------------------------------------------------------------    -------------------
    SLICE_X114Y115       FDRE                         0.000     0.000 r  control/fsmSpriteStatus_reg[row][7]/C
    SLICE_X114Y115       FDRE (Prop_fdre_C_Q)         0.128     0.128 r  control/fsmSpriteStatus_reg[row][7]/Q
                         net (fo=12, routed)          0.120     0.248    datapath/sprite_status_array_reg[30][row][8]_0[6]
    SLICE_X112Y115       FDRE                                         r  datapath/sprite_status_array_reg[14][row][7]/D
  -------------------------------------------------------------------    -------------------

Slack:                    inf
  Source:                 control/fsmSpriteStatus_reg[sprite_type][0]/C
                            (rising edge-triggered cell FDRE)
  Destination:            datapath/sprite_status_array_reg[12][sprite_type][0]/D
  Path Group:             (none)
  Path Type:              Min at Fast Process Corner
  Data Path Delay:        0.273ns  (logic 0.141ns (51.717%)  route 0.132ns (48.283%))
  Logic Levels:           1  (FDRE=1)

    Location             Delay type                Incr(ns)  Path(ns)    Netlist Resource(s)
  -------------------------------------------------------------------    -------------------
    SLICE_X117Y114       FDRE                         0.000     0.000 r  control/fsmSpriteStatus_reg[sprite_type][0]/C
    SLICE_X117Y114       FDRE (Prop_fdre_C_Q)         0.141     0.141 r  control/fsmSpriteStatus_reg[sprite_type][0]/Q
                         net (fo=13, routed)          0.132     0.273    datapath/sprite_status_array_reg[30][sprite_type][4]_0[0]
    SLICE_X119Y115       FDRE                                         r  datapath/sprite_status_array_reg[12][sprite_type][0]/D
  -------------------------------------------------------------------    -------------------

Slack:                    inf
  Source:                 NEScontroller/cu/FSM_onehot_state_reg[5]/C
                            (rising edge-triggered cell FDRE)
  Destination:            NEScontroller/cu/FSM_onehot_state_reg[6]/D
  Path Group:             (none)
  Path Type:              Min at Fast Process Corner
  Data Path Delay:        0.274ns  (logic 0.141ns (51.453%)  route 0.133ns (48.547%))
  Logic Levels:           1  (FDRE=1)

    Location             Delay type                Incr(ns)  Path(ns)    Netlist Resource(s)
  -------------------------------------------------------------------    -------------------
    SLICE_X95Y88         FDRE                         0.000     0.000 r  NEScontroller/cu/FSM_onehot_state_reg[5]/C
    SLICE_X95Y88         FDRE (Prop_fdre_C_Q)         0.141     0.141 r  NEScontroller/cu/FSM_onehot_state_reg[5]/Q
                         net (fo=10, routed)          0.133     0.274    NEScontroller/cu/Q[1]
    SLICE_X94Y88         FDRE                                         r  NEScontroller/cu/FSM_onehot_state_reg[6]/D
  -------------------------------------------------------------------    -------------------

Slack:                    inf
  Source:                 control/fsmSpriteStatus_reg[row][3]/C
                            (rising edge-triggered cell FDRE)
  Destination:            datapath/sprite_status_array_reg[13][row][3]/D
  Path Group:             (none)
  Path Type:              Min at Fast Process Corner
  Data Path Delay:        0.280ns  (logic 0.128ns (45.712%)  route 0.152ns (54.288%))
  Logic Levels:           1  (FDRE=1)

    Location             Delay type                Incr(ns)  Path(ns)    Netlist Resource(s)
  -------------------------------------------------------------------    -------------------
    SLICE_X109Y114       FDRE                         0.000     0.000 r  control/fsmSpriteStatus_reg[row][3]/C
    SLICE_X109Y114       FDRE (Prop_fdre_C_Q)         0.128     0.128 r  control/fsmSpriteStatus_reg[row][3]/Q
                         net (fo=13, routed)          0.152     0.280    datapath/sprite_status_array_reg[30][row][8]_0[2]
    SLICE_X107Y115       FDRE                                         r  datapath/sprite_status_array_reg[13][row][3]/D
  -------------------------------------------------------------------    -------------------

Slack:                    inf
  Source:                 control/fsmSpriteStatus_reg[sprite_type][1]/C
                            (rising edge-triggered cell FDRE)
  Destination:            datapath/sprite_status_array_reg[12][sprite_type][1]/D
  Path Group:             (none)
  Path Type:              Min at Fast Process Corner
  Data Path Delay:        0.282ns  (logic 0.128ns (45.312%)  route 0.154ns (54.688%))
  Logic Levels:           1  (FDRE=1)

    Location             Delay type                Incr(ns)  Path(ns)    Netlist Resource(s)
  -------------------------------------------------------------------    -------------------
    SLICE_X117Y114       FDRE                         0.000     0.000 r  control/fsmSpriteStatus_reg[sprite_type][1]/C
    SLICE_X117Y114       FDRE (Prop_fdre_C_Q)         0.128     0.128 r  control/fsmSpriteStatus_reg[sprite_type][1]/Q
                         net (fo=13, routed)          0.154     0.282    datapath/sprite_status_array_reg[30][sprite_type][4]_0[1]
    SLICE_X119Y115       FDRE                                         r  datapath/sprite_status_array_reg[12][sprite_type][1]/D
  -------------------------------------------------------------------    -------------------

Slack:                    inf
  Source:                 control/fsmSpriteStatus_reg[row][3]/C
                            (rising edge-triggered cell FDRE)
  Destination:            datapath/sprite_status_array_reg[12][row][3]/D
  Path Group:             (none)
  Path Type:              Min at Fast Process Corner
  Data Path Delay:        0.284ns  (logic 0.128ns (45.144%)  route 0.156ns (54.856%))
  Logic Levels:           1  (FDRE=1)

    Location             Delay type                Incr(ns)  Path(ns)    Netlist Resource(s)
  -------------------------------------------------------------------    -------------------
    SLICE_X109Y114       FDRE                         0.000     0.000 r  control/fsmSpriteStatus_reg[row][3]/C
    SLICE_X109Y114       FDRE (Prop_fdre_C_Q)         0.128     0.128 r  control/fsmSpriteStatus_reg[row][3]/Q
                         net (fo=13, routed)          0.156     0.284    datapath/sprite_status_array_reg[30][row][8]_0[2]
    SLICE_X109Y115       FDRE                                         r  datapath/sprite_status_array_reg[12][row][3]/D
  -------------------------------------------------------------------    -------------------

Slack:                    inf
  Source:                 NEScontroller/datapath/NES_shift_reg_reg[5]/C
                            (rising edge-triggered cell FDRE)
  Destination:            NEScontroller/datapath/NES_scan_reg_reg[5]/D
  Path Group:             (none)
  Path Type:              Min at Fast Process Corner
  Data Path Delay:        0.286ns  (logic 0.164ns (57.368%)  route 0.122ns (42.632%))
  Logic Levels:           1  (FDRE=1)

    Location             Delay type                Incr(ns)  Path(ns)    Netlist Resource(s)
  -------------------------------------------------------------------    -------------------
    SLICE_X92Y88         FDRE                         0.000     0.000 r  NEScontroller/datapath/NES_shift_reg_reg[5]/C
    SLICE_X92Y88         FDRE (Prop_fdre_C_Q)         0.164     0.164 r  NEScontroller/datapath/NES_shift_reg_reg[5]/Q
                         net (fo=2, routed)           0.122     0.286    NEScontroller/datapath/p_2_in[4]
    SLICE_X92Y87         FDRE                                         r  NEScontroller/datapath/NES_scan_reg_reg[5]/D
  -------------------------------------------------------------------    -------------------

Slack:                    inf
  Source:                 control/fsmSpriteStatus_reg[col][6]/C
                            (rising edge-triggered cell FDRE)
  Destination:            datapath/sprite_status_array_reg[13][col][6]/D
  Path Group:             (none)
  Path Type:              Min at Fast Process Corner
  Data Path Delay:        0.290ns  (logic 0.141ns (48.688%)  route 0.149ns (51.312%))
  Logic Levels:           1  (FDRE=1)

    Location             Delay type                Incr(ns)  Path(ns)    Netlist Resource(s)
  -------------------------------------------------------------------    -------------------
    SLICE_X113Y112       FDRE                         0.000     0.000 r  control/fsmSpriteStatus_reg[col][6]/C
    SLICE_X113Y112       FDRE (Prop_fdre_C_Q)         0.141     0.141 r  control/fsmSpriteStatus_reg[col][6]/Q
                         net (fo=13, routed)          0.149     0.290    datapath/sprite_status_array_reg[30][col][8]_0[5]
    SLICE_X113Y113       FDRE                                         r  datapath/sprite_status_array_reg[13][col][6]/D
  -------------------------------------------------------------------    -------------------

Slack:                    inf
  Source:                 NEScontroller/cu/FSM_onehot_state_reg[11]/C
                            (rising edge-triggered cell FDRE)
  Destination:            NEScontroller/cu/FSM_onehot_state_reg[12]/D
  Path Group:             (none)
  Path Type:              Min at Fast Process Corner
  Data Path Delay:        0.295ns  (logic 0.186ns (62.984%)  route 0.109ns (37.016%))
  Logic Levels:           2  (FDRE=1 LUT2=1)

    Location             Delay type                Incr(ns)  Path(ns)    Netlist Resource(s)
  -------------------------------------------------------------------    -------------------
    SLICE_X95Y88         FDRE                         0.000     0.000 r  NEScontroller/cu/FSM_onehot_state_reg[11]/C
    SLICE_X95Y88         FDRE (Prop_fdre_C_Q)         0.141     0.141 r  NEScontroller/cu/FSM_onehot_state_reg[11]/Q
                         net (fo=3, routed)           0.109     0.250    NEScontroller/datapath/NES_read_counter/FSM_onehot_state_reg[12][2]
    SLICE_X94Y88         LUT2 (Prop_lut2_I1_O)        0.045     0.295 r  NEScontroller/datapath/NES_read_counter/FSM_onehot_state[12]_i_2/O
                         net (fo=1, routed)           0.000     0.295    NEScontroller/cu/FSM_onehot_state_reg[12]_0[0]
    SLICE_X94Y88         FDRE                                         r  NEScontroller/cu/FSM_onehot_state_reg[12]/D
  -------------------------------------------------------------------    -------------------





--------------------------------------------------------------------------------------
Path Group:  (none)
From Clock:  clk_out1_clk_wiz_1
  To Clock:  

Max Delay             1 Endpoint
Min Delay             1 Endpoint
--------------------------------------------------------------------------------------


Max Delay Paths
--------------------------------------------------------------------------------------
Slack:                    inf
  Source:                 doodleAudio/Audio_Codec/audiocodec_master_clock/inst/mmcm_adv_inst/CLKOUT0
                            (clock source 'clk_out1_clk_wiz_1'  {rise@0.000ns fall@40.688ns period=81.375ns})
  Destination:            ac_mclk
                            (output port)
  Path Group:             (none)
  Path Type:              Max at Slow Process Corner
  Data Path Delay:        9.455ns  (logic 3.632ns (38.418%)  route 5.823ns (61.582%))
  Logic Levels:           2  (BUFG=1 OBUF=1)
  Clock Uncertainty:      0.202ns  ((TSJ^2 + DJ^2)^1/2) / 2 + PE
    Total System Jitter     (TSJ):    0.050ns
    Discrete Jitter          (DJ):    0.201ns
    Phase Error              (PE):    0.099ns

    Location             Delay type                Incr(ns)  Path(ns)    Netlist Resource(s)
  -------------------------------------------------------------------    -------------------
                         (clock clk_out1_clk_wiz_1 fall edge)
                                                     40.688    40.688 f  
    BUFGCTRL_X0Y2        BUFG                         0.000    40.688 f  clk_IBUF_BUFG_inst/O
                         net (fo=518, routed)         2.106    42.794    doodleAudio/Audio_Codec/audiocodec_master_clock/inst/clk_in1
  -------------------------------------------------------------------    -------------------
    MMCME2_ADV_X1Y0      MMCME2_ADV (Prop_mmcme2_adv_CLKIN1_CLKOUT0)
                                                     -4.900    37.894 f  doodleAudio/Audio_Codec/audiocodec_master_clock/inst/mmcm_adv_inst/CLKOUT0
                         net (fo=1, routed)           2.697    40.591    doodleAudio/Audio_Codec/audiocodec_master_clock/inst/clk_out1_clk_wiz_1
    BUFGCTRL_X0Y1        BUFG (Prop_bufg_I_O)         0.096    40.688 f  doodleAudio/Audio_Codec/audiocodec_master_clock/inst/clkout1_buf/O
                         net (fo=1, routed)           3.125    43.813    ac_mclk_OBUF
    U6                   OBUF (Prop_obuf_I_O)         3.536    47.349 f  ac_mclk_OBUF_inst/O
                         net (fo=0)                   0.000    47.349    ac_mclk
    U6                                                                f  ac_mclk (OUT)
  -------------------------------------------------------------------    -------------------





Min Delay Paths
--------------------------------------------------------------------------------------
Slack:                    inf
  Source:                 doodleAudio/Audio_Codec/audiocodec_master_clock/inst/mmcm_adv_inst/CLKOUT0
                            (clock source 'clk_out1_clk_wiz_1'  {rise@0.000ns fall@40.688ns period=81.375ns})
  Destination:            ac_mclk
                            (output port)
  Path Group:             (none)
  Path Type:              Min at Fast Process Corner
  Data Path Delay:        2.971ns  (logic 1.263ns (42.516%)  route 1.708ns (57.484%))
  Logic Levels:           2  (BUFG=1 OBUF=1)
  Clock Uncertainty:      0.202ns  ((TSJ^2 + DJ^2)^1/2) / 2 + PE
    Total System Jitter     (TSJ):    0.050ns
    Discrete Jitter          (DJ):    0.201ns
    Phase Error              (PE):    0.099ns

    Location             Delay type                Incr(ns)  Path(ns)    Netlist Resource(s)
  -------------------------------------------------------------------    -------------------
                         (clock clk_out1_clk_wiz_1 rise edge)
                                                      0.000     0.000 r  
    BUFGCTRL_X0Y2        BUFG                         0.000     0.000 r  clk_IBUF_BUFG_inst/O
                         net (fo=518, routed)         0.745     0.745    doodleAudio/Audio_Codec/audiocodec_master_clock/inst/clk_in1
  -------------------------------------------------------------------    -------------------
    MMCME2_ADV_X1Y0      MMCME2_ADV (Prop_mmcme2_adv_CLKIN1_CLKOUT0)
                                                     -1.683    -0.938 r  doodleAudio/Audio_Codec/audiocodec_master_clock/inst/mmcm_adv_inst/CLKOUT0
                         net (fo=1, routed)           0.912    -0.026    doodleAudio/Audio_Codec/audiocodec_master_clock/inst/clk_out1_clk_wiz_1
    BUFGCTRL_X0Y1        BUFG (Prop_bufg_I_O)         0.026    -0.000 r  doodleAudio/Audio_Codec/audiocodec_master_clock/inst/clkout1_buf/O
                         net (fo=1, routed)           0.796     0.796    ac_mclk_OBUF
    U6                   OBUF (Prop_obuf_I_O)         1.237     2.034 r  ac_mclk_OBUF_inst/O
                         net (fo=0)                   0.000     2.034    ac_mclk
    U6                                                                r  ac_mclk (OUT)
  -------------------------------------------------------------------    -------------------





--------------------------------------------------------------------------------------
Path Group:  (none)
From Clock:  clk_out2_clk_wiz_0
  To Clock:  

Max Delay             8 Endpoints
Min Delay             8 Endpoints
--------------------------------------------------------------------------------------


Max Delay Paths
--------------------------------------------------------------------------------------
Slack:                    inf
  Source:                 datapath/video_inst/inst_dvid/ODDR2_red/C
                            (falling edge-triggered cell ODDR clocked by clk_out2_clk_wiz_0  {rise@0.000ns fall@4.000ns period=8.000ns})
  Destination:            tmdsb[2]
                            (output port)
  Path Group:             (none)
  Path Type:              Max at Slow Process Corner
  Data Path Delay:        2.370ns  (logic 2.369ns (99.958%)  route 0.001ns (0.042%))
  Logic Levels:           1  (OBUFDS=1)
  Clock Uncertainty:      0.166ns  ((TSJ^2 + DJ^2)^1/2) / 2 + PE
    Total System Jitter     (TSJ):    0.050ns
    Discrete Jitter          (DJ):    0.125ns
    Phase Error              (PE):    0.099ns

    Location             Delay type                Incr(ns)  Path(ns)    Netlist Resource(s)
  -------------------------------------------------------------------    -------------------
                         (clock clk_out2_clk_wiz_0 fall edge)
                                                      4.000     4.000 f  
    BUFGCTRL_X0Y2        BUFG                         0.000     4.000 f  clk_IBUF_BUFG_inst/O
                         net (fo=518, routed)         1.761     5.761    datapath/video_inst/mmcm_adv_inst_display_clocks/inst/clk_in1
    MMCME2_ADV_X0Y2      MMCME2_ADV (Prop_mmcme2_adv_CLKIN1_CLKOUT1)
                                                     -3.701     2.061 f  datapath/video_inst/mmcm_adv_inst_display_clocks/inst/mmcm_adv_inst/CLKOUT1
                         net (fo=1, routed)           1.843     3.904    datapath/video_inst/mmcm_adv_inst_display_clocks/inst/clk_out2_clk_wiz_0
    BUFGCTRL_X0Y0        BUFG (Prop_bufg_I_O)         0.096     4.000 f  datapath/video_inst/mmcm_adv_inst_display_clocks/inst/clkout2_buf/O
                         net (fo=44, routed)          1.831     5.831    datapath/video_inst/inst_dvid/clk_out2
    OLOGIC_X1Y134        ODDR                                         f  datapath/video_inst/inst_dvid/ODDR2_red/C
  -------------------------------------------------------------------    -------------------
    OLOGIC_X1Y134        ODDR (Prop_oddr_C_Q)         0.472     6.303 r  datapath/video_inst/inst_dvid/ODDR2_red/Q
                         net (fo=1, routed)           0.001     6.304    datapath/video_inst/red_s
    AB3                  OBUFDS (Prop_obufds_I_OB)    1.897     8.201 r  datapath/video_inst/OBUFDS_green/OB
                         net (fo=0)                   0.000     8.201    tmdsb[2]
    AB2                                                               r  tmdsb[2] (OUT)
  -------------------------------------------------------------------    -------------------

Slack:                    inf
  Source:                 datapath/video_inst/inst_dvid/ODDR2_green/C
                            (falling edge-triggered cell ODDR clocked by clk_out2_clk_wiz_0  {rise@0.000ns fall@4.000ns period=8.000ns})
  Destination:            tmdsb[1]
                            (output port)
  Path Group:             (none)
  Path Type:              Max at Slow Process Corner
  Data Path Delay:        2.369ns  (logic 2.368ns (99.958%)  route 0.001ns (0.042%))
  Logic Levels:           1  (OBUFDS=1)
  Clock Uncertainty:      0.166ns  ((TSJ^2 + DJ^2)^1/2) / 2 + PE
    Total System Jitter     (TSJ):    0.050ns
    Discrete Jitter          (DJ):    0.125ns
    Phase Error              (PE):    0.099ns

    Location             Delay type                Incr(ns)  Path(ns)    Netlist Resource(s)
  -------------------------------------------------------------------    -------------------
                         (clock clk_out2_clk_wiz_0 fall edge)
                                                      4.000     4.000 f  
    BUFGCTRL_X0Y2        BUFG                         0.000     4.000 f  clk_IBUF_BUFG_inst/O
                         net (fo=518, routed)         1.761     5.761    datapath/video_inst/mmcm_adv_inst_display_clocks/inst/clk_in1
    MMCME2_ADV_X0Y2      MMCME2_ADV (Prop_mmcme2_adv_CLKIN1_CLKOUT1)
                                                     -3.701     2.061 f  datapath/video_inst/mmcm_adv_inst_display_clocks/inst/mmcm_adv_inst/CLKOUT1
                         net (fo=1, routed)           1.843     3.904    datapath/video_inst/mmcm_adv_inst_display_clocks/inst/clk_out2_clk_wiz_0
    BUFGCTRL_X0Y0        BUFG (Prop_bufg_I_O)         0.096     4.000 f  datapath/video_inst/mmcm_adv_inst_display_clocks/inst/clkout2_buf/O
                         net (fo=44, routed)          1.832     5.832    datapath/video_inst/inst_dvid/clk_out2
    OLOGIC_X1Y136        ODDR                                         f  datapath/video_inst/inst_dvid/ODDR2_green/C
  -------------------------------------------------------------------    -------------------
    OLOGIC_X1Y136        ODDR (Prop_oddr_C_Q)         0.472     6.304 r  datapath/video_inst/inst_dvid/ODDR2_green/Q
                         net (fo=1, routed)           0.001     6.305    datapath/video_inst/green_s
    AA1                  OBUFDS (Prop_obufds_I_OB)    1.896     8.201 r  datapath/video_inst/OBUFDS_red/OB
                         net (fo=0)                   0.000     8.201    tmdsb[1]
    AB1                                                               r  tmdsb[1] (OUT)
  -------------------------------------------------------------------    -------------------

Slack:                    inf
  Source:                 datapath/video_inst/inst_dvid/ODDR2_red/C
                            (falling edge-triggered cell ODDR clocked by clk_out2_clk_wiz_0  {rise@0.000ns fall@4.000ns period=8.000ns})
  Destination:            tmds[2]
                            (output port)
  Path Group:             (none)
  Path Type:              Max at Slow Process Corner
  Data Path Delay:        2.369ns  (logic 2.368ns (99.958%)  route 0.001ns (0.042%))
  Logic Levels:           1  (OBUFDS=1)
  Clock Uncertainty:      0.166ns  ((TSJ^2 + DJ^2)^1/2) / 2 + PE
    Total System Jitter     (TSJ):    0.050ns
    Discrete Jitter          (DJ):    0.125ns
    Phase Error              (PE):    0.099ns

    Location             Delay type                Incr(ns)  Path(ns)    Netlist Resource(s)
  -------------------------------------------------------------------    -------------------
                         (clock clk_out2_clk_wiz_0 fall edge)
                                                      4.000     4.000 f  
    BUFGCTRL_X0Y2        BUFG                         0.000     4.000 f  clk_IBUF_BUFG_inst/O
                         net (fo=518, routed)         1.761     5.761    datapath/video_inst/mmcm_adv_inst_display_clocks/inst/clk_in1
    MMCME2_ADV_X0Y2      MMCME2_ADV (Prop_mmcme2_adv_CLKIN1_CLKOUT1)
                                                     -3.701     2.061 f  datapath/video_inst/mmcm_adv_inst_display_clocks/inst/mmcm_adv_inst/CLKOUT1
                         net (fo=1, routed)           1.843     3.904    datapath/video_inst/mmcm_adv_inst_display_clocks/inst/clk_out2_clk_wiz_0
    BUFGCTRL_X0Y0        BUFG (Prop_bufg_I_O)         0.096     4.000 f  datapath/video_inst/mmcm_adv_inst_display_clocks/inst/clkout2_buf/O
                         net (fo=44, routed)          1.831     5.831    datapath/video_inst/inst_dvid/clk_out2
    OLOGIC_X1Y134        ODDR                                         f  datapath/video_inst/inst_dvid/ODDR2_red/C
  -------------------------------------------------------------------    -------------------
    OLOGIC_X1Y134        ODDR (Prop_oddr_C_Q)         0.472     6.303 r  datapath/video_inst/inst_dvid/ODDR2_red/Q
                         net (fo=1, routed)           0.001     6.304    datapath/video_inst/red_s
    AB3                  OBUFDS (Prop_obufds_I_O)     1.896     8.200 r  datapath/video_inst/OBUFDS_green/O
                         net (fo=0)                   0.000     8.200    tmds[2]
    AB3                                                               r  tmds[2] (OUT)
  -------------------------------------------------------------------    -------------------

Slack:                    inf
  Source:                 datapath/video_inst/inst_dvid/ODDR2_green/C
                            (falling edge-triggered cell ODDR clocked by clk_out2_clk_wiz_0  {rise@0.000ns fall@4.000ns period=8.000ns})
  Destination:            tmds[1]
                            (output port)
  Path Group:             (none)
  Path Type:              Max at Slow Process Corner
  Data Path Delay:        2.368ns  (logic 2.367ns (99.958%)  route 0.001ns (0.042%))
  Logic Levels:           1  (OBUFDS=1)
  Clock Uncertainty:      0.166ns  ((TSJ^2 + DJ^2)^1/2) / 2 + PE
    Total System Jitter     (TSJ):    0.050ns
    Discrete Jitter          (DJ):    0.125ns
    Phase Error              (PE):    0.099ns

    Location             Delay type                Incr(ns)  Path(ns)    Netlist Resource(s)
  -------------------------------------------------------------------    -------------------
                         (clock clk_out2_clk_wiz_0 fall edge)
                                                      4.000     4.000 f  
    BUFGCTRL_X0Y2        BUFG                         0.000     4.000 f  clk_IBUF_BUFG_inst/O
                         net (fo=518, routed)         1.761     5.761    datapath/video_inst/mmcm_adv_inst_display_clocks/inst/clk_in1
    MMCME2_ADV_X0Y2      MMCME2_ADV (Prop_mmcme2_adv_CLKIN1_CLKOUT1)
                                                     -3.701     2.061 f  datapath/video_inst/mmcm_adv_inst_display_clocks/inst/mmcm_adv_inst/CLKOUT1
                         net (fo=1, routed)           1.843     3.904    datapath/video_inst/mmcm_adv_inst_display_clocks/inst/clk_out2_clk_wiz_0
    BUFGCTRL_X0Y0        BUFG (Prop_bufg_I_O)         0.096     4.000 f  datapath/video_inst/mmcm_adv_inst_display_clocks/inst/clkout2_buf/O
                         net (fo=44, routed)          1.832     5.832    datapath/video_inst/inst_dvid/clk_out2
    OLOGIC_X1Y136        ODDR                                         f  datapath/video_inst/inst_dvid/ODDR2_green/C
  -------------------------------------------------------------------    -------------------
    OLOGIC_X1Y136        ODDR (Prop_oddr_C_Q)         0.472     6.304 r  datapath/video_inst/inst_dvid/ODDR2_green/Q
                         net (fo=1, routed)           0.001     6.305    datapath/video_inst/green_s
    AA1                  OBUFDS (Prop_obufds_I_O)     1.895     8.200 r  datapath/video_inst/OBUFDS_red/O
                         net (fo=0)                   0.000     8.200    tmds[1]
    AA1                                                               r  tmds[1] (OUT)
  -------------------------------------------------------------------    -------------------

Slack:                    inf
  Source:                 datapath/video_inst/inst_dvid/ODDR2_blue/C
                            (falling edge-triggered cell ODDR clocked by clk_out2_clk_wiz_0  {rise@0.000ns fall@4.000ns period=8.000ns})
  Destination:            tmdsb[0]
                            (output port)
  Path Group:             (none)
  Path Type:              Max at Slow Process Corner
  Data Path Delay:        2.358ns  (logic 2.357ns (99.958%)  route 0.001ns (0.042%))
  Logic Levels:           1  (OBUFDS=1)
  Clock Uncertainty:      0.166ns  ((TSJ^2 + DJ^2)^1/2) / 2 + PE
    Total System Jitter     (TSJ):    0.050ns
    Discrete Jitter          (DJ):    0.125ns
    Phase Error              (PE):    0.099ns

    Location             Delay type                Incr(ns)  Path(ns)    Netlist Resource(s)
  -------------------------------------------------------------------    -------------------
                         (clock clk_out2_clk_wiz_0 fall edge)
                                                      4.000     4.000 f  
    BUFGCTRL_X0Y2        BUFG                         0.000     4.000 f  clk_IBUF_BUFG_inst/O
                         net (fo=518, routed)         1.761     5.761    datapath/video_inst/mmcm_adv_inst_display_clocks/inst/clk_in1
    MMCME2_ADV_X0Y2      MMCME2_ADV (Prop_mmcme2_adv_CLKIN1_CLKOUT1)
                                                     -3.701     2.061 f  datapath/video_inst/mmcm_adv_inst_display_clocks/inst/mmcm_adv_inst/CLKOUT1
                         net (fo=1, routed)           1.843     3.904    datapath/video_inst/mmcm_adv_inst_display_clocks/inst/clk_out2_clk_wiz_0
    BUFGCTRL_X0Y0        BUFG (Prop_bufg_I_O)         0.096     4.000 f  datapath/video_inst/mmcm_adv_inst_display_clocks/inst/clkout2_buf/O
                         net (fo=44, routed)          1.835     5.835    datapath/video_inst/inst_dvid/clk_out2
    OLOGIC_X1Y140        ODDR                                         f  datapath/video_inst/inst_dvid/ODDR2_blue/C
  -------------------------------------------------------------------    -------------------
    OLOGIC_X1Y140        ODDR (Prop_oddr_C_Q)         0.472     6.307 r  datapath/video_inst/inst_dvid/ODDR2_blue/Q
                         net (fo=1, routed)           0.001     6.308    datapath/video_inst/blue_s
    W1                   OBUFDS (Prop_obufds_I_OB)    1.885     8.193 r  datapath/video_inst/OBUFDS_blue/OB
                         net (fo=0)                   0.000     8.193    tmdsb[0]
    Y1                                                                r  tmdsb[0] (OUT)
  -------------------------------------------------------------------    -------------------

Slack:                    inf
  Source:                 datapath/video_inst/inst_dvid/ODDR2_blue/C
                            (falling edge-triggered cell ODDR clocked by clk_out2_clk_wiz_0  {rise@0.000ns fall@4.000ns period=8.000ns})
  Destination:            tmds[0]
                            (output port)
  Path Group:             (none)
  Path Type:              Max at Slow Process Corner
  Data Path Delay:        2.357ns  (logic 2.356ns (99.958%)  route 0.001ns (0.042%))
  Logic Levels:           1  (OBUFDS=1)
  Clock Uncertainty:      0.166ns  ((TSJ^2 + DJ^2)^1/2) / 2 + PE
    Total System Jitter     (TSJ):    0.050ns
    Discrete Jitter          (DJ):    0.125ns
    Phase Error              (PE):    0.099ns

    Location             Delay type                Incr(ns)  Path(ns)    Netlist Resource(s)
  -------------------------------------------------------------------    -------------------
                         (clock clk_out2_clk_wiz_0 fall edge)
                                                      4.000     4.000 f  
    BUFGCTRL_X0Y2        BUFG                         0.000     4.000 f  clk_IBUF_BUFG_inst/O
                         net (fo=518, routed)         1.761     5.761    datapath/video_inst/mmcm_adv_inst_display_clocks/inst/clk_in1
    MMCME2_ADV_X0Y2      MMCME2_ADV (Prop_mmcme2_adv_CLKIN1_CLKOUT1)
                                                     -3.701     2.061 f  datapath/video_inst/mmcm_adv_inst_display_clocks/inst/mmcm_adv_inst/CLKOUT1
                         net (fo=1, routed)           1.843     3.904    datapath/video_inst/mmcm_adv_inst_display_clocks/inst/clk_out2_clk_wiz_0
    BUFGCTRL_X0Y0        BUFG (Prop_bufg_I_O)         0.096     4.000 f  datapath/video_inst/mmcm_adv_inst_display_clocks/inst/clkout2_buf/O
                         net (fo=44, routed)          1.835     5.835    datapath/video_inst/inst_dvid/clk_out2
    OLOGIC_X1Y140        ODDR                                         f  datapath/video_inst/inst_dvid/ODDR2_blue/C
  -------------------------------------------------------------------    -------------------
    OLOGIC_X1Y140        ODDR (Prop_oddr_C_Q)         0.472     6.307 r  datapath/video_inst/inst_dvid/ODDR2_blue/Q
                         net (fo=1, routed)           0.001     6.308    datapath/video_inst/blue_s
    W1                   OBUFDS (Prop_obufds_I_O)     1.884     8.192 r  datapath/video_inst/OBUFDS_blue/O
                         net (fo=0)                   0.000     8.192    tmds[0]
    W1                                                                r  tmds[0] (OUT)
  -------------------------------------------------------------------    -------------------

Slack:                    inf
  Source:                 datapath/video_inst/inst_dvid/ODDR2_clock/C
                            (falling edge-triggered cell ODDR clocked by clk_out2_clk_wiz_0  {rise@0.000ns fall@4.000ns period=8.000ns})
  Destination:            tmdsb[3]
                            (output port)
  Path Group:             (none)
  Path Type:              Max at Slow Process Corner
  Data Path Delay:        2.341ns  (logic 2.340ns (99.957%)  route 0.001ns (0.043%))
  Logic Levels:           1  (OBUFDS=1)
  Clock Uncertainty:      0.166ns  ((TSJ^2 + DJ^2)^1/2) / 2 + PE
    Total System Jitter     (TSJ):    0.050ns
    Discrete Jitter          (DJ):    0.125ns
    Phase Error              (PE):    0.099ns

    Location             Delay type                Incr(ns)  Path(ns)    Netlist Resource(s)
  -------------------------------------------------------------------    -------------------
                         (clock clk_out2_clk_wiz_0 fall edge)
                                                      4.000     4.000 f  
    BUFGCTRL_X0Y2        BUFG                         0.000     4.000 f  clk_IBUF_BUFG_inst/O
                         net (fo=518, routed)         1.761     5.761    datapath/video_inst/mmcm_adv_inst_display_clocks/inst/clk_in1
    MMCME2_ADV_X0Y2      MMCME2_ADV (Prop_mmcme2_adv_CLKIN1_CLKOUT1)
                                                     -3.701     2.061 f  datapath/video_inst/mmcm_adv_inst_display_clocks/inst/mmcm_adv_inst/CLKOUT1
                         net (fo=1, routed)           1.843     3.904    datapath/video_inst/mmcm_adv_inst_display_clocks/inst/clk_out2_clk_wiz_0
    BUFGCTRL_X0Y0        BUFG (Prop_bufg_I_O)         0.096     4.000 f  datapath/video_inst/mmcm_adv_inst_display_clocks/inst/clkout2_buf/O
                         net (fo=44, routed)          1.838     5.838    datapath/video_inst/inst_dvid/clk_out2
    OLOGIC_X1Y148        ODDR                                         f  datapath/video_inst/inst_dvid/ODDR2_clock/C
  -------------------------------------------------------------------    -------------------
    OLOGIC_X1Y148        ODDR (Prop_oddr_C_Q)         0.472     6.310 r  datapath/video_inst/inst_dvid/ODDR2_clock/Q
                         net (fo=1, routed)           0.001     6.311    datapath/video_inst/clock_s
    T1                   OBUFDS (Prop_obufds_I_OB)    1.868     8.179 r  datapath/video_inst/OBUFDS_clock/OB
                         net (fo=0)                   0.000     8.179    tmdsb[3]
    U1                                                                r  tmdsb[3] (OUT)
  -------------------------------------------------------------------    -------------------

Slack:                    inf
  Source:                 datapath/video_inst/inst_dvid/ODDR2_clock/C
                            (falling edge-triggered cell ODDR clocked by clk_out2_clk_wiz_0  {rise@0.000ns fall@4.000ns period=8.000ns})
  Destination:            tmds[3]
                            (output port)
  Path Group:             (none)
  Path Type:              Max at Slow Process Corner
  Data Path Delay:        2.340ns  (logic 2.339ns (99.957%)  route 0.001ns (0.043%))
  Logic Levels:           1  (OBUFDS=1)
  Clock Uncertainty:      0.166ns  ((TSJ^2 + DJ^2)^1/2) / 2 + PE
    Total System Jitter     (TSJ):    0.050ns
    Discrete Jitter          (DJ):    0.125ns
    Phase Error              (PE):    0.099ns

    Location             Delay type                Incr(ns)  Path(ns)    Netlist Resource(s)
  -------------------------------------------------------------------    -------------------
                         (clock clk_out2_clk_wiz_0 fall edge)
                                                      4.000     4.000 f  
    BUFGCTRL_X0Y2        BUFG                         0.000     4.000 f  clk_IBUF_BUFG_inst/O
                         net (fo=518, routed)         1.761     5.761    datapath/video_inst/mmcm_adv_inst_display_clocks/inst/clk_in1
    MMCME2_ADV_X0Y2      MMCME2_ADV (Prop_mmcme2_adv_CLKIN1_CLKOUT1)
                                                     -3.701     2.061 f  datapath/video_inst/mmcm_adv_inst_display_clocks/inst/mmcm_adv_inst/CLKOUT1
                         net (fo=1, routed)           1.843     3.904    datapath/video_inst/mmcm_adv_inst_display_clocks/inst/clk_out2_clk_wiz_0
    BUFGCTRL_X0Y0        BUFG (Prop_bufg_I_O)         0.096     4.000 f  datapath/video_inst/mmcm_adv_inst_display_clocks/inst/clkout2_buf/O
                         net (fo=44, routed)          1.838     5.838    datapath/video_inst/inst_dvid/clk_out2
    OLOGIC_X1Y148        ODDR                                         f  datapath/video_inst/inst_dvid/ODDR2_clock/C
  -------------------------------------------------------------------    -------------------
    OLOGIC_X1Y148        ODDR (Prop_oddr_C_Q)         0.472     6.310 r  datapath/video_inst/inst_dvid/ODDR2_clock/Q
                         net (fo=1, routed)           0.001     6.311    datapath/video_inst/clock_s
    T1                   OBUFDS (Prop_obufds_I_O)     1.867     8.178 r  datapath/video_inst/OBUFDS_clock/O
                         net (fo=0)                   0.000     8.178    tmds[3]
    T1                                                                r  tmds[3] (OUT)
  -------------------------------------------------------------------    -------------------





Min Delay Paths
--------------------------------------------------------------------------------------
Slack:                    inf
  Source:                 datapath/video_inst/inst_dvid/ODDR2_clock/C
                            (rising edge-triggered cell ODDR clocked by clk_out2_clk_wiz_0  {rise@0.000ns fall@4.000ns period=8.000ns})
  Destination:            tmds[3]
                            (output port)
  Path Group:             (none)
  Path Type:              Min at Fast Process Corner
  Data Path Delay:        0.994ns  (logic 0.993ns (99.899%)  route 0.001ns (0.101%))
  Logic Levels:           1  (OBUFDS=1)
  Clock Uncertainty:      0.166ns  ((TSJ^2 + DJ^2)^1/2) / 2 + PE
    Total System Jitter     (TSJ):    0.050ns
    Discrete Jitter          (DJ):    0.125ns
    Phase Error              (PE):    0.099ns

    Location             Delay type                Incr(ns)  Path(ns)    Netlist Resource(s)
  -------------------------------------------------------------------    -------------------
                         (clock clk_out2_clk_wiz_0 rise edge)
                                                      0.000     0.000 r  
    BUFGCTRL_X0Y2        BUFG                         0.000     0.000 r  clk_IBUF_BUFG_inst/O
                         net (fo=518, routed)         0.610     0.610    datapath/video_inst/mmcm_adv_inst_display_clocks/inst/clk_in1
    MMCME2_ADV_X0Y2      MMCME2_ADV (Prop_mmcme2_adv_CLKIN1_CLKOUT1)
                                                     -1.180    -0.571 r  datapath/video_inst/mmcm_adv_inst_display_clocks/inst/mmcm_adv_inst/CLKOUT1
                         net (fo=1, routed)           0.545    -0.026    datapath/video_inst/mmcm_adv_inst_display_clocks/inst/clk_out2_clk_wiz_0
    BUFGCTRL_X0Y0        BUFG (Prop_bufg_I_O)         0.026     0.000 r  datapath/video_inst/mmcm_adv_inst_display_clocks/inst/clkout2_buf/O
                         net (fo=44, routed)          0.640     0.640    datapath/video_inst/inst_dvid/clk_out2
    OLOGIC_X1Y148        ODDR                                         r  datapath/video_inst/inst_dvid/ODDR2_clock/C
  -------------------------------------------------------------------    -------------------
    OLOGIC_X1Y148        ODDR (Prop_oddr_C_Q)         0.177     0.817 r  datapath/video_inst/inst_dvid/ODDR2_clock/Q
                         net (fo=1, routed)           0.001     0.818    datapath/video_inst/clock_s
    T1                   OBUFDS (Prop_obufds_I_O)     0.816     1.634 r  datapath/video_inst/OBUFDS_clock/O
                         net (fo=0)                   0.000     1.634    tmds[3]
    T1                                                                r  tmds[3] (OUT)
  -------------------------------------------------------------------    -------------------

Slack:                    inf
  Source:                 datapath/video_inst/inst_dvid/ODDR2_clock/C
                            (rising edge-triggered cell ODDR clocked by clk_out2_clk_wiz_0  {rise@0.000ns fall@4.000ns period=8.000ns})
  Destination:            tmdsb[3]
                            (output port)
  Path Group:             (none)
  Path Type:              Min at Fast Process Corner
  Data Path Delay:        0.995ns  (logic 0.994ns (99.899%)  route 0.001ns (0.101%))
  Logic Levels:           1  (OBUFDS=1)
  Clock Uncertainty:      0.166ns  ((TSJ^2 + DJ^2)^1/2) / 2 + PE
    Total System Jitter     (TSJ):    0.050ns
    Discrete Jitter          (DJ):    0.125ns
    Phase Error              (PE):    0.099ns

    Location             Delay type                Incr(ns)  Path(ns)    Netlist Resource(s)
  -------------------------------------------------------------------    -------------------
                         (clock clk_out2_clk_wiz_0 rise edge)
                                                      0.000     0.000 r  
    BUFGCTRL_X0Y2        BUFG                         0.000     0.000 r  clk_IBUF_BUFG_inst/O
                         net (fo=518, routed)         0.610     0.610    datapath/video_inst/mmcm_adv_inst_display_clocks/inst/clk_in1
    MMCME2_ADV_X0Y2      MMCME2_ADV (Prop_mmcme2_adv_CLKIN1_CLKOUT1)
                                                     -1.180    -0.571 r  datapath/video_inst/mmcm_adv_inst_display_clocks/inst/mmcm_adv_inst/CLKOUT1
                         net (fo=1, routed)           0.545    -0.026    datapath/video_inst/mmcm_adv_inst_display_clocks/inst/clk_out2_clk_wiz_0
    BUFGCTRL_X0Y0        BUFG (Prop_bufg_I_O)         0.026     0.000 r  datapath/video_inst/mmcm_adv_inst_display_clocks/inst/clkout2_buf/O
                         net (fo=44, routed)          0.640     0.640    datapath/video_inst/inst_dvid/clk_out2
    OLOGIC_X1Y148        ODDR                                         r  datapath/video_inst/inst_dvid/ODDR2_clock/C
  -------------------------------------------------------------------    -------------------
    OLOGIC_X1Y148        ODDR (Prop_oddr_C_Q)         0.177     0.817 r  datapath/video_inst/inst_dvid/ODDR2_clock/Q
                         net (fo=1, routed)           0.001     0.818    datapath/video_inst/clock_s
    T1                   OBUFDS (Prop_obufds_I_OB)    0.817     1.635 r  datapath/video_inst/OBUFDS_clock/OB
                         net (fo=0)                   0.000     1.635    tmdsb[3]
    U1                                                                r  tmdsb[3] (OUT)
  -------------------------------------------------------------------    -------------------

Slack:                    inf
  Source:                 datapath/video_inst/inst_dvid/ODDR2_blue/C
                            (rising edge-triggered cell ODDR clocked by clk_out2_clk_wiz_0  {rise@0.000ns fall@4.000ns period=8.000ns})
  Destination:            tmds[0]
                            (output port)
  Path Group:             (none)
  Path Type:              Min at Fast Process Corner
  Data Path Delay:        1.010ns  (logic 1.009ns (99.901%)  route 0.001ns (0.099%))
  Logic Levels:           1  (OBUFDS=1)
  Clock Uncertainty:      0.166ns  ((TSJ^2 + DJ^2)^1/2) / 2 + PE
    Total System Jitter     (TSJ):    0.050ns
    Discrete Jitter          (DJ):    0.125ns
    Phase Error              (PE):    0.099ns

    Location             Delay type                Incr(ns)  Path(ns)    Netlist Resource(s)
  -------------------------------------------------------------------    -------------------
                         (clock clk_out2_clk_wiz_0 rise edge)
                                                      0.000     0.000 r  
    BUFGCTRL_X0Y2        BUFG                         0.000     0.000 r  clk_IBUF_BUFG_inst/O
                         net (fo=518, routed)         0.610     0.610    datapath/video_inst/mmcm_adv_inst_display_clocks/inst/clk_in1
    MMCME2_ADV_X0Y2      MMCME2_ADV (Prop_mmcme2_adv_CLKIN1_CLKOUT1)
                                                     -1.180    -0.571 r  datapath/video_inst/mmcm_adv_inst_display_clocks/inst/mmcm_adv_inst/CLKOUT1
                         net (fo=1, routed)           0.545    -0.026    datapath/video_inst/mmcm_adv_inst_display_clocks/inst/clk_out2_clk_wiz_0
    BUFGCTRL_X0Y0        BUFG (Prop_bufg_I_O)         0.026     0.000 r  datapath/video_inst/mmcm_adv_inst_display_clocks/inst/clkout2_buf/O
                         net (fo=44, routed)          0.638     0.638    datapath/video_inst/inst_dvid/clk_out2
    OLOGIC_X1Y140        ODDR                                         r  datapath/video_inst/inst_dvid/ODDR2_blue/C
  -------------------------------------------------------------------    -------------------
    OLOGIC_X1Y140        ODDR (Prop_oddr_C_Q)         0.177     0.815 r  datapath/video_inst/inst_dvid/ODDR2_blue/Q
                         net (fo=1, routed)           0.001     0.816    datapath/video_inst/blue_s
    W1                   OBUFDS (Prop_obufds_I_O)     0.832     1.648 r  datapath/video_inst/OBUFDS_blue/O
                         net (fo=0)                   0.000     1.648    tmds[0]
    W1                                                                r  tmds[0] (OUT)
  -------------------------------------------------------------------    -------------------

Slack:                    inf
  Source:                 datapath/video_inst/inst_dvid/ODDR2_blue/C
                            (rising edge-triggered cell ODDR clocked by clk_out2_clk_wiz_0  {rise@0.000ns fall@4.000ns period=8.000ns})
  Destination:            tmdsb[0]
                            (output port)
  Path Group:             (none)
  Path Type:              Min at Fast Process Corner
  Data Path Delay:        1.011ns  (logic 1.010ns (99.901%)  route 0.001ns (0.099%))
  Logic Levels:           1  (OBUFDS=1)
  Clock Uncertainty:      0.166ns  ((TSJ^2 + DJ^2)^1/2) / 2 + PE
    Total System Jitter     (TSJ):    0.050ns
    Discrete Jitter          (DJ):    0.125ns
    Phase Error              (PE):    0.099ns

    Location             Delay type                Incr(ns)  Path(ns)    Netlist Resource(s)
  -------------------------------------------------------------------    -------------------
                         (clock clk_out2_clk_wiz_0 rise edge)
                                                      0.000     0.000 r  
    BUFGCTRL_X0Y2        BUFG                         0.000     0.000 r  clk_IBUF_BUFG_inst/O
                         net (fo=518, routed)         0.610     0.610    datapath/video_inst/mmcm_adv_inst_display_clocks/inst/clk_in1
    MMCME2_ADV_X0Y2      MMCME2_ADV (Prop_mmcme2_adv_CLKIN1_CLKOUT1)
                                                     -1.180    -0.571 r  datapath/video_inst/mmcm_adv_inst_display_clocks/inst/mmcm_adv_inst/CLKOUT1
                         net (fo=1, routed)           0.545    -0.026    datapath/video_inst/mmcm_adv_inst_display_clocks/inst/clk_out2_clk_wiz_0
    BUFGCTRL_X0Y0        BUFG (Prop_bufg_I_O)         0.026     0.000 r  datapath/video_inst/mmcm_adv_inst_display_clocks/inst/clkout2_buf/O
                         net (fo=44, routed)          0.638     0.638    datapath/video_inst/inst_dvid/clk_out2
    OLOGIC_X1Y140        ODDR                                         r  datapath/video_inst/inst_dvid/ODDR2_blue/C
  -------------------------------------------------------------------    -------------------
    OLOGIC_X1Y140        ODDR (Prop_oddr_C_Q)         0.177     0.815 r  datapath/video_inst/inst_dvid/ODDR2_blue/Q
                         net (fo=1, routed)           0.001     0.816    datapath/video_inst/blue_s
    W1                   OBUFDS (Prop_obufds_I_OB)    0.833     1.649 r  datapath/video_inst/OBUFDS_blue/OB
                         net (fo=0)                   0.000     1.649    tmdsb[0]
    Y1                                                                r  tmdsb[0] (OUT)
  -------------------------------------------------------------------    -------------------

Slack:                    inf
  Source:                 datapath/video_inst/inst_dvid/ODDR2_green/C
                            (rising edge-triggered cell ODDR clocked by clk_out2_clk_wiz_0  {rise@0.000ns fall@4.000ns period=8.000ns})
  Destination:            tmds[1]
                            (output port)
  Path Group:             (none)
  Path Type:              Min at Fast Process Corner
  Data Path Delay:        1.022ns  (logic 1.021ns (99.902%)  route 0.001ns (0.098%))
  Logic Levels:           1  (OBUFDS=1)
  Clock Uncertainty:      0.166ns  ((TSJ^2 + DJ^2)^1/2) / 2 + PE
    Total System Jitter     (TSJ):    0.050ns
    Discrete Jitter          (DJ):    0.125ns
    Phase Error              (PE):    0.099ns

    Location             Delay type                Incr(ns)  Path(ns)    Netlist Resource(s)
  -------------------------------------------------------------------    -------------------
                         (clock clk_out2_clk_wiz_0 rise edge)
                                                      0.000     0.000 r  
    BUFGCTRL_X0Y2        BUFG                         0.000     0.000 r  clk_IBUF_BUFG_inst/O
                         net (fo=518, routed)         0.610     0.610    datapath/video_inst/mmcm_adv_inst_display_clocks/inst/clk_in1
    MMCME2_ADV_X0Y2      MMCME2_ADV (Prop_mmcme2_adv_CLKIN1_CLKOUT1)
                                                     -1.180    -0.571 r  datapath/video_inst/mmcm_adv_inst_display_clocks/inst/mmcm_adv_inst/CLKOUT1
                         net (fo=1, routed)           0.545    -0.026    datapath/video_inst/mmcm_adv_inst_display_clocks/inst/clk_out2_clk_wiz_0
    BUFGCTRL_X0Y0        BUFG (Prop_bufg_I_O)         0.026     0.000 r  datapath/video_inst/mmcm_adv_inst_display_clocks/inst/clkout2_buf/O
                         net (fo=44, routed)          0.636     0.636    datapath/video_inst/inst_dvid/clk_out2
    OLOGIC_X1Y136        ODDR                                         r  datapath/video_inst/inst_dvid/ODDR2_green/C
  -------------------------------------------------------------------    -------------------
    OLOGIC_X1Y136        ODDR (Prop_oddr_C_Q)         0.177     0.813 r  datapath/video_inst/inst_dvid/ODDR2_green/Q
                         net (fo=1, routed)           0.001     0.814    datapath/video_inst/green_s
    AA1                  OBUFDS (Prop_obufds_I_O)     0.844     1.657 r  datapath/video_inst/OBUFDS_red/O
                         net (fo=0)                   0.000     1.657    tmds[1]
    AA1                                                               r  tmds[1] (OUT)
  -------------------------------------------------------------------    -------------------

Slack:                    inf
  Source:                 datapath/video_inst/inst_dvid/ODDR2_green/C
                            (rising edge-triggered cell ODDR clocked by clk_out2_clk_wiz_0  {rise@0.000ns fall@4.000ns period=8.000ns})
  Destination:            tmdsb[1]
                            (output port)
  Path Group:             (none)
  Path Type:              Min at Fast Process Corner
  Data Path Delay:        1.023ns  (logic 1.022ns (99.902%)  route 0.001ns (0.098%))
  Logic Levels:           1  (OBUFDS=1)
  Clock Uncertainty:      0.166ns  ((TSJ^2 + DJ^2)^1/2) / 2 + PE
    Total System Jitter     (TSJ):    0.050ns
    Discrete Jitter          (DJ):    0.125ns
    Phase Error              (PE):    0.099ns

    Location             Delay type                Incr(ns)  Path(ns)    Netlist Resource(s)
  -------------------------------------------------------------------    -------------------
                         (clock clk_out2_clk_wiz_0 rise edge)
                                                      0.000     0.000 r  
    BUFGCTRL_X0Y2        BUFG                         0.000     0.000 r  clk_IBUF_BUFG_inst/O
                         net (fo=518, routed)         0.610     0.610    datapath/video_inst/mmcm_adv_inst_display_clocks/inst/clk_in1
    MMCME2_ADV_X0Y2      MMCME2_ADV (Prop_mmcme2_adv_CLKIN1_CLKOUT1)
                                                     -1.180    -0.571 r  datapath/video_inst/mmcm_adv_inst_display_clocks/inst/mmcm_adv_inst/CLKOUT1
                         net (fo=1, routed)           0.545    -0.026    datapath/video_inst/mmcm_adv_inst_display_clocks/inst/clk_out2_clk_wiz_0
    BUFGCTRL_X0Y0        BUFG (Prop_bufg_I_O)         0.026     0.000 r  datapath/video_inst/mmcm_adv_inst_display_clocks/inst/clkout2_buf/O
                         net (fo=44, routed)          0.636     0.636    datapath/video_inst/inst_dvid/clk_out2
    OLOGIC_X1Y136        ODDR                                         r  datapath/video_inst/inst_dvid/ODDR2_green/C
  -------------------------------------------------------------------    -------------------
    OLOGIC_X1Y136        ODDR (Prop_oddr_C_Q)         0.177     0.813 r  datapath/video_inst/inst_dvid/ODDR2_green/Q
                         net (fo=1, routed)           0.001     0.814    datapath/video_inst/green_s
    AA1                  OBUFDS (Prop_obufds_I_OB)    0.845     1.658 r  datapath/video_inst/OBUFDS_red/OB
                         net (fo=0)                   0.000     1.658    tmdsb[1]
    AB1                                                               r  tmdsb[1] (OUT)
  -------------------------------------------------------------------    -------------------

Slack:                    inf
  Source:                 datapath/video_inst/inst_dvid/ODDR2_red/C
                            (rising edge-triggered cell ODDR clocked by clk_out2_clk_wiz_0  {rise@0.000ns fall@4.000ns period=8.000ns})
  Destination:            tmds[2]
                            (output port)
  Path Group:             (none)
  Path Type:              Min at Fast Process Corner
  Data Path Delay:        1.023ns  (logic 1.022ns (99.902%)  route 0.001ns (0.098%))
  Logic Levels:           1  (OBUFDS=1)
  Clock Uncertainty:      0.166ns  ((TSJ^2 + DJ^2)^1/2) / 2 + PE
    Total System Jitter     (TSJ):    0.050ns
    Discrete Jitter          (DJ):    0.125ns
    Phase Error              (PE):    0.099ns

    Location             Delay type                Incr(ns)  Path(ns)    Netlist Resource(s)
  -------------------------------------------------------------------    -------------------
                         (clock clk_out2_clk_wiz_0 rise edge)
                                                      0.000     0.000 r  
    BUFGCTRL_X0Y2        BUFG                         0.000     0.000 r  clk_IBUF_BUFG_inst/O
                         net (fo=518, routed)         0.610     0.610    datapath/video_inst/mmcm_adv_inst_display_clocks/inst/clk_in1
    MMCME2_ADV_X0Y2      MMCME2_ADV (Prop_mmcme2_adv_CLKIN1_CLKOUT1)
                                                     -1.180    -0.571 r  datapath/video_inst/mmcm_adv_inst_display_clocks/inst/mmcm_adv_inst/CLKOUT1
                         net (fo=1, routed)           0.545    -0.026    datapath/video_inst/mmcm_adv_inst_display_clocks/inst/clk_out2_clk_wiz_0
    BUFGCTRL_X0Y0        BUFG (Prop_bufg_I_O)         0.026     0.000 r  datapath/video_inst/mmcm_adv_inst_display_clocks/inst/clkout2_buf/O
                         net (fo=44, routed)          0.636     0.636    datapath/video_inst/inst_dvid/clk_out2
    OLOGIC_X1Y134        ODDR                                         r  datapath/video_inst/inst_dvid/ODDR2_red/C
  -------------------------------------------------------------------    -------------------
    OLOGIC_X1Y134        ODDR (Prop_oddr_C_Q)         0.177     0.813 r  datapath/video_inst/inst_dvid/ODDR2_red/Q
                         net (fo=1, routed)           0.001     0.814    datapath/video_inst/red_s
    AB3                  OBUFDS (Prop_obufds_I_O)     0.845     1.659 r  datapath/video_inst/OBUFDS_green/O
                         net (fo=0)                   0.000     1.659    tmds[2]
    AB3                                                               r  tmds[2] (OUT)
  -------------------------------------------------------------------    -------------------

Slack:                    inf
  Source:                 datapath/video_inst/inst_dvid/ODDR2_red/C
                            (rising edge-triggered cell ODDR clocked by clk_out2_clk_wiz_0  {rise@0.000ns fall@4.000ns period=8.000ns})
  Destination:            tmdsb[2]
                            (output port)
  Path Group:             (none)
  Path Type:              Min at Fast Process Corner
  Data Path Delay:        1.024ns  (logic 1.023ns (99.902%)  route 0.001ns (0.098%))
  Logic Levels:           1  (OBUFDS=1)
  Clock Uncertainty:      0.166ns  ((TSJ^2 + DJ^2)^1/2) / 2 + PE
    Total System Jitter     (TSJ):    0.050ns
    Discrete Jitter          (DJ):    0.125ns
    Phase Error              (PE):    0.099ns

    Location             Delay type                Incr(ns)  Path(ns)    Netlist Resource(s)
  -------------------------------------------------------------------    -------------------
                         (clock clk_out2_clk_wiz_0 rise edge)
                                                      0.000     0.000 r  
    BUFGCTRL_X0Y2        BUFG                         0.000     0.000 r  clk_IBUF_BUFG_inst/O
                         net (fo=518, routed)         0.610     0.610    datapath/video_inst/mmcm_adv_inst_display_clocks/inst/clk_in1
    MMCME2_ADV_X0Y2      MMCME2_ADV (Prop_mmcme2_adv_CLKIN1_CLKOUT1)
                                                     -1.180    -0.571 r  datapath/video_inst/mmcm_adv_inst_display_clocks/inst/mmcm_adv_inst/CLKOUT1
                         net (fo=1, routed)           0.545    -0.026    datapath/video_inst/mmcm_adv_inst_display_clocks/inst/clk_out2_clk_wiz_0
    BUFGCTRL_X0Y0        BUFG (Prop_bufg_I_O)         0.026     0.000 r  datapath/video_inst/mmcm_adv_inst_display_clocks/inst/clkout2_buf/O
                         net (fo=44, routed)          0.636     0.636    datapath/video_inst/inst_dvid/clk_out2
    OLOGIC_X1Y134        ODDR                                         r  datapath/video_inst/inst_dvid/ODDR2_red/C
  -------------------------------------------------------------------    -------------------
    OLOGIC_X1Y134        ODDR (Prop_oddr_C_Q)         0.177     0.813 r  datapath/video_inst/inst_dvid/ODDR2_red/Q
                         net (fo=1, routed)           0.001     0.814    datapath/video_inst/red_s
    AB3                  OBUFDS (Prop_obufds_I_OB)    0.846     1.660 r  datapath/video_inst/OBUFDS_green/OB
                         net (fo=0)                   0.000     1.660    tmdsb[2]
    AB2                                                               r  tmdsb[2] (OUT)
  -------------------------------------------------------------------    -------------------





--------------------------------------------------------------------------------------
Path Group:  (none)
From Clock:  clk_out2_clk_wiz_1
  To Clock:  

Max Delay             2 Endpoints
Min Delay             2 Endpoints
--------------------------------------------------------------------------------------


Max Delay Paths
--------------------------------------------------------------------------------------
Slack:                    inf
  Source:                 doodleAudio/Audio_Codec/initialize_audio/twi_controller/rSda_reg/C
                            (rising edge-triggered cell FDRE clocked by clk_out2_clk_wiz_1  {rise@0.000ns fall@10.000ns period=20.000ns})
  Destination:            sda
                            (output port)
  Path Group:             (none)
  Path Type:              Max at Slow Process Corner
  Data Path Delay:        5.844ns  (logic 4.203ns (71.912%)  route 1.642ns (28.088%))
  Logic Levels:           1  (OBUFT=1)
  Clock Uncertainty:      0.178ns  ((TSJ^2 + DJ^2)^1/2) / 2 + PE
    Total System Jitter     (TSJ):    0.050ns
    Discrete Jitter          (DJ):    0.152ns
    Phase Error              (PE):    0.099ns

    Location             Delay type                Incr(ns)  Path(ns)    Netlist Resource(s)
  -------------------------------------------------------------------    -------------------
                         (clock clk_out2_clk_wiz_1 rise edge)
                                                      0.000     0.000 r  
    BUFGCTRL_X0Y2        BUFG                         0.000     0.000 r  clk_IBUF_BUFG_inst/O
                         net (fo=518, routed)         2.106     2.106    doodleAudio/Audio_Codec/audiocodec_master_clock/inst/clk_in1
    MMCME2_ADV_X1Y0      MMCME2_ADV (Prop_mmcme2_adv_CLKIN1_CLKOUT1)
                                                     -4.900    -2.793 r  doodleAudio/Audio_Codec/audiocodec_master_clock/inst/mmcm_adv_inst/CLKOUT1
                         net (fo=1, routed)           2.697    -0.096    doodleAudio/Audio_Codec/audiocodec_master_clock/inst/clk_out2_clk_wiz_1
    BUFGCTRL_X0Y4        BUFG (Prop_bufg_I_O)         0.096    -0.000 r  doodleAudio/Audio_Codec/audiocodec_master_clock/inst/clkout2_buf/O
                         net (fo=115, routed)         1.820     1.820    doodleAudio/Audio_Codec/initialize_audio/twi_controller/clk_out2
    SLICE_X162Y119       FDRE                                         r  doodleAudio/Audio_Codec/initialize_audio/twi_controller/rSda_reg/C
  -------------------------------------------------------------------    -------------------
    SLICE_X162Y119       FDRE (Prop_fdre_C_Q)         0.478     2.298 f  doodleAudio/Audio_Codec/initialize_audio/twi_controller/rSda_reg/Q
                         net (fo=4, routed)           1.642     3.940    sda_IOBUF_inst/T
    V5                   OBUFT (TriStatE_obuft_T_O)
                                                      3.725     7.665 r  sda_IOBUF_inst/OBUFT/O
                         net (fo=1, unset)            0.000     7.665    sda
    V5                                                                r  sda (INOUT)
  -------------------------------------------------------------------    -------------------

Slack:                    inf
  Source:                 doodleAudio/Audio_Codec/initialize_audio/twi_controller/rScl_reg/C
                            (rising edge-triggered cell FDRE clocked by clk_out2_clk_wiz_1  {rise@0.000ns fall@10.000ns period=20.000ns})
  Destination:            scl
                            (output port)
  Path Group:             (none)
  Path Type:              Max at Slow Process Corner
  Data Path Delay:        5.803ns  (logic 4.021ns (69.287%)  route 1.782ns (30.713%))
  Logic Levels:           1  (OBUFT=1)
  Clock Uncertainty:      0.178ns  ((TSJ^2 + DJ^2)^1/2) / 2 + PE
    Total System Jitter     (TSJ):    0.050ns
    Discrete Jitter          (DJ):    0.152ns
    Phase Error              (PE):    0.099ns

    Location             Delay type                Incr(ns)  Path(ns)    Netlist Resource(s)
  -------------------------------------------------------------------    -------------------
                         (clock clk_out2_clk_wiz_1 rise edge)
                                                      0.000     0.000 r  
    BUFGCTRL_X0Y2        BUFG                         0.000     0.000 r  clk_IBUF_BUFG_inst/O
                         net (fo=518, routed)         2.106     2.106    doodleAudio/Audio_Codec/audiocodec_master_clock/inst/clk_in1
    MMCME2_ADV_X1Y0      MMCME2_ADV (Prop_mmcme2_adv_CLKIN1_CLKOUT1)
                                                     -4.900    -2.793 r  doodleAudio/Audio_Codec/audiocodec_master_clock/inst/mmcm_adv_inst/CLKOUT1
                         net (fo=1, routed)           2.697    -0.096    doodleAudio/Audio_Codec/audiocodec_master_clock/inst/clk_out2_clk_wiz_1
    BUFGCTRL_X0Y4        BUFG (Prop_bufg_I_O)         0.096    -0.000 r  doodleAudio/Audio_Codec/audiocodec_master_clock/inst/clkout2_buf/O
                         net (fo=115, routed)         1.816     1.816    doodleAudio/Audio_Codec/initialize_audio/twi_controller/clk_out2
    SLICE_X159Y121       FDRE                                         r  doodleAudio/Audio_Codec/initialize_audio/twi_controller/rScl_reg/C
  -------------------------------------------------------------------    -------------------
    SLICE_X159Y121       FDRE (Prop_fdre_C_Q)         0.456     2.272 f  doodleAudio/Audio_Codec/initialize_audio/twi_controller/rScl_reg/Q
                         net (fo=3, routed)           1.782     4.055    scl_IOBUF_inst/T
    W5                   OBUFT (TriStatE_obuft_T_O)
                                                      3.565     7.620 r  scl_IOBUF_inst/OBUFT/O
                         net (fo=1, unset)            0.000     7.620    scl
    W5                                                                r  scl (INOUT)
  -------------------------------------------------------------------    -------------------





Min Delay Paths
--------------------------------------------------------------------------------------
Slack:                    inf
  Source:                 doodleAudio/Audio_Codec/initialize_audio/twi_controller/rScl_reg/C
                            (rising edge-triggered cell FDRE clocked by clk_out2_clk_wiz_1  {rise@0.000ns fall@10.000ns period=20.000ns})
  Destination:            scl
                            (output port)
  Path Group:             (none)
  Path Type:              Min at Fast Process Corner
  Data Path Delay:        1.619ns  (logic 0.965ns (59.590%)  route 0.654ns (40.410%))
  Logic Levels:           1  (OBUFT=1)
  Clock Uncertainty:      0.178ns  ((TSJ^2 + DJ^2)^1/2) / 2 + PE
    Total System Jitter     (TSJ):    0.050ns
    Discrete Jitter          (DJ):    0.152ns
    Phase Error              (PE):    0.099ns

    Location             Delay type                Incr(ns)  Path(ns)    Netlist Resource(s)
  -------------------------------------------------------------------    -------------------
                         (clock clk_out2_clk_wiz_1 rise edge)
                                                      0.000     0.000 r  
    BUFGCTRL_X0Y2        BUFG                         0.000     0.000 r  clk_IBUF_BUFG_inst/O
                         net (fo=518, routed)         0.745     0.745    doodleAudio/Audio_Codec/audiocodec_master_clock/inst/clk_in1
    MMCME2_ADV_X1Y0      MMCME2_ADV (Prop_mmcme2_adv_CLKIN1_CLKOUT1)
                                                     -1.683    -0.938 r  doodleAudio/Audio_Codec/audiocodec_master_clock/inst/mmcm_adv_inst/CLKOUT1
                         net (fo=1, routed)           0.912    -0.026    doodleAudio/Audio_Codec/audiocodec_master_clock/inst/clk_out2_clk_wiz_1
    BUFGCTRL_X0Y4        BUFG (Prop_bufg_I_O)         0.026    -0.000 r  doodleAudio/Audio_Codec/audiocodec_master_clock/inst/clkout2_buf/O
                         net (fo=115, routed)         0.637     0.637    doodleAudio/Audio_Codec/initialize_audio/twi_controller/clk_out2
    SLICE_X159Y121       FDRE                                         r  doodleAudio/Audio_Codec/initialize_audio/twi_controller/rScl_reg/C
  -------------------------------------------------------------------    -------------------
    SLICE_X159Y121       FDRE (Prop_fdre_C_Q)         0.141     0.778 r  doodleAudio/Audio_Codec/initialize_audio/twi_controller/rScl_reg/Q
                         net (fo=3, routed)           0.654     1.432    scl_IOBUF_inst/T
    W5                   OBUFT (TriStatD_obuft_T_O)
                                                      0.824     2.256 r  scl_IOBUF_inst/OBUFT/O
                         net (fo=1, unset)            0.000     2.256    scl
    W5                                                                r  scl (INOUT)
  -------------------------------------------------------------------    -------------------

Slack:                    inf
  Source:                 doodleAudio/Audio_Codec/initialize_audio/twi_controller/rSda_reg/C
                            (rising edge-triggered cell FDRE clocked by clk_out2_clk_wiz_1  {rise@0.000ns fall@10.000ns period=20.000ns})
  Destination:            sda
                            (output port)
  Path Group:             (none)
  Path Type:              Min at Fast Process Corner
  Data Path Delay:        1.650ns  (logic 1.026ns (62.199%)  route 0.624ns (37.801%))
  Logic Levels:           1  (OBUFT=1)
  Clock Uncertainty:      0.178ns  ((TSJ^2 + DJ^2)^1/2) / 2 + PE
    Total System Jitter     (TSJ):    0.050ns
    Discrete Jitter          (DJ):    0.152ns
    Phase Error              (PE):    0.099ns

    Location             Delay type                Incr(ns)  Path(ns)    Netlist Resource(s)
  -------------------------------------------------------------------    -------------------
                         (clock clk_out2_clk_wiz_1 rise edge)
                                                      0.000     0.000 r  
    BUFGCTRL_X0Y2        BUFG                         0.000     0.000 r  clk_IBUF_BUFG_inst/O
                         net (fo=518, routed)         0.745     0.745    doodleAudio/Audio_Codec/audiocodec_master_clock/inst/clk_in1
    MMCME2_ADV_X1Y0      MMCME2_ADV (Prop_mmcme2_adv_CLKIN1_CLKOUT1)
                                                     -1.683    -0.938 r  doodleAudio/Audio_Codec/audiocodec_master_clock/inst/mmcm_adv_inst/CLKOUT1
                         net (fo=1, routed)           0.912    -0.026    doodleAudio/Audio_Codec/audiocodec_master_clock/inst/clk_out2_clk_wiz_1
    BUFGCTRL_X0Y4        BUFG (Prop_bufg_I_O)         0.026    -0.000 r  doodleAudio/Audio_Codec/audiocodec_master_clock/inst/clkout2_buf/O
                         net (fo=115, routed)         0.640     0.640    doodleAudio/Audio_Codec/initialize_audio/twi_controller/clk_out2
    SLICE_X162Y119       FDRE                                         r  doodleAudio/Audio_Codec/initialize_audio/twi_controller/rSda_reg/C
  -------------------------------------------------------------------    -------------------
    SLICE_X162Y119       FDRE (Prop_fdre_C_Q)         0.148     0.788 r  doodleAudio/Audio_Codec/initialize_audio/twi_controller/rSda_reg/Q
                         net (fo=4, routed)           0.624     1.411    sda_IOBUF_inst/T
    V5                   OBUFT (TriStatD_obuft_T_O)
                                                      0.878     2.289 r  sda_IOBUF_inst/OBUFT/O
                         net (fo=1, unset)            0.000     2.289    sda
    V5                                                                r  sda (INOUT)
  -------------------------------------------------------------------    -------------------





--------------------------------------------------------------------------------------
Path Group:  (none)
From Clock:  clkfbout_clk_wiz_0
  To Clock:  

Max Delay             1 Endpoint
Min Delay             1 Endpoint
--------------------------------------------------------------------------------------


Max Delay Paths
--------------------------------------------------------------------------------------
Slack:                    inf
  Source:                 datapath/video_inst/mmcm_adv_inst_display_clocks/inst/mmcm_adv_inst/CLKFBOUT
                            (clock source 'clkfbout_clk_wiz_0'  {rise@0.000ns fall@5.000ns period=10.000ns})
  Destination:            datapath/video_inst/mmcm_adv_inst_display_clocks/inst/mmcm_adv_inst/CLKFBIN
  Path Group:             (none)
  Path Type:              Max at Slow Process Corner
  Data Path Delay:        3.701ns  (logic 0.096ns (2.594%)  route 3.605ns (97.406%))
  Logic Levels:           1  (BUFG=1)
  Clock Uncertainty:      0.148ns  ((TSJ^2 + DJ^2)^1/2) / 2 + PE
    Total System Jitter     (TSJ):    0.050ns
    Discrete Jitter          (DJ):    0.086ns
    Phase Error              (PE):    0.099ns

    Location             Delay type                Incr(ns)  Path(ns)    Netlist Resource(s)
  -------------------------------------------------------------------    -------------------
                         (clock clkfbout_clk_wiz_0 fall edge)
                                                      5.000     5.000 f  
    BUFGCTRL_X0Y2        BUFG                         0.000     5.000 f  clk_IBUF_BUFG_inst/O
                         net (fo=518, routed)         1.761     6.761    datapath/video_inst/mmcm_adv_inst_display_clocks/inst/clk_in1
  -------------------------------------------------------------------    -------------------
    MMCME2_ADV_X0Y2      MMCME2_ADV (Prop_mmcme2_adv_CLKIN1_CLKFBOUT)
                                                     -3.701     3.061 f  datapath/video_inst/mmcm_adv_inst_display_clocks/inst/mmcm_adv_inst/CLKFBOUT
                         net (fo=1, routed)           1.843     4.904    datapath/video_inst/mmcm_adv_inst_display_clocks/inst/clkfbout_clk_wiz_0
    BUFGCTRL_X0Y5        BUFG (Prop_bufg_I_O)         0.096     5.000 f  datapath/video_inst/mmcm_adv_inst_display_clocks/inst/clkf_buf/O
                         net (fo=1, routed)           1.761     6.761    datapath/video_inst/mmcm_adv_inst_display_clocks/inst/clkfbout_buf_clk_wiz_0
    MMCME2_ADV_X0Y2      MMCME2_ADV                                   f  datapath/video_inst/mmcm_adv_inst_display_clocks/inst/mmcm_adv_inst/CLKFBIN
  -------------------------------------------------------------------    -------------------





Min Delay Paths
--------------------------------------------------------------------------------------
Slack:                    inf
  Source:                 datapath/video_inst/mmcm_adv_inst_display_clocks/inst/mmcm_adv_inst/CLKFBOUT
                            (clock source 'clkfbout_clk_wiz_0'  {rise@0.000ns fall@5.000ns period=10.000ns})
  Destination:            datapath/video_inst/mmcm_adv_inst_display_clocks/inst/mmcm_adv_inst/CLKFBIN
  Path Group:             (none)
  Path Type:              Min at Fast Process Corner
  Data Path Delay:        1.180ns  (logic 0.026ns (2.202%)  route 1.155ns (97.798%))
  Logic Levels:           1  (BUFG=1)
  Clock Uncertainty:      0.148ns  ((TSJ^2 + DJ^2)^1/2) / 2 + PE
    Total System Jitter     (TSJ):    0.050ns
    Discrete Jitter          (DJ):    0.086ns
    Phase Error              (PE):    0.099ns

    Location             Delay type                Incr(ns)  Path(ns)    Netlist Resource(s)
  -------------------------------------------------------------------    -------------------
                         (clock clkfbout_clk_wiz_0 rise edge)
                                                      0.000     0.000 r  
    BUFGCTRL_X0Y2        BUFG                         0.000     0.000 r  clk_IBUF_BUFG_inst/O
                         net (fo=518, routed)         0.610     0.610    datapath/video_inst/mmcm_adv_inst_display_clocks/inst/clk_in1
  -------------------------------------------------------------------    -------------------
    MMCME2_ADV_X0Y2      MMCME2_ADV (Prop_mmcme2_adv_CLKIN1_CLKFBOUT)
                                                     -1.180    -0.571 r  datapath/video_inst/mmcm_adv_inst_display_clocks/inst/mmcm_adv_inst/CLKFBOUT
                         net (fo=1, routed)           0.545    -0.026    datapath/video_inst/mmcm_adv_inst_display_clocks/inst/clkfbout_clk_wiz_0
    BUFGCTRL_X0Y5        BUFG (Prop_bufg_I_O)         0.026     0.000 r  datapath/video_inst/mmcm_adv_inst_display_clocks/inst/clkf_buf/O
                         net (fo=1, routed)           0.610     0.610    datapath/video_inst/mmcm_adv_inst_display_clocks/inst/clkfbout_buf_clk_wiz_0
    MMCME2_ADV_X0Y2      MMCME2_ADV                                   r  datapath/video_inst/mmcm_adv_inst_display_clocks/inst/mmcm_adv_inst/CLKFBIN
  -------------------------------------------------------------------    -------------------





--------------------------------------------------------------------------------------
Path Group:  (none)
From Clock:  clkfbout_clk_wiz_1
  To Clock:  

Max Delay             1 Endpoint
Min Delay             1 Endpoint
--------------------------------------------------------------------------------------


Max Delay Paths
--------------------------------------------------------------------------------------
Slack:                    inf
  Source:                 doodleAudio/Audio_Codec/audiocodec_master_clock/inst/mmcm_adv_inst/CLKFBOUT
                            (clock source 'clkfbout_clk_wiz_1'  {rise@0.000ns fall@5.000ns period=10.000ns})
  Destination:            doodleAudio/Audio_Codec/audiocodec_master_clock/inst/mmcm_adv_inst/CLKFBIN
  Path Group:             (none)
  Path Type:              Max at Slow Process Corner
  Data Path Delay:        4.900ns  (logic 0.096ns (1.959%)  route 4.804ns (98.041%))
  Logic Levels:           1  (BUFG=1)
  Clock Uncertainty:      0.148ns  ((TSJ^2 + DJ^2)^1/2) / 2 + PE
    Total System Jitter     (TSJ):    0.050ns
    Discrete Jitter          (DJ):    0.086ns
    Phase Error              (PE):    0.099ns

    Location             Delay type                Incr(ns)  Path(ns)    Netlist Resource(s)
  -------------------------------------------------------------------    -------------------
                         (clock clkfbout_clk_wiz_1 fall edge)
                                                      5.000     5.000 f  
    BUFGCTRL_X0Y2        BUFG                         0.000     5.000 f  clk_IBUF_BUFG_inst/O
                         net (fo=518, routed)         2.106     7.106    doodleAudio/Audio_Codec/audiocodec_master_clock/inst/clk_in1
  -------------------------------------------------------------------    -------------------
    MMCME2_ADV_X1Y0      MMCME2_ADV (Prop_mmcme2_adv_CLKIN1_CLKFBOUT)
                                                     -4.900     2.207 f  doodleAudio/Audio_Codec/audiocodec_master_clock/inst/mmcm_adv_inst/CLKFBOUT
                         net (fo=1, routed)           2.697     4.904    doodleAudio/Audio_Codec/audiocodec_master_clock/inst/clkfbout_clk_wiz_1
    BUFGCTRL_X0Y6        BUFG (Prop_bufg_I_O)         0.096     5.000 f  doodleAudio/Audio_Codec/audiocodec_master_clock/inst/clkf_buf/O
                         net (fo=1, routed)           2.106     7.106    doodleAudio/Audio_Codec/audiocodec_master_clock/inst/clkfbout_buf_clk_wiz_1
    MMCME2_ADV_X1Y0      MMCME2_ADV                                   f  doodleAudio/Audio_Codec/audiocodec_master_clock/inst/mmcm_adv_inst/CLKFBIN
  -------------------------------------------------------------------    -------------------





Min Delay Paths
--------------------------------------------------------------------------------------
Slack:                    inf
  Source:                 doodleAudio/Audio_Codec/audiocodec_master_clock/inst/mmcm_adv_inst/CLKFBOUT
                            (clock source 'clkfbout_clk_wiz_1'  {rise@0.000ns fall@5.000ns period=10.000ns})
  Destination:            doodleAudio/Audio_Codec/audiocodec_master_clock/inst/mmcm_adv_inst/CLKFBIN
  Path Group:             (none)
  Path Type:              Min at Fast Process Corner
  Data Path Delay:        1.683ns  (logic 0.026ns (1.545%)  route 1.657ns (98.455%))
  Logic Levels:           1  (BUFG=1)
  Clock Uncertainty:      0.148ns  ((TSJ^2 + DJ^2)^1/2) / 2 + PE
    Total System Jitter     (TSJ):    0.050ns
    Discrete Jitter          (DJ):    0.086ns
    Phase Error              (PE):    0.099ns

    Location             Delay type                Incr(ns)  Path(ns)    Netlist Resource(s)
  -------------------------------------------------------------------    -------------------
                         (clock clkfbout_clk_wiz_1 rise edge)
                                                      0.000     0.000 r  
    BUFGCTRL_X0Y2        BUFG                         0.000     0.000 r  clk_IBUF_BUFG_inst/O
                         net (fo=518, routed)         0.745     0.745    doodleAudio/Audio_Codec/audiocodec_master_clock/inst/clk_in1
  -------------------------------------------------------------------    -------------------
    MMCME2_ADV_X1Y0      MMCME2_ADV (Prop_mmcme2_adv_CLKIN1_CLKFBOUT)
                                                     -1.683    -0.938 r  doodleAudio/Audio_Codec/audiocodec_master_clock/inst/mmcm_adv_inst/CLKFBOUT
                         net (fo=1, routed)           0.912    -0.026    doodleAudio/Audio_Codec/audiocodec_master_clock/inst/clkfbout_clk_wiz_1
    BUFGCTRL_X0Y6        BUFG (Prop_bufg_I_O)         0.026    -0.000 r  doodleAudio/Audio_Codec/audiocodec_master_clock/inst/clkf_buf/O
                         net (fo=1, routed)           0.745     0.745    doodleAudio/Audio_Codec/audiocodec_master_clock/inst/clkfbout_buf_clk_wiz_1
    MMCME2_ADV_X1Y0      MMCME2_ADV                                   r  doodleAudio/Audio_Codec/audiocodec_master_clock/inst/mmcm_adv_inst/CLKFBIN
  -------------------------------------------------------------------    -------------------





--------------------------------------------------------------------------------------
Path Group:  (none)
From Clock:  
  To Clock:  clk_out1_clk_wiz_0

Max Delay           102 Endpoints
Min Delay           102 Endpoints
--------------------------------------------------------------------------------------


Max Delay Paths
--------------------------------------------------------------------------------------
Slack:                    inf
  Source:                 datapath/sprite_status_array_reg[2][row][3]/C
                            (rising edge-triggered cell FDRE)
  Destination:            datapath/video_inst/inst_dvid/TDMS_encoder_blue/dc_bias_reg[3]/D
                            (rising edge-triggered cell FDRE clocked by clk_out1_clk_wiz_0  {rise@0.000ns fall@20.000ns period=40.000ns})
  Path Group:             (none)
  Path Type:              Setup (Max at Slow Process Corner)
  Data Path Delay:        32.977ns  (logic 8.242ns (24.993%)  route 24.735ns (75.007%))
  Logic Levels:           38  (CARRY4=4 FDRE=1 LUT2=3 LUT3=3 LUT4=4 LUT5=5 LUT6=18)
  Clock Uncertainty:      0.190ns  ((TSJ^2 + DJ^2)^1/2) / 2 + PE
    Total System Jitter     (TSJ):    0.050ns
    Discrete Jitter          (DJ):    0.175ns
    Phase Error              (PE):    0.099ns

    Location             Delay type                Incr(ns)  Path(ns)    Netlist Resource(s)
  -------------------------------------------------------------------    -------------------
    SLICE_X113Y103       FDRE                         0.000     0.000 r  datapath/sprite_status_array_reg[2][row][3]/C
    SLICE_X113Y103       FDRE (Prop_fdre_C_Q)         0.456     0.456 r  datapath/sprite_status_array_reg[2][row][3]/Q
                         net (fo=9, routed)           1.272     1.728    datapath/video_inst/Inst_vga/g0_b2_i_49_0[2]
    SLICE_X115Y99        LUT2 (Prop_lut2_I1_O)        0.124     1.852 r  datapath/video_inst/Inst_vga/g0_b0_i_3__2/O
                         net (fo=1, routed)           0.000     1.852    datapath/video_inst/Inst_vga/g0_b0_i_3__2_n_0
    SLICE_X115Y99        CARRY4 (Prop_carry4_S[3]_CO[3])
                                                      0.401     2.253 r  datapath/video_inst/Inst_vga/g0_b0_i_1__1/CO[3]
                         net (fo=1, routed)           0.001     2.254    datapath/video_inst/Inst_vga/g0_b0_i_1__1_n_0
    SLICE_X115Y100       CARRY4 (Prop_carry4_CI_O[0])
                                                      0.222     2.476 r  datapath/video_inst/Inst_vga/g0_b0_i_2__1/O[0]
                         net (fo=181, routed)         1.624     4.100    datapath/video_inst/Inst_vga/pix_classifer/jetpackAndDoodle[0][0]11_out[4]
    SLICE_X103Y88        LUT6 (Prop_lut6_I4_O)        0.299     4.399 f  datapath/video_inst/Inst_vga/g0_b5__19/O
                         net (fo=1, routed)           0.433     4.832    datapath/video_inst/Inst_vga/g0_b5__19_n_0
    SLICE_X103Y88        LUT3 (Prop_lut3_I1_O)        0.124     4.956 r  datapath/video_inst/Inst_vga/g0_b0_i_941/O
                         net (fo=1, routed)           0.620     5.577    datapath/video_inst/Inst_vga/g0_b0_i_941_n_0
    SLICE_X103Y89        LUT6 (Prop_lut6_I3_O)        0.124     5.701 r  datapath/video_inst/Inst_vga/g0_b0_i_671/O
                         net (fo=1, routed)           0.775     6.475    datapath/video_inst/Inst_vga/g0_b0_i_671_n_0
    SLICE_X106Y89        LUT5 (Prop_lut5_I1_O)        0.124     6.599 f  datapath/video_inst/Inst_vga/g0_b0_i_402/O
                         net (fo=1, routed)           0.808     7.407    datapath/video_inst/Inst_vga/g0_b0_i_402_n_0
    SLICE_X107Y90        LUT6 (Prop_lut6_I2_O)        0.124     7.531 f  datapath/video_inst/Inst_vga/g0_b0_i_197/O
                         net (fo=1, routed)           0.933     8.464    datapath/video_inst/Inst_vga/g0_b0_i_197_n_0
    SLICE_X108Y95        LUT6 (Prop_lut6_I5_O)        0.124     8.588 r  datapath/video_inst/Inst_vga/g0_b0_i_72/O
                         net (fo=5, routed)           0.445     9.033    datapath/video_inst/Inst_vga/g0_b0_i_72_n_0
    SLICE_X111Y94        LUT6 (Prop_lut6_I0_O)        0.124     9.157 f  datapath/video_inst/Inst_vga/g0_b2_i_19/O
                         net (fo=1, routed)           0.749     9.905    datapath/video_inst/Inst_vga/g0_b2_i_19_n_0
    SLICE_X111Y99        LUT6 (Prop_lut6_I2_O)        0.124    10.029 f  datapath/video_inst/Inst_vga/g0_b2_i_9/O
                         net (fo=11, routed)          0.844    10.874    datapath/video_inst/Inst_vga/g0_b2_i_9_n_0
    SLICE_X113Y104       LUT6 (Prop_lut6_I0_O)        0.124    10.998 r  datapath/video_inst/Inst_vga/g0_b2_i_5/O
                         net (fo=16, routed)          0.644    11.642    datapath/video_inst/Inst_vga/pixel_type[row][1]
    SLICE_X116Y100       LUT2 (Prop_lut2_I1_O)        0.124    11.766 r  datapath/video_inst/Inst_vga/g0_b0_i_5__2/O
                         net (fo=1, routed)           0.000    11.766    datapath/video_inst/Inst_vga/g0_b0_i_5__2_n_0
    SLICE_X116Y100       CARRY4 (Prop_carry4_S[1]_CO[3])
                                                      0.533    12.299 r  datapath/video_inst/Inst_vga/g0_b0_i_1/CO[3]
                         net (fo=1, routed)           0.000    12.299    datapath/video_inst/Inst_vga/g0_b0_i_1_n_0
    SLICE_X116Y101       CARRY4 (Prop_carry4_CI_O[1])
                                                      0.323    12.622 r  datapath/video_inst/Inst_vga/g0_b0_i_2/O[1]
                         net (fo=312, routed)         1.967    14.589    datapath/video_inst/Inst_vga/doodle_right[0][1]10_out[5]
    SLICE_X126Y80        LUT4 (Prop_lut4_I0_O)        0.334    14.923 f  datapath/video_inst/Inst_vga/dc_bias[0]_i_347/O
                         net (fo=2, routed)           0.621    15.544    datapath/video_inst/Inst_vga/dc_bias[0]_i_347_n_0
    SLICE_X125Y81        LUT6 (Prop_lut6_I1_O)        0.326    15.870 f  datapath/video_inst/Inst_vga/dc_bias[0]_i_421/O
                         net (fo=1, routed)           0.263    16.133    datapath/video_inst/Inst_vga/dc_bias[0]_i_421_n_0
    SLICE_X125Y81        LUT6 (Prop_lut6_I5_O)        0.124    16.257 r  datapath/video_inst/Inst_vga/dc_bias[0]_i_335/O
                         net (fo=1, routed)           0.151    16.409    datapath/video_inst/Inst_vga/dc_bias[0]_i_335_n_0
    SLICE_X125Y81        LUT6 (Prop_lut6_I3_O)        0.124    16.533 r  datapath/video_inst/Inst_vga/dc_bias[0]_i_220__0/O
                         net (fo=1, routed)           0.431    16.964    datapath/video_inst/Inst_vga/dc_bias[0]_i_220__0_n_0
    SLICE_X125Y82        LUT6 (Prop_lut6_I0_O)        0.124    17.088 f  datapath/video_inst/Inst_vga/dc_bias[0]_i_151/O
                         net (fo=1, routed)           0.433    17.521    datapath/video_inst/Inst_vga/dc_bias[0]_i_151_n_0
    SLICE_X125Y84        LUT6 (Prop_lut6_I1_O)        0.124    17.645 f  datapath/video_inst/Inst_vga/dc_bias[0]_i_103/O
                         net (fo=7, routed)           0.760    18.406    datapath/video_inst/Inst_vga/dc_bias[0]_i_103_n_0
    SLICE_X125Y87        LUT4 (Prop_lut4_I3_O)        0.150    18.556 f  datapath/video_inst/Inst_vga/dc_bias[0]_i_115__0/O
                         net (fo=1, routed)           0.690    19.245    datapath/video_inst/Inst_vga/dc_bias[0]_i_115__0_n_0
    SLICE_X125Y89        LUT6 (Prop_lut6_I0_O)        0.326    19.571 r  datapath/video_inst/Inst_vga/dc_bias[0]_i_65/O
                         net (fo=7, routed)           1.304    20.875    datapath/video_inst/Inst_vga/dc_bias[0]_i_65_n_0
    SLICE_X127Y100       LUT5 (Prop_lut5_I4_O)        0.152    21.027 r  datapath/video_inst/Inst_vga/dc_bias[0]_i_70__0/O
                         net (fo=10, routed)          0.569    21.596    datapath/video_inst/Inst_vga/dc_bias[0]_i_70__0_n_0
    SLICE_X126Y100       LUT6 (Prop_lut6_I5_O)        0.332    21.928 f  datapath/video_inst/Inst_vga/dc_bias[0]_i_23__0/O
                         net (fo=8, routed)           1.009    22.938    datapath/video_inst/Inst_vga/dc_bias[0]_i_23__0_n_0
    SLICE_X129Y102       LUT3 (Prop_lut3_I1_O)        0.124    23.062 f  datapath/video_inst/Inst_vga/encoded[1]_i_10__0/O
                         net (fo=4, routed)           0.463    23.525    datapath/video_inst/Inst_vga/encoded[1]_i_10__0_n_0
    SLICE_X126Y101       LUT5 (Prop_lut5_I4_O)        0.124    23.649 r  datapath/video_inst/Inst_vga/dc_bias[0]_i_28/O
                         net (fo=5, routed)           0.763    24.412    datapath/video_inst/Inst_vga/dc_bias[0]_i_28_n_0
    SLICE_X129Y103       LUT4 (Prop_lut4_I3_O)        0.150    24.562 f  datapath/video_inst/Inst_vga/encoded[7]_i_9__1/O
                         net (fo=1, routed)           0.794    25.356    datapath/video_inst/Inst_vga/Inst_scopeFace/doodlehundreds/encoded[5]_i_6__0_0
    SLICE_X130Y103       LUT4 (Prop_lut4_I1_O)        0.354    25.710 r  datapath/video_inst/Inst_vga/Inst_scopeFace/doodlehundreds/encoded[7]_i_8__0/O
                         net (fo=2, routed)           0.583    26.293    datapath/video_inst/Inst_vga/Inst_scopeFace/doodlehundreds/encoded[7]_i_8__0_n_0
    SLICE_X127Y104       LUT6 (Prop_lut6_I3_O)        0.326    26.619 r  datapath/video_inst/Inst_vga/Inst_scopeFace/doodlehundreds/encoded[5]_i_6__0/O
                         net (fo=20, routed)          0.801    27.420    datapath/video_inst/Inst_vga/Inst_scopeFace/doodlethousands/blue[1]
    SLICE_X126Y107       LUT3 (Prop_lut3_I2_O)        0.150    27.570 r  datapath/video_inst/Inst_vga/Inst_scopeFace/doodlethousands/dc_bias[0]_i_13__1/O
                         net (fo=4, routed)           0.468    28.038    datapath/video_inst/Inst_vga/Inst_scopeFace/doodlehundreds/encoded_reg[0]_4
    SLICE_X126Y107       LUT5 (Prop_lut5_I3_O)        0.326    28.364 r  datapath/video_inst/Inst_vga/Inst_scopeFace/doodlehundreds/dc_bias[0]_i_3__1/O
                         net (fo=44, routed)          0.902    29.265    datapath/video_inst/Inst_vga/Inst_scopeFace/doodlehundreds/v_blank_reg
    SLICE_X127Y107       LUT5 (Prop_lut5_I4_O)        0.150    29.415 r  datapath/video_inst/Inst_vga/Inst_scopeFace/doodlehundreds/dc_bias[3]_i_21__1/O
                         net (fo=3, routed)           0.605    30.020    datapath/video_inst/Inst_vga/Inst_scopeFace/doodlehundreds/dc_bias[3]_i_21__1_n_0
    SLICE_X127Y108       LUT6 (Prop_lut6_I1_O)        0.326    30.346 f  datapath/video_inst/Inst_vga/Inst_scopeFace/doodlehundreds/dc_bias[3]_i_10/O
                         net (fo=7, routed)           0.697    31.043    datapath/video_inst/inst_dvid/TDMS_encoder_blue/dc_bias[2]_i_2__0
    SLICE_X124Y108       LUT2 (Prop_lut2_I1_O)        0.150    31.193 r  datapath/video_inst/inst_dvid/TDMS_encoder_blue/dc_bias[3]_i_17__0/O
                         net (fo=2, routed)           0.878    32.071    datapath/video_inst/Inst_vga/Inst_scopeFace/doodlehundreds/dc_bias_reg[3]_21
    SLICE_X124Y108       LUT6 (Prop_lut6_I1_O)        0.348    32.419 r  datapath/video_inst/Inst_vga/Inst_scopeFace/doodlehundreds/dc_bias[3]_i_7__0/O
                         net (fo=1, routed)           0.433    32.853    datapath/video_inst/Inst_vga/Inst_scopeFace/doodlehundreds/dc_bias[3]_i_7__0_n_0
    SLICE_X125Y107       LUT6 (Prop_lut6_I5_O)        0.124    32.977 r  datapath/video_inst/Inst_vga/Inst_scopeFace/doodlehundreds/dc_bias[3]_i_1__0/O
                         net (fo=1, routed)           0.000    32.977    datapath/video_inst/inst_dvid/TDMS_encoder_blue/dc_bias_reg[3]_0[3]
    SLICE_X125Y107       FDRE                                         r  datapath/video_inst/inst_dvid/TDMS_encoder_blue/dc_bias_reg[3]/D
  -------------------------------------------------------------------    -------------------

                         (clock clk_out1_clk_wiz_0 rise edge)
                                                      0.000     0.000 r  
    BUFGCTRL_X0Y2        BUFG                         0.000     0.000 r  clk_IBUF_BUFG_inst/O
                         net (fo=518, routed)         1.643     1.643    datapath/video_inst/mmcm_adv_inst_display_clocks/inst/clk_in1
    MMCME2_ADV_X0Y2      MMCME2_ADV (Prop_mmcme2_adv_CLKIN1_CLKOUT0)
                                                     -3.494    -1.851 r  datapath/video_inst/mmcm_adv_inst_display_clocks/inst/mmcm_adv_inst/CLKOUT0
                         net (fo=1, routed)           1.760    -0.091    datapath/video_inst/mmcm_adv_inst_display_clocks/inst/clk_out1_clk_wiz_0
    BUFGCTRL_X0Y3        BUFG (Prop_bufg_I_O)         0.091     0.000 r  datapath/video_inst/mmcm_adv_inst_display_clocks/inst/clkout1_buf/O
                         net (fo=132, routed)         1.568     1.568    datapath/video_inst/inst_dvid/TDMS_encoder_blue/clk_out1
    SLICE_X125Y107       FDRE                                         r  datapath/video_inst/inst_dvid/TDMS_encoder_blue/dc_bias_reg[3]/C

Slack:                    inf
  Source:                 datapath/sprite_status_array_reg[2][row][3]/C
                            (rising edge-triggered cell FDRE)
  Destination:            datapath/video_inst/inst_dvid/TDMS_encoder_blue/dc_bias_reg[2]/D
                            (rising edge-triggered cell FDRE clocked by clk_out1_clk_wiz_0  {rise@0.000ns fall@20.000ns period=40.000ns})
  Path Group:             (none)
  Path Type:              Setup (Max at Slow Process Corner)
  Data Path Delay:        32.958ns  (logic 8.242ns (25.008%)  route 24.716ns (74.992%))
  Logic Levels:           38  (CARRY4=4 FDRE=1 LUT2=3 LUT3=3 LUT4=4 LUT5=6 LUT6=17)
  Clock Uncertainty:      0.190ns  ((TSJ^2 + DJ^2)^1/2) / 2 + PE
    Total System Jitter     (TSJ):    0.050ns
    Discrete Jitter          (DJ):    0.175ns
    Phase Error              (PE):    0.099ns

    Location             Delay type                Incr(ns)  Path(ns)    Netlist Resource(s)
  -------------------------------------------------------------------    -------------------
    SLICE_X113Y103       FDRE                         0.000     0.000 r  datapath/sprite_status_array_reg[2][row][3]/C
    SLICE_X113Y103       FDRE (Prop_fdre_C_Q)         0.456     0.456 r  datapath/sprite_status_array_reg[2][row][3]/Q
                         net (fo=9, routed)           1.272     1.728    datapath/video_inst/Inst_vga/g0_b2_i_49_0[2]
    SLICE_X115Y99        LUT2 (Prop_lut2_I1_O)        0.124     1.852 r  datapath/video_inst/Inst_vga/g0_b0_i_3__2/O
                         net (fo=1, routed)           0.000     1.852    datapath/video_inst/Inst_vga/g0_b0_i_3__2_n_0
    SLICE_X115Y99        CARRY4 (Prop_carry4_S[3]_CO[3])
                                                      0.401     2.253 r  datapath/video_inst/Inst_vga/g0_b0_i_1__1/CO[3]
                         net (fo=1, routed)           0.001     2.254    datapath/video_inst/Inst_vga/g0_b0_i_1__1_n_0
    SLICE_X115Y100       CARRY4 (Prop_carry4_CI_O[0])
                                                      0.222     2.476 r  datapath/video_inst/Inst_vga/g0_b0_i_2__1/O[0]
                         net (fo=181, routed)         1.624     4.100    datapath/video_inst/Inst_vga/pix_classifer/jetpackAndDoodle[0][0]11_out[4]
    SLICE_X103Y88        LUT6 (Prop_lut6_I4_O)        0.299     4.399 f  datapath/video_inst/Inst_vga/g0_b5__19/O
                         net (fo=1, routed)           0.433     4.832    datapath/video_inst/Inst_vga/g0_b5__19_n_0
    SLICE_X103Y88        LUT3 (Prop_lut3_I1_O)        0.124     4.956 r  datapath/video_inst/Inst_vga/g0_b0_i_941/O
                         net (fo=1, routed)           0.620     5.577    datapath/video_inst/Inst_vga/g0_b0_i_941_n_0
    SLICE_X103Y89        LUT6 (Prop_lut6_I3_O)        0.124     5.701 r  datapath/video_inst/Inst_vga/g0_b0_i_671/O
                         net (fo=1, routed)           0.775     6.475    datapath/video_inst/Inst_vga/g0_b0_i_671_n_0
    SLICE_X106Y89        LUT5 (Prop_lut5_I1_O)        0.124     6.599 f  datapath/video_inst/Inst_vga/g0_b0_i_402/O
                         net (fo=1, routed)           0.808     7.407    datapath/video_inst/Inst_vga/g0_b0_i_402_n_0
    SLICE_X107Y90        LUT6 (Prop_lut6_I2_O)        0.124     7.531 f  datapath/video_inst/Inst_vga/g0_b0_i_197/O
                         net (fo=1, routed)           0.933     8.464    datapath/video_inst/Inst_vga/g0_b0_i_197_n_0
    SLICE_X108Y95        LUT6 (Prop_lut6_I5_O)        0.124     8.588 r  datapath/video_inst/Inst_vga/g0_b0_i_72/O
                         net (fo=5, routed)           0.445     9.033    datapath/video_inst/Inst_vga/g0_b0_i_72_n_0
    SLICE_X111Y94        LUT6 (Prop_lut6_I0_O)        0.124     9.157 f  datapath/video_inst/Inst_vga/g0_b2_i_19/O
                         net (fo=1, routed)           0.749     9.905    datapath/video_inst/Inst_vga/g0_b2_i_19_n_0
    SLICE_X111Y99        LUT6 (Prop_lut6_I2_O)        0.124    10.029 f  datapath/video_inst/Inst_vga/g0_b2_i_9/O
                         net (fo=11, routed)          0.844    10.874    datapath/video_inst/Inst_vga/g0_b2_i_9_n_0
    SLICE_X113Y104       LUT6 (Prop_lut6_I0_O)        0.124    10.998 r  datapath/video_inst/Inst_vga/g0_b2_i_5/O
                         net (fo=16, routed)          0.644    11.642    datapath/video_inst/Inst_vga/pixel_type[row][1]
    SLICE_X116Y100       LUT2 (Prop_lut2_I1_O)        0.124    11.766 r  datapath/video_inst/Inst_vga/g0_b0_i_5__2/O
                         net (fo=1, routed)           0.000    11.766    datapath/video_inst/Inst_vga/g0_b0_i_5__2_n_0
    SLICE_X116Y100       CARRY4 (Prop_carry4_S[1]_CO[3])
                                                      0.533    12.299 r  datapath/video_inst/Inst_vga/g0_b0_i_1/CO[3]
                         net (fo=1, routed)           0.000    12.299    datapath/video_inst/Inst_vga/g0_b0_i_1_n_0
    SLICE_X116Y101       CARRY4 (Prop_carry4_CI_O[1])
                                                      0.323    12.622 r  datapath/video_inst/Inst_vga/g0_b0_i_2/O[1]
                         net (fo=312, routed)         1.967    14.589    datapath/video_inst/Inst_vga/doodle_right[0][1]10_out[5]
    SLICE_X126Y80        LUT4 (Prop_lut4_I0_O)        0.334    14.923 f  datapath/video_inst/Inst_vga/dc_bias[0]_i_347/O
                         net (fo=2, routed)           0.621    15.544    datapath/video_inst/Inst_vga/dc_bias[0]_i_347_n_0
    SLICE_X125Y81        LUT6 (Prop_lut6_I1_O)        0.326    15.870 f  datapath/video_inst/Inst_vga/dc_bias[0]_i_421/O
                         net (fo=1, routed)           0.263    16.133    datapath/video_inst/Inst_vga/dc_bias[0]_i_421_n_0
    SLICE_X125Y81        LUT6 (Prop_lut6_I5_O)        0.124    16.257 r  datapath/video_inst/Inst_vga/dc_bias[0]_i_335/O
                         net (fo=1, routed)           0.151    16.409    datapath/video_inst/Inst_vga/dc_bias[0]_i_335_n_0
    SLICE_X125Y81        LUT6 (Prop_lut6_I3_O)        0.124    16.533 r  datapath/video_inst/Inst_vga/dc_bias[0]_i_220__0/O
                         net (fo=1, routed)           0.431    16.964    datapath/video_inst/Inst_vga/dc_bias[0]_i_220__0_n_0
    SLICE_X125Y82        LUT6 (Prop_lut6_I0_O)        0.124    17.088 f  datapath/video_inst/Inst_vga/dc_bias[0]_i_151/O
                         net (fo=1, routed)           0.433    17.521    datapath/video_inst/Inst_vga/dc_bias[0]_i_151_n_0
    SLICE_X125Y84        LUT6 (Prop_lut6_I1_O)        0.124    17.645 f  datapath/video_inst/Inst_vga/dc_bias[0]_i_103/O
                         net (fo=7, routed)           0.760    18.406    datapath/video_inst/Inst_vga/dc_bias[0]_i_103_n_0
    SLICE_X125Y87        LUT4 (Prop_lut4_I3_O)        0.150    18.556 f  datapath/video_inst/Inst_vga/dc_bias[0]_i_115__0/O
                         net (fo=1, routed)           0.690    19.245    datapath/video_inst/Inst_vga/dc_bias[0]_i_115__0_n_0
    SLICE_X125Y89        LUT6 (Prop_lut6_I0_O)        0.326    19.571 r  datapath/video_inst/Inst_vga/dc_bias[0]_i_65/O
                         net (fo=7, routed)           1.304    20.875    datapath/video_inst/Inst_vga/dc_bias[0]_i_65_n_0
    SLICE_X127Y100       LUT5 (Prop_lut5_I4_O)        0.152    21.027 r  datapath/video_inst/Inst_vga/dc_bias[0]_i_70__0/O
                         net (fo=10, routed)          0.569    21.596    datapath/video_inst/Inst_vga/dc_bias[0]_i_70__0_n_0
    SLICE_X126Y100       LUT6 (Prop_lut6_I5_O)        0.332    21.928 f  datapath/video_inst/Inst_vga/dc_bias[0]_i_23__0/O
                         net (fo=8, routed)           1.009    22.938    datapath/video_inst/Inst_vga/dc_bias[0]_i_23__0_n_0
    SLICE_X129Y102       LUT3 (Prop_lut3_I1_O)        0.124    23.062 f  datapath/video_inst/Inst_vga/encoded[1]_i_10__0/O
                         net (fo=4, routed)           0.463    23.525    datapath/video_inst/Inst_vga/encoded[1]_i_10__0_n_0
    SLICE_X126Y101       LUT5 (Prop_lut5_I4_O)        0.124    23.649 r  datapath/video_inst/Inst_vga/dc_bias[0]_i_28/O
                         net (fo=5, routed)           0.763    24.412    datapath/video_inst/Inst_vga/dc_bias[0]_i_28_n_0
    SLICE_X129Y103       LUT4 (Prop_lut4_I3_O)        0.150    24.562 f  datapath/video_inst/Inst_vga/encoded[7]_i_9__1/O
                         net (fo=1, routed)           0.794    25.356    datapath/video_inst/Inst_vga/Inst_scopeFace/doodlehundreds/encoded[5]_i_6__0_0
    SLICE_X130Y103       LUT4 (Prop_lut4_I1_O)        0.354    25.710 r  datapath/video_inst/Inst_vga/Inst_scopeFace/doodlehundreds/encoded[7]_i_8__0/O
                         net (fo=2, routed)           0.583    26.293    datapath/video_inst/Inst_vga/Inst_scopeFace/doodlehundreds/encoded[7]_i_8__0_n_0
    SLICE_X127Y104       LUT6 (Prop_lut6_I3_O)        0.326    26.619 r  datapath/video_inst/Inst_vga/Inst_scopeFace/doodlehundreds/encoded[5]_i_6__0/O
                         net (fo=20, routed)          0.801    27.420    datapath/video_inst/Inst_vga/Inst_scopeFace/doodlethousands/blue[1]
    SLICE_X126Y107       LUT3 (Prop_lut3_I2_O)        0.150    27.570 r  datapath/video_inst/Inst_vga/Inst_scopeFace/doodlethousands/dc_bias[0]_i_13__1/O
                         net (fo=4, routed)           0.468    28.038    datapath/video_inst/Inst_vga/Inst_scopeFace/doodlehundreds/encoded_reg[0]_4
    SLICE_X126Y107       LUT5 (Prop_lut5_I3_O)        0.326    28.364 r  datapath/video_inst/Inst_vga/Inst_scopeFace/doodlehundreds/dc_bias[0]_i_3__1/O
                         net (fo=44, routed)          0.902    29.265    datapath/video_inst/Inst_vga/Inst_scopeFace/doodlehundreds/v_blank_reg
    SLICE_X127Y107       LUT5 (Prop_lut5_I4_O)        0.150    29.415 r  datapath/video_inst/Inst_vga/Inst_scopeFace/doodlehundreds/dc_bias[3]_i_21__1/O
                         net (fo=3, routed)           0.605    30.020    datapath/video_inst/Inst_vga/Inst_scopeFace/doodlehundreds/dc_bias[3]_i_21__1_n_0
    SLICE_X127Y108       LUT6 (Prop_lut6_I1_O)        0.326    30.346 f  datapath/video_inst/Inst_vga/Inst_scopeFace/doodlehundreds/dc_bias[3]_i_10/O
                         net (fo=7, routed)           0.697    31.043    datapath/video_inst/inst_dvid/TDMS_encoder_blue/dc_bias[2]_i_2__0
    SLICE_X124Y108       LUT2 (Prop_lut2_I1_O)        0.150    31.193 r  datapath/video_inst/inst_dvid/TDMS_encoder_blue/dc_bias[3]_i_17__0/O
                         net (fo=2, routed)           0.976    32.169    datapath/video_inst/Inst_vga/Inst_scopeFace/doodlehundreds/dc_bias_reg[3]_21
    SLICE_X123Y108       LUT6 (Prop_lut6_I2_O)        0.348    32.517 r  datapath/video_inst/Inst_vga/Inst_scopeFace/doodlehundreds/dc_bias[2]_i_2__0/O
                         net (fo=1, routed)           0.316    32.834    datapath/video_inst/Inst_vga/Inst_scopeFace/doodlehundreds/dc_bias[2]_i_2__0_n_0
    SLICE_X125Y107       LUT5 (Prop_lut5_I4_O)        0.124    32.958 r  datapath/video_inst/Inst_vga/Inst_scopeFace/doodlehundreds/dc_bias[2]_i_1__0/O
                         net (fo=1, routed)           0.000    32.958    datapath/video_inst/inst_dvid/TDMS_encoder_blue/dc_bias_reg[3]_0[2]
    SLICE_X125Y107       FDRE                                         r  datapath/video_inst/inst_dvid/TDMS_encoder_blue/dc_bias_reg[2]/D
  -------------------------------------------------------------------    -------------------

                         (clock clk_out1_clk_wiz_0 rise edge)
                                                      0.000     0.000 r  
    BUFGCTRL_X0Y2        BUFG                         0.000     0.000 r  clk_IBUF_BUFG_inst/O
                         net (fo=518, routed)         1.643     1.643    datapath/video_inst/mmcm_adv_inst_display_clocks/inst/clk_in1
    MMCME2_ADV_X0Y2      MMCME2_ADV (Prop_mmcme2_adv_CLKIN1_CLKOUT0)
                                                     -3.494    -1.851 r  datapath/video_inst/mmcm_adv_inst_display_clocks/inst/mmcm_adv_inst/CLKOUT0
                         net (fo=1, routed)           1.760    -0.091    datapath/video_inst/mmcm_adv_inst_display_clocks/inst/clk_out1_clk_wiz_0
    BUFGCTRL_X0Y3        BUFG (Prop_bufg_I_O)         0.091     0.000 r  datapath/video_inst/mmcm_adv_inst_display_clocks/inst/clkout1_buf/O
                         net (fo=132, routed)         1.568     1.568    datapath/video_inst/inst_dvid/TDMS_encoder_blue/clk_out1
    SLICE_X125Y107       FDRE                                         r  datapath/video_inst/inst_dvid/TDMS_encoder_blue/dc_bias_reg[2]/C

Slack:                    inf
  Source:                 datapath/sprite_status_array_reg[2][row][3]/C
                            (rising edge-triggered cell FDRE)
  Destination:            datapath/video_inst/inst_dvid/TDMS_encoder_green/dc_bias_reg[3]/D
                            (rising edge-triggered cell FDRE clocked by clk_out1_clk_wiz_0  {rise@0.000ns fall@20.000ns period=40.000ns})
  Path Group:             (none)
  Path Type:              Setup (Max at Slow Process Corner)
  Data Path Delay:        32.801ns  (logic 7.867ns (23.984%)  route 24.934ns (76.016%))
  Logic Levels:           37  (CARRY4=4 FDRE=1 LUT2=3 LUT3=3 LUT4=2 LUT5=6 LUT6=18)
  Clock Uncertainty:      0.190ns  ((TSJ^2 + DJ^2)^1/2) / 2 + PE
    Total System Jitter     (TSJ):    0.050ns
    Discrete Jitter          (DJ):    0.175ns
    Phase Error              (PE):    0.099ns

    Location             Delay type                Incr(ns)  Path(ns)    Netlist Resource(s)
  -------------------------------------------------------------------    -------------------
    SLICE_X113Y103       FDRE                         0.000     0.000 r  datapath/sprite_status_array_reg[2][row][3]/C
    SLICE_X113Y103       FDRE (Prop_fdre_C_Q)         0.456     0.456 r  datapath/sprite_status_array_reg[2][row][3]/Q
                         net (fo=9, routed)           1.272     1.728    datapath/video_inst/Inst_vga/g0_b2_i_49_0[2]
    SLICE_X115Y99        LUT2 (Prop_lut2_I1_O)        0.124     1.852 r  datapath/video_inst/Inst_vga/g0_b0_i_3__2/O
                         net (fo=1, routed)           0.000     1.852    datapath/video_inst/Inst_vga/g0_b0_i_3__2_n_0
    SLICE_X115Y99        CARRY4 (Prop_carry4_S[3]_CO[3])
                                                      0.401     2.253 r  datapath/video_inst/Inst_vga/g0_b0_i_1__1/CO[3]
                         net (fo=1, routed)           0.001     2.254    datapath/video_inst/Inst_vga/g0_b0_i_1__1_n_0
    SLICE_X115Y100       CARRY4 (Prop_carry4_CI_O[0])
                                                      0.222     2.476 r  datapath/video_inst/Inst_vga/g0_b0_i_2__1/O[0]
                         net (fo=181, routed)         1.624     4.100    datapath/video_inst/Inst_vga/pix_classifer/jetpackAndDoodle[0][0]11_out[4]
    SLICE_X103Y88        LUT6 (Prop_lut6_I4_O)        0.299     4.399 f  datapath/video_inst/Inst_vga/g0_b5__19/O
                         net (fo=1, routed)           0.433     4.832    datapath/video_inst/Inst_vga/g0_b5__19_n_0
    SLICE_X103Y88        LUT3 (Prop_lut3_I1_O)        0.124     4.956 r  datapath/video_inst/Inst_vga/g0_b0_i_941/O
                         net (fo=1, routed)           0.620     5.577    datapath/video_inst/Inst_vga/g0_b0_i_941_n_0
    SLICE_X103Y89        LUT6 (Prop_lut6_I3_O)        0.124     5.701 r  datapath/video_inst/Inst_vga/g0_b0_i_671/O
                         net (fo=1, routed)           0.775     6.475    datapath/video_inst/Inst_vga/g0_b0_i_671_n_0
    SLICE_X106Y89        LUT5 (Prop_lut5_I1_O)        0.124     6.599 f  datapath/video_inst/Inst_vga/g0_b0_i_402/O
                         net (fo=1, routed)           0.808     7.407    datapath/video_inst/Inst_vga/g0_b0_i_402_n_0
    SLICE_X107Y90        LUT6 (Prop_lut6_I2_O)        0.124     7.531 f  datapath/video_inst/Inst_vga/g0_b0_i_197/O
                         net (fo=1, routed)           0.933     8.464    datapath/video_inst/Inst_vga/g0_b0_i_197_n_0
    SLICE_X108Y95        LUT6 (Prop_lut6_I5_O)        0.124     8.588 r  datapath/video_inst/Inst_vga/g0_b0_i_72/O
                         net (fo=5, routed)           0.445     9.033    datapath/video_inst/Inst_vga/g0_b0_i_72_n_0
    SLICE_X111Y94        LUT6 (Prop_lut6_I0_O)        0.124     9.157 f  datapath/video_inst/Inst_vga/g0_b2_i_19/O
                         net (fo=1, routed)           0.749     9.905    datapath/video_inst/Inst_vga/g0_b2_i_19_n_0
    SLICE_X111Y99        LUT6 (Prop_lut6_I2_O)        0.124    10.029 f  datapath/video_inst/Inst_vga/g0_b2_i_9/O
                         net (fo=11, routed)          0.844    10.874    datapath/video_inst/Inst_vga/g0_b2_i_9_n_0
    SLICE_X113Y104       LUT6 (Prop_lut6_I0_O)        0.124    10.998 r  datapath/video_inst/Inst_vga/g0_b2_i_5/O
                         net (fo=16, routed)          0.644    11.642    datapath/video_inst/Inst_vga/pixel_type[row][1]
    SLICE_X116Y100       LUT2 (Prop_lut2_I1_O)        0.124    11.766 r  datapath/video_inst/Inst_vga/g0_b0_i_5__2/O
                         net (fo=1, routed)           0.000    11.766    datapath/video_inst/Inst_vga/g0_b0_i_5__2_n_0
    SLICE_X116Y100       CARRY4 (Prop_carry4_S[1]_CO[3])
                                                      0.533    12.299 r  datapath/video_inst/Inst_vga/g0_b0_i_1/CO[3]
                         net (fo=1, routed)           0.000    12.299    datapath/video_inst/Inst_vga/g0_b0_i_1_n_0
    SLICE_X116Y101       CARRY4 (Prop_carry4_CI_O[1])
                                                      0.323    12.622 r  datapath/video_inst/Inst_vga/g0_b0_i_2/O[1]
                         net (fo=312, routed)         1.967    14.589    datapath/video_inst/Inst_vga/doodle_right[0][1]10_out[5]
    SLICE_X126Y80        LUT4 (Prop_lut4_I0_O)        0.334    14.923 f  datapath/video_inst/Inst_vga/dc_bias[0]_i_347/O
                         net (fo=2, routed)           0.621    15.544    datapath/video_inst/Inst_vga/dc_bias[0]_i_347_n_0
    SLICE_X125Y81        LUT6 (Prop_lut6_I1_O)        0.326    15.870 f  datapath/video_inst/Inst_vga/dc_bias[0]_i_421/O
                         net (fo=1, routed)           0.263    16.133    datapath/video_inst/Inst_vga/dc_bias[0]_i_421_n_0
    SLICE_X125Y81        LUT6 (Prop_lut6_I5_O)        0.124    16.257 r  datapath/video_inst/Inst_vga/dc_bias[0]_i_335/O
                         net (fo=1, routed)           0.151    16.409    datapath/video_inst/Inst_vga/dc_bias[0]_i_335_n_0
    SLICE_X125Y81        LUT6 (Prop_lut6_I3_O)        0.124    16.533 r  datapath/video_inst/Inst_vga/dc_bias[0]_i_220__0/O
                         net (fo=1, routed)           0.431    16.964    datapath/video_inst/Inst_vga/dc_bias[0]_i_220__0_n_0
    SLICE_X125Y82        LUT6 (Prop_lut6_I0_O)        0.124    17.088 f  datapath/video_inst/Inst_vga/dc_bias[0]_i_151/O
                         net (fo=1, routed)           0.433    17.521    datapath/video_inst/Inst_vga/dc_bias[0]_i_151_n_0
    SLICE_X125Y84        LUT6 (Prop_lut6_I1_O)        0.124    17.645 f  datapath/video_inst/Inst_vga/dc_bias[0]_i_103/O
                         net (fo=7, routed)           0.760    18.406    datapath/video_inst/Inst_vga/dc_bias[0]_i_103_n_0
    SLICE_X125Y87        LUT4 (Prop_lut4_I3_O)        0.150    18.556 f  datapath/video_inst/Inst_vga/dc_bias[0]_i_115__0/O
                         net (fo=1, routed)           0.690    19.245    datapath/video_inst/Inst_vga/dc_bias[0]_i_115__0_n_0
    SLICE_X125Y89        LUT6 (Prop_lut6_I0_O)        0.326    19.571 r  datapath/video_inst/Inst_vga/dc_bias[0]_i_65/O
                         net (fo=7, routed)           1.304    20.875    datapath/video_inst/Inst_vga/dc_bias[0]_i_65_n_0
    SLICE_X127Y100       LUT5 (Prop_lut5_I4_O)        0.152    21.027 r  datapath/video_inst/Inst_vga/dc_bias[0]_i_70__0/O
                         net (fo=10, routed)          0.569    21.596    datapath/video_inst/Inst_vga/dc_bias[0]_i_70__0_n_0
    SLICE_X126Y100       LUT6 (Prop_lut6_I5_O)        0.332    21.928 f  datapath/video_inst/Inst_vga/dc_bias[0]_i_23__0/O
                         net (fo=8, routed)           1.009    22.938    datapath/video_inst/Inst_vga/dc_bias[0]_i_23__0_n_0
    SLICE_X129Y102       LUT3 (Prop_lut3_I1_O)        0.124    23.062 f  datapath/video_inst/Inst_vga/encoded[1]_i_10__0/O
                         net (fo=4, routed)           0.463    23.525    datapath/video_inst/Inst_vga/encoded[1]_i_10__0_n_0
    SLICE_X126Y101       LUT5 (Prop_lut5_I4_O)        0.124    23.649 r  datapath/video_inst/Inst_vga/dc_bias[0]_i_28/O
                         net (fo=5, routed)           0.792    24.441    datapath/video_inst/Inst_vga/dc_bias[0]_i_28_n_0
    SLICE_X131Y103       LUT3 (Prop_lut3_I2_O)        0.119    24.560 r  datapath/video_inst/Inst_vga/encoded[7]_i_20/O
                         net (fo=2, routed)           0.421    24.981    datapath/video_inst/Inst_vga/encoded[7]_i_20_n_0
    SLICE_X131Y104       LUT6 (Prop_lut6_I0_O)        0.332    25.313 f  datapath/video_inst/Inst_vga/encoded[7]_i_10__0/O
                         net (fo=3, routed)           0.977    26.290    datapath/video_inst/Inst_vga/Inst_scopeFace/doodlehundreds/encoded_reg[7]_4
    SLICE_X131Y108       LUT5 (Prop_lut5_I1_O)        0.152    26.442 r  datapath/video_inst/Inst_vga/Inst_scopeFace/doodlehundreds/encoded[7]_i_3__0/O
                         net (fo=7, routed)           0.878    27.320    datapath/video_inst/Inst_vga/Inst_scopeFace/doodlehundreds/v_blank_reg_6[1]
    SLICE_X131Y109       LUT5 (Prop_lut5_I1_O)        0.326    27.646 r  datapath/video_inst/Inst_vga/Inst_scopeFace/doodlehundreds/dc_bias[0]_i_3__0/O
                         net (fo=47, routed)          1.097    28.744    datapath/video_inst/Inst_vga/Inst_scopeFace/doodlehundreds/v_blank_reg_3
    SLICE_X132Y109       LUT5 (Prop_lut5_I4_O)        0.150    28.894 r  datapath/video_inst/Inst_vga/Inst_scopeFace/doodlehundreds/encoded[5]_i_6__1/O
                         net (fo=3, routed)           0.646    29.540    datapath/video_inst/Inst_vga/Inst_scopeFace/doodlehundreds/encoded[5]_i_6__1_n_0
    SLICE_X133Y109       LUT6 (Prop_lut6_I1_O)        0.328    29.868 f  datapath/video_inst/Inst_vga/Inst_scopeFace/doodlehundreds/dc_bias[3]_i_11/O
                         net (fo=7, routed)           0.991    30.859    datapath/video_inst/inst_dvid/TDMS_encoder_green/dc_bias[2]_i_2
    SLICE_X136Y111       LUT2 (Prop_lut2_I1_O)        0.150    31.009 r  datapath/video_inst/inst_dvid/TDMS_encoder_green/dc_bias[3]_i_16__1/O
                         net (fo=2, routed)           0.873    31.883    datapath/video_inst/Inst_vga/Inst_scopeFace/doodlehundreds/dc_bias_reg[3]_18
    SLICE_X136Y111       LUT6 (Prop_lut6_I1_O)        0.348    32.231 r  datapath/video_inst/Inst_vga/Inst_scopeFace/doodlehundreds/dc_bias[3]_i_7/O
                         net (fo=1, routed)           0.446    32.677    datapath/video_inst/Inst_vga/Inst_scopeFace/doodlehundreds/dc_bias[3]_i_7_n_0
    SLICE_X136Y110       LUT6 (Prop_lut6_I5_O)        0.124    32.801 r  datapath/video_inst/Inst_vga/Inst_scopeFace/doodlehundreds/dc_bias[3]_i_1/O
                         net (fo=1, routed)           0.000    32.801    datapath/video_inst/inst_dvid/TDMS_encoder_green/dc_bias_reg[3]_0[3]
    SLICE_X136Y110       FDRE                                         r  datapath/video_inst/inst_dvid/TDMS_encoder_green/dc_bias_reg[3]/D
  -------------------------------------------------------------------    -------------------

                         (clock clk_out1_clk_wiz_0 rise edge)
                                                      0.000     0.000 r  
    BUFGCTRL_X0Y2        BUFG                         0.000     0.000 r  clk_IBUF_BUFG_inst/O
                         net (fo=518, routed)         1.643     1.643    datapath/video_inst/mmcm_adv_inst_display_clocks/inst/clk_in1
    MMCME2_ADV_X0Y2      MMCME2_ADV (Prop_mmcme2_adv_CLKIN1_CLKOUT0)
                                                     -3.494    -1.851 r  datapath/video_inst/mmcm_adv_inst_display_clocks/inst/mmcm_adv_inst/CLKOUT0
                         net (fo=1, routed)           1.760    -0.091    datapath/video_inst/mmcm_adv_inst_display_clocks/inst/clk_out1_clk_wiz_0
    BUFGCTRL_X0Y3        BUFG (Prop_bufg_I_O)         0.091     0.000 r  datapath/video_inst/mmcm_adv_inst_display_clocks/inst/clkout1_buf/O
                         net (fo=132, routed)         1.569     1.569    datapath/video_inst/inst_dvid/TDMS_encoder_green/clk_out1
    SLICE_X136Y110       FDRE                                         r  datapath/video_inst/inst_dvid/TDMS_encoder_green/dc_bias_reg[3]/C

Slack:                    inf
  Source:                 datapath/sprite_status_array_reg[2][row][3]/C
                            (rising edge-triggered cell FDRE)
  Destination:            datapath/video_inst/inst_dvid/TDMS_encoder_green/dc_bias_reg[2]/D
                            (rising edge-triggered cell FDRE clocked by clk_out1_clk_wiz_0  {rise@0.000ns fall@20.000ns period=40.000ns})
  Path Group:             (none)
  Path Type:              Setup (Max at Slow Process Corner)
  Data Path Delay:        32.630ns  (logic 7.867ns (24.110%)  route 24.763ns (75.890%))
  Logic Levels:           37  (CARRY4=4 FDRE=1 LUT2=3 LUT3=3 LUT4=2 LUT5=7 LUT6=17)
  Clock Uncertainty:      0.190ns  ((TSJ^2 + DJ^2)^1/2) / 2 + PE
    Total System Jitter     (TSJ):    0.050ns
    Discrete Jitter          (DJ):    0.175ns
    Phase Error              (PE):    0.099ns

    Location             Delay type                Incr(ns)  Path(ns)    Netlist Resource(s)
  -------------------------------------------------------------------    -------------------
    SLICE_X113Y103       FDRE                         0.000     0.000 r  datapath/sprite_status_array_reg[2][row][3]/C
    SLICE_X113Y103       FDRE (Prop_fdre_C_Q)         0.456     0.456 r  datapath/sprite_status_array_reg[2][row][3]/Q
                         net (fo=9, routed)           1.272     1.728    datapath/video_inst/Inst_vga/g0_b2_i_49_0[2]
    SLICE_X115Y99        LUT2 (Prop_lut2_I1_O)        0.124     1.852 r  datapath/video_inst/Inst_vga/g0_b0_i_3__2/O
                         net (fo=1, routed)           0.000     1.852    datapath/video_inst/Inst_vga/g0_b0_i_3__2_n_0
    SLICE_X115Y99        CARRY4 (Prop_carry4_S[3]_CO[3])
                                                      0.401     2.253 r  datapath/video_inst/Inst_vga/g0_b0_i_1__1/CO[3]
                         net (fo=1, routed)           0.001     2.254    datapath/video_inst/Inst_vga/g0_b0_i_1__1_n_0
    SLICE_X115Y100       CARRY4 (Prop_carry4_CI_O[0])
                                                      0.222     2.476 r  datapath/video_inst/Inst_vga/g0_b0_i_2__1/O[0]
                         net (fo=181, routed)         1.624     4.100    datapath/video_inst/Inst_vga/pix_classifer/jetpackAndDoodle[0][0]11_out[4]
    SLICE_X103Y88        LUT6 (Prop_lut6_I4_O)        0.299     4.399 f  datapath/video_inst/Inst_vga/g0_b5__19/O
                         net (fo=1, routed)           0.433     4.832    datapath/video_inst/Inst_vga/g0_b5__19_n_0
    SLICE_X103Y88        LUT3 (Prop_lut3_I1_O)        0.124     4.956 r  datapath/video_inst/Inst_vga/g0_b0_i_941/O
                         net (fo=1, routed)           0.620     5.577    datapath/video_inst/Inst_vga/g0_b0_i_941_n_0
    SLICE_X103Y89        LUT6 (Prop_lut6_I3_O)        0.124     5.701 r  datapath/video_inst/Inst_vga/g0_b0_i_671/O
                         net (fo=1, routed)           0.775     6.475    datapath/video_inst/Inst_vga/g0_b0_i_671_n_0
    SLICE_X106Y89        LUT5 (Prop_lut5_I1_O)        0.124     6.599 f  datapath/video_inst/Inst_vga/g0_b0_i_402/O
                         net (fo=1, routed)           0.808     7.407    datapath/video_inst/Inst_vga/g0_b0_i_402_n_0
    SLICE_X107Y90        LUT6 (Prop_lut6_I2_O)        0.124     7.531 f  datapath/video_inst/Inst_vga/g0_b0_i_197/O
                         net (fo=1, routed)           0.933     8.464    datapath/video_inst/Inst_vga/g0_b0_i_197_n_0
    SLICE_X108Y95        LUT6 (Prop_lut6_I5_O)        0.124     8.588 r  datapath/video_inst/Inst_vga/g0_b0_i_72/O
                         net (fo=5, routed)           0.445     9.033    datapath/video_inst/Inst_vga/g0_b0_i_72_n_0
    SLICE_X111Y94        LUT6 (Prop_lut6_I0_O)        0.124     9.157 f  datapath/video_inst/Inst_vga/g0_b2_i_19/O
                         net (fo=1, routed)           0.749     9.905    datapath/video_inst/Inst_vga/g0_b2_i_19_n_0
    SLICE_X111Y99        LUT6 (Prop_lut6_I2_O)        0.124    10.029 f  datapath/video_inst/Inst_vga/g0_b2_i_9/O
                         net (fo=11, routed)          0.844    10.874    datapath/video_inst/Inst_vga/g0_b2_i_9_n_0
    SLICE_X113Y104       LUT6 (Prop_lut6_I0_O)        0.124    10.998 r  datapath/video_inst/Inst_vga/g0_b2_i_5/O
                         net (fo=16, routed)          0.644    11.642    datapath/video_inst/Inst_vga/pixel_type[row][1]
    SLICE_X116Y100       LUT2 (Prop_lut2_I1_O)        0.124    11.766 r  datapath/video_inst/Inst_vga/g0_b0_i_5__2/O
                         net (fo=1, routed)           0.000    11.766    datapath/video_inst/Inst_vga/g0_b0_i_5__2_n_0
    SLICE_X116Y100       CARRY4 (Prop_carry4_S[1]_CO[3])
                                                      0.533    12.299 r  datapath/video_inst/Inst_vga/g0_b0_i_1/CO[3]
                         net (fo=1, routed)           0.000    12.299    datapath/video_inst/Inst_vga/g0_b0_i_1_n_0
    SLICE_X116Y101       CARRY4 (Prop_carry4_CI_O[1])
                                                      0.323    12.622 r  datapath/video_inst/Inst_vga/g0_b0_i_2/O[1]
                         net (fo=312, routed)         1.967    14.589    datapath/video_inst/Inst_vga/doodle_right[0][1]10_out[5]
    SLICE_X126Y80        LUT4 (Prop_lut4_I0_O)        0.334    14.923 f  datapath/video_inst/Inst_vga/dc_bias[0]_i_347/O
                         net (fo=2, routed)           0.621    15.544    datapath/video_inst/Inst_vga/dc_bias[0]_i_347_n_0
    SLICE_X125Y81        LUT6 (Prop_lut6_I1_O)        0.326    15.870 f  datapath/video_inst/Inst_vga/dc_bias[0]_i_421/O
                         net (fo=1, routed)           0.263    16.133    datapath/video_inst/Inst_vga/dc_bias[0]_i_421_n_0
    SLICE_X125Y81        LUT6 (Prop_lut6_I5_O)        0.124    16.257 r  datapath/video_inst/Inst_vga/dc_bias[0]_i_335/O
                         net (fo=1, routed)           0.151    16.409    datapath/video_inst/Inst_vga/dc_bias[0]_i_335_n_0
    SLICE_X125Y81        LUT6 (Prop_lut6_I3_O)        0.124    16.533 r  datapath/video_inst/Inst_vga/dc_bias[0]_i_220__0/O
                         net (fo=1, routed)           0.431    16.964    datapath/video_inst/Inst_vga/dc_bias[0]_i_220__0_n_0
    SLICE_X125Y82        LUT6 (Prop_lut6_I0_O)        0.124    17.088 f  datapath/video_inst/Inst_vga/dc_bias[0]_i_151/O
                         net (fo=1, routed)           0.433    17.521    datapath/video_inst/Inst_vga/dc_bias[0]_i_151_n_0
    SLICE_X125Y84        LUT6 (Prop_lut6_I1_O)        0.124    17.645 f  datapath/video_inst/Inst_vga/dc_bias[0]_i_103/O
                         net (fo=7, routed)           0.760    18.406    datapath/video_inst/Inst_vga/dc_bias[0]_i_103_n_0
    SLICE_X125Y87        LUT4 (Prop_lut4_I3_O)        0.150    18.556 f  datapath/video_inst/Inst_vga/dc_bias[0]_i_115__0/O
                         net (fo=1, routed)           0.690    19.245    datapath/video_inst/Inst_vga/dc_bias[0]_i_115__0_n_0
    SLICE_X125Y89        LUT6 (Prop_lut6_I0_O)        0.326    19.571 r  datapath/video_inst/Inst_vga/dc_bias[0]_i_65/O
                         net (fo=7, routed)           1.304    20.875    datapath/video_inst/Inst_vga/dc_bias[0]_i_65_n_0
    SLICE_X127Y100       LUT5 (Prop_lut5_I4_O)        0.152    21.027 r  datapath/video_inst/Inst_vga/dc_bias[0]_i_70__0/O
                         net (fo=10, routed)          0.569    21.596    datapath/video_inst/Inst_vga/dc_bias[0]_i_70__0_n_0
    SLICE_X126Y100       LUT6 (Prop_lut6_I5_O)        0.332    21.928 f  datapath/video_inst/Inst_vga/dc_bias[0]_i_23__0/O
                         net (fo=8, routed)           1.009    22.938    datapath/video_inst/Inst_vga/dc_bias[0]_i_23__0_n_0
    SLICE_X129Y102       LUT3 (Prop_lut3_I1_O)        0.124    23.062 f  datapath/video_inst/Inst_vga/encoded[1]_i_10__0/O
                         net (fo=4, routed)           0.463    23.525    datapath/video_inst/Inst_vga/encoded[1]_i_10__0_n_0
    SLICE_X126Y101       LUT5 (Prop_lut5_I4_O)        0.124    23.649 r  datapath/video_inst/Inst_vga/dc_bias[0]_i_28/O
                         net (fo=5, routed)           0.792    24.441    datapath/video_inst/Inst_vga/dc_bias[0]_i_28_n_0
    SLICE_X131Y103       LUT3 (Prop_lut3_I2_O)        0.119    24.560 r  datapath/video_inst/Inst_vga/encoded[7]_i_20/O
                         net (fo=2, routed)           0.421    24.981    datapath/video_inst/Inst_vga/encoded[7]_i_20_n_0
    SLICE_X131Y104       LUT6 (Prop_lut6_I0_O)        0.332    25.313 f  datapath/video_inst/Inst_vga/encoded[7]_i_10__0/O
                         net (fo=3, routed)           0.977    26.290    datapath/video_inst/Inst_vga/Inst_scopeFace/doodlehundreds/encoded_reg[7]_4
    SLICE_X131Y108       LUT5 (Prop_lut5_I1_O)        0.152    26.442 r  datapath/video_inst/Inst_vga/Inst_scopeFace/doodlehundreds/encoded[7]_i_3__0/O
                         net (fo=7, routed)           0.878    27.320    datapath/video_inst/Inst_vga/Inst_scopeFace/doodlehundreds/v_blank_reg_6[1]
    SLICE_X131Y109       LUT5 (Prop_lut5_I1_O)        0.326    27.646 r  datapath/video_inst/Inst_vga/Inst_scopeFace/doodlehundreds/dc_bias[0]_i_3__0/O
                         net (fo=47, routed)          1.097    28.744    datapath/video_inst/Inst_vga/Inst_scopeFace/doodlehundreds/v_blank_reg_3
    SLICE_X132Y109       LUT5 (Prop_lut5_I4_O)        0.150    28.894 r  datapath/video_inst/Inst_vga/Inst_scopeFace/doodlehundreds/encoded[5]_i_6__1/O
                         net (fo=3, routed)           0.646    29.540    datapath/video_inst/Inst_vga/Inst_scopeFace/doodlehundreds/encoded[5]_i_6__1_n_0
    SLICE_X133Y109       LUT6 (Prop_lut6_I1_O)        0.328    29.868 f  datapath/video_inst/Inst_vga/Inst_scopeFace/doodlehundreds/dc_bias[3]_i_11/O
                         net (fo=7, routed)           0.991    30.859    datapath/video_inst/inst_dvid/TDMS_encoder_green/dc_bias[2]_i_2
    SLICE_X136Y111       LUT2 (Prop_lut2_I1_O)        0.150    31.009 r  datapath/video_inst/inst_dvid/TDMS_encoder_green/dc_bias[3]_i_16__1/O
                         net (fo=2, routed)           0.843    31.852    datapath/video_inst/Inst_vga/Inst_scopeFace/doodlehundreds/dc_bias_reg[3]_18
    SLICE_X136Y111       LUT6 (Prop_lut6_I2_O)        0.348    32.200 r  datapath/video_inst/Inst_vga/Inst_scopeFace/doodlehundreds/dc_bias[2]_i_2/O
                         net (fo=1, routed)           0.306    32.506    datapath/video_inst/Inst_vga/Inst_scopeFace/doodlehundreds/dc_bias[2]_i_2_n_0
    SLICE_X136Y110       LUT5 (Prop_lut5_I4_O)        0.124    32.630 r  datapath/video_inst/Inst_vga/Inst_scopeFace/doodlehundreds/dc_bias[2]_i_1/O
                         net (fo=1, routed)           0.000    32.630    datapath/video_inst/inst_dvid/TDMS_encoder_green/dc_bias_reg[3]_0[2]
    SLICE_X136Y110       FDRE                                         r  datapath/video_inst/inst_dvid/TDMS_encoder_green/dc_bias_reg[2]/D
  -------------------------------------------------------------------    -------------------

                         (clock clk_out1_clk_wiz_0 rise edge)
                                                      0.000     0.000 r  
    BUFGCTRL_X0Y2        BUFG                         0.000     0.000 r  clk_IBUF_BUFG_inst/O
                         net (fo=518, routed)         1.643     1.643    datapath/video_inst/mmcm_adv_inst_display_clocks/inst/clk_in1
    MMCME2_ADV_X0Y2      MMCME2_ADV (Prop_mmcme2_adv_CLKIN1_CLKOUT0)
                                                     -3.494    -1.851 r  datapath/video_inst/mmcm_adv_inst_display_clocks/inst/mmcm_adv_inst/CLKOUT0
                         net (fo=1, routed)           1.760    -0.091    datapath/video_inst/mmcm_adv_inst_display_clocks/inst/clk_out1_clk_wiz_0
    BUFGCTRL_X0Y3        BUFG (Prop_bufg_I_O)         0.091     0.000 r  datapath/video_inst/mmcm_adv_inst_display_clocks/inst/clkout1_buf/O
                         net (fo=132, routed)         1.569     1.569    datapath/video_inst/inst_dvid/TDMS_encoder_green/clk_out1
    SLICE_X136Y110       FDRE                                         r  datapath/video_inst/inst_dvid/TDMS_encoder_green/dc_bias_reg[2]/C

Slack:                    inf
  Source:                 datapath/sprite_status_array_reg[2][row][3]/C
                            (rising edge-triggered cell FDRE)
  Destination:            datapath/video_inst/inst_dvid/TDMS_encoder_blue/dc_bias_reg[1]/D
                            (rising edge-triggered cell FDRE clocked by clk_out1_clk_wiz_0  {rise@0.000ns fall@20.000ns period=40.000ns})
  Path Group:             (none)
  Path Type:              Setup (Max at Slow Process Corner)
  Data Path Delay:        32.604ns  (logic 8.016ns (24.586%)  route 24.588ns (75.414%))
  Logic Levels:           38  (CARRY4=4 FDRE=1 LUT2=2 LUT3=5 LUT4=4 LUT5=5 LUT6=17)
  Clock Uncertainty:      0.190ns  ((TSJ^2 + DJ^2)^1/2) / 2 + PE
    Total System Jitter     (TSJ):    0.050ns
    Discrete Jitter          (DJ):    0.175ns
    Phase Error              (PE):    0.099ns

    Location             Delay type                Incr(ns)  Path(ns)    Netlist Resource(s)
  -------------------------------------------------------------------    -------------------
    SLICE_X113Y103       FDRE                         0.000     0.000 r  datapath/sprite_status_array_reg[2][row][3]/C
    SLICE_X113Y103       FDRE (Prop_fdre_C_Q)         0.456     0.456 r  datapath/sprite_status_array_reg[2][row][3]/Q
                         net (fo=9, routed)           1.272     1.728    datapath/video_inst/Inst_vga/g0_b2_i_49_0[2]
    SLICE_X115Y99        LUT2 (Prop_lut2_I1_O)        0.124     1.852 r  datapath/video_inst/Inst_vga/g0_b0_i_3__2/O
                         net (fo=1, routed)           0.000     1.852    datapath/video_inst/Inst_vga/g0_b0_i_3__2_n_0
    SLICE_X115Y99        CARRY4 (Prop_carry4_S[3]_CO[3])
                                                      0.401     2.253 r  datapath/video_inst/Inst_vga/g0_b0_i_1__1/CO[3]
                         net (fo=1, routed)           0.001     2.254    datapath/video_inst/Inst_vga/g0_b0_i_1__1_n_0
    SLICE_X115Y100       CARRY4 (Prop_carry4_CI_O[0])
                                                      0.222     2.476 r  datapath/video_inst/Inst_vga/g0_b0_i_2__1/O[0]
                         net (fo=181, routed)         1.624     4.100    datapath/video_inst/Inst_vga/pix_classifer/jetpackAndDoodle[0][0]11_out[4]
    SLICE_X103Y88        LUT6 (Prop_lut6_I4_O)        0.299     4.399 f  datapath/video_inst/Inst_vga/g0_b5__19/O
                         net (fo=1, routed)           0.433     4.832    datapath/video_inst/Inst_vga/g0_b5__19_n_0
    SLICE_X103Y88        LUT3 (Prop_lut3_I1_O)        0.124     4.956 r  datapath/video_inst/Inst_vga/g0_b0_i_941/O
                         net (fo=1, routed)           0.620     5.577    datapath/video_inst/Inst_vga/g0_b0_i_941_n_0
    SLICE_X103Y89        LUT6 (Prop_lut6_I3_O)        0.124     5.701 r  datapath/video_inst/Inst_vga/g0_b0_i_671/O
                         net (fo=1, routed)           0.775     6.475    datapath/video_inst/Inst_vga/g0_b0_i_671_n_0
    SLICE_X106Y89        LUT5 (Prop_lut5_I1_O)        0.124     6.599 f  datapath/video_inst/Inst_vga/g0_b0_i_402/O
                         net (fo=1, routed)           0.808     7.407    datapath/video_inst/Inst_vga/g0_b0_i_402_n_0
    SLICE_X107Y90        LUT6 (Prop_lut6_I2_O)        0.124     7.531 f  datapath/video_inst/Inst_vga/g0_b0_i_197/O
                         net (fo=1, routed)           0.933     8.464    datapath/video_inst/Inst_vga/g0_b0_i_197_n_0
    SLICE_X108Y95        LUT6 (Prop_lut6_I5_O)        0.124     8.588 r  datapath/video_inst/Inst_vga/g0_b0_i_72/O
                         net (fo=5, routed)           0.445     9.033    datapath/video_inst/Inst_vga/g0_b0_i_72_n_0
    SLICE_X111Y94        LUT6 (Prop_lut6_I0_O)        0.124     9.157 f  datapath/video_inst/Inst_vga/g0_b2_i_19/O
                         net (fo=1, routed)           0.749     9.905    datapath/video_inst/Inst_vga/g0_b2_i_19_n_0
    SLICE_X111Y99        LUT6 (Prop_lut6_I2_O)        0.124    10.029 f  datapath/video_inst/Inst_vga/g0_b2_i_9/O
                         net (fo=11, routed)          0.844    10.874    datapath/video_inst/Inst_vga/g0_b2_i_9_n_0
    SLICE_X113Y104       LUT6 (Prop_lut6_I0_O)        0.124    10.998 r  datapath/video_inst/Inst_vga/g0_b2_i_5/O
                         net (fo=16, routed)          0.644    11.642    datapath/video_inst/Inst_vga/pixel_type[row][1]
    SLICE_X116Y100       LUT2 (Prop_lut2_I1_O)        0.124    11.766 r  datapath/video_inst/Inst_vga/g0_b0_i_5__2/O
                         net (fo=1, routed)           0.000    11.766    datapath/video_inst/Inst_vga/g0_b0_i_5__2_n_0
    SLICE_X116Y100       CARRY4 (Prop_carry4_S[1]_CO[3])
                                                      0.533    12.299 r  datapath/video_inst/Inst_vga/g0_b0_i_1/CO[3]
                         net (fo=1, routed)           0.000    12.299    datapath/video_inst/Inst_vga/g0_b0_i_1_n_0
    SLICE_X116Y101       CARRY4 (Prop_carry4_CI_O[1])
                                                      0.323    12.622 r  datapath/video_inst/Inst_vga/g0_b0_i_2/O[1]
                         net (fo=312, routed)         1.967    14.589    datapath/video_inst/Inst_vga/doodle_right[0][1]10_out[5]
    SLICE_X126Y80        LUT4 (Prop_lut4_I0_O)        0.334    14.923 f  datapath/video_inst/Inst_vga/dc_bias[0]_i_347/O
                         net (fo=2, routed)           0.621    15.544    datapath/video_inst/Inst_vga/dc_bias[0]_i_347_n_0
    SLICE_X125Y81        LUT6 (Prop_lut6_I1_O)        0.326    15.870 f  datapath/video_inst/Inst_vga/dc_bias[0]_i_421/O
                         net (fo=1, routed)           0.263    16.133    datapath/video_inst/Inst_vga/dc_bias[0]_i_421_n_0
    SLICE_X125Y81        LUT6 (Prop_lut6_I5_O)        0.124    16.257 r  datapath/video_inst/Inst_vga/dc_bias[0]_i_335/O
                         net (fo=1, routed)           0.151    16.409    datapath/video_inst/Inst_vga/dc_bias[0]_i_335_n_0
    SLICE_X125Y81        LUT6 (Prop_lut6_I3_O)        0.124    16.533 r  datapath/video_inst/Inst_vga/dc_bias[0]_i_220__0/O
                         net (fo=1, routed)           0.431    16.964    datapath/video_inst/Inst_vga/dc_bias[0]_i_220__0_n_0
    SLICE_X125Y82        LUT6 (Prop_lut6_I0_O)        0.124    17.088 f  datapath/video_inst/Inst_vga/dc_bias[0]_i_151/O
                         net (fo=1, routed)           0.433    17.521    datapath/video_inst/Inst_vga/dc_bias[0]_i_151_n_0
    SLICE_X125Y84        LUT6 (Prop_lut6_I1_O)        0.124    17.645 f  datapath/video_inst/Inst_vga/dc_bias[0]_i_103/O
                         net (fo=7, routed)           0.760    18.406    datapath/video_inst/Inst_vga/dc_bias[0]_i_103_n_0
    SLICE_X125Y87        LUT4 (Prop_lut4_I3_O)        0.150    18.556 f  datapath/video_inst/Inst_vga/dc_bias[0]_i_115__0/O
                         net (fo=1, routed)           0.690    19.245    datapath/video_inst/Inst_vga/dc_bias[0]_i_115__0_n_0
    SLICE_X125Y89        LUT6 (Prop_lut6_I0_O)        0.326    19.571 r  datapath/video_inst/Inst_vga/dc_bias[0]_i_65/O
                         net (fo=7, routed)           1.304    20.875    datapath/video_inst/Inst_vga/dc_bias[0]_i_65_n_0
    SLICE_X127Y100       LUT5 (Prop_lut5_I4_O)        0.152    21.027 r  datapath/video_inst/Inst_vga/dc_bias[0]_i_70__0/O
                         net (fo=10, routed)          0.569    21.596    datapath/video_inst/Inst_vga/dc_bias[0]_i_70__0_n_0
    SLICE_X126Y100       LUT6 (Prop_lut6_I5_O)        0.332    21.928 f  datapath/video_inst/Inst_vga/dc_bias[0]_i_23__0/O
                         net (fo=8, routed)           1.009    22.938    datapath/video_inst/Inst_vga/dc_bias[0]_i_23__0_n_0
    SLICE_X129Y102       LUT3 (Prop_lut3_I1_O)        0.124    23.062 f  datapath/video_inst/Inst_vga/encoded[1]_i_10__0/O
                         net (fo=4, routed)           0.463    23.525    datapath/video_inst/Inst_vga/encoded[1]_i_10__0_n_0
    SLICE_X126Y101       LUT5 (Prop_lut5_I4_O)        0.124    23.649 r  datapath/video_inst/Inst_vga/dc_bias[0]_i_28/O
                         net (fo=5, routed)           0.763    24.412    datapath/video_inst/Inst_vga/dc_bias[0]_i_28_n_0
    SLICE_X129Y103       LUT4 (Prop_lut4_I3_O)        0.150    24.562 f  datapath/video_inst/Inst_vga/encoded[7]_i_9__1/O
                         net (fo=1, routed)           0.794    25.356    datapath/video_inst/Inst_vga/Inst_scopeFace/doodlehundreds/encoded[5]_i_6__0_0
    SLICE_X130Y103       LUT4 (Prop_lut4_I1_O)        0.354    25.710 r  datapath/video_inst/Inst_vga/Inst_scopeFace/doodlehundreds/encoded[7]_i_8__0/O
                         net (fo=2, routed)           0.583    26.293    datapath/video_inst/Inst_vga/Inst_scopeFace/doodlehundreds/encoded[7]_i_8__0_n_0
    SLICE_X127Y104       LUT6 (Prop_lut6_I3_O)        0.326    26.619 r  datapath/video_inst/Inst_vga/Inst_scopeFace/doodlehundreds/encoded[5]_i_6__0/O
                         net (fo=20, routed)          0.801    27.420    datapath/video_inst/Inst_vga/Inst_scopeFace/doodlethousands/blue[1]
    SLICE_X126Y107       LUT3 (Prop_lut3_I2_O)        0.150    27.570 r  datapath/video_inst/Inst_vga/Inst_scopeFace/doodlethousands/dc_bias[0]_i_13__1/O
                         net (fo=4, routed)           0.468    28.038    datapath/video_inst/Inst_vga/Inst_scopeFace/doodlehundreds/encoded_reg[0]_4
    SLICE_X126Y107       LUT5 (Prop_lut5_I3_O)        0.326    28.364 r  datapath/video_inst/Inst_vga/Inst_scopeFace/doodlehundreds/dc_bias[0]_i_3__1/O
                         net (fo=44, routed)          0.734    29.097    datapath/video_inst/Inst_vga/Inst_scopeFace/doodleDigits/encoded_reg[6]
    SLICE_X126Y108       LUT3 (Prop_lut3_I2_O)        0.124    29.221 r  datapath/video_inst/Inst_vga/Inst_scopeFace/doodleDigits/dc_bias[1]_i_7/O
                         net (fo=7, routed)           0.754    29.975    datapath/video_inst/Inst_vga/Inst_scopeFace/doodleDigits/R2_in
    SLICE_X124Y108       LUT6 (Prop_lut6_I2_O)        0.124    30.099 r  datapath/video_inst/Inst_vga/Inst_scopeFace/doodleDigits/dc_bias[0]_i_4/O
                         net (fo=7, routed)           1.053    31.153    datapath/video_inst/Inst_vga/Inst_scopeFace/doodlehundreds/dc_bias_reg[0]_0
    SLICE_X124Y106       LUT3 (Prop_lut3_I2_O)        0.152    31.305 r  datapath/video_inst/Inst_vga/Inst_scopeFace/doodlehundreds/dc_bias[1]_i_9__1/O
                         net (fo=1, routed)           0.662    31.967    datapath/video_inst/Inst_vga/Inst_scopeFace/doodlehundreds/dc_bias[1]_i_9__1_n_0
    SLICE_X124Y107       LUT6 (Prop_lut6_I2_O)        0.348    32.315 r  datapath/video_inst/Inst_vga/Inst_scopeFace/doodlehundreds/dc_bias[1]_i_5/O
                         net (fo=1, routed)           0.165    32.480    datapath/video_inst/Inst_vga/Inst_scopeFace/doodlehundreds/dc_bias[1]_i_5_n_0
    SLICE_X124Y107       LUT5 (Prop_lut5_I4_O)        0.124    32.604 r  datapath/video_inst/Inst_vga/Inst_scopeFace/doodlehundreds/dc_bias[1]_i_1__0/O
                         net (fo=1, routed)           0.000    32.604    datapath/video_inst/inst_dvid/TDMS_encoder_blue/dc_bias_reg[3]_0[1]
    SLICE_X124Y107       FDRE                                         r  datapath/video_inst/inst_dvid/TDMS_encoder_blue/dc_bias_reg[1]/D
  -------------------------------------------------------------------    -------------------

                         (clock clk_out1_clk_wiz_0 rise edge)
                                                      0.000     0.000 r  
    BUFGCTRL_X0Y2        BUFG                         0.000     0.000 r  clk_IBUF_BUFG_inst/O
                         net (fo=518, routed)         1.643     1.643    datapath/video_inst/mmcm_adv_inst_display_clocks/inst/clk_in1
    MMCME2_ADV_X0Y2      MMCME2_ADV (Prop_mmcme2_adv_CLKIN1_CLKOUT0)
                                                     -3.494    -1.851 r  datapath/video_inst/mmcm_adv_inst_display_clocks/inst/mmcm_adv_inst/CLKOUT0
                         net (fo=1, routed)           1.760    -0.091    datapath/video_inst/mmcm_adv_inst_display_clocks/inst/clk_out1_clk_wiz_0
    BUFGCTRL_X0Y3        BUFG (Prop_bufg_I_O)         0.091     0.000 r  datapath/video_inst/mmcm_adv_inst_display_clocks/inst/clkout1_buf/O
                         net (fo=132, routed)         1.568     1.568    datapath/video_inst/inst_dvid/TDMS_encoder_blue/clk_out1
    SLICE_X124Y107       FDRE                                         r  datapath/video_inst/inst_dvid/TDMS_encoder_blue/dc_bias_reg[1]/C

Slack:                    inf
  Source:                 datapath/sprite_status_array_reg[2][row][3]/C
                            (rising edge-triggered cell FDRE)
  Destination:            datapath/video_inst/inst_dvid/TDMS_encoder_blue/dc_bias_reg[0]/D
                            (rising edge-triggered cell FDRE clocked by clk_out1_clk_wiz_0  {rise@0.000ns fall@20.000ns period=40.000ns})
  Path Group:             (none)
  Path Type:              Setup (Max at Slow Process Corner)
  Data Path Delay:        32.385ns  (logic 7.764ns (23.974%)  route 24.621ns (76.026%))
  Logic Levels:           38  (CARRY4=4 FDRE=1 LUT2=2 LUT3=4 LUT4=4 LUT5=5 LUT6=18)
  Clock Uncertainty:      0.190ns  ((TSJ^2 + DJ^2)^1/2) / 2 + PE
    Total System Jitter     (TSJ):    0.050ns
    Discrete Jitter          (DJ):    0.175ns
    Phase Error              (PE):    0.099ns

    Location             Delay type                Incr(ns)  Path(ns)    Netlist Resource(s)
  -------------------------------------------------------------------    -------------------
    SLICE_X113Y103       FDRE                         0.000     0.000 r  datapath/sprite_status_array_reg[2][row][3]/C
    SLICE_X113Y103       FDRE (Prop_fdre_C_Q)         0.456     0.456 r  datapath/sprite_status_array_reg[2][row][3]/Q
                         net (fo=9, routed)           1.272     1.728    datapath/video_inst/Inst_vga/g0_b2_i_49_0[2]
    SLICE_X115Y99        LUT2 (Prop_lut2_I1_O)        0.124     1.852 r  datapath/video_inst/Inst_vga/g0_b0_i_3__2/O
                         net (fo=1, routed)           0.000     1.852    datapath/video_inst/Inst_vga/g0_b0_i_3__2_n_0
    SLICE_X115Y99        CARRY4 (Prop_carry4_S[3]_CO[3])
                                                      0.401     2.253 r  datapath/video_inst/Inst_vga/g0_b0_i_1__1/CO[3]
                         net (fo=1, routed)           0.001     2.254    datapath/video_inst/Inst_vga/g0_b0_i_1__1_n_0
    SLICE_X115Y100       CARRY4 (Prop_carry4_CI_O[0])
                                                      0.222     2.476 r  datapath/video_inst/Inst_vga/g0_b0_i_2__1/O[0]
                         net (fo=181, routed)         1.624     4.100    datapath/video_inst/Inst_vga/pix_classifer/jetpackAndDoodle[0][0]11_out[4]
    SLICE_X103Y88        LUT6 (Prop_lut6_I4_O)        0.299     4.399 f  datapath/video_inst/Inst_vga/g0_b5__19/O
                         net (fo=1, routed)           0.433     4.832    datapath/video_inst/Inst_vga/g0_b5__19_n_0
    SLICE_X103Y88        LUT3 (Prop_lut3_I1_O)        0.124     4.956 r  datapath/video_inst/Inst_vga/g0_b0_i_941/O
                         net (fo=1, routed)           0.620     5.577    datapath/video_inst/Inst_vga/g0_b0_i_941_n_0
    SLICE_X103Y89        LUT6 (Prop_lut6_I3_O)        0.124     5.701 r  datapath/video_inst/Inst_vga/g0_b0_i_671/O
                         net (fo=1, routed)           0.775     6.475    datapath/video_inst/Inst_vga/g0_b0_i_671_n_0
    SLICE_X106Y89        LUT5 (Prop_lut5_I1_O)        0.124     6.599 f  datapath/video_inst/Inst_vga/g0_b0_i_402/O
                         net (fo=1, routed)           0.808     7.407    datapath/video_inst/Inst_vga/g0_b0_i_402_n_0
    SLICE_X107Y90        LUT6 (Prop_lut6_I2_O)        0.124     7.531 f  datapath/video_inst/Inst_vga/g0_b0_i_197/O
                         net (fo=1, routed)           0.933     8.464    datapath/video_inst/Inst_vga/g0_b0_i_197_n_0
    SLICE_X108Y95        LUT6 (Prop_lut6_I5_O)        0.124     8.588 r  datapath/video_inst/Inst_vga/g0_b0_i_72/O
                         net (fo=5, routed)           0.445     9.033    datapath/video_inst/Inst_vga/g0_b0_i_72_n_0
    SLICE_X111Y94        LUT6 (Prop_lut6_I0_O)        0.124     9.157 f  datapath/video_inst/Inst_vga/g0_b2_i_19/O
                         net (fo=1, routed)           0.749     9.905    datapath/video_inst/Inst_vga/g0_b2_i_19_n_0
    SLICE_X111Y99        LUT6 (Prop_lut6_I2_O)        0.124    10.029 f  datapath/video_inst/Inst_vga/g0_b2_i_9/O
                         net (fo=11, routed)          0.844    10.874    datapath/video_inst/Inst_vga/g0_b2_i_9_n_0
    SLICE_X113Y104       LUT6 (Prop_lut6_I0_O)        0.124    10.998 r  datapath/video_inst/Inst_vga/g0_b2_i_5/O
                         net (fo=16, routed)          0.644    11.642    datapath/video_inst/Inst_vga/pixel_type[row][1]
    SLICE_X116Y100       LUT2 (Prop_lut2_I1_O)        0.124    11.766 r  datapath/video_inst/Inst_vga/g0_b0_i_5__2/O
                         net (fo=1, routed)           0.000    11.766    datapath/video_inst/Inst_vga/g0_b0_i_5__2_n_0
    SLICE_X116Y100       CARRY4 (Prop_carry4_S[1]_CO[3])
                                                      0.533    12.299 r  datapath/video_inst/Inst_vga/g0_b0_i_1/CO[3]
                         net (fo=1, routed)           0.000    12.299    datapath/video_inst/Inst_vga/g0_b0_i_1_n_0
    SLICE_X116Y101       CARRY4 (Prop_carry4_CI_O[1])
                                                      0.323    12.622 r  datapath/video_inst/Inst_vga/g0_b0_i_2/O[1]
                         net (fo=312, routed)         1.967    14.589    datapath/video_inst/Inst_vga/doodle_right[0][1]10_out[5]
    SLICE_X126Y80        LUT4 (Prop_lut4_I0_O)        0.334    14.923 f  datapath/video_inst/Inst_vga/dc_bias[0]_i_347/O
                         net (fo=2, routed)           0.621    15.544    datapath/video_inst/Inst_vga/dc_bias[0]_i_347_n_0
    SLICE_X125Y81        LUT6 (Prop_lut6_I1_O)        0.326    15.870 f  datapath/video_inst/Inst_vga/dc_bias[0]_i_421/O
                         net (fo=1, routed)           0.263    16.133    datapath/video_inst/Inst_vga/dc_bias[0]_i_421_n_0
    SLICE_X125Y81        LUT6 (Prop_lut6_I5_O)        0.124    16.257 r  datapath/video_inst/Inst_vga/dc_bias[0]_i_335/O
                         net (fo=1, routed)           0.151    16.409    datapath/video_inst/Inst_vga/dc_bias[0]_i_335_n_0
    SLICE_X125Y81        LUT6 (Prop_lut6_I3_O)        0.124    16.533 r  datapath/video_inst/Inst_vga/dc_bias[0]_i_220__0/O
                         net (fo=1, routed)           0.431    16.964    datapath/video_inst/Inst_vga/dc_bias[0]_i_220__0_n_0
    SLICE_X125Y82        LUT6 (Prop_lut6_I0_O)        0.124    17.088 f  datapath/video_inst/Inst_vga/dc_bias[0]_i_151/O
                         net (fo=1, routed)           0.433    17.521    datapath/video_inst/Inst_vga/dc_bias[0]_i_151_n_0
    SLICE_X125Y84        LUT6 (Prop_lut6_I1_O)        0.124    17.645 f  datapath/video_inst/Inst_vga/dc_bias[0]_i_103/O
                         net (fo=7, routed)           0.760    18.406    datapath/video_inst/Inst_vga/dc_bias[0]_i_103_n_0
    SLICE_X125Y87        LUT4 (Prop_lut4_I3_O)        0.150    18.556 f  datapath/video_inst/Inst_vga/dc_bias[0]_i_115__0/O
                         net (fo=1, routed)           0.690    19.245    datapath/video_inst/Inst_vga/dc_bias[0]_i_115__0_n_0
    SLICE_X125Y89        LUT6 (Prop_lut6_I0_O)        0.326    19.571 r  datapath/video_inst/Inst_vga/dc_bias[0]_i_65/O
                         net (fo=7, routed)           1.304    20.875    datapath/video_inst/Inst_vga/dc_bias[0]_i_65_n_0
    SLICE_X127Y100       LUT5 (Prop_lut5_I4_O)        0.152    21.027 r  datapath/video_inst/Inst_vga/dc_bias[0]_i_70__0/O
                         net (fo=10, routed)          0.569    21.596    datapath/video_inst/Inst_vga/dc_bias[0]_i_70__0_n_0
    SLICE_X126Y100       LUT6 (Prop_lut6_I5_O)        0.332    21.928 f  datapath/video_inst/Inst_vga/dc_bias[0]_i_23__0/O
                         net (fo=8, routed)           1.009    22.938    datapath/video_inst/Inst_vga/dc_bias[0]_i_23__0_n_0
    SLICE_X129Y102       LUT3 (Prop_lut3_I1_O)        0.124    23.062 f  datapath/video_inst/Inst_vga/encoded[1]_i_10__0/O
                         net (fo=4, routed)           0.463    23.525    datapath/video_inst/Inst_vga/encoded[1]_i_10__0_n_0
    SLICE_X126Y101       LUT5 (Prop_lut5_I4_O)        0.124    23.649 r  datapath/video_inst/Inst_vga/dc_bias[0]_i_28/O
                         net (fo=5, routed)           0.763    24.412    datapath/video_inst/Inst_vga/dc_bias[0]_i_28_n_0
    SLICE_X129Y103       LUT4 (Prop_lut4_I3_O)        0.150    24.562 f  datapath/video_inst/Inst_vga/encoded[7]_i_9__1/O
                         net (fo=1, routed)           0.794    25.356    datapath/video_inst/Inst_vga/Inst_scopeFace/doodlehundreds/encoded[5]_i_6__0_0
    SLICE_X130Y103       LUT4 (Prop_lut4_I1_O)        0.354    25.710 r  datapath/video_inst/Inst_vga/Inst_scopeFace/doodlehundreds/encoded[7]_i_8__0/O
                         net (fo=2, routed)           0.583    26.293    datapath/video_inst/Inst_vga/Inst_scopeFace/doodlehundreds/encoded[7]_i_8__0_n_0
    SLICE_X127Y104       LUT6 (Prop_lut6_I3_O)        0.326    26.619 r  datapath/video_inst/Inst_vga/Inst_scopeFace/doodlehundreds/encoded[5]_i_6__0/O
                         net (fo=20, routed)          0.801    27.420    datapath/video_inst/Inst_vga/Inst_scopeFace/doodlethousands/blue[1]
    SLICE_X126Y107       LUT3 (Prop_lut3_I2_O)        0.150    27.570 r  datapath/video_inst/Inst_vga/Inst_scopeFace/doodlethousands/dc_bias[0]_i_13__1/O
                         net (fo=4, routed)           0.468    28.038    datapath/video_inst/Inst_vga/Inst_scopeFace/doodlehundreds/encoded_reg[0]_4
    SLICE_X126Y107       LUT5 (Prop_lut5_I3_O)        0.326    28.364 r  datapath/video_inst/Inst_vga/Inst_scopeFace/doodlehundreds/dc_bias[0]_i_3__1/O
                         net (fo=44, routed)          0.734    29.097    datapath/video_inst/Inst_vga/Inst_scopeFace/doodleDigits/encoded_reg[6]
    SLICE_X126Y108       LUT3 (Prop_lut3_I2_O)        0.124    29.221 r  datapath/video_inst/Inst_vga/Inst_scopeFace/doodleDigits/dc_bias[1]_i_7/O
                         net (fo=7, routed)           1.045    30.267    datapath/video_inst/Inst_vga/Inst_scopeFace/doodleDigits/R2_in
    SLICE_X124Y109       LUT6 (Prop_lut6_I1_O)        0.124    30.391 r  datapath/video_inst/Inst_vga/Inst_scopeFace/doodleDigits/dc_bias[3]_i_24__1/O
                         net (fo=2, routed)           0.681    31.072    datapath/video_inst/Inst_vga/Inst_scopeFace/doodleDigits/dc_bias[3]_i_24__1_n_0
    SLICE_X124Y109       LUT6 (Prop_lut6_I0_O)        0.124    31.196 r  datapath/video_inst/Inst_vga/Inst_scopeFace/doodleDigits/dc_bias[3]_i_15__0/O
                         net (fo=1, routed)           0.290    31.486    datapath/video_inst/inst_dvid/TDMS_encoder_blue/eqOp__4
    SLICE_X125Y108       LUT5 (Prop_lut5_I4_O)        0.124    31.610 r  datapath/video_inst/inst_dvid/TDMS_encoder_blue/dc_bias[3]_i_6__0/O
                         net (fo=13, routed)          0.651    32.261    datapath/video_inst/Inst_vga/Inst_scopeFace/doodlehundreds/encoded12_out_3
    SLICE_X124Y106       LUT6 (Prop_lut6_I4_O)        0.124    32.385 r  datapath/video_inst/Inst_vga/Inst_scopeFace/doodlehundreds/dc_bias[0]_i_1/O
                         net (fo=1, routed)           0.000    32.385    datapath/video_inst/inst_dvid/TDMS_encoder_blue/dc_bias_reg[3]_0[0]
    SLICE_X124Y106       FDRE                                         r  datapath/video_inst/inst_dvid/TDMS_encoder_blue/dc_bias_reg[0]/D
  -------------------------------------------------------------------    -------------------

                         (clock clk_out1_clk_wiz_0 rise edge)
                                                      0.000     0.000 r  
    BUFGCTRL_X0Y2        BUFG                         0.000     0.000 r  clk_IBUF_BUFG_inst/O
                         net (fo=518, routed)         1.643     1.643    datapath/video_inst/mmcm_adv_inst_display_clocks/inst/clk_in1
    MMCME2_ADV_X0Y2      MMCME2_ADV (Prop_mmcme2_adv_CLKIN1_CLKOUT0)
                                                     -3.494    -1.851 r  datapath/video_inst/mmcm_adv_inst_display_clocks/inst/mmcm_adv_inst/CLKOUT0
                         net (fo=1, routed)           1.760    -0.091    datapath/video_inst/mmcm_adv_inst_display_clocks/inst/clk_out1_clk_wiz_0
    BUFGCTRL_X0Y3        BUFG (Prop_bufg_I_O)         0.091     0.000 r  datapath/video_inst/mmcm_adv_inst_display_clocks/inst/clkout1_buf/O
                         net (fo=132, routed)         1.569     1.569    datapath/video_inst/inst_dvid/TDMS_encoder_blue/clk_out1
    SLICE_X124Y106       FDRE                                         r  datapath/video_inst/inst_dvid/TDMS_encoder_blue/dc_bias_reg[0]/C

Slack:                    inf
  Source:                 datapath/sprite_status_array_reg[2][row][3]/C
                            (rising edge-triggered cell FDRE)
  Destination:            datapath/video_inst/inst_dvid/TDMS_encoder_blue/encoded_reg[0]/D
                            (rising edge-triggered cell FDRE clocked by clk_out1_clk_wiz_0  {rise@0.000ns fall@20.000ns period=40.000ns})
  Path Group:             (none)
  Path Type:              Setup (Max at Slow Process Corner)
  Data Path Delay:        32.280ns  (logic 7.764ns (24.052%)  route 24.516ns (75.948%))
  Logic Levels:           38  (CARRY4=4 FDRE=1 LUT2=2 LUT3=4 LUT4=4 LUT5=5 LUT6=18)
  Clock Uncertainty:      0.190ns  ((TSJ^2 + DJ^2)^1/2) / 2 + PE
    Total System Jitter     (TSJ):    0.050ns
    Discrete Jitter          (DJ):    0.175ns
    Phase Error              (PE):    0.099ns

    Location             Delay type                Incr(ns)  Path(ns)    Netlist Resource(s)
  -------------------------------------------------------------------    -------------------
    SLICE_X113Y103       FDRE                         0.000     0.000 r  datapath/sprite_status_array_reg[2][row][3]/C
    SLICE_X113Y103       FDRE (Prop_fdre_C_Q)         0.456     0.456 r  datapath/sprite_status_array_reg[2][row][3]/Q
                         net (fo=9, routed)           1.272     1.728    datapath/video_inst/Inst_vga/g0_b2_i_49_0[2]
    SLICE_X115Y99        LUT2 (Prop_lut2_I1_O)        0.124     1.852 r  datapath/video_inst/Inst_vga/g0_b0_i_3__2/O
                         net (fo=1, routed)           0.000     1.852    datapath/video_inst/Inst_vga/g0_b0_i_3__2_n_0
    SLICE_X115Y99        CARRY4 (Prop_carry4_S[3]_CO[3])
                                                      0.401     2.253 r  datapath/video_inst/Inst_vga/g0_b0_i_1__1/CO[3]
                         net (fo=1, routed)           0.001     2.254    datapath/video_inst/Inst_vga/g0_b0_i_1__1_n_0
    SLICE_X115Y100       CARRY4 (Prop_carry4_CI_O[0])
                                                      0.222     2.476 r  datapath/video_inst/Inst_vga/g0_b0_i_2__1/O[0]
                         net (fo=181, routed)         1.624     4.100    datapath/video_inst/Inst_vga/pix_classifer/jetpackAndDoodle[0][0]11_out[4]
    SLICE_X103Y88        LUT6 (Prop_lut6_I4_O)        0.299     4.399 f  datapath/video_inst/Inst_vga/g0_b5__19/O
                         net (fo=1, routed)           0.433     4.832    datapath/video_inst/Inst_vga/g0_b5__19_n_0
    SLICE_X103Y88        LUT3 (Prop_lut3_I1_O)        0.124     4.956 r  datapath/video_inst/Inst_vga/g0_b0_i_941/O
                         net (fo=1, routed)           0.620     5.577    datapath/video_inst/Inst_vga/g0_b0_i_941_n_0
    SLICE_X103Y89        LUT6 (Prop_lut6_I3_O)        0.124     5.701 r  datapath/video_inst/Inst_vga/g0_b0_i_671/O
                         net (fo=1, routed)           0.775     6.475    datapath/video_inst/Inst_vga/g0_b0_i_671_n_0
    SLICE_X106Y89        LUT5 (Prop_lut5_I1_O)        0.124     6.599 f  datapath/video_inst/Inst_vga/g0_b0_i_402/O
                         net (fo=1, routed)           0.808     7.407    datapath/video_inst/Inst_vga/g0_b0_i_402_n_0
    SLICE_X107Y90        LUT6 (Prop_lut6_I2_O)        0.124     7.531 f  datapath/video_inst/Inst_vga/g0_b0_i_197/O
                         net (fo=1, routed)           0.933     8.464    datapath/video_inst/Inst_vga/g0_b0_i_197_n_0
    SLICE_X108Y95        LUT6 (Prop_lut6_I5_O)        0.124     8.588 r  datapath/video_inst/Inst_vga/g0_b0_i_72/O
                         net (fo=5, routed)           0.445     9.033    datapath/video_inst/Inst_vga/g0_b0_i_72_n_0
    SLICE_X111Y94        LUT6 (Prop_lut6_I0_O)        0.124     9.157 f  datapath/video_inst/Inst_vga/g0_b2_i_19/O
                         net (fo=1, routed)           0.749     9.905    datapath/video_inst/Inst_vga/g0_b2_i_19_n_0
    SLICE_X111Y99        LUT6 (Prop_lut6_I2_O)        0.124    10.029 f  datapath/video_inst/Inst_vga/g0_b2_i_9/O
                         net (fo=11, routed)          0.844    10.874    datapath/video_inst/Inst_vga/g0_b2_i_9_n_0
    SLICE_X113Y104       LUT6 (Prop_lut6_I0_O)        0.124    10.998 r  datapath/video_inst/Inst_vga/g0_b2_i_5/O
                         net (fo=16, routed)          0.644    11.642    datapath/video_inst/Inst_vga/pixel_type[row][1]
    SLICE_X116Y100       LUT2 (Prop_lut2_I1_O)        0.124    11.766 r  datapath/video_inst/Inst_vga/g0_b0_i_5__2/O
                         net (fo=1, routed)           0.000    11.766    datapath/video_inst/Inst_vga/g0_b0_i_5__2_n_0
    SLICE_X116Y100       CARRY4 (Prop_carry4_S[1]_CO[3])
                                                      0.533    12.299 r  datapath/video_inst/Inst_vga/g0_b0_i_1/CO[3]
                         net (fo=1, routed)           0.000    12.299    datapath/video_inst/Inst_vga/g0_b0_i_1_n_0
    SLICE_X116Y101       CARRY4 (Prop_carry4_CI_O[1])
                                                      0.323    12.622 r  datapath/video_inst/Inst_vga/g0_b0_i_2/O[1]
                         net (fo=312, routed)         1.967    14.589    datapath/video_inst/Inst_vga/doodle_right[0][1]10_out[5]
    SLICE_X126Y80        LUT4 (Prop_lut4_I0_O)        0.334    14.923 f  datapath/video_inst/Inst_vga/dc_bias[0]_i_347/O
                         net (fo=2, routed)           0.621    15.544    datapath/video_inst/Inst_vga/dc_bias[0]_i_347_n_0
    SLICE_X125Y81        LUT6 (Prop_lut6_I1_O)        0.326    15.870 f  datapath/video_inst/Inst_vga/dc_bias[0]_i_421/O
                         net (fo=1, routed)           0.263    16.133    datapath/video_inst/Inst_vga/dc_bias[0]_i_421_n_0
    SLICE_X125Y81        LUT6 (Prop_lut6_I5_O)        0.124    16.257 r  datapath/video_inst/Inst_vga/dc_bias[0]_i_335/O
                         net (fo=1, routed)           0.151    16.409    datapath/video_inst/Inst_vga/dc_bias[0]_i_335_n_0
    SLICE_X125Y81        LUT6 (Prop_lut6_I3_O)        0.124    16.533 r  datapath/video_inst/Inst_vga/dc_bias[0]_i_220__0/O
                         net (fo=1, routed)           0.431    16.964    datapath/video_inst/Inst_vga/dc_bias[0]_i_220__0_n_0
    SLICE_X125Y82        LUT6 (Prop_lut6_I0_O)        0.124    17.088 f  datapath/video_inst/Inst_vga/dc_bias[0]_i_151/O
                         net (fo=1, routed)           0.433    17.521    datapath/video_inst/Inst_vga/dc_bias[0]_i_151_n_0
    SLICE_X125Y84        LUT6 (Prop_lut6_I1_O)        0.124    17.645 f  datapath/video_inst/Inst_vga/dc_bias[0]_i_103/O
                         net (fo=7, routed)           0.760    18.406    datapath/video_inst/Inst_vga/dc_bias[0]_i_103_n_0
    SLICE_X125Y87        LUT4 (Prop_lut4_I3_O)        0.150    18.556 f  datapath/video_inst/Inst_vga/dc_bias[0]_i_115__0/O
                         net (fo=1, routed)           0.690    19.245    datapath/video_inst/Inst_vga/dc_bias[0]_i_115__0_n_0
    SLICE_X125Y89        LUT6 (Prop_lut6_I0_O)        0.326    19.571 r  datapath/video_inst/Inst_vga/dc_bias[0]_i_65/O
                         net (fo=7, routed)           1.304    20.875    datapath/video_inst/Inst_vga/dc_bias[0]_i_65_n_0
    SLICE_X127Y100       LUT5 (Prop_lut5_I4_O)        0.152    21.027 r  datapath/video_inst/Inst_vga/dc_bias[0]_i_70__0/O
                         net (fo=10, routed)          0.569    21.596    datapath/video_inst/Inst_vga/dc_bias[0]_i_70__0_n_0
    SLICE_X126Y100       LUT6 (Prop_lut6_I5_O)        0.332    21.928 f  datapath/video_inst/Inst_vga/dc_bias[0]_i_23__0/O
                         net (fo=8, routed)           1.009    22.938    datapath/video_inst/Inst_vga/dc_bias[0]_i_23__0_n_0
    SLICE_X129Y102       LUT3 (Prop_lut3_I1_O)        0.124    23.062 f  datapath/video_inst/Inst_vga/encoded[1]_i_10__0/O
                         net (fo=4, routed)           0.463    23.525    datapath/video_inst/Inst_vga/encoded[1]_i_10__0_n_0
    SLICE_X126Y101       LUT5 (Prop_lut5_I4_O)        0.124    23.649 r  datapath/video_inst/Inst_vga/dc_bias[0]_i_28/O
                         net (fo=5, routed)           0.763    24.412    datapath/video_inst/Inst_vga/dc_bias[0]_i_28_n_0
    SLICE_X129Y103       LUT4 (Prop_lut4_I3_O)        0.150    24.562 f  datapath/video_inst/Inst_vga/encoded[7]_i_9__1/O
                         net (fo=1, routed)           0.794    25.356    datapath/video_inst/Inst_vga/Inst_scopeFace/doodlehundreds/encoded[5]_i_6__0_0
    SLICE_X130Y103       LUT4 (Prop_lut4_I1_O)        0.354    25.710 r  datapath/video_inst/Inst_vga/Inst_scopeFace/doodlehundreds/encoded[7]_i_8__0/O
                         net (fo=2, routed)           0.583    26.293    datapath/video_inst/Inst_vga/Inst_scopeFace/doodlehundreds/encoded[7]_i_8__0_n_0
    SLICE_X127Y104       LUT6 (Prop_lut6_I3_O)        0.326    26.619 r  datapath/video_inst/Inst_vga/Inst_scopeFace/doodlehundreds/encoded[5]_i_6__0/O
                         net (fo=20, routed)          0.801    27.420    datapath/video_inst/Inst_vga/Inst_scopeFace/doodlethousands/blue[1]
    SLICE_X126Y107       LUT3 (Prop_lut3_I2_O)        0.150    27.570 r  datapath/video_inst/Inst_vga/Inst_scopeFace/doodlethousands/dc_bias[0]_i_13__1/O
                         net (fo=4, routed)           0.468    28.038    datapath/video_inst/Inst_vga/Inst_scopeFace/doodlehundreds/encoded_reg[0]_4
    SLICE_X126Y107       LUT5 (Prop_lut5_I3_O)        0.326    28.364 r  datapath/video_inst/Inst_vga/Inst_scopeFace/doodlehundreds/dc_bias[0]_i_3__1/O
                         net (fo=44, routed)          0.734    29.097    datapath/video_inst/Inst_vga/Inst_scopeFace/doodleDigits/encoded_reg[6]
    SLICE_X126Y108       LUT3 (Prop_lut3_I2_O)        0.124    29.221 r  datapath/video_inst/Inst_vga/Inst_scopeFace/doodleDigits/dc_bias[1]_i_7/O
                         net (fo=7, routed)           1.045    30.267    datapath/video_inst/Inst_vga/Inst_scopeFace/doodleDigits/R2_in
    SLICE_X124Y109       LUT6 (Prop_lut6_I1_O)        0.124    30.391 r  datapath/video_inst/Inst_vga/Inst_scopeFace/doodleDigits/dc_bias[3]_i_24__1/O
                         net (fo=2, routed)           0.681    31.072    datapath/video_inst/Inst_vga/Inst_scopeFace/doodleDigits/dc_bias[3]_i_24__1_n_0
    SLICE_X124Y109       LUT6 (Prop_lut6_I0_O)        0.124    31.196 r  datapath/video_inst/Inst_vga/Inst_scopeFace/doodleDigits/dc_bias[3]_i_15__0/O
                         net (fo=1, routed)           0.290    31.486    datapath/video_inst/inst_dvid/TDMS_encoder_blue/eqOp__4
    SLICE_X125Y108       LUT5 (Prop_lut5_I4_O)        0.124    31.610 r  datapath/video_inst/inst_dvid/TDMS_encoder_blue/dc_bias[3]_i_6__0/O
                         net (fo=13, routed)          0.546    32.156    datapath/video_inst/Inst_vga/Inst_scopeFace/doodlehundreds/encoded12_out_3
    SLICE_X128Y106       LUT6 (Prop_lut6_I2_O)        0.124    32.280 r  datapath/video_inst/Inst_vga/Inst_scopeFace/doodlehundreds/encoded[0]_i_1/O
                         net (fo=1, routed)           0.000    32.280    datapath/video_inst/inst_dvid/TDMS_encoder_blue/encoded_reg[7]_0[0]
    SLICE_X128Y106       FDRE                                         r  datapath/video_inst/inst_dvid/TDMS_encoder_blue/encoded_reg[0]/D
  -------------------------------------------------------------------    -------------------

                         (clock clk_out1_clk_wiz_0 rise edge)
                                                      0.000     0.000 r  
    BUFGCTRL_X0Y2        BUFG                         0.000     0.000 r  clk_IBUF_BUFG_inst/O
                         net (fo=518, routed)         1.643     1.643    datapath/video_inst/mmcm_adv_inst_display_clocks/inst/clk_in1
    MMCME2_ADV_X0Y2      MMCME2_ADV (Prop_mmcme2_adv_CLKIN1_CLKOUT0)
                                                     -3.494    -1.851 r  datapath/video_inst/mmcm_adv_inst_display_clocks/inst/mmcm_adv_inst/CLKOUT0
                         net (fo=1, routed)           1.760    -0.091    datapath/video_inst/mmcm_adv_inst_display_clocks/inst/clk_out1_clk_wiz_0
    BUFGCTRL_X0Y3        BUFG (Prop_bufg_I_O)         0.091     0.000 r  datapath/video_inst/mmcm_adv_inst_display_clocks/inst/clkout1_buf/O
                         net (fo=132, routed)         1.570     1.570    datapath/video_inst/inst_dvid/TDMS_encoder_blue/clk_out1
    SLICE_X128Y106       FDRE                                         r  datapath/video_inst/inst_dvid/TDMS_encoder_blue/encoded_reg[0]/C

Slack:                    inf
  Source:                 datapath/sprite_status_array_reg[2][row][3]/C
                            (rising edge-triggered cell FDRE)
  Destination:            datapath/video_inst/inst_dvid/TDMS_encoder_blue/encoded_reg[2]/D
                            (rising edge-triggered cell FDRE clocked by clk_out1_clk_wiz_0  {rise@0.000ns fall@20.000ns period=40.000ns})
  Path Group:             (none)
  Path Type:              Setup (Max at Slow Process Corner)
  Data Path Delay:        32.279ns  (logic 7.764ns (24.053%)  route 24.515ns (75.947%))
  Logic Levels:           38  (CARRY4=4 FDRE=1 LUT2=2 LUT3=4 LUT4=4 LUT5=5 LUT6=18)
  Clock Uncertainty:      0.190ns  ((TSJ^2 + DJ^2)^1/2) / 2 + PE
    Total System Jitter     (TSJ):    0.050ns
    Discrete Jitter          (DJ):    0.175ns
    Phase Error              (PE):    0.099ns

    Location             Delay type                Incr(ns)  Path(ns)    Netlist Resource(s)
  -------------------------------------------------------------------    -------------------
    SLICE_X113Y103       FDRE                         0.000     0.000 r  datapath/sprite_status_array_reg[2][row][3]/C
    SLICE_X113Y103       FDRE (Prop_fdre_C_Q)         0.456     0.456 r  datapath/sprite_status_array_reg[2][row][3]/Q
                         net (fo=9, routed)           1.272     1.728    datapath/video_inst/Inst_vga/g0_b2_i_49_0[2]
    SLICE_X115Y99        LUT2 (Prop_lut2_I1_O)        0.124     1.852 r  datapath/video_inst/Inst_vga/g0_b0_i_3__2/O
                         net (fo=1, routed)           0.000     1.852    datapath/video_inst/Inst_vga/g0_b0_i_3__2_n_0
    SLICE_X115Y99        CARRY4 (Prop_carry4_S[3]_CO[3])
                                                      0.401     2.253 r  datapath/video_inst/Inst_vga/g0_b0_i_1__1/CO[3]
                         net (fo=1, routed)           0.001     2.254    datapath/video_inst/Inst_vga/g0_b0_i_1__1_n_0
    SLICE_X115Y100       CARRY4 (Prop_carry4_CI_O[0])
                                                      0.222     2.476 r  datapath/video_inst/Inst_vga/g0_b0_i_2__1/O[0]
                         net (fo=181, routed)         1.624     4.100    datapath/video_inst/Inst_vga/pix_classifer/jetpackAndDoodle[0][0]11_out[4]
    SLICE_X103Y88        LUT6 (Prop_lut6_I4_O)        0.299     4.399 f  datapath/video_inst/Inst_vga/g0_b5__19/O
                         net (fo=1, routed)           0.433     4.832    datapath/video_inst/Inst_vga/g0_b5__19_n_0
    SLICE_X103Y88        LUT3 (Prop_lut3_I1_O)        0.124     4.956 r  datapath/video_inst/Inst_vga/g0_b0_i_941/O
                         net (fo=1, routed)           0.620     5.577    datapath/video_inst/Inst_vga/g0_b0_i_941_n_0
    SLICE_X103Y89        LUT6 (Prop_lut6_I3_O)        0.124     5.701 r  datapath/video_inst/Inst_vga/g0_b0_i_671/O
                         net (fo=1, routed)           0.775     6.475    datapath/video_inst/Inst_vga/g0_b0_i_671_n_0
    SLICE_X106Y89        LUT5 (Prop_lut5_I1_O)        0.124     6.599 f  datapath/video_inst/Inst_vga/g0_b0_i_402/O
                         net (fo=1, routed)           0.808     7.407    datapath/video_inst/Inst_vga/g0_b0_i_402_n_0
    SLICE_X107Y90        LUT6 (Prop_lut6_I2_O)        0.124     7.531 f  datapath/video_inst/Inst_vga/g0_b0_i_197/O
                         net (fo=1, routed)           0.933     8.464    datapath/video_inst/Inst_vga/g0_b0_i_197_n_0
    SLICE_X108Y95        LUT6 (Prop_lut6_I5_O)        0.124     8.588 r  datapath/video_inst/Inst_vga/g0_b0_i_72/O
                         net (fo=5, routed)           0.445     9.033    datapath/video_inst/Inst_vga/g0_b0_i_72_n_0
    SLICE_X111Y94        LUT6 (Prop_lut6_I0_O)        0.124     9.157 f  datapath/video_inst/Inst_vga/g0_b2_i_19/O
                         net (fo=1, routed)           0.749     9.905    datapath/video_inst/Inst_vga/g0_b2_i_19_n_0
    SLICE_X111Y99        LUT6 (Prop_lut6_I2_O)        0.124    10.029 f  datapath/video_inst/Inst_vga/g0_b2_i_9/O
                         net (fo=11, routed)          0.844    10.874    datapath/video_inst/Inst_vga/g0_b2_i_9_n_0
    SLICE_X113Y104       LUT6 (Prop_lut6_I0_O)        0.124    10.998 r  datapath/video_inst/Inst_vga/g0_b2_i_5/O
                         net (fo=16, routed)          0.644    11.642    datapath/video_inst/Inst_vga/pixel_type[row][1]
    SLICE_X116Y100       LUT2 (Prop_lut2_I1_O)        0.124    11.766 r  datapath/video_inst/Inst_vga/g0_b0_i_5__2/O
                         net (fo=1, routed)           0.000    11.766    datapath/video_inst/Inst_vga/g0_b0_i_5__2_n_0
    SLICE_X116Y100       CARRY4 (Prop_carry4_S[1]_CO[3])
                                                      0.533    12.299 r  datapath/video_inst/Inst_vga/g0_b0_i_1/CO[3]
                         net (fo=1, routed)           0.000    12.299    datapath/video_inst/Inst_vga/g0_b0_i_1_n_0
    SLICE_X116Y101       CARRY4 (Prop_carry4_CI_O[1])
                                                      0.323    12.622 r  datapath/video_inst/Inst_vga/g0_b0_i_2/O[1]
                         net (fo=312, routed)         1.967    14.589    datapath/video_inst/Inst_vga/doodle_right[0][1]10_out[5]
    SLICE_X126Y80        LUT4 (Prop_lut4_I0_O)        0.334    14.923 f  datapath/video_inst/Inst_vga/dc_bias[0]_i_347/O
                         net (fo=2, routed)           0.621    15.544    datapath/video_inst/Inst_vga/dc_bias[0]_i_347_n_0
    SLICE_X125Y81        LUT6 (Prop_lut6_I1_O)        0.326    15.870 f  datapath/video_inst/Inst_vga/dc_bias[0]_i_421/O
                         net (fo=1, routed)           0.263    16.133    datapath/video_inst/Inst_vga/dc_bias[0]_i_421_n_0
    SLICE_X125Y81        LUT6 (Prop_lut6_I5_O)        0.124    16.257 r  datapath/video_inst/Inst_vga/dc_bias[0]_i_335/O
                         net (fo=1, routed)           0.151    16.409    datapath/video_inst/Inst_vga/dc_bias[0]_i_335_n_0
    SLICE_X125Y81        LUT6 (Prop_lut6_I3_O)        0.124    16.533 r  datapath/video_inst/Inst_vga/dc_bias[0]_i_220__0/O
                         net (fo=1, routed)           0.431    16.964    datapath/video_inst/Inst_vga/dc_bias[0]_i_220__0_n_0
    SLICE_X125Y82        LUT6 (Prop_lut6_I0_O)        0.124    17.088 f  datapath/video_inst/Inst_vga/dc_bias[0]_i_151/O
                         net (fo=1, routed)           0.433    17.521    datapath/video_inst/Inst_vga/dc_bias[0]_i_151_n_0
    SLICE_X125Y84        LUT6 (Prop_lut6_I1_O)        0.124    17.645 f  datapath/video_inst/Inst_vga/dc_bias[0]_i_103/O
                         net (fo=7, routed)           0.760    18.406    datapath/video_inst/Inst_vga/dc_bias[0]_i_103_n_0
    SLICE_X125Y87        LUT4 (Prop_lut4_I3_O)        0.150    18.556 f  datapath/video_inst/Inst_vga/dc_bias[0]_i_115__0/O
                         net (fo=1, routed)           0.690    19.245    datapath/video_inst/Inst_vga/dc_bias[0]_i_115__0_n_0
    SLICE_X125Y89        LUT6 (Prop_lut6_I0_O)        0.326    19.571 r  datapath/video_inst/Inst_vga/dc_bias[0]_i_65/O
                         net (fo=7, routed)           1.304    20.875    datapath/video_inst/Inst_vga/dc_bias[0]_i_65_n_0
    SLICE_X127Y100       LUT5 (Prop_lut5_I4_O)        0.152    21.027 r  datapath/video_inst/Inst_vga/dc_bias[0]_i_70__0/O
                         net (fo=10, routed)          0.569    21.596    datapath/video_inst/Inst_vga/dc_bias[0]_i_70__0_n_0
    SLICE_X126Y100       LUT6 (Prop_lut6_I5_O)        0.332    21.928 f  datapath/video_inst/Inst_vga/dc_bias[0]_i_23__0/O
                         net (fo=8, routed)           1.009    22.938    datapath/video_inst/Inst_vga/dc_bias[0]_i_23__0_n_0
    SLICE_X129Y102       LUT3 (Prop_lut3_I1_O)        0.124    23.062 f  datapath/video_inst/Inst_vga/encoded[1]_i_10__0/O
                         net (fo=4, routed)           0.463    23.525    datapath/video_inst/Inst_vga/encoded[1]_i_10__0_n_0
    SLICE_X126Y101       LUT5 (Prop_lut5_I4_O)        0.124    23.649 r  datapath/video_inst/Inst_vga/dc_bias[0]_i_28/O
                         net (fo=5, routed)           0.763    24.412    datapath/video_inst/Inst_vga/dc_bias[0]_i_28_n_0
    SLICE_X129Y103       LUT4 (Prop_lut4_I3_O)        0.150    24.562 f  datapath/video_inst/Inst_vga/encoded[7]_i_9__1/O
                         net (fo=1, routed)           0.794    25.356    datapath/video_inst/Inst_vga/Inst_scopeFace/doodlehundreds/encoded[5]_i_6__0_0
    SLICE_X130Y103       LUT4 (Prop_lut4_I1_O)        0.354    25.710 r  datapath/video_inst/Inst_vga/Inst_scopeFace/doodlehundreds/encoded[7]_i_8__0/O
                         net (fo=2, routed)           0.583    26.293    datapath/video_inst/Inst_vga/Inst_scopeFace/doodlehundreds/encoded[7]_i_8__0_n_0
    SLICE_X127Y104       LUT6 (Prop_lut6_I3_O)        0.326    26.619 r  datapath/video_inst/Inst_vga/Inst_scopeFace/doodlehundreds/encoded[5]_i_6__0/O
                         net (fo=20, routed)          0.801    27.420    datapath/video_inst/Inst_vga/Inst_scopeFace/doodlethousands/blue[1]
    SLICE_X126Y107       LUT3 (Prop_lut3_I2_O)        0.150    27.570 r  datapath/video_inst/Inst_vga/Inst_scopeFace/doodlethousands/dc_bias[0]_i_13__1/O
                         net (fo=4, routed)           0.468    28.038    datapath/video_inst/Inst_vga/Inst_scopeFace/doodlehundreds/encoded_reg[0]_4
    SLICE_X126Y107       LUT5 (Prop_lut5_I3_O)        0.326    28.364 r  datapath/video_inst/Inst_vga/Inst_scopeFace/doodlehundreds/dc_bias[0]_i_3__1/O
                         net (fo=44, routed)          0.734    29.097    datapath/video_inst/Inst_vga/Inst_scopeFace/doodleDigits/encoded_reg[6]
    SLICE_X126Y108       LUT3 (Prop_lut3_I2_O)        0.124    29.221 r  datapath/video_inst/Inst_vga/Inst_scopeFace/doodleDigits/dc_bias[1]_i_7/O
                         net (fo=7, routed)           1.045    30.267    datapath/video_inst/Inst_vga/Inst_scopeFace/doodleDigits/R2_in
    SLICE_X124Y109       LUT6 (Prop_lut6_I1_O)        0.124    30.391 r  datapath/video_inst/Inst_vga/Inst_scopeFace/doodleDigits/dc_bias[3]_i_24__1/O
                         net (fo=2, routed)           0.681    31.072    datapath/video_inst/Inst_vga/Inst_scopeFace/doodleDigits/dc_bias[3]_i_24__1_n_0
    SLICE_X124Y109       LUT6 (Prop_lut6_I0_O)        0.124    31.196 r  datapath/video_inst/Inst_vga/Inst_scopeFace/doodleDigits/dc_bias[3]_i_15__0/O
                         net (fo=1, routed)           0.290    31.486    datapath/video_inst/inst_dvid/TDMS_encoder_blue/eqOp__4
    SLICE_X125Y108       LUT5 (Prop_lut5_I4_O)        0.124    31.610 r  datapath/video_inst/inst_dvid/TDMS_encoder_blue/dc_bias[3]_i_6__0/O
                         net (fo=13, routed)          0.545    32.155    datapath/video_inst/Inst_vga/Inst_scopeFace/doodlehundreds/encoded12_out_3
    SLICE_X128Y107       LUT6 (Prop_lut6_I2_O)        0.124    32.279 r  datapath/video_inst/Inst_vga/Inst_scopeFace/doodlehundreds/encoded[2]_i_1/O
                         net (fo=1, routed)           0.000    32.279    datapath/video_inst/inst_dvid/TDMS_encoder_blue/encoded_reg[7]_0[2]
    SLICE_X128Y107       FDRE                                         r  datapath/video_inst/inst_dvid/TDMS_encoder_blue/encoded_reg[2]/D
  -------------------------------------------------------------------    -------------------

                         (clock clk_out1_clk_wiz_0 rise edge)
                                                      0.000     0.000 r  
    BUFGCTRL_X0Y2        BUFG                         0.000     0.000 r  clk_IBUF_BUFG_inst/O
                         net (fo=518, routed)         1.643     1.643    datapath/video_inst/mmcm_adv_inst_display_clocks/inst/clk_in1
    MMCME2_ADV_X0Y2      MMCME2_ADV (Prop_mmcme2_adv_CLKIN1_CLKOUT0)
                                                     -3.494    -1.851 r  datapath/video_inst/mmcm_adv_inst_display_clocks/inst/mmcm_adv_inst/CLKOUT0
                         net (fo=1, routed)           1.760    -0.091    datapath/video_inst/mmcm_adv_inst_display_clocks/inst/clk_out1_clk_wiz_0
    BUFGCTRL_X0Y3        BUFG (Prop_bufg_I_O)         0.091     0.000 r  datapath/video_inst/mmcm_adv_inst_display_clocks/inst/clkout1_buf/O
                         net (fo=132, routed)         1.569     1.569    datapath/video_inst/inst_dvid/TDMS_encoder_blue/clk_out1
    SLICE_X128Y107       FDRE                                         r  datapath/video_inst/inst_dvid/TDMS_encoder_blue/encoded_reg[2]/C

Slack:                    inf
  Source:                 datapath/sprite_status_array_reg[2][row][3]/C
                            (rising edge-triggered cell FDRE)
  Destination:            datapath/video_inst/inst_dvid/TDMS_encoder_blue/encoded_reg[1]/D
                            (rising edge-triggered cell FDRE clocked by clk_out1_clk_wiz_0  {rise@0.000ns fall@20.000ns period=40.000ns})
  Path Group:             (none)
  Path Type:              Setup (Max at Slow Process Corner)
  Data Path Delay:        32.277ns  (logic 7.764ns (24.054%)  route 24.513ns (75.946%))
  Logic Levels:           38  (CARRY4=4 FDRE=1 LUT2=2 LUT3=4 LUT4=4 LUT5=5 LUT6=18)
  Clock Uncertainty:      0.190ns  ((TSJ^2 + DJ^2)^1/2) / 2 + PE
    Total System Jitter     (TSJ):    0.050ns
    Discrete Jitter          (DJ):    0.175ns
    Phase Error              (PE):    0.099ns

    Location             Delay type                Incr(ns)  Path(ns)    Netlist Resource(s)
  -------------------------------------------------------------------    -------------------
    SLICE_X113Y103       FDRE                         0.000     0.000 r  datapath/sprite_status_array_reg[2][row][3]/C
    SLICE_X113Y103       FDRE (Prop_fdre_C_Q)         0.456     0.456 r  datapath/sprite_status_array_reg[2][row][3]/Q
                         net (fo=9, routed)           1.272     1.728    datapath/video_inst/Inst_vga/g0_b2_i_49_0[2]
    SLICE_X115Y99        LUT2 (Prop_lut2_I1_O)        0.124     1.852 r  datapath/video_inst/Inst_vga/g0_b0_i_3__2/O
                         net (fo=1, routed)           0.000     1.852    datapath/video_inst/Inst_vga/g0_b0_i_3__2_n_0
    SLICE_X115Y99        CARRY4 (Prop_carry4_S[3]_CO[3])
                                                      0.401     2.253 r  datapath/video_inst/Inst_vga/g0_b0_i_1__1/CO[3]
                         net (fo=1, routed)           0.001     2.254    datapath/video_inst/Inst_vga/g0_b0_i_1__1_n_0
    SLICE_X115Y100       CARRY4 (Prop_carry4_CI_O[0])
                                                      0.222     2.476 r  datapath/video_inst/Inst_vga/g0_b0_i_2__1/O[0]
                         net (fo=181, routed)         1.624     4.100    datapath/video_inst/Inst_vga/pix_classifer/jetpackAndDoodle[0][0]11_out[4]
    SLICE_X103Y88        LUT6 (Prop_lut6_I4_O)        0.299     4.399 f  datapath/video_inst/Inst_vga/g0_b5__19/O
                         net (fo=1, routed)           0.433     4.832    datapath/video_inst/Inst_vga/g0_b5__19_n_0
    SLICE_X103Y88        LUT3 (Prop_lut3_I1_O)        0.124     4.956 r  datapath/video_inst/Inst_vga/g0_b0_i_941/O
                         net (fo=1, routed)           0.620     5.577    datapath/video_inst/Inst_vga/g0_b0_i_941_n_0
    SLICE_X103Y89        LUT6 (Prop_lut6_I3_O)        0.124     5.701 r  datapath/video_inst/Inst_vga/g0_b0_i_671/O
                         net (fo=1, routed)           0.775     6.475    datapath/video_inst/Inst_vga/g0_b0_i_671_n_0
    SLICE_X106Y89        LUT5 (Prop_lut5_I1_O)        0.124     6.599 f  datapath/video_inst/Inst_vga/g0_b0_i_402/O
                         net (fo=1, routed)           0.808     7.407    datapath/video_inst/Inst_vga/g0_b0_i_402_n_0
    SLICE_X107Y90        LUT6 (Prop_lut6_I2_O)        0.124     7.531 f  datapath/video_inst/Inst_vga/g0_b0_i_197/O
                         net (fo=1, routed)           0.933     8.464    datapath/video_inst/Inst_vga/g0_b0_i_197_n_0
    SLICE_X108Y95        LUT6 (Prop_lut6_I5_O)        0.124     8.588 r  datapath/video_inst/Inst_vga/g0_b0_i_72/O
                         net (fo=5, routed)           0.445     9.033    datapath/video_inst/Inst_vga/g0_b0_i_72_n_0
    SLICE_X111Y94        LUT6 (Prop_lut6_I0_O)        0.124     9.157 f  datapath/video_inst/Inst_vga/g0_b2_i_19/O
                         net (fo=1, routed)           0.749     9.905    datapath/video_inst/Inst_vga/g0_b2_i_19_n_0
    SLICE_X111Y99        LUT6 (Prop_lut6_I2_O)        0.124    10.029 f  datapath/video_inst/Inst_vga/g0_b2_i_9/O
                         net (fo=11, routed)          0.844    10.874    datapath/video_inst/Inst_vga/g0_b2_i_9_n_0
    SLICE_X113Y104       LUT6 (Prop_lut6_I0_O)        0.124    10.998 r  datapath/video_inst/Inst_vga/g0_b2_i_5/O
                         net (fo=16, routed)          0.644    11.642    datapath/video_inst/Inst_vga/pixel_type[row][1]
    SLICE_X116Y100       LUT2 (Prop_lut2_I1_O)        0.124    11.766 r  datapath/video_inst/Inst_vga/g0_b0_i_5__2/O
                         net (fo=1, routed)           0.000    11.766    datapath/video_inst/Inst_vga/g0_b0_i_5__2_n_0
    SLICE_X116Y100       CARRY4 (Prop_carry4_S[1]_CO[3])
                                                      0.533    12.299 r  datapath/video_inst/Inst_vga/g0_b0_i_1/CO[3]
                         net (fo=1, routed)           0.000    12.299    datapath/video_inst/Inst_vga/g0_b0_i_1_n_0
    SLICE_X116Y101       CARRY4 (Prop_carry4_CI_O[1])
                                                      0.323    12.622 r  datapath/video_inst/Inst_vga/g0_b0_i_2/O[1]
                         net (fo=312, routed)         1.967    14.589    datapath/video_inst/Inst_vga/doodle_right[0][1]10_out[5]
    SLICE_X126Y80        LUT4 (Prop_lut4_I0_O)        0.334    14.923 f  datapath/video_inst/Inst_vga/dc_bias[0]_i_347/O
                         net (fo=2, routed)           0.621    15.544    datapath/video_inst/Inst_vga/dc_bias[0]_i_347_n_0
    SLICE_X125Y81        LUT6 (Prop_lut6_I1_O)        0.326    15.870 f  datapath/video_inst/Inst_vga/dc_bias[0]_i_421/O
                         net (fo=1, routed)           0.263    16.133    datapath/video_inst/Inst_vga/dc_bias[0]_i_421_n_0
    SLICE_X125Y81        LUT6 (Prop_lut6_I5_O)        0.124    16.257 r  datapath/video_inst/Inst_vga/dc_bias[0]_i_335/O
                         net (fo=1, routed)           0.151    16.409    datapath/video_inst/Inst_vga/dc_bias[0]_i_335_n_0
    SLICE_X125Y81        LUT6 (Prop_lut6_I3_O)        0.124    16.533 r  datapath/video_inst/Inst_vga/dc_bias[0]_i_220__0/O
                         net (fo=1, routed)           0.431    16.964    datapath/video_inst/Inst_vga/dc_bias[0]_i_220__0_n_0
    SLICE_X125Y82        LUT6 (Prop_lut6_I0_O)        0.124    17.088 f  datapath/video_inst/Inst_vga/dc_bias[0]_i_151/O
                         net (fo=1, routed)           0.433    17.521    datapath/video_inst/Inst_vga/dc_bias[0]_i_151_n_0
    SLICE_X125Y84        LUT6 (Prop_lut6_I1_O)        0.124    17.645 f  datapath/video_inst/Inst_vga/dc_bias[0]_i_103/O
                         net (fo=7, routed)           0.760    18.406    datapath/video_inst/Inst_vga/dc_bias[0]_i_103_n_0
    SLICE_X125Y87        LUT4 (Prop_lut4_I3_O)        0.150    18.556 f  datapath/video_inst/Inst_vga/dc_bias[0]_i_115__0/O
                         net (fo=1, routed)           0.690    19.245    datapath/video_inst/Inst_vga/dc_bias[0]_i_115__0_n_0
    SLICE_X125Y89        LUT6 (Prop_lut6_I0_O)        0.326    19.571 r  datapath/video_inst/Inst_vga/dc_bias[0]_i_65/O
                         net (fo=7, routed)           1.304    20.875    datapath/video_inst/Inst_vga/dc_bias[0]_i_65_n_0
    SLICE_X127Y100       LUT5 (Prop_lut5_I4_O)        0.152    21.027 r  datapath/video_inst/Inst_vga/dc_bias[0]_i_70__0/O
                         net (fo=10, routed)          0.569    21.596    datapath/video_inst/Inst_vga/dc_bias[0]_i_70__0_n_0
    SLICE_X126Y100       LUT6 (Prop_lut6_I5_O)        0.332    21.928 f  datapath/video_inst/Inst_vga/dc_bias[0]_i_23__0/O
                         net (fo=8, routed)           1.009    22.938    datapath/video_inst/Inst_vga/dc_bias[0]_i_23__0_n_0
    SLICE_X129Y102       LUT3 (Prop_lut3_I1_O)        0.124    23.062 f  datapath/video_inst/Inst_vga/encoded[1]_i_10__0/O
                         net (fo=4, routed)           0.463    23.525    datapath/video_inst/Inst_vga/encoded[1]_i_10__0_n_0
    SLICE_X126Y101       LUT5 (Prop_lut5_I4_O)        0.124    23.649 r  datapath/video_inst/Inst_vga/dc_bias[0]_i_28/O
                         net (fo=5, routed)           0.763    24.412    datapath/video_inst/Inst_vga/dc_bias[0]_i_28_n_0
    SLICE_X129Y103       LUT4 (Prop_lut4_I3_O)        0.150    24.562 f  datapath/video_inst/Inst_vga/encoded[7]_i_9__1/O
                         net (fo=1, routed)           0.794    25.356    datapath/video_inst/Inst_vga/Inst_scopeFace/doodlehundreds/encoded[5]_i_6__0_0
    SLICE_X130Y103       LUT4 (Prop_lut4_I1_O)        0.354    25.710 r  datapath/video_inst/Inst_vga/Inst_scopeFace/doodlehundreds/encoded[7]_i_8__0/O
                         net (fo=2, routed)           0.583    26.293    datapath/video_inst/Inst_vga/Inst_scopeFace/doodlehundreds/encoded[7]_i_8__0_n_0
    SLICE_X127Y104       LUT6 (Prop_lut6_I3_O)        0.326    26.619 r  datapath/video_inst/Inst_vga/Inst_scopeFace/doodlehundreds/encoded[5]_i_6__0/O
                         net (fo=20, routed)          0.801    27.420    datapath/video_inst/Inst_vga/Inst_scopeFace/doodlethousands/blue[1]
    SLICE_X126Y107       LUT3 (Prop_lut3_I2_O)        0.150    27.570 r  datapath/video_inst/Inst_vga/Inst_scopeFace/doodlethousands/dc_bias[0]_i_13__1/O
                         net (fo=4, routed)           0.468    28.038    datapath/video_inst/Inst_vga/Inst_scopeFace/doodlehundreds/encoded_reg[0]_4
    SLICE_X126Y107       LUT5 (Prop_lut5_I3_O)        0.326    28.364 r  datapath/video_inst/Inst_vga/Inst_scopeFace/doodlehundreds/dc_bias[0]_i_3__1/O
                         net (fo=44, routed)          0.734    29.097    datapath/video_inst/Inst_vga/Inst_scopeFace/doodleDigits/encoded_reg[6]
    SLICE_X126Y108       LUT3 (Prop_lut3_I2_O)        0.124    29.221 r  datapath/video_inst/Inst_vga/Inst_scopeFace/doodleDigits/dc_bias[1]_i_7/O
                         net (fo=7, routed)           1.045    30.267    datapath/video_inst/Inst_vga/Inst_scopeFace/doodleDigits/R2_in
    SLICE_X124Y109       LUT6 (Prop_lut6_I1_O)        0.124    30.391 r  datapath/video_inst/Inst_vga/Inst_scopeFace/doodleDigits/dc_bias[3]_i_24__1/O
                         net (fo=2, routed)           0.681    31.072    datapath/video_inst/Inst_vga/Inst_scopeFace/doodleDigits/dc_bias[3]_i_24__1_n_0
    SLICE_X124Y109       LUT6 (Prop_lut6_I0_O)        0.124    31.196 r  datapath/video_inst/Inst_vga/Inst_scopeFace/doodleDigits/dc_bias[3]_i_15__0/O
                         net (fo=1, routed)           0.290    31.486    datapath/video_inst/inst_dvid/TDMS_encoder_blue/eqOp__4
    SLICE_X125Y108       LUT5 (Prop_lut5_I4_O)        0.124    31.610 r  datapath/video_inst/inst_dvid/TDMS_encoder_blue/dc_bias[3]_i_6__0/O
                         net (fo=13, routed)          0.543    32.153    datapath/video_inst/Inst_vga/Inst_scopeFace/doodlehundreds/encoded12_out_3
    SLICE_X128Y106       LUT6 (Prop_lut6_I2_O)        0.124    32.277 r  datapath/video_inst/Inst_vga/Inst_scopeFace/doodlehundreds/encoded[1]_i_1/O
                         net (fo=1, routed)           0.000    32.277    datapath/video_inst/inst_dvid/TDMS_encoder_blue/encoded_reg[7]_0[1]
    SLICE_X128Y106       FDRE                                         r  datapath/video_inst/inst_dvid/TDMS_encoder_blue/encoded_reg[1]/D
  -------------------------------------------------------------------    -------------------

                         (clock clk_out1_clk_wiz_0 rise edge)
                                                      0.000     0.000 r  
    BUFGCTRL_X0Y2        BUFG                         0.000     0.000 r  clk_IBUF_BUFG_inst/O
                         net (fo=518, routed)         1.643     1.643    datapath/video_inst/mmcm_adv_inst_display_clocks/inst/clk_in1
    MMCME2_ADV_X0Y2      MMCME2_ADV (Prop_mmcme2_adv_CLKIN1_CLKOUT0)
                                                     -3.494    -1.851 r  datapath/video_inst/mmcm_adv_inst_display_clocks/inst/mmcm_adv_inst/CLKOUT0
                         net (fo=1, routed)           1.760    -0.091    datapath/video_inst/mmcm_adv_inst_display_clocks/inst/clk_out1_clk_wiz_0
    BUFGCTRL_X0Y3        BUFG (Prop_bufg_I_O)         0.091     0.000 r  datapath/video_inst/mmcm_adv_inst_display_clocks/inst/clkout1_buf/O
                         net (fo=132, routed)         1.570     1.570    datapath/video_inst/inst_dvid/TDMS_encoder_blue/clk_out1
    SLICE_X128Y106       FDRE                                         r  datapath/video_inst/inst_dvid/TDMS_encoder_blue/encoded_reg[1]/C

Slack:                    inf
  Source:                 datapath/sprite_status_array_reg[2][row][3]/C
                            (rising edge-triggered cell FDRE)
  Destination:            datapath/video_inst/inst_dvid/TDMS_encoder_blue/encoded_reg[4]/D
                            (rising edge-triggered cell FDRE clocked by clk_out1_clk_wiz_0  {rise@0.000ns fall@20.000ns period=40.000ns})
  Path Group:             (none)
  Path Type:              Setup (Max at Slow Process Corner)
  Data Path Delay:        32.276ns  (logic 7.764ns (24.055%)  route 24.512ns (75.945%))
  Logic Levels:           38  (CARRY4=4 FDRE=1 LUT2=2 LUT3=4 LUT4=4 LUT5=5 LUT6=18)
  Clock Uncertainty:      0.190ns  ((TSJ^2 + DJ^2)^1/2) / 2 + PE
    Total System Jitter     (TSJ):    0.050ns
    Discrete Jitter          (DJ):    0.175ns
    Phase Error              (PE):    0.099ns

    Location             Delay type                Incr(ns)  Path(ns)    Netlist Resource(s)
  -------------------------------------------------------------------    -------------------
    SLICE_X113Y103       FDRE                         0.000     0.000 r  datapath/sprite_status_array_reg[2][row][3]/C
    SLICE_X113Y103       FDRE (Prop_fdre_C_Q)         0.456     0.456 r  datapath/sprite_status_array_reg[2][row][3]/Q
                         net (fo=9, routed)           1.272     1.728    datapath/video_inst/Inst_vga/g0_b2_i_49_0[2]
    SLICE_X115Y99        LUT2 (Prop_lut2_I1_O)        0.124     1.852 r  datapath/video_inst/Inst_vga/g0_b0_i_3__2/O
                         net (fo=1, routed)           0.000     1.852    datapath/video_inst/Inst_vga/g0_b0_i_3__2_n_0
    SLICE_X115Y99        CARRY4 (Prop_carry4_S[3]_CO[3])
                                                      0.401     2.253 r  datapath/video_inst/Inst_vga/g0_b0_i_1__1/CO[3]
                         net (fo=1, routed)           0.001     2.254    datapath/video_inst/Inst_vga/g0_b0_i_1__1_n_0
    SLICE_X115Y100       CARRY4 (Prop_carry4_CI_O[0])
                                                      0.222     2.476 r  datapath/video_inst/Inst_vga/g0_b0_i_2__1/O[0]
                         net (fo=181, routed)         1.624     4.100    datapath/video_inst/Inst_vga/pix_classifer/jetpackAndDoodle[0][0]11_out[4]
    SLICE_X103Y88        LUT6 (Prop_lut6_I4_O)        0.299     4.399 f  datapath/video_inst/Inst_vga/g0_b5__19/O
                         net (fo=1, routed)           0.433     4.832    datapath/video_inst/Inst_vga/g0_b5__19_n_0
    SLICE_X103Y88        LUT3 (Prop_lut3_I1_O)        0.124     4.956 r  datapath/video_inst/Inst_vga/g0_b0_i_941/O
                         net (fo=1, routed)           0.620     5.577    datapath/video_inst/Inst_vga/g0_b0_i_941_n_0
    SLICE_X103Y89        LUT6 (Prop_lut6_I3_O)        0.124     5.701 r  datapath/video_inst/Inst_vga/g0_b0_i_671/O
                         net (fo=1, routed)           0.775     6.475    datapath/video_inst/Inst_vga/g0_b0_i_671_n_0
    SLICE_X106Y89        LUT5 (Prop_lut5_I1_O)        0.124     6.599 f  datapath/video_inst/Inst_vga/g0_b0_i_402/O
                         net (fo=1, routed)           0.808     7.407    datapath/video_inst/Inst_vga/g0_b0_i_402_n_0
    SLICE_X107Y90        LUT6 (Prop_lut6_I2_O)        0.124     7.531 f  datapath/video_inst/Inst_vga/g0_b0_i_197/O
                         net (fo=1, routed)           0.933     8.464    datapath/video_inst/Inst_vga/g0_b0_i_197_n_0
    SLICE_X108Y95        LUT6 (Prop_lut6_I5_O)        0.124     8.588 r  datapath/video_inst/Inst_vga/g0_b0_i_72/O
                         net (fo=5, routed)           0.445     9.033    datapath/video_inst/Inst_vga/g0_b0_i_72_n_0
    SLICE_X111Y94        LUT6 (Prop_lut6_I0_O)        0.124     9.157 f  datapath/video_inst/Inst_vga/g0_b2_i_19/O
                         net (fo=1, routed)           0.749     9.905    datapath/video_inst/Inst_vga/g0_b2_i_19_n_0
    SLICE_X111Y99        LUT6 (Prop_lut6_I2_O)        0.124    10.029 f  datapath/video_inst/Inst_vga/g0_b2_i_9/O
                         net (fo=11, routed)          0.844    10.874    datapath/video_inst/Inst_vga/g0_b2_i_9_n_0
    SLICE_X113Y104       LUT6 (Prop_lut6_I0_O)        0.124    10.998 r  datapath/video_inst/Inst_vga/g0_b2_i_5/O
                         net (fo=16, routed)          0.644    11.642    datapath/video_inst/Inst_vga/pixel_type[row][1]
    SLICE_X116Y100       LUT2 (Prop_lut2_I1_O)        0.124    11.766 r  datapath/video_inst/Inst_vga/g0_b0_i_5__2/O
                         net (fo=1, routed)           0.000    11.766    datapath/video_inst/Inst_vga/g0_b0_i_5__2_n_0
    SLICE_X116Y100       CARRY4 (Prop_carry4_S[1]_CO[3])
                                                      0.533    12.299 r  datapath/video_inst/Inst_vga/g0_b0_i_1/CO[3]
                         net (fo=1, routed)           0.000    12.299    datapath/video_inst/Inst_vga/g0_b0_i_1_n_0
    SLICE_X116Y101       CARRY4 (Prop_carry4_CI_O[1])
                                                      0.323    12.622 r  datapath/video_inst/Inst_vga/g0_b0_i_2/O[1]
                         net (fo=312, routed)         1.967    14.589    datapath/video_inst/Inst_vga/doodle_right[0][1]10_out[5]
    SLICE_X126Y80        LUT4 (Prop_lut4_I0_O)        0.334    14.923 f  datapath/video_inst/Inst_vga/dc_bias[0]_i_347/O
                         net (fo=2, routed)           0.621    15.544    datapath/video_inst/Inst_vga/dc_bias[0]_i_347_n_0
    SLICE_X125Y81        LUT6 (Prop_lut6_I1_O)        0.326    15.870 f  datapath/video_inst/Inst_vga/dc_bias[0]_i_421/O
                         net (fo=1, routed)           0.263    16.133    datapath/video_inst/Inst_vga/dc_bias[0]_i_421_n_0
    SLICE_X125Y81        LUT6 (Prop_lut6_I5_O)        0.124    16.257 r  datapath/video_inst/Inst_vga/dc_bias[0]_i_335/O
                         net (fo=1, routed)           0.151    16.409    datapath/video_inst/Inst_vga/dc_bias[0]_i_335_n_0
    SLICE_X125Y81        LUT6 (Prop_lut6_I3_O)        0.124    16.533 r  datapath/video_inst/Inst_vga/dc_bias[0]_i_220__0/O
                         net (fo=1, routed)           0.431    16.964    datapath/video_inst/Inst_vga/dc_bias[0]_i_220__0_n_0
    SLICE_X125Y82        LUT6 (Prop_lut6_I0_O)        0.124    17.088 f  datapath/video_inst/Inst_vga/dc_bias[0]_i_151/O
                         net (fo=1, routed)           0.433    17.521    datapath/video_inst/Inst_vga/dc_bias[0]_i_151_n_0
    SLICE_X125Y84        LUT6 (Prop_lut6_I1_O)        0.124    17.645 f  datapath/video_inst/Inst_vga/dc_bias[0]_i_103/O
                         net (fo=7, routed)           0.760    18.406    datapath/video_inst/Inst_vga/dc_bias[0]_i_103_n_0
    SLICE_X125Y87        LUT4 (Prop_lut4_I3_O)        0.150    18.556 f  datapath/video_inst/Inst_vga/dc_bias[0]_i_115__0/O
                         net (fo=1, routed)           0.690    19.245    datapath/video_inst/Inst_vga/dc_bias[0]_i_115__0_n_0
    SLICE_X125Y89        LUT6 (Prop_lut6_I0_O)        0.326    19.571 r  datapath/video_inst/Inst_vga/dc_bias[0]_i_65/O
                         net (fo=7, routed)           1.304    20.875    datapath/video_inst/Inst_vga/dc_bias[0]_i_65_n_0
    SLICE_X127Y100       LUT5 (Prop_lut5_I4_O)        0.152    21.027 r  datapath/video_inst/Inst_vga/dc_bias[0]_i_70__0/O
                         net (fo=10, routed)          0.569    21.596    datapath/video_inst/Inst_vga/dc_bias[0]_i_70__0_n_0
    SLICE_X126Y100       LUT6 (Prop_lut6_I5_O)        0.332    21.928 f  datapath/video_inst/Inst_vga/dc_bias[0]_i_23__0/O
                         net (fo=8, routed)           1.009    22.938    datapath/video_inst/Inst_vga/dc_bias[0]_i_23__0_n_0
    SLICE_X129Y102       LUT3 (Prop_lut3_I1_O)        0.124    23.062 f  datapath/video_inst/Inst_vga/encoded[1]_i_10__0/O
                         net (fo=4, routed)           0.463    23.525    datapath/video_inst/Inst_vga/encoded[1]_i_10__0_n_0
    SLICE_X126Y101       LUT5 (Prop_lut5_I4_O)        0.124    23.649 r  datapath/video_inst/Inst_vga/dc_bias[0]_i_28/O
                         net (fo=5, routed)           0.763    24.412    datapath/video_inst/Inst_vga/dc_bias[0]_i_28_n_0
    SLICE_X129Y103       LUT4 (Prop_lut4_I3_O)        0.150    24.562 f  datapath/video_inst/Inst_vga/encoded[7]_i_9__1/O
                         net (fo=1, routed)           0.794    25.356    datapath/video_inst/Inst_vga/Inst_scopeFace/doodlehundreds/encoded[5]_i_6__0_0
    SLICE_X130Y103       LUT4 (Prop_lut4_I1_O)        0.354    25.710 r  datapath/video_inst/Inst_vga/Inst_scopeFace/doodlehundreds/encoded[7]_i_8__0/O
                         net (fo=2, routed)           0.583    26.293    datapath/video_inst/Inst_vga/Inst_scopeFace/doodlehundreds/encoded[7]_i_8__0_n_0
    SLICE_X127Y104       LUT6 (Prop_lut6_I3_O)        0.326    26.619 r  datapath/video_inst/Inst_vga/Inst_scopeFace/doodlehundreds/encoded[5]_i_6__0/O
                         net (fo=20, routed)          0.801    27.420    datapath/video_inst/Inst_vga/Inst_scopeFace/doodlethousands/blue[1]
    SLICE_X126Y107       LUT3 (Prop_lut3_I2_O)        0.150    27.570 r  datapath/video_inst/Inst_vga/Inst_scopeFace/doodlethousands/dc_bias[0]_i_13__1/O
                         net (fo=4, routed)           0.468    28.038    datapath/video_inst/Inst_vga/Inst_scopeFace/doodlehundreds/encoded_reg[0]_4
    SLICE_X126Y107       LUT5 (Prop_lut5_I3_O)        0.326    28.364 r  datapath/video_inst/Inst_vga/Inst_scopeFace/doodlehundreds/dc_bias[0]_i_3__1/O
                         net (fo=44, routed)          0.734    29.097    datapath/video_inst/Inst_vga/Inst_scopeFace/doodleDigits/encoded_reg[6]
    SLICE_X126Y108       LUT3 (Prop_lut3_I2_O)        0.124    29.221 r  datapath/video_inst/Inst_vga/Inst_scopeFace/doodleDigits/dc_bias[1]_i_7/O
                         net (fo=7, routed)           1.045    30.267    datapath/video_inst/Inst_vga/Inst_scopeFace/doodleDigits/R2_in
    SLICE_X124Y109       LUT6 (Prop_lut6_I1_O)        0.124    30.391 r  datapath/video_inst/Inst_vga/Inst_scopeFace/doodleDigits/dc_bias[3]_i_24__1/O
                         net (fo=2, routed)           0.681    31.072    datapath/video_inst/Inst_vga/Inst_scopeFace/doodleDigits/dc_bias[3]_i_24__1_n_0
    SLICE_X124Y109       LUT6 (Prop_lut6_I0_O)        0.124    31.196 r  datapath/video_inst/Inst_vga/Inst_scopeFace/doodleDigits/dc_bias[3]_i_15__0/O
                         net (fo=1, routed)           0.290    31.486    datapath/video_inst/inst_dvid/TDMS_encoder_blue/eqOp__4
    SLICE_X125Y108       LUT5 (Prop_lut5_I4_O)        0.124    31.610 r  datapath/video_inst/inst_dvid/TDMS_encoder_blue/dc_bias[3]_i_6__0/O
                         net (fo=13, routed)          0.542    32.152    datapath/video_inst/Inst_vga/Inst_scopeFace/doodlehundreds/encoded12_out_3
    SLICE_X128Y107       LUT6 (Prop_lut6_I4_O)        0.124    32.276 r  datapath/video_inst/Inst_vga/Inst_scopeFace/doodlehundreds/encoded[4]_i_1/O
                         net (fo=1, routed)           0.000    32.276    datapath/video_inst/inst_dvid/TDMS_encoder_blue/encoded_reg[7]_0[4]
    SLICE_X128Y107       FDRE                                         r  datapath/video_inst/inst_dvid/TDMS_encoder_blue/encoded_reg[4]/D
  -------------------------------------------------------------------    -------------------

                         (clock clk_out1_clk_wiz_0 rise edge)
                                                      0.000     0.000 r  
    BUFGCTRL_X0Y2        BUFG                         0.000     0.000 r  clk_IBUF_BUFG_inst/O
                         net (fo=518, routed)         1.643     1.643    datapath/video_inst/mmcm_adv_inst_display_clocks/inst/clk_in1
    MMCME2_ADV_X0Y2      MMCME2_ADV (Prop_mmcme2_adv_CLKIN1_CLKOUT0)
                                                     -3.494    -1.851 r  datapath/video_inst/mmcm_adv_inst_display_clocks/inst/mmcm_adv_inst/CLKOUT0
                         net (fo=1, routed)           1.760    -0.091    datapath/video_inst/mmcm_adv_inst_display_clocks/inst/clk_out1_clk_wiz_0
    BUFGCTRL_X0Y3        BUFG (Prop_bufg_I_O)         0.091     0.000 r  datapath/video_inst/mmcm_adv_inst_display_clocks/inst/clkout1_buf/O
                         net (fo=132, routed)         1.569     1.569    datapath/video_inst/inst_dvid/TDMS_encoder_blue/clk_out1
    SLICE_X128Y107       FDRE                                         r  datapath/video_inst/inst_dvid/TDMS_encoder_blue/encoded_reg[4]/C





Min Delay Paths
--------------------------------------------------------------------------------------
Slack:                    inf
  Source:                 control/score_sig_reg[0]/C
                            (rising edge-triggered cell FDRE)
  Destination:            datapath/video_inst/Inst_vga/Inst_scopeFace/doodleDigits/pixel_reg[0]/D
                            (rising edge-triggered cell FDRE clocked by clk_out1_clk_wiz_0  {rise@0.000ns fall@20.000ns period=40.000ns})
  Path Group:             (none)
  Path Type:              Hold (Min at Fast Process Corner)
  Data Path Delay:        0.653ns  (logic 0.231ns (35.360%)  route 0.422ns (64.640%))
  Logic Levels:           3  (FDRE=1 LUT5=1 LUT6=1)
  Clock Uncertainty:      0.190ns  ((TSJ^2 + DJ^2)^1/2) / 2 + PE
    Total System Jitter     (TSJ):    0.050ns
    Discrete Jitter          (DJ):    0.175ns
    Phase Error              (PE):    0.099ns

    Location             Delay type                Incr(ns)  Path(ns)    Netlist Resource(s)
  -------------------------------------------------------------------    -------------------
    SLICE_X126Y93        FDRE                         0.000     0.000 r  control/score_sig_reg[0]/C
    SLICE_X126Y93        FDRE (Prop_fdre_C_Q)         0.141     0.141 r  control/score_sig_reg[0]/Q
                         net (fo=36, routed)          0.222     0.363    datapath/video_inst/Inst_vga/Inst_scopeFace/doodleDigits/score[0]
    SLICE_X131Y95        LUT6 (Prop_lut6_I4_O)        0.045     0.408 r  datapath/video_inst/Inst_vga/Inst_scopeFace/doodleDigits/pixel[0]_i_3/O
                         net (fo=1, routed)           0.200     0.608    control/pixel_reg[0]
    SLICE_X132Y97        LUT5 (Prop_lut5_I2_O)        0.045     0.653 r  control/pixel[0]_i_1/O
                         net (fo=1, routed)           0.000     0.653    datapath/video_inst/Inst_vga/Inst_scopeFace/doodleDigits/pixel_reg[3]_10[0]
    SLICE_X132Y97        FDRE                                         r  datapath/video_inst/Inst_vga/Inst_scopeFace/doodleDigits/pixel_reg[0]/D
  -------------------------------------------------------------------    -------------------

                         (clock clk_out1_clk_wiz_0 rise edge)
                                                      0.000     0.000 r  
    BUFGCTRL_X0Y2        BUFG                         0.000     0.000 r  clk_IBUF_BUFG_inst/O
                         net (fo=518, routed)         0.879     0.879    datapath/video_inst/mmcm_adv_inst_display_clocks/inst/clk_in1
    MMCME2_ADV_X0Y2      MMCME2_ADV (Prop_mmcme2_adv_CLKIN1_CLKOUT0)
                                                     -1.502    -0.624 r  datapath/video_inst/mmcm_adv_inst_display_clocks/inst/mmcm_adv_inst/CLKOUT0
                         net (fo=1, routed)           0.595    -0.029    datapath/video_inst/mmcm_adv_inst_display_clocks/inst/clk_out1_clk_wiz_0
    BUFGCTRL_X0Y3        BUFG (Prop_bufg_I_O)         0.029    -0.000 r  datapath/video_inst/mmcm_adv_inst_display_clocks/inst/clkout1_buf/O
                         net (fo=132, routed)         0.937     0.937    datapath/video_inst/Inst_vga/Inst_scopeFace/doodleDigits/clk_out1
    SLICE_X132Y97        FDRE                                         r  datapath/video_inst/Inst_vga/Inst_scopeFace/doodleDigits/pixel_reg[0]/C

Slack:                    inf
  Source:                 control/score_sig_reg[0]/C
                            (rising edge-triggered cell FDRE)
  Destination:            datapath/video_inst/Inst_vga/Inst_scopeFace/doodleDigits/pixel_reg[1]/D
                            (rising edge-triggered cell FDRE clocked by clk_out1_clk_wiz_0  {rise@0.000ns fall@20.000ns period=40.000ns})
  Path Group:             (none)
  Path Type:              Hold (Min at Fast Process Corner)
  Data Path Delay:        0.681ns  (logic 0.231ns (33.930%)  route 0.450ns (66.070%))
  Logic Levels:           3  (FDRE=1 LUT5=1 LUT6=1)
  Clock Uncertainty:      0.190ns  ((TSJ^2 + DJ^2)^1/2) / 2 + PE
    Total System Jitter     (TSJ):    0.050ns
    Discrete Jitter          (DJ):    0.175ns
    Phase Error              (PE):    0.099ns

    Location             Delay type                Incr(ns)  Path(ns)    Netlist Resource(s)
  -------------------------------------------------------------------    -------------------
    SLICE_X126Y93        FDRE                         0.000     0.000 r  control/score_sig_reg[0]/C
    SLICE_X126Y93        FDRE (Prop_fdre_C_Q)         0.141     0.141 r  control/score_sig_reg[0]/Q
                         net (fo=36, routed)          0.281     0.422    datapath/video_inst/Inst_vga/Inst_scopeFace/doodleDigits/score[0]
    SLICE_X134Y94        LUT6 (Prop_lut6_I4_O)        0.045     0.467 r  datapath/video_inst/Inst_vga/Inst_scopeFace/doodleDigits/pixel[1]_i_3/O
                         net (fo=1, routed)           0.169     0.636    control/pixel_reg[1]
    SLICE_X134Y94        LUT5 (Prop_lut5_I2_O)        0.045     0.681 r  control/pixel[1]_i_1/O
                         net (fo=1, routed)           0.000     0.681    datapath/video_inst/Inst_vga/Inst_scopeFace/doodleDigits/pixel_reg[3]_10[1]
    SLICE_X134Y94        FDRE                                         r  datapath/video_inst/Inst_vga/Inst_scopeFace/doodleDigits/pixel_reg[1]/D
  -------------------------------------------------------------------    -------------------

                         (clock clk_out1_clk_wiz_0 rise edge)
                                                      0.000     0.000 r  
    BUFGCTRL_X0Y2        BUFG                         0.000     0.000 r  clk_IBUF_BUFG_inst/O
                         net (fo=518, routed)         0.879     0.879    datapath/video_inst/mmcm_adv_inst_display_clocks/inst/clk_in1
    MMCME2_ADV_X0Y2      MMCME2_ADV (Prop_mmcme2_adv_CLKIN1_CLKOUT0)
                                                     -1.502    -0.624 r  datapath/video_inst/mmcm_adv_inst_display_clocks/inst/mmcm_adv_inst/CLKOUT0
                         net (fo=1, routed)           0.595    -0.029    datapath/video_inst/mmcm_adv_inst_display_clocks/inst/clk_out1_clk_wiz_0
    BUFGCTRL_X0Y3        BUFG (Prop_bufg_I_O)         0.029    -0.000 r  datapath/video_inst/mmcm_adv_inst_display_clocks/inst/clkout1_buf/O
                         net (fo=132, routed)         0.936     0.936    datapath/video_inst/Inst_vga/Inst_scopeFace/doodleDigits/clk_out1
    SLICE_X134Y94        FDRE                                         r  datapath/video_inst/Inst_vga/Inst_scopeFace/doodleDigits/pixel_reg[1]/C

Slack:                    inf
  Source:                 control/score_sig_reg[0]/C
                            (rising edge-triggered cell FDRE)
  Destination:            datapath/video_inst/Inst_vga/Inst_scopeFace/doodleDigits/pixel_reg[3]/D
                            (rising edge-triggered cell FDRE clocked by clk_out1_clk_wiz_0  {rise@0.000ns fall@20.000ns period=40.000ns})
  Path Group:             (none)
  Path Type:              Hold (Min at Fast Process Corner)
  Data Path Delay:        0.770ns  (logic 0.231ns (30.003%)  route 0.539ns (69.997%))
  Logic Levels:           3  (FDRE=1 LUT5=1 LUT6=1)
  Clock Uncertainty:      0.190ns  ((TSJ^2 + DJ^2)^1/2) / 2 + PE
    Total System Jitter     (TSJ):    0.050ns
    Discrete Jitter          (DJ):    0.175ns
    Phase Error              (PE):    0.099ns

    Location             Delay type                Incr(ns)  Path(ns)    Netlist Resource(s)
  -------------------------------------------------------------------    -------------------
    SLICE_X126Y93        FDRE                         0.000     0.000 r  control/score_sig_reg[0]/C
    SLICE_X126Y93        FDRE (Prop_fdre_C_Q)         0.141     0.141 r  control/score_sig_reg[0]/Q
                         net (fo=36, routed)          0.480     0.621    datapath/video_inst/Inst_vga/Inst_scopeFace/doodleDigits/score[0]
    SLICE_X130Y97        LUT6 (Prop_lut6_I4_O)        0.045     0.666 r  datapath/video_inst/Inst_vga/Inst_scopeFace/doodleDigits/pixel[3]_i_8/O
                         net (fo=1, routed)           0.059     0.725    control/pixel_reg[3]_0
    SLICE_X130Y97        LUT5 (Prop_lut5_I4_O)        0.045     0.770 r  control/pixel[3]_i_2/O
                         net (fo=1, routed)           0.000     0.770    datapath/video_inst/Inst_vga/Inst_scopeFace/doodleDigits/pixel_reg[3]_10[3]
    SLICE_X130Y97        FDRE                                         r  datapath/video_inst/Inst_vga/Inst_scopeFace/doodleDigits/pixel_reg[3]/D
  -------------------------------------------------------------------    -------------------

                         (clock clk_out1_clk_wiz_0 rise edge)
                                                      0.000     0.000 r  
    BUFGCTRL_X0Y2        BUFG                         0.000     0.000 r  clk_IBUF_BUFG_inst/O
                         net (fo=518, routed)         0.879     0.879    datapath/video_inst/mmcm_adv_inst_display_clocks/inst/clk_in1
    MMCME2_ADV_X0Y2      MMCME2_ADV (Prop_mmcme2_adv_CLKIN1_CLKOUT0)
                                                     -1.502    -0.624 r  datapath/video_inst/mmcm_adv_inst_display_clocks/inst/mmcm_adv_inst/CLKOUT0
                         net (fo=1, routed)           0.595    -0.029    datapath/video_inst/mmcm_adv_inst_display_clocks/inst/clk_out1_clk_wiz_0
    BUFGCTRL_X0Y3        BUFG (Prop_bufg_I_O)         0.029    -0.000 r  datapath/video_inst/mmcm_adv_inst_display_clocks/inst/clkout1_buf/O
                         net (fo=132, routed)         0.936     0.936    datapath/video_inst/Inst_vga/Inst_scopeFace/doodleDigits/clk_out1
    SLICE_X130Y97        FDRE                                         r  datapath/video_inst/Inst_vga/Inst_scopeFace/doodleDigits/pixel_reg[3]/C

Slack:                    inf
  Source:                 control/score_sig_reg[2]/C
                            (rising edge-triggered cell FDRE)
  Destination:            datapath/video_inst/Inst_vga/Inst_scopeFace/doodleDigits/pixel_reg[2]/D
                            (rising edge-triggered cell FDRE clocked by clk_out1_clk_wiz_0  {rise@0.000ns fall@20.000ns period=40.000ns})
  Path Group:             (none)
  Path Type:              Hold (Min at Fast Process Corner)
  Data Path Delay:        0.798ns  (logic 0.231ns (28.948%)  route 0.567ns (71.052%))
  Logic Levels:           3  (FDRE=1 LUT5=1 LUT6=1)
  Clock Uncertainty:      0.190ns  ((TSJ^2 + DJ^2)^1/2) / 2 + PE
    Total System Jitter     (TSJ):    0.050ns
    Discrete Jitter          (DJ):    0.175ns
    Phase Error              (PE):    0.099ns

    Location             Delay type                Incr(ns)  Path(ns)    Netlist Resource(s)
  -------------------------------------------------------------------    -------------------
    SLICE_X126Y93        FDRE                         0.000     0.000 r  control/score_sig_reg[2]/C
    SLICE_X126Y93        FDRE (Prop_fdre_C_Q)         0.141     0.141 r  control/score_sig_reg[2]/Q
                         net (fo=35, routed)          0.335     0.476    control/score_sig[2]
    SLICE_X131Y91        LUT6 (Prop_lut6_I1_O)        0.045     0.521 r  control/pixel[3]_i_5__3/O
                         net (fo=4, routed)           0.232     0.753    control/pixel[3]_i_5__3_n_0
    SLICE_X134Y97        LUT5 (Prop_lut5_I1_O)        0.045     0.798 r  control/pixel[2]_i_1/O
                         net (fo=1, routed)           0.000     0.798    datapath/video_inst/Inst_vga/Inst_scopeFace/doodleDigits/pixel_reg[3]_10[2]
    SLICE_X134Y97        FDRE                                         r  datapath/video_inst/Inst_vga/Inst_scopeFace/doodleDigits/pixel_reg[2]/D
  -------------------------------------------------------------------    -------------------

                         (clock clk_out1_clk_wiz_0 rise edge)
                                                      0.000     0.000 r  
    BUFGCTRL_X0Y2        BUFG                         0.000     0.000 r  clk_IBUF_BUFG_inst/O
                         net (fo=518, routed)         0.879     0.879    datapath/video_inst/mmcm_adv_inst_display_clocks/inst/clk_in1
    MMCME2_ADV_X0Y2      MMCME2_ADV (Prop_mmcme2_adv_CLKIN1_CLKOUT0)
                                                     -1.502    -0.624 r  datapath/video_inst/mmcm_adv_inst_display_clocks/inst/mmcm_adv_inst/CLKOUT0
                         net (fo=1, routed)           0.595    -0.029    datapath/video_inst/mmcm_adv_inst_display_clocks/inst/clk_out1_clk_wiz_0
    BUFGCTRL_X0Y3        BUFG (Prop_bufg_I_O)         0.029    -0.000 r  datapath/video_inst/mmcm_adv_inst_display_clocks/inst/clkout1_buf/O
                         net (fo=132, routed)         0.937     0.937    datapath/video_inst/Inst_vga/Inst_scopeFace/doodleDigits/clk_out1
    SLICE_X134Y97        FDRE                                         r  datapath/video_inst/Inst_vga/Inst_scopeFace/doodleDigits/pixel_reg[2]/C

Slack:                    inf
  Source:                 control/score_sig_reg[1]/C
                            (rising edge-triggered cell FDRE)
  Destination:            datapath/video_inst/Inst_vga/Inst_scopeFace/doodletens/pixel_reg[1]/D
                            (rising edge-triggered cell FDRE clocked by clk_out1_clk_wiz_0  {rise@0.000ns fall@20.000ns period=40.000ns})
  Path Group:             (none)
  Path Type:              Hold (Min at Fast Process Corner)
  Data Path Delay:        1.131ns  (logic 0.276ns (24.413%)  route 0.855ns (75.587%))
  Logic Levels:           4  (FDRE=1 LUT5=1 LUT6=2)
  Clock Uncertainty:      0.190ns  ((TSJ^2 + DJ^2)^1/2) / 2 + PE
    Total System Jitter     (TSJ):    0.050ns
    Discrete Jitter          (DJ):    0.175ns
    Phase Error              (PE):    0.099ns

    Location             Delay type                Incr(ns)  Path(ns)    Netlist Resource(s)
  -------------------------------------------------------------------    -------------------
    SLICE_X126Y93        FDRE                         0.000     0.000 r  control/score_sig_reg[1]/C
    SLICE_X126Y93        FDRE (Prop_fdre_C_Q)         0.141     0.141 r  control/score_sig_reg[1]/Q
                         net (fo=30, routed)          0.294     0.435    control/score_sig[1]
    SLICE_X131Y90        LUT6 (Prop_lut6_I0_O)        0.045     0.480 r  control/pixel[3]_i_14__2/O
                         net (fo=15, routed)          0.509     0.989    datapath/video_inst/Inst_vga/Inst_scopeFace/doodletens/pixel_reg[3]_7[0]
    SLICE_X137Y94        LUT5 (Prop_lut5_I3_O)        0.045     1.034 r  datapath/video_inst/Inst_vga/Inst_scopeFace/doodletens/pixel[1]_i_3__0/O
                         net (fo=1, routed)           0.051     1.086    datapath/video_inst/Inst_vga/Inst_scopeFace/doodletens/pixel[1]_i_3__0_n_0
    SLICE_X137Y94        LUT6 (Prop_lut6_I1_O)        0.045     1.131 r  datapath/video_inst/Inst_vga/Inst_scopeFace/doodletens/pixel[1]_i_1__0/O
                         net (fo=1, routed)           0.000     1.131    datapath/video_inst/Inst_vga/Inst_scopeFace/doodletens/p_0_out[1]
    SLICE_X137Y94        FDRE                                         r  datapath/video_inst/Inst_vga/Inst_scopeFace/doodletens/pixel_reg[1]/D
  -------------------------------------------------------------------    -------------------

                         (clock clk_out1_clk_wiz_0 rise edge)
                                                      0.000     0.000 r  
    BUFGCTRL_X0Y2        BUFG                         0.000     0.000 r  clk_IBUF_BUFG_inst/O
                         net (fo=518, routed)         0.879     0.879    datapath/video_inst/mmcm_adv_inst_display_clocks/inst/clk_in1
    MMCME2_ADV_X0Y2      MMCME2_ADV (Prop_mmcme2_adv_CLKIN1_CLKOUT0)
                                                     -1.502    -0.624 r  datapath/video_inst/mmcm_adv_inst_display_clocks/inst/mmcm_adv_inst/CLKOUT0
                         net (fo=1, routed)           0.595    -0.029    datapath/video_inst/mmcm_adv_inst_display_clocks/inst/clk_out1_clk_wiz_0
    BUFGCTRL_X0Y3        BUFG (Prop_bufg_I_O)         0.029    -0.000 r  datapath/video_inst/mmcm_adv_inst_display_clocks/inst/clkout1_buf/O
                         net (fo=132, routed)         0.936     0.936    datapath/video_inst/Inst_vga/Inst_scopeFace/doodletens/clk_out1
    SLICE_X137Y94        FDRE                                         r  datapath/video_inst/Inst_vga/Inst_scopeFace/doodletens/pixel_reg[1]/C

Slack:                    inf
  Source:                 control/score_sig_reg[16]/C
                            (rising edge-triggered cell FDRE)
  Destination:            datapath/video_inst/Inst_vga/Inst_scopeFace/doodlethousands/pixel_reg[0]/D
                            (rising edge-triggered cell FDRE clocked by clk_out1_clk_wiz_0  {rise@0.000ns fall@20.000ns period=40.000ns})
  Path Group:             (none)
  Path Type:              Hold (Min at Fast Process Corner)
  Data Path Delay:        1.156ns  (logic 0.276ns (23.877%)  route 0.880ns (76.123%))
  Logic Levels:           4  (FDRE=1 LUT6=3)
  Clock Uncertainty:      0.190ns  ((TSJ^2 + DJ^2)^1/2) / 2 + PE
    Total System Jitter     (TSJ):    0.050ns
    Discrete Jitter          (DJ):    0.175ns
    Phase Error              (PE):    0.099ns

    Location             Delay type                Incr(ns)  Path(ns)    Netlist Resource(s)
  -------------------------------------------------------------------    -------------------
    SLICE_X126Y97        FDRE                         0.000     0.000 r  control/score_sig_reg[16]/C
    SLICE_X126Y97        FDRE (Prop_fdre_C_Q)         0.141     0.141 r  control/score_sig_reg[16]/Q
                         net (fo=50, routed)          0.437     0.578    control/score_sig[16]
    SLICE_X132Y92        LUT6 (Prop_lut6_I3_O)        0.045     0.623 r  control/pixel[3]_i_11__0/O
                         net (fo=4, routed)           0.164     0.787    control/datapath/video_inst/Inst_vga/Inst_scopeFace/thousands_num0[2]
    SLICE_X131Y92        LUT6 (Prop_lut6_I1_O)        0.045     0.832 r  control/pixel[3]_i_4__2/O
                         net (fo=4, routed)           0.279     1.111    datapath/video_inst/Inst_vga/Inst_scopeFace/doodlethousands/pixel_reg[3]_4
    SLICE_X132Y95        LUT6 (Prop_lut6_I2_O)        0.045     1.156 r  datapath/video_inst/Inst_vga/Inst_scopeFace/doodlethousands/pixel[0]_i_1__2/O
                         net (fo=1, routed)           0.000     1.156    datapath/video_inst/Inst_vga/Inst_scopeFace/doodlethousands/p_0_out[0]
    SLICE_X132Y95        FDRE                                         r  datapath/video_inst/Inst_vga/Inst_scopeFace/doodlethousands/pixel_reg[0]/D
  -------------------------------------------------------------------    -------------------

                         (clock clk_out1_clk_wiz_0 rise edge)
                                                      0.000     0.000 r  
    BUFGCTRL_X0Y2        BUFG                         0.000     0.000 r  clk_IBUF_BUFG_inst/O
                         net (fo=518, routed)         0.879     0.879    datapath/video_inst/mmcm_adv_inst_display_clocks/inst/clk_in1
    MMCME2_ADV_X0Y2      MMCME2_ADV (Prop_mmcme2_adv_CLKIN1_CLKOUT0)
                                                     -1.502    -0.624 r  datapath/video_inst/mmcm_adv_inst_display_clocks/inst/mmcm_adv_inst/CLKOUT0
                         net (fo=1, routed)           0.595    -0.029    datapath/video_inst/mmcm_adv_inst_display_clocks/inst/clk_out1_clk_wiz_0
    BUFGCTRL_X0Y3        BUFG (Prop_bufg_I_O)         0.029    -0.000 r  datapath/video_inst/mmcm_adv_inst_display_clocks/inst/clkout1_buf/O
                         net (fo=132, routed)         0.936     0.936    datapath/video_inst/Inst_vga/Inst_scopeFace/doodlethousands/clk_out1
    SLICE_X132Y95        FDRE                                         r  datapath/video_inst/Inst_vga/Inst_scopeFace/doodlethousands/pixel_reg[0]/C

Slack:                    inf
  Source:                 control/score_sig_reg[1]/C
                            (rising edge-triggered cell FDRE)
  Destination:            datapath/video_inst/Inst_vga/Inst_scopeFace/doodletens/pixel_reg[3]/D
                            (rising edge-triggered cell FDRE clocked by clk_out1_clk_wiz_0  {rise@0.000ns fall@20.000ns period=40.000ns})
  Path Group:             (none)
  Path Type:              Hold (Min at Fast Process Corner)
  Data Path Delay:        1.162ns  (logic 0.276ns (23.761%)  route 0.886ns (76.239%))
  Logic Levels:           4  (FDRE=1 LUT6=3)
  Clock Uncertainty:      0.190ns  ((TSJ^2 + DJ^2)^1/2) / 2 + PE
    Total System Jitter     (TSJ):    0.050ns
    Discrete Jitter          (DJ):    0.175ns
    Phase Error              (PE):    0.099ns

    Location             Delay type                Incr(ns)  Path(ns)    Netlist Resource(s)
  -------------------------------------------------------------------    -------------------
    SLICE_X126Y93        FDRE                         0.000     0.000 r  control/score_sig_reg[1]/C
    SLICE_X126Y93        FDRE (Prop_fdre_C_Q)         0.141     0.141 r  control/score_sig_reg[1]/Q
                         net (fo=30, routed)          0.294     0.435    control/score_sig[1]
    SLICE_X131Y90        LUT6 (Prop_lut6_I0_O)        0.045     0.480 r  control/pixel[3]_i_14__2/O
                         net (fo=15, routed)          0.480     0.960    datapath/video_inst/Inst_vga/Inst_scopeFace/doodletens/pixel_reg[3]_7[0]
    SLICE_X131Y97        LUT6 (Prop_lut6_I4_O)        0.045     1.005 r  datapath/video_inst/Inst_vga/Inst_scopeFace/doodletens/pixel[3]_i_8__0/O
                         net (fo=1, routed)           0.112     1.117    datapath/video_inst/Inst_vga/Inst_scopeFace/doodletens/pixel[3]_i_8__0_n_0
    SLICE_X133Y97        LUT6 (Prop_lut6_I5_O)        0.045     1.162 r  datapath/video_inst/Inst_vga/Inst_scopeFace/doodletens/pixel[3]_i_2__0/O
                         net (fo=1, routed)           0.000     1.162    datapath/video_inst/Inst_vga/Inst_scopeFace/doodletens/p_0_out[3]
    SLICE_X133Y97        FDRE                                         r  datapath/video_inst/Inst_vga/Inst_scopeFace/doodletens/pixel_reg[3]/D
  -------------------------------------------------------------------    -------------------

                         (clock clk_out1_clk_wiz_0 rise edge)
                                                      0.000     0.000 r  
    BUFGCTRL_X0Y2        BUFG                         0.000     0.000 r  clk_IBUF_BUFG_inst/O
                         net (fo=518, routed)         0.879     0.879    datapath/video_inst/mmcm_adv_inst_display_clocks/inst/clk_in1
    MMCME2_ADV_X0Y2      MMCME2_ADV (Prop_mmcme2_adv_CLKIN1_CLKOUT0)
                                                     -1.502    -0.624 r  datapath/video_inst/mmcm_adv_inst_display_clocks/inst/mmcm_adv_inst/CLKOUT0
                         net (fo=1, routed)           0.595    -0.029    datapath/video_inst/mmcm_adv_inst_display_clocks/inst/clk_out1_clk_wiz_0
    BUFGCTRL_X0Y3        BUFG (Prop_bufg_I_O)         0.029    -0.000 r  datapath/video_inst/mmcm_adv_inst_display_clocks/inst/clkout1_buf/O
                         net (fo=132, routed)         0.937     0.937    datapath/video_inst/Inst_vga/Inst_scopeFace/doodletens/clk_out1
    SLICE_X133Y97        FDRE                                         r  datapath/video_inst/Inst_vga/Inst_scopeFace/doodletens/pixel_reg[3]/C

Slack:                    inf
  Source:                 control/score_sig_reg[1]/C
                            (rising edge-triggered cell FDRE)
  Destination:            datapath/video_inst/Inst_vga/Inst_scopeFace/doodletens/pixel_reg[0]/D
                            (rising edge-triggered cell FDRE clocked by clk_out1_clk_wiz_0  {rise@0.000ns fall@20.000ns period=40.000ns})
  Path Group:             (none)
  Path Type:              Hold (Min at Fast Process Corner)
  Data Path Delay:        1.185ns  (logic 0.276ns (23.290%)  route 0.909ns (76.710%))
  Logic Levels:           4  (FDRE=1 LUT6=3)
  Clock Uncertainty:      0.190ns  ((TSJ^2 + DJ^2)^1/2) / 2 + PE
    Total System Jitter     (TSJ):    0.050ns
    Discrete Jitter          (DJ):    0.175ns
    Phase Error              (PE):    0.099ns

    Location             Delay type                Incr(ns)  Path(ns)    Netlist Resource(s)
  -------------------------------------------------------------------    -------------------
    SLICE_X126Y93        FDRE                         0.000     0.000 r  control/score_sig_reg[1]/C
    SLICE_X126Y93        FDRE (Prop_fdre_C_Q)         0.141     0.141 r  control/score_sig_reg[1]/Q
                         net (fo=30, routed)          0.294     0.435    control/score_sig[1]
    SLICE_X131Y90        LUT6 (Prop_lut6_I0_O)        0.045     0.480 r  control/pixel[3]_i_14__2/O
                         net (fo=15, routed)          0.469     0.949    datapath/video_inst/Inst_vga/Inst_scopeFace/doodletens/pixel_reg[3]_7[0]
    SLICE_X134Y95        LUT6 (Prop_lut6_I4_O)        0.045     0.994 r  datapath/video_inst/Inst_vga/Inst_scopeFace/doodletens/pixel[0]_i_5/O
                         net (fo=1, routed)           0.146     1.140    datapath/video_inst/Inst_vga/Inst_scopeFace/doodletens/pixel[0]_i_5_n_0
    SLICE_X134Y95        LUT6 (Prop_lut6_I5_O)        0.045     1.185 r  datapath/video_inst/Inst_vga/Inst_scopeFace/doodletens/pixel[0]_i_1__0/O
                         net (fo=1, routed)           0.000     1.185    datapath/video_inst/Inst_vga/Inst_scopeFace/doodletens/p_0_out[0]
    SLICE_X134Y95        FDRE                                         r  datapath/video_inst/Inst_vga/Inst_scopeFace/doodletens/pixel_reg[0]/D
  -------------------------------------------------------------------    -------------------

                         (clock clk_out1_clk_wiz_0 rise edge)
                                                      0.000     0.000 r  
    BUFGCTRL_X0Y2        BUFG                         0.000     0.000 r  clk_IBUF_BUFG_inst/O
                         net (fo=518, routed)         0.879     0.879    datapath/video_inst/mmcm_adv_inst_display_clocks/inst/clk_in1
    MMCME2_ADV_X0Y2      MMCME2_ADV (Prop_mmcme2_adv_CLKIN1_CLKOUT0)
                                                     -1.502    -0.624 r  datapath/video_inst/mmcm_adv_inst_display_clocks/inst/mmcm_adv_inst/CLKOUT0
                         net (fo=1, routed)           0.595    -0.029    datapath/video_inst/mmcm_adv_inst_display_clocks/inst/clk_out1_clk_wiz_0
    BUFGCTRL_X0Y3        BUFG (Prop_bufg_I_O)         0.029    -0.000 r  datapath/video_inst/mmcm_adv_inst_display_clocks/inst/clkout1_buf/O
                         net (fo=132, routed)         0.936     0.936    datapath/video_inst/Inst_vga/Inst_scopeFace/doodletens/clk_out1
    SLICE_X134Y95        FDRE                                         r  datapath/video_inst/Inst_vga/Inst_scopeFace/doodletens/pixel_reg[0]/C

Slack:                    inf
  Source:                 control/score_sig_reg[5]/C
                            (rising edge-triggered cell FDRE)
  Destination:            datapath/video_inst/Inst_vga/Inst_scopeFace/doodletens/pixel_reg[2]/D
                            (rising edge-triggered cell FDRE clocked by clk_out1_clk_wiz_0  {rise@0.000ns fall@20.000ns period=40.000ns})
  Path Group:             (none)
  Path Type:              Hold (Min at Fast Process Corner)
  Data Path Delay:        1.187ns  (logic 0.276ns (23.245%)  route 0.911ns (76.755%))
  Logic Levels:           4  (FDRE=1 LUT6=3)
  Clock Uncertainty:      0.190ns  ((TSJ^2 + DJ^2)^1/2) / 2 + PE
    Total System Jitter     (TSJ):    0.050ns
    Discrete Jitter          (DJ):    0.175ns
    Phase Error              (PE):    0.099ns

    Location             Delay type                Incr(ns)  Path(ns)    Netlist Resource(s)
  -------------------------------------------------------------------    -------------------
    SLICE_X126Y94        FDRE                         0.000     0.000 r  control/score_sig_reg[5]/C
    SLICE_X126Y94        FDRE (Prop_fdre_C_Q)         0.141     0.141 r  control/score_sig_reg[5]/Q
                         net (fo=43, routed)          0.286     0.427    control/score_sig[5]
    SLICE_X129Y90        LUT6 (Prop_lut6_I3_O)        0.045     0.472 r  control/pixel[3]_i_16__2/O
                         net (fo=7, routed)           0.247     0.719    control/datapath/video_inst/Inst_vga/Inst_scopeFace/tens_num0[2]
    SLICE_X131Y91        LUT6 (Prop_lut6_I1_O)        0.045     0.764 r  control/pixel[3]_i_5__2/O
                         net (fo=4, routed)           0.378     1.142    datapath/video_inst/Inst_vga/Inst_scopeFace/doodletens/pixel_reg[3]_3
    SLICE_X137Y97        LUT6 (Prop_lut6_I2_O)        0.045     1.187 r  datapath/video_inst/Inst_vga/Inst_scopeFace/doodletens/pixel[2]_i_1__0/O
                         net (fo=1, routed)           0.000     1.187    datapath/video_inst/Inst_vga/Inst_scopeFace/doodletens/p_0_out[2]
    SLICE_X137Y97        FDRE                                         r  datapath/video_inst/Inst_vga/Inst_scopeFace/doodletens/pixel_reg[2]/D
  -------------------------------------------------------------------    -------------------

                         (clock clk_out1_clk_wiz_0 rise edge)
                                                      0.000     0.000 r  
    BUFGCTRL_X0Y2        BUFG                         0.000     0.000 r  clk_IBUF_BUFG_inst/O
                         net (fo=518, routed)         0.879     0.879    datapath/video_inst/mmcm_adv_inst_display_clocks/inst/clk_in1
    MMCME2_ADV_X0Y2      MMCME2_ADV (Prop_mmcme2_adv_CLKIN1_CLKOUT0)
                                                     -1.502    -0.624 r  datapath/video_inst/mmcm_adv_inst_display_clocks/inst/mmcm_adv_inst/CLKOUT0
                         net (fo=1, routed)           0.595    -0.029    datapath/video_inst/mmcm_adv_inst_display_clocks/inst/clk_out1_clk_wiz_0
    BUFGCTRL_X0Y3        BUFG (Prop_bufg_I_O)         0.029    -0.000 r  datapath/video_inst/mmcm_adv_inst_display_clocks/inst/clkout1_buf/O
                         net (fo=132, routed)         0.937     0.937    datapath/video_inst/Inst_vga/Inst_scopeFace/doodletens/clk_out1
    SLICE_X137Y97        FDRE                                         r  datapath/video_inst/Inst_vga/Inst_scopeFace/doodletens/pixel_reg[2]/C

Slack:                    inf
  Source:                 control/score_sig_reg[16]/C
                            (rising edge-triggered cell FDRE)
  Destination:            datapath/video_inst/Inst_vga/Inst_scopeFace/doodlethousands/pixel_reg[3]/D
                            (rising edge-triggered cell FDRE clocked by clk_out1_clk_wiz_0  {rise@0.000ns fall@20.000ns period=40.000ns})
  Path Group:             (none)
  Path Type:              Hold (Min at Fast Process Corner)
  Data Path Delay:        1.194ns  (logic 0.276ns (23.116%)  route 0.918ns (76.884%))
  Logic Levels:           4  (FDRE=1 LUT6=3)
  Clock Uncertainty:      0.190ns  ((TSJ^2 + DJ^2)^1/2) / 2 + PE
    Total System Jitter     (TSJ):    0.050ns
    Discrete Jitter          (DJ):    0.175ns
    Phase Error              (PE):    0.099ns

    Location             Delay type                Incr(ns)  Path(ns)    Netlist Resource(s)
  -------------------------------------------------------------------    -------------------
    SLICE_X126Y97        FDRE                         0.000     0.000 r  control/score_sig_reg[16]/C
    SLICE_X126Y97        FDRE (Prop_fdre_C_Q)         0.141     0.141 r  control/score_sig_reg[16]/Q
                         net (fo=50, routed)          0.598     0.739    control/score_sig[16]
    SLICE_X132Y93        LUT6 (Prop_lut6_I4_O)        0.045     0.784 r  control/pixel[3]_i_8__2/O
                         net (fo=12, routed)          0.269     1.053    datapath/video_inst/Inst_vga/Inst_scopeFace/doodlethousands/pixel_reg[3]_6
    SLICE_X131Y97        LUT6 (Prop_lut6_I2_O)        0.045     1.098 r  datapath/video_inst/Inst_vga/Inst_scopeFace/doodlethousands/pixel[3]_i_5__0/O
                         net (fo=1, routed)           0.051     1.149    datapath/video_inst/Inst_vga/Inst_scopeFace/doodlethousands/pixel[3]_i_5__0_n_0
    SLICE_X131Y97        LUT6 (Prop_lut6_I3_O)        0.045     1.194 r  datapath/video_inst/Inst_vga/Inst_scopeFace/doodlethousands/pixel[3]_i_2__2/O
                         net (fo=1, routed)           0.000     1.194    datapath/video_inst/Inst_vga/Inst_scopeFace/doodlethousands/p_0_out[3]
    SLICE_X131Y97        FDRE                                         r  datapath/video_inst/Inst_vga/Inst_scopeFace/doodlethousands/pixel_reg[3]/D
  -------------------------------------------------------------------    -------------------

                         (clock clk_out1_clk_wiz_0 rise edge)
                                                      0.000     0.000 r  
    BUFGCTRL_X0Y2        BUFG                         0.000     0.000 r  clk_IBUF_BUFG_inst/O
                         net (fo=518, routed)         0.879     0.879    datapath/video_inst/mmcm_adv_inst_display_clocks/inst/clk_in1
    MMCME2_ADV_X0Y2      MMCME2_ADV (Prop_mmcme2_adv_CLKIN1_CLKOUT0)
                                                     -1.502    -0.624 r  datapath/video_inst/mmcm_adv_inst_display_clocks/inst/mmcm_adv_inst/CLKOUT0
                         net (fo=1, routed)           0.595    -0.029    datapath/video_inst/mmcm_adv_inst_display_clocks/inst/clk_out1_clk_wiz_0
    BUFGCTRL_X0Y3        BUFG (Prop_bufg_I_O)         0.029    -0.000 r  datapath/video_inst/mmcm_adv_inst_display_clocks/inst/clkout1_buf/O
                         net (fo=132, routed)         0.936     0.936    datapath/video_inst/Inst_vga/Inst_scopeFace/doodlethousands/clk_out1
    SLICE_X131Y97        FDRE                                         r  datapath/video_inst/Inst_vga/Inst_scopeFace/doodlethousands/pixel_reg[3]/C





--------------------------------------------------------------------------------------
Path Group:  (none)
From Clock:  
  To Clock:  clk_out2_clk_wiz_1

Max Delay            34 Endpoints
Min Delay            34 Endpoints
--------------------------------------------------------------------------------------


Max Delay Paths
--------------------------------------------------------------------------------------
Slack:                    inf
  Source:                 reset_n
                            (input port)
  Destination:            doodleAudio/Audio_Codec/initialize_audio/state_reg[1]/S
                            (rising edge-triggered cell FDSE clocked by clk_out2_clk_wiz_1  {rise@0.000ns fall@10.000ns period=20.000ns})
  Path Group:             (none)
  Path Type:              Setup (Max at Slow Process Corner)
  Data Path Delay:        14.147ns  (logic 1.093ns (7.724%)  route 13.054ns (92.276%))
  Logic Levels:           2  (IBUF=1 LUT1=1)
  Clock Path Skew:        1.703ns (DCD - SCD + CPR)
    Destination Clock Delay (DCD):    1.703ns
    Source Clock Delay      (SCD):    0.000ns
    Clock Pessimism Removal (CPR):    0.000ns
  Clock Uncertainty:      0.178ns  ((TSJ^2 + DJ^2)^1/2) / 2 + PE
    Total System Jitter     (TSJ):    0.050ns
    Discrete Jitter          (DJ):    0.152ns
    Phase Error              (PE):    0.099ns

    Location             Delay type                Incr(ns)  Path(ns)    Netlist Resource(s)
  -------------------------------------------------------------------    -------------------
    G4                                                0.000     0.000 f  reset_n (IN)
                         net (fo=0)                   0.000     0.000    reset_n
    G4                   IBUF (Prop_ibuf_I_O)         0.969     0.969 f  reset_n_IBUF_inst/O
                         net (fo=132, routed)         7.444     8.413    doodleAudio/datapath/read_bram/brokenBeamBRAM_0/reset_n_IBUF
    SLICE_X94Y95         LUT1 (Prop_lut1_I0_O)        0.124     8.537 r  doodleAudio/datapath/read_bram/brokenBeamBRAM_0/sdp_bl.ramb36_dp_bl.ram36_bl_i_1/O
                         net (fo=126, routed)         5.610    14.147    doodleAudio/Audio_Codec/initialize_audio/state_reg[0]_0
    SLICE_X160Y118       FDSE                                         r  doodleAudio/Audio_Codec/initialize_audio/state_reg[1]/S
  -------------------------------------------------------------------    -------------------

                         (clock clk_out2_clk_wiz_1 rise edge)
                                                      0.000     0.000 r  
    BUFGCTRL_X0Y2        BUFG                         0.000     0.000 r  clk_IBUF_BUFG_inst/O
                         net (fo=518, routed)         1.972     1.972    doodleAudio/Audio_Codec/audiocodec_master_clock/inst/clk_in1
    MMCME2_ADV_X1Y0      MMCME2_ADV (Prop_mmcme2_adv_CLKIN1_CLKOUT1)
                                                     -4.637    -2.665 r  doodleAudio/Audio_Codec/audiocodec_master_clock/inst/mmcm_adv_inst/CLKOUT1
                         net (fo=1, routed)           2.574    -0.091    doodleAudio/Audio_Codec/audiocodec_master_clock/inst/clk_out2_clk_wiz_1
    BUFGCTRL_X0Y4        BUFG (Prop_bufg_I_O)         0.091     0.000 r  doodleAudio/Audio_Codec/audiocodec_master_clock/inst/clkout2_buf/O
                         net (fo=115, routed)         1.703     1.703    doodleAudio/Audio_Codec/initialize_audio/clk_out2
    SLICE_X160Y118       FDSE                                         r  doodleAudio/Audio_Codec/initialize_audio/state_reg[1]/C

Slack:                    inf
  Source:                 reset_n
                            (input port)
  Destination:            doodleAudio/Audio_Codec/initialize_audio/state_reg[3]/R
                            (rising edge-triggered cell FDRE clocked by clk_out2_clk_wiz_1  {rise@0.000ns fall@10.000ns period=20.000ns})
  Path Group:             (none)
  Path Type:              Setup (Max at Slow Process Corner)
  Data Path Delay:        14.147ns  (logic 1.093ns (7.724%)  route 13.054ns (92.276%))
  Logic Levels:           2  (IBUF=1 LUT1=1)
  Clock Path Skew:        1.703ns (DCD - SCD + CPR)
    Destination Clock Delay (DCD):    1.703ns
    Source Clock Delay      (SCD):    0.000ns
    Clock Pessimism Removal (CPR):    0.000ns
  Clock Uncertainty:      0.178ns  ((TSJ^2 + DJ^2)^1/2) / 2 + PE
    Total System Jitter     (TSJ):    0.050ns
    Discrete Jitter          (DJ):    0.152ns
    Phase Error              (PE):    0.099ns

    Location             Delay type                Incr(ns)  Path(ns)    Netlist Resource(s)
  -------------------------------------------------------------------    -------------------
    G4                                                0.000     0.000 f  reset_n (IN)
                         net (fo=0)                   0.000     0.000    reset_n
    G4                   IBUF (Prop_ibuf_I_O)         0.969     0.969 f  reset_n_IBUF_inst/O
                         net (fo=132, routed)         7.444     8.413    doodleAudio/datapath/read_bram/brokenBeamBRAM_0/reset_n_IBUF
    SLICE_X94Y95         LUT1 (Prop_lut1_I0_O)        0.124     8.537 r  doodleAudio/datapath/read_bram/brokenBeamBRAM_0/sdp_bl.ramb36_dp_bl.ram36_bl_i_1/O
                         net (fo=126, routed)         5.610    14.147    doodleAudio/Audio_Codec/initialize_audio/state_reg[0]_0
    SLICE_X160Y118       FDRE                                         r  doodleAudio/Audio_Codec/initialize_audio/state_reg[3]/R
  -------------------------------------------------------------------    -------------------

                         (clock clk_out2_clk_wiz_1 rise edge)
                                                      0.000     0.000 r  
    BUFGCTRL_X0Y2        BUFG                         0.000     0.000 r  clk_IBUF_BUFG_inst/O
                         net (fo=518, routed)         1.972     1.972    doodleAudio/Audio_Codec/audiocodec_master_clock/inst/clk_in1
    MMCME2_ADV_X1Y0      MMCME2_ADV (Prop_mmcme2_adv_CLKIN1_CLKOUT1)
                                                     -4.637    -2.665 r  doodleAudio/Audio_Codec/audiocodec_master_clock/inst/mmcm_adv_inst/CLKOUT1
                         net (fo=1, routed)           2.574    -0.091    doodleAudio/Audio_Codec/audiocodec_master_clock/inst/clk_out2_clk_wiz_1
    BUFGCTRL_X0Y4        BUFG (Prop_bufg_I_O)         0.091     0.000 r  doodleAudio/Audio_Codec/audiocodec_master_clock/inst/clkout2_buf/O
                         net (fo=115, routed)         1.703     1.703    doodleAudio/Audio_Codec/initialize_audio/clk_out2
    SLICE_X160Y118       FDRE                                         r  doodleAudio/Audio_Codec/initialize_audio/state_reg[3]/C

Slack:                    inf
  Source:                 reset_n
                            (input port)
  Destination:            doodleAudio/Audio_Codec/initialize_audio/state_reg[0]/R
                            (rising edge-triggered cell FDRE clocked by clk_out2_clk_wiz_1  {rise@0.000ns fall@10.000ns period=20.000ns})
  Path Group:             (none)
  Path Type:              Setup (Max at Slow Process Corner)
  Data Path Delay:        13.843ns  (logic 1.093ns (7.894%)  route 12.750ns (92.106%))
  Logic Levels:           2  (IBUF=1 LUT1=1)
  Clock Path Skew:        1.701ns (DCD - SCD + CPR)
    Destination Clock Delay (DCD):    1.701ns
    Source Clock Delay      (SCD):    0.000ns
    Clock Pessimism Removal (CPR):    0.000ns
  Clock Uncertainty:      0.178ns  ((TSJ^2 + DJ^2)^1/2) / 2 + PE
    Total System Jitter     (TSJ):    0.050ns
    Discrete Jitter          (DJ):    0.152ns
    Phase Error              (PE):    0.099ns

    Location             Delay type                Incr(ns)  Path(ns)    Netlist Resource(s)
  -------------------------------------------------------------------    -------------------
    G4                                                0.000     0.000 f  reset_n (IN)
                         net (fo=0)                   0.000     0.000    reset_n
    G4                   IBUF (Prop_ibuf_I_O)         0.969     0.969 f  reset_n_IBUF_inst/O
                         net (fo=132, routed)         7.444     8.413    doodleAudio/datapath/read_bram/brokenBeamBRAM_0/reset_n_IBUF
    SLICE_X94Y95         LUT1 (Prop_lut1_I0_O)        0.124     8.537 r  doodleAudio/datapath/read_bram/brokenBeamBRAM_0/sdp_bl.ramb36_dp_bl.ram36_bl_i_1/O
                         net (fo=126, routed)         5.305    13.843    doodleAudio/Audio_Codec/initialize_audio/state_reg[0]_0
    SLICE_X159Y118       FDRE                                         r  doodleAudio/Audio_Codec/initialize_audio/state_reg[0]/R
  -------------------------------------------------------------------    -------------------

                         (clock clk_out2_clk_wiz_1 rise edge)
                                                      0.000     0.000 r  
    BUFGCTRL_X0Y2        BUFG                         0.000     0.000 r  clk_IBUF_BUFG_inst/O
                         net (fo=518, routed)         1.972     1.972    doodleAudio/Audio_Codec/audiocodec_master_clock/inst/clk_in1
    MMCME2_ADV_X1Y0      MMCME2_ADV (Prop_mmcme2_adv_CLKIN1_CLKOUT1)
                                                     -4.637    -2.665 r  doodleAudio/Audio_Codec/audiocodec_master_clock/inst/mmcm_adv_inst/CLKOUT1
                         net (fo=1, routed)           2.574    -0.091    doodleAudio/Audio_Codec/audiocodec_master_clock/inst/clk_out2_clk_wiz_1
    BUFGCTRL_X0Y4        BUFG (Prop_bufg_I_O)         0.091     0.000 r  doodleAudio/Audio_Codec/audiocodec_master_clock/inst/clkout2_buf/O
                         net (fo=115, routed)         1.701     1.701    doodleAudio/Audio_Codec/initialize_audio/clk_out2
    SLICE_X159Y118       FDRE                                         r  doodleAudio/Audio_Codec/initialize_audio/state_reg[0]/C

Slack:                    inf
  Source:                 reset_n
                            (input port)
  Destination:            doodleAudio/Audio_Codec/initialize_audio/state_reg[2]/S
                            (rising edge-triggered cell FDSE clocked by clk_out2_clk_wiz_1  {rise@0.000ns fall@10.000ns period=20.000ns})
  Path Group:             (none)
  Path Type:              Setup (Max at Slow Process Corner)
  Data Path Delay:        13.843ns  (logic 1.093ns (7.894%)  route 12.750ns (92.106%))
  Logic Levels:           2  (IBUF=1 LUT1=1)
  Clock Path Skew:        1.701ns (DCD - SCD + CPR)
    Destination Clock Delay (DCD):    1.701ns
    Source Clock Delay      (SCD):    0.000ns
    Clock Pessimism Removal (CPR):    0.000ns
  Clock Uncertainty:      0.178ns  ((TSJ^2 + DJ^2)^1/2) / 2 + PE
    Total System Jitter     (TSJ):    0.050ns
    Discrete Jitter          (DJ):    0.152ns
    Phase Error              (PE):    0.099ns

    Location             Delay type                Incr(ns)  Path(ns)    Netlist Resource(s)
  -------------------------------------------------------------------    -------------------
    G4                                                0.000     0.000 f  reset_n (IN)
                         net (fo=0)                   0.000     0.000    reset_n
    G4                   IBUF (Prop_ibuf_I_O)         0.969     0.969 f  reset_n_IBUF_inst/O
                         net (fo=132, routed)         7.444     8.413    doodleAudio/datapath/read_bram/brokenBeamBRAM_0/reset_n_IBUF
    SLICE_X94Y95         LUT1 (Prop_lut1_I0_O)        0.124     8.537 r  doodleAudio/datapath/read_bram/brokenBeamBRAM_0/sdp_bl.ramb36_dp_bl.ram36_bl_i_1/O
                         net (fo=126, routed)         5.305    13.843    doodleAudio/Audio_Codec/initialize_audio/state_reg[0]_0
    SLICE_X159Y118       FDSE                                         r  doodleAudio/Audio_Codec/initialize_audio/state_reg[2]/S
  -------------------------------------------------------------------    -------------------

                         (clock clk_out2_clk_wiz_1 rise edge)
                                                      0.000     0.000 r  
    BUFGCTRL_X0Y2        BUFG                         0.000     0.000 r  clk_IBUF_BUFG_inst/O
                         net (fo=518, routed)         1.972     1.972    doodleAudio/Audio_Codec/audiocodec_master_clock/inst/clk_in1
    MMCME2_ADV_X1Y0      MMCME2_ADV (Prop_mmcme2_adv_CLKIN1_CLKOUT1)
                                                     -4.637    -2.665 r  doodleAudio/Audio_Codec/audiocodec_master_clock/inst/mmcm_adv_inst/CLKOUT1
                         net (fo=1, routed)           2.574    -0.091    doodleAudio/Audio_Codec/audiocodec_master_clock/inst/clk_out2_clk_wiz_1
    BUFGCTRL_X0Y4        BUFG (Prop_bufg_I_O)         0.091     0.000 r  doodleAudio/Audio_Codec/audiocodec_master_clock/inst/clkout2_buf/O
                         net (fo=115, routed)         1.701     1.701    doodleAudio/Audio_Codec/initialize_audio/clk_out2
    SLICE_X159Y118       FDSE                                         r  doodleAudio/Audio_Codec/initialize_audio/state_reg[2]/C

Slack:                    inf
  Source:                 reset_n
                            (input port)
  Destination:            doodleAudio/Audio_Codec/initialize_audio/twi_controller/FSM_gray_state_reg[0]/CE
                            (rising edge-triggered cell FDRE clocked by clk_out2_clk_wiz_1  {rise@0.000ns fall@10.000ns period=20.000ns})
  Path Group:             (none)
  Path Type:              Setup (Max at Slow Process Corner)
  Data Path Delay:        5.868ns  (logic 1.341ns (22.849%)  route 4.527ns (77.151%))
  Logic Levels:           4  (IBUF=1 LUT6=3)
  Clock Path Skew:        1.701ns (DCD - SCD + CPR)
    Destination Clock Delay (DCD):    1.701ns
    Source Clock Delay      (SCD):    0.000ns
    Clock Pessimism Removal (CPR):    0.000ns
  Clock Uncertainty:      0.178ns  ((TSJ^2 + DJ^2)^1/2) / 2 + PE
    Total System Jitter     (TSJ):    0.050ns
    Discrete Jitter          (DJ):    0.152ns
    Phase Error              (PE):    0.099ns

    Location             Delay type                Incr(ns)  Path(ns)    Netlist Resource(s)
  -------------------------------------------------------------------    -------------------
    G4                                                0.000     0.000 r  reset_n (IN)
                         net (fo=0)                   0.000     0.000    reset_n
    G4                   IBUF (Prop_ibuf_I_O)         0.969     0.969 r  reset_n_IBUF_inst/O
                         net (fo=132, routed)         3.068     4.037    doodleAudio/Audio_Codec/initialize_audio/twi_controller/reset_n_IBUF
    SLICE_X160Y121       LUT6 (Prop_lut6_I4_O)        0.124     4.161 r  doodleAudio/Audio_Codec/initialize_audio/twi_controller/FSM_gray_state[3]_i_11/O
                         net (fo=1, routed)           0.433     4.594    doodleAudio/Audio_Codec/initialize_audio/twi_controller/FSM_gray_state[3]_i_11_n_0
    SLICE_X160Y121       LUT6 (Prop_lut6_I3_O)        0.124     4.718 r  doodleAudio/Audio_Codec/initialize_audio/twi_controller/FSM_gray_state[3]_i_5/O
                         net (fo=1, routed)           0.636     5.354    doodleAudio/Audio_Codec/initialize_audio/twi_controller/FSM_gray_state[3]_i_5_n_0
    SLICE_X160Y120       LUT6 (Prop_lut6_I2_O)        0.124     5.478 r  doodleAudio/Audio_Codec/initialize_audio/twi_controller/FSM_gray_state[3]_i_1/O
                         net (fo=4, routed)           0.390     5.868    doodleAudio/Audio_Codec/initialize_audio/twi_controller/FSM_gray_state[3]_i_1_n_0
    SLICE_X161Y121       FDRE                                         r  doodleAudio/Audio_Codec/initialize_audio/twi_controller/FSM_gray_state_reg[0]/CE
  -------------------------------------------------------------------    -------------------

                         (clock clk_out2_clk_wiz_1 rise edge)
                                                      0.000     0.000 r  
    BUFGCTRL_X0Y2        BUFG                         0.000     0.000 r  clk_IBUF_BUFG_inst/O
                         net (fo=518, routed)         1.972     1.972    doodleAudio/Audio_Codec/audiocodec_master_clock/inst/clk_in1
    MMCME2_ADV_X1Y0      MMCME2_ADV (Prop_mmcme2_adv_CLKIN1_CLKOUT1)
                                                     -4.637    -2.665 r  doodleAudio/Audio_Codec/audiocodec_master_clock/inst/mmcm_adv_inst/CLKOUT1
                         net (fo=1, routed)           2.574    -0.091    doodleAudio/Audio_Codec/audiocodec_master_clock/inst/clk_out2_clk_wiz_1
    BUFGCTRL_X0Y4        BUFG (Prop_bufg_I_O)         0.091     0.000 r  doodleAudio/Audio_Codec/audiocodec_master_clock/inst/clkout2_buf/O
                         net (fo=115, routed)         1.701     1.701    doodleAudio/Audio_Codec/initialize_audio/twi_controller/clk_out2
    SLICE_X161Y121       FDRE                                         r  doodleAudio/Audio_Codec/initialize_audio/twi_controller/FSM_gray_state_reg[0]/C

Slack:                    inf
  Source:                 reset_n
                            (input port)
  Destination:            doodleAudio/Audio_Codec/initialize_audio/twi_controller/FSM_gray_state_reg[1]/CE
                            (rising edge-triggered cell FDRE clocked by clk_out2_clk_wiz_1  {rise@0.000ns fall@10.000ns period=20.000ns})
  Path Group:             (none)
  Path Type:              Setup (Max at Slow Process Corner)
  Data Path Delay:        5.868ns  (logic 1.341ns (22.849%)  route 4.527ns (77.151%))
  Logic Levels:           4  (IBUF=1 LUT6=3)
  Clock Path Skew:        1.702ns (DCD - SCD + CPR)
    Destination Clock Delay (DCD):    1.702ns
    Source Clock Delay      (SCD):    0.000ns
    Clock Pessimism Removal (CPR):    0.000ns
  Clock Uncertainty:      0.178ns  ((TSJ^2 + DJ^2)^1/2) / 2 + PE
    Total System Jitter     (TSJ):    0.050ns
    Discrete Jitter          (DJ):    0.152ns
    Phase Error              (PE):    0.099ns

    Location             Delay type                Incr(ns)  Path(ns)    Netlist Resource(s)
  -------------------------------------------------------------------    -------------------
    G4                                                0.000     0.000 r  reset_n (IN)
                         net (fo=0)                   0.000     0.000    reset_n
    G4                   IBUF (Prop_ibuf_I_O)         0.969     0.969 r  reset_n_IBUF_inst/O
                         net (fo=132, routed)         3.068     4.037    doodleAudio/Audio_Codec/initialize_audio/twi_controller/reset_n_IBUF
    SLICE_X160Y121       LUT6 (Prop_lut6_I4_O)        0.124     4.161 r  doodleAudio/Audio_Codec/initialize_audio/twi_controller/FSM_gray_state[3]_i_11/O
                         net (fo=1, routed)           0.433     4.594    doodleAudio/Audio_Codec/initialize_audio/twi_controller/FSM_gray_state[3]_i_11_n_0
    SLICE_X160Y121       LUT6 (Prop_lut6_I3_O)        0.124     4.718 r  doodleAudio/Audio_Codec/initialize_audio/twi_controller/FSM_gray_state[3]_i_5/O
                         net (fo=1, routed)           0.636     5.354    doodleAudio/Audio_Codec/initialize_audio/twi_controller/FSM_gray_state[3]_i_5_n_0
    SLICE_X160Y120       LUT6 (Prop_lut6_I2_O)        0.124     5.478 r  doodleAudio/Audio_Codec/initialize_audio/twi_controller/FSM_gray_state[3]_i_1/O
                         net (fo=4, routed)           0.390     5.868    doodleAudio/Audio_Codec/initialize_audio/twi_controller/FSM_gray_state[3]_i_1_n_0
    SLICE_X160Y120       FDRE                                         r  doodleAudio/Audio_Codec/initialize_audio/twi_controller/FSM_gray_state_reg[1]/CE
  -------------------------------------------------------------------    -------------------

                         (clock clk_out2_clk_wiz_1 rise edge)
                                                      0.000     0.000 r  
    BUFGCTRL_X0Y2        BUFG                         0.000     0.000 r  clk_IBUF_BUFG_inst/O
                         net (fo=518, routed)         1.972     1.972    doodleAudio/Audio_Codec/audiocodec_master_clock/inst/clk_in1
    MMCME2_ADV_X1Y0      MMCME2_ADV (Prop_mmcme2_adv_CLKIN1_CLKOUT1)
                                                     -4.637    -2.665 r  doodleAudio/Audio_Codec/audiocodec_master_clock/inst/mmcm_adv_inst/CLKOUT1
                         net (fo=1, routed)           2.574    -0.091    doodleAudio/Audio_Codec/audiocodec_master_clock/inst/clk_out2_clk_wiz_1
    BUFGCTRL_X0Y4        BUFG (Prop_bufg_I_O)         0.091     0.000 r  doodleAudio/Audio_Codec/audiocodec_master_clock/inst/clkout2_buf/O
                         net (fo=115, routed)         1.702     1.702    doodleAudio/Audio_Codec/initialize_audio/twi_controller/clk_out2
    SLICE_X160Y120       FDRE                                         r  doodleAudio/Audio_Codec/initialize_audio/twi_controller/FSM_gray_state_reg[1]/C

Slack:                    inf
  Source:                 reset_n
                            (input port)
  Destination:            doodleAudio/Audio_Codec/initialize_audio/twi_controller/FSM_gray_state_reg[2]/CE
                            (rising edge-triggered cell FDRE clocked by clk_out2_clk_wiz_1  {rise@0.000ns fall@10.000ns period=20.000ns})
  Path Group:             (none)
  Path Type:              Setup (Max at Slow Process Corner)
  Data Path Delay:        5.868ns  (logic 1.341ns (22.849%)  route 4.527ns (77.151%))
  Logic Levels:           4  (IBUF=1 LUT6=3)
  Clock Path Skew:        1.701ns (DCD - SCD + CPR)
    Destination Clock Delay (DCD):    1.701ns
    Source Clock Delay      (SCD):    0.000ns
    Clock Pessimism Removal (CPR):    0.000ns
  Clock Uncertainty:      0.178ns  ((TSJ^2 + DJ^2)^1/2) / 2 + PE
    Total System Jitter     (TSJ):    0.050ns
    Discrete Jitter          (DJ):    0.152ns
    Phase Error              (PE):    0.099ns

    Location             Delay type                Incr(ns)  Path(ns)    Netlist Resource(s)
  -------------------------------------------------------------------    -------------------
    G4                                                0.000     0.000 r  reset_n (IN)
                         net (fo=0)                   0.000     0.000    reset_n
    G4                   IBUF (Prop_ibuf_I_O)         0.969     0.969 r  reset_n_IBUF_inst/O
                         net (fo=132, routed)         3.068     4.037    doodleAudio/Audio_Codec/initialize_audio/twi_controller/reset_n_IBUF
    SLICE_X160Y121       LUT6 (Prop_lut6_I4_O)        0.124     4.161 r  doodleAudio/Audio_Codec/initialize_audio/twi_controller/FSM_gray_state[3]_i_11/O
                         net (fo=1, routed)           0.433     4.594    doodleAudio/Audio_Codec/initialize_audio/twi_controller/FSM_gray_state[3]_i_11_n_0
    SLICE_X160Y121       LUT6 (Prop_lut6_I3_O)        0.124     4.718 r  doodleAudio/Audio_Codec/initialize_audio/twi_controller/FSM_gray_state[3]_i_5/O
                         net (fo=1, routed)           0.636     5.354    doodleAudio/Audio_Codec/initialize_audio/twi_controller/FSM_gray_state[3]_i_5_n_0
    SLICE_X160Y120       LUT6 (Prop_lut6_I2_O)        0.124     5.478 r  doodleAudio/Audio_Codec/initialize_audio/twi_controller/FSM_gray_state[3]_i_1/O
                         net (fo=4, routed)           0.390     5.868    doodleAudio/Audio_Codec/initialize_audio/twi_controller/FSM_gray_state[3]_i_1_n_0
    SLICE_X161Y121       FDRE                                         r  doodleAudio/Audio_Codec/initialize_audio/twi_controller/FSM_gray_state_reg[2]/CE
  -------------------------------------------------------------------    -------------------

                         (clock clk_out2_clk_wiz_1 rise edge)
                                                      0.000     0.000 r  
    BUFGCTRL_X0Y2        BUFG                         0.000     0.000 r  clk_IBUF_BUFG_inst/O
                         net (fo=518, routed)         1.972     1.972    doodleAudio/Audio_Codec/audiocodec_master_clock/inst/clk_in1
    MMCME2_ADV_X1Y0      MMCME2_ADV (Prop_mmcme2_adv_CLKIN1_CLKOUT1)
                                                     -4.637    -2.665 r  doodleAudio/Audio_Codec/audiocodec_master_clock/inst/mmcm_adv_inst/CLKOUT1
                         net (fo=1, routed)           2.574    -0.091    doodleAudio/Audio_Codec/audiocodec_master_clock/inst/clk_out2_clk_wiz_1
    BUFGCTRL_X0Y4        BUFG (Prop_bufg_I_O)         0.091     0.000 r  doodleAudio/Audio_Codec/audiocodec_master_clock/inst/clkout2_buf/O
                         net (fo=115, routed)         1.701     1.701    doodleAudio/Audio_Codec/initialize_audio/twi_controller/clk_out2
    SLICE_X161Y121       FDRE                                         r  doodleAudio/Audio_Codec/initialize_audio/twi_controller/FSM_gray_state_reg[2]/C

Slack:                    inf
  Source:                 reset_n
                            (input port)
  Destination:            doodleAudio/Audio_Codec/initialize_audio/twi_controller/FSM_gray_state_reg[3]/CE
                            (rising edge-triggered cell FDRE clocked by clk_out2_clk_wiz_1  {rise@0.000ns fall@10.000ns period=20.000ns})
  Path Group:             (none)
  Path Type:              Setup (Max at Slow Process Corner)
  Data Path Delay:        5.868ns  (logic 1.341ns (22.849%)  route 4.527ns (77.151%))
  Logic Levels:           4  (IBUF=1 LUT6=3)
  Clock Path Skew:        1.701ns (DCD - SCD + CPR)
    Destination Clock Delay (DCD):    1.701ns
    Source Clock Delay      (SCD):    0.000ns
    Clock Pessimism Removal (CPR):    0.000ns
  Clock Uncertainty:      0.178ns  ((TSJ^2 + DJ^2)^1/2) / 2 + PE
    Total System Jitter     (TSJ):    0.050ns
    Discrete Jitter          (DJ):    0.152ns
    Phase Error              (PE):    0.099ns

    Location             Delay type                Incr(ns)  Path(ns)    Netlist Resource(s)
  -------------------------------------------------------------------    -------------------
    G4                                                0.000     0.000 r  reset_n (IN)
                         net (fo=0)                   0.000     0.000    reset_n
    G4                   IBUF (Prop_ibuf_I_O)         0.969     0.969 r  reset_n_IBUF_inst/O
                         net (fo=132, routed)         3.068     4.037    doodleAudio/Audio_Codec/initialize_audio/twi_controller/reset_n_IBUF
    SLICE_X160Y121       LUT6 (Prop_lut6_I4_O)        0.124     4.161 r  doodleAudio/Audio_Codec/initialize_audio/twi_controller/FSM_gray_state[3]_i_11/O
                         net (fo=1, routed)           0.433     4.594    doodleAudio/Audio_Codec/initialize_audio/twi_controller/FSM_gray_state[3]_i_11_n_0
    SLICE_X160Y121       LUT6 (Prop_lut6_I3_O)        0.124     4.718 r  doodleAudio/Audio_Codec/initialize_audio/twi_controller/FSM_gray_state[3]_i_5/O
                         net (fo=1, routed)           0.636     5.354    doodleAudio/Audio_Codec/initialize_audio/twi_controller/FSM_gray_state[3]_i_5_n_0
    SLICE_X160Y120       LUT6 (Prop_lut6_I2_O)        0.124     5.478 r  doodleAudio/Audio_Codec/initialize_audio/twi_controller/FSM_gray_state[3]_i_1/O
                         net (fo=4, routed)           0.390     5.868    doodleAudio/Audio_Codec/initialize_audio/twi_controller/FSM_gray_state[3]_i_1_n_0
    SLICE_X161Y121       FDRE                                         r  doodleAudio/Audio_Codec/initialize_audio/twi_controller/FSM_gray_state_reg[3]/CE
  -------------------------------------------------------------------    -------------------

                         (clock clk_out2_clk_wiz_1 rise edge)
                                                      0.000     0.000 r  
    BUFGCTRL_X0Y2        BUFG                         0.000     0.000 r  clk_IBUF_BUFG_inst/O
                         net (fo=518, routed)         1.972     1.972    doodleAudio/Audio_Codec/audiocodec_master_clock/inst/clk_in1
    MMCME2_ADV_X1Y0      MMCME2_ADV (Prop_mmcme2_adv_CLKIN1_CLKOUT1)
                                                     -4.637    -2.665 r  doodleAudio/Audio_Codec/audiocodec_master_clock/inst/mmcm_adv_inst/CLKOUT1
                         net (fo=1, routed)           2.574    -0.091    doodleAudio/Audio_Codec/audiocodec_master_clock/inst/clk_out2_clk_wiz_1
    BUFGCTRL_X0Y4        BUFG (Prop_bufg_I_O)         0.091     0.000 r  doodleAudio/Audio_Codec/audiocodec_master_clock/inst/clkout2_buf/O
                         net (fo=115, routed)         1.701     1.701    doodleAudio/Audio_Codec/initialize_audio/twi_controller/clk_out2
    SLICE_X161Y121       FDRE                                         r  doodleAudio/Audio_Codec/initialize_audio/twi_controller/FSM_gray_state_reg[3]/C

Slack:                    inf
  Source:                 reset_n
                            (input port)
  Destination:            doodleAudio/Audio_Codec/initialize_audio/data_i_reg[0]/R
                            (rising edge-triggered cell FDRE clocked by clk_out2_clk_wiz_1  {rise@0.000ns fall@10.000ns period=20.000ns})
  Path Group:             (none)
  Path Type:              Setup (Max at Slow Process Corner)
  Data Path Delay:        5.095ns  (logic 1.089ns (21.369%)  route 4.006ns (78.631%))
  Logic Levels:           2  (IBUF=1 LUT5=1)
  Clock Path Skew:        1.705ns (DCD - SCD + CPR)
    Destination Clock Delay (DCD):    1.705ns
    Source Clock Delay      (SCD):    0.000ns
    Clock Pessimism Removal (CPR):    0.000ns
  Clock Uncertainty:      0.178ns  ((TSJ^2 + DJ^2)^1/2) / 2 + PE
    Total System Jitter     (TSJ):    0.050ns
    Discrete Jitter          (DJ):    0.152ns
    Phase Error              (PE):    0.099ns

    Location             Delay type                Incr(ns)  Path(ns)    Netlist Resource(s)
  -------------------------------------------------------------------    -------------------
    G4                                                0.000     0.000 r  reset_n (IN)
                         net (fo=0)                   0.000     0.000    reset_n
    G4                   IBUF (Prop_ibuf_I_O)         0.969     0.969 r  reset_n_IBUF_inst/O
                         net (fo=132, routed)         3.075     4.044    doodleAudio/Audio_Codec/initialize_audio/reset_n_IBUF
    SLICE_X160Y118       LUT5 (Prop_lut5_I0_O)        0.120     4.164 r  doodleAudio/Audio_Codec/initialize_audio/data_i[5]_i_1/O
                         net (fo=4, routed)           0.931     5.095    doodleAudio/Audio_Codec/initialize_audio/data_i[5]_i_1_n_0
    SLICE_X160Y117       FDRE                                         r  doodleAudio/Audio_Codec/initialize_audio/data_i_reg[0]/R
  -------------------------------------------------------------------    -------------------

                         (clock clk_out2_clk_wiz_1 rise edge)
                                                      0.000     0.000 r  
    BUFGCTRL_X0Y2        BUFG                         0.000     0.000 r  clk_IBUF_BUFG_inst/O
                         net (fo=518, routed)         1.972     1.972    doodleAudio/Audio_Codec/audiocodec_master_clock/inst/clk_in1
    MMCME2_ADV_X1Y0      MMCME2_ADV (Prop_mmcme2_adv_CLKIN1_CLKOUT1)
                                                     -4.637    -2.665 r  doodleAudio/Audio_Codec/audiocodec_master_clock/inst/mmcm_adv_inst/CLKOUT1
                         net (fo=1, routed)           2.574    -0.091    doodleAudio/Audio_Codec/audiocodec_master_clock/inst/clk_out2_clk_wiz_1
    BUFGCTRL_X0Y4        BUFG (Prop_bufg_I_O)         0.091     0.000 r  doodleAudio/Audio_Codec/audiocodec_master_clock/inst/clkout2_buf/O
                         net (fo=115, routed)         1.705     1.705    doodleAudio/Audio_Codec/initialize_audio/clk_out2
    SLICE_X160Y117       FDRE                                         r  doodleAudio/Audio_Codec/initialize_audio/data_i_reg[0]/C

Slack:                    inf
  Source:                 reset_n
                            (input port)
  Destination:            doodleAudio/Audio_Codec/initialize_audio/data_i_reg[2]/R
                            (rising edge-triggered cell FDRE clocked by clk_out2_clk_wiz_1  {rise@0.000ns fall@10.000ns period=20.000ns})
  Path Group:             (none)
  Path Type:              Setup (Max at Slow Process Corner)
  Data Path Delay:        5.095ns  (logic 1.089ns (21.369%)  route 4.006ns (78.631%))
  Logic Levels:           2  (IBUF=1 LUT5=1)
  Clock Path Skew:        1.705ns (DCD - SCD + CPR)
    Destination Clock Delay (DCD):    1.705ns
    Source Clock Delay      (SCD):    0.000ns
    Clock Pessimism Removal (CPR):    0.000ns
  Clock Uncertainty:      0.178ns  ((TSJ^2 + DJ^2)^1/2) / 2 + PE
    Total System Jitter     (TSJ):    0.050ns
    Discrete Jitter          (DJ):    0.152ns
    Phase Error              (PE):    0.099ns

    Location             Delay type                Incr(ns)  Path(ns)    Netlist Resource(s)
  -------------------------------------------------------------------    -------------------
    G4                                                0.000     0.000 r  reset_n (IN)
                         net (fo=0)                   0.000     0.000    reset_n
    G4                   IBUF (Prop_ibuf_I_O)         0.969     0.969 r  reset_n_IBUF_inst/O
                         net (fo=132, routed)         3.075     4.044    doodleAudio/Audio_Codec/initialize_audio/reset_n_IBUF
    SLICE_X160Y118       LUT5 (Prop_lut5_I0_O)        0.120     4.164 r  doodleAudio/Audio_Codec/initialize_audio/data_i[5]_i_1/O
                         net (fo=4, routed)           0.931     5.095    doodleAudio/Audio_Codec/initialize_audio/data_i[5]_i_1_n_0
    SLICE_X160Y117       FDRE                                         r  doodleAudio/Audio_Codec/initialize_audio/data_i_reg[2]/R
  -------------------------------------------------------------------    -------------------

                         (clock clk_out2_clk_wiz_1 rise edge)
                                                      0.000     0.000 r  
    BUFGCTRL_X0Y2        BUFG                         0.000     0.000 r  clk_IBUF_BUFG_inst/O
                         net (fo=518, routed)         1.972     1.972    doodleAudio/Audio_Codec/audiocodec_master_clock/inst/clk_in1
    MMCME2_ADV_X1Y0      MMCME2_ADV (Prop_mmcme2_adv_CLKIN1_CLKOUT1)
                                                     -4.637    -2.665 r  doodleAudio/Audio_Codec/audiocodec_master_clock/inst/mmcm_adv_inst/CLKOUT1
                         net (fo=1, routed)           2.574    -0.091    doodleAudio/Audio_Codec/audiocodec_master_clock/inst/clk_out2_clk_wiz_1
    BUFGCTRL_X0Y4        BUFG (Prop_bufg_I_O)         0.091     0.000 r  doodleAudio/Audio_Codec/audiocodec_master_clock/inst/clkout2_buf/O
                         net (fo=115, routed)         1.705     1.705    doodleAudio/Audio_Codec/initialize_audio/clk_out2
    SLICE_X160Y117       FDRE                                         r  doodleAudio/Audio_Codec/initialize_audio/data_i_reg[2]/C





Min Delay Paths
--------------------------------------------------------------------------------------
Slack:                    inf
  Source:                 sda
                            (input port)
  Destination:            doodleAudio/Audio_Codec/initialize_audio/twi_controller/dSda_reg/D
                            (rising edge-triggered cell FDRE clocked by clk_out2_clk_wiz_1  {rise@0.000ns fall@10.000ns period=20.000ns})
  Path Group:             (none)
  Path Type:              Hold (Min at Fast Process Corner)
  Data Path Delay:        0.602ns  (logic 0.246ns (40.804%)  route 0.356ns (59.196%))
  Logic Levels:           1  (IBUF=1)
  Clock Path Skew:        0.911ns (DCD - SCD - CPR)
    Destination Clock Delay (DCD):    0.911ns
    Source Clock Delay      (SCD):    0.000ns
    Clock Pessimism Removal (CPR):    -0.000ns

    Location             Delay type                Incr(ns)  Path(ns)    Netlist Resource(s)
  -------------------------------------------------------------------    -------------------
    V5                                                0.000     0.000 r  sda (INOUT)
                         net (fo=1, unset)            0.000     0.000    sda_IOBUF_inst/IO
    V5                   IBUF (Prop_ibuf_I_O)         0.246     0.246 r  sda_IOBUF_inst/IBUF/O
                         net (fo=1, routed)           0.356     0.602    doodleAudio/Audio_Codec/initialize_audio/twi_controller/sda_IBUF
    SLICE_X162Y119       FDRE                                         r  doodleAudio/Audio_Codec/initialize_audio/twi_controller/dSda_reg/D
  -------------------------------------------------------------------    -------------------

                         (clock clk_out2_clk_wiz_1 rise edge)
                                                      0.000     0.000 r  
    BUFGCTRL_X0Y2        BUFG                         0.000     0.000 r  clk_IBUF_BUFG_inst/O
                         net (fo=518, routed)         1.022     1.022    doodleAudio/Audio_Codec/audiocodec_master_clock/inst/clk_in1
    MMCME2_ADV_X1Y0      MMCME2_ADV (Prop_mmcme2_adv_CLKIN1_CLKOUT1)
                                                     -2.040    -1.018 r  doodleAudio/Audio_Codec/audiocodec_master_clock/inst/mmcm_adv_inst/CLKOUT1
                         net (fo=1, routed)           0.989    -0.029    doodleAudio/Audio_Codec/audiocodec_master_clock/inst/clk_out2_clk_wiz_1
    BUFGCTRL_X0Y4        BUFG (Prop_bufg_I_O)         0.029    -0.000 r  doodleAudio/Audio_Codec/audiocodec_master_clock/inst/clkout2_buf/O
                         net (fo=115, routed)         0.911     0.911    doodleAudio/Audio_Codec/initialize_audio/twi_controller/clk_out2
    SLICE_X162Y119       FDRE                                         r  doodleAudio/Audio_Codec/initialize_audio/twi_controller/dSda_reg/C

Slack:                    inf
  Source:                 scl
                            (input port)
  Destination:            doodleAudio/Audio_Codec/initialize_audio/twi_controller/dScl_reg/D
                            (rising edge-triggered cell FDRE clocked by clk_out2_clk_wiz_1  {rise@0.000ns fall@10.000ns period=20.000ns})
  Path Group:             (none)
  Path Type:              Hold (Min at Fast Process Corner)
  Data Path Delay:        0.610ns  (logic 0.263ns (43.053%)  route 0.347ns (56.947%))
  Logic Levels:           1  (IBUF=1)
  Clock Path Skew:        0.911ns (DCD - SCD - CPR)
    Destination Clock Delay (DCD):    0.911ns
    Source Clock Delay      (SCD):    0.000ns
    Clock Pessimism Removal (CPR):    -0.000ns

    Location             Delay type                Incr(ns)  Path(ns)    Netlist Resource(s)
  -------------------------------------------------------------------    -------------------
    W5                                                0.000     0.000 r  scl (INOUT)
                         net (fo=1, unset)            0.000     0.000    scl_IOBUF_inst/IO
    W5                   IBUF (Prop_ibuf_I_O)         0.263     0.263 r  scl_IOBUF_inst/IBUF/O
                         net (fo=1, routed)           0.347     0.610    doodleAudio/Audio_Codec/initialize_audio/twi_controller/scl_IBUF
    SLICE_X163Y119       FDRE                                         r  doodleAudio/Audio_Codec/initialize_audio/twi_controller/dScl_reg/D
  -------------------------------------------------------------------    -------------------

                         (clock clk_out2_clk_wiz_1 rise edge)
                                                      0.000     0.000 r  
    BUFGCTRL_X0Y2        BUFG                         0.000     0.000 r  clk_IBUF_BUFG_inst/O
                         net (fo=518, routed)         1.022     1.022    doodleAudio/Audio_Codec/audiocodec_master_clock/inst/clk_in1
    MMCME2_ADV_X1Y0      MMCME2_ADV (Prop_mmcme2_adv_CLKIN1_CLKOUT1)
                                                     -2.040    -1.018 r  doodleAudio/Audio_Codec/audiocodec_master_clock/inst/mmcm_adv_inst/CLKOUT1
                         net (fo=1, routed)           0.989    -0.029    doodleAudio/Audio_Codec/audiocodec_master_clock/inst/clk_out2_clk_wiz_1
    BUFGCTRL_X0Y4        BUFG (Prop_bufg_I_O)         0.029    -0.000 r  doodleAudio/Audio_Codec/audiocodec_master_clock/inst/clkout2_buf/O
                         net (fo=115, routed)         0.911     0.911    doodleAudio/Audio_Codec/initialize_audio/twi_controller/clk_out2
    SLICE_X163Y119       FDRE                                         r  doodleAudio/Audio_Codec/initialize_audio/twi_controller/dScl_reg/C

Slack:                    inf
  Source:                 reset_n
                            (input port)
  Destination:            doodleAudio/Audio_Codec/initialize_audio/twi_controller/int_Rst_reg/D
                            (rising edge-triggered cell FDRE clocked by clk_out2_clk_wiz_1  {rise@0.000ns fall@10.000ns period=20.000ns})
  Path Group:             (none)
  Path Type:              Hold (Min at Fast Process Corner)
  Data Path Delay:        1.494ns  (logic 0.171ns (11.441%)  route 1.323ns (88.559%))
  Logic Levels:           2  (IBUF=1 LUT6=1)
  Clock Path Skew:        0.909ns (DCD - SCD - CPR)
    Destination Clock Delay (DCD):    0.909ns
    Source Clock Delay      (SCD):    0.000ns
    Clock Pessimism Removal (CPR):    -0.000ns

    Location             Delay type                Incr(ns)  Path(ns)    Netlist Resource(s)
  -------------------------------------------------------------------    -------------------
    G4                                                0.000     0.000 f  reset_n (IN)
                         net (fo=0)                   0.000     0.000    reset_n
    G4                   IBUF (Prop_ibuf_I_O)         0.126     0.126 f  reset_n_IBUF_inst/O
                         net (fo=132, routed)         1.323     1.449    doodleAudio/Audio_Codec/initialize_audio/twi_controller/reset_n_IBUF
    SLICE_X162Y121       LUT6 (Prop_lut6_I5_O)        0.045     1.494 r  doodleAudio/Audio_Codec/initialize_audio/twi_controller/int_Rst_i_1/O
                         net (fo=1, routed)           0.000     1.494    doodleAudio/Audio_Codec/initialize_audio/twi_controller/int_Rst_i_1_n_0
    SLICE_X162Y121       FDRE                                         r  doodleAudio/Audio_Codec/initialize_audio/twi_controller/int_Rst_reg/D
  -------------------------------------------------------------------    -------------------

                         (clock clk_out2_clk_wiz_1 rise edge)
                                                      0.000     0.000 r  
    BUFGCTRL_X0Y2        BUFG                         0.000     0.000 r  clk_IBUF_BUFG_inst/O
                         net (fo=518, routed)         1.022     1.022    doodleAudio/Audio_Codec/audiocodec_master_clock/inst/clk_in1
    MMCME2_ADV_X1Y0      MMCME2_ADV (Prop_mmcme2_adv_CLKIN1_CLKOUT1)
                                                     -2.040    -1.018 r  doodleAudio/Audio_Codec/audiocodec_master_clock/inst/mmcm_adv_inst/CLKOUT1
                         net (fo=1, routed)           0.989    -0.029    doodleAudio/Audio_Codec/audiocodec_master_clock/inst/clk_out2_clk_wiz_1
    BUFGCTRL_X0Y4        BUFG (Prop_bufg_I_O)         0.029    -0.000 r  doodleAudio/Audio_Codec/audiocodec_master_clock/inst/clkout2_buf/O
                         net (fo=115, routed)         0.909     0.909    doodleAudio/Audio_Codec/initialize_audio/twi_controller/clk_out2
    SLICE_X162Y121       FDRE                                         r  doodleAudio/Audio_Codec/initialize_audio/twi_controller/int_Rst_reg/C

Slack:                    inf
  Source:                 reset_n
                            (input port)
  Destination:            doodleAudio/Audio_Codec/initialize_audio/initA_reg[0]/D
                            (rising edge-triggered cell FDRE clocked by clk_out2_clk_wiz_1  {rise@0.000ns fall@10.000ns period=20.000ns})
  Path Group:             (none)
  Path Type:              Hold (Min at Fast Process Corner)
  Data Path Delay:        1.522ns  (logic 0.171ns (11.227%)  route 1.351ns (88.773%))
  Logic Levels:           2  (IBUF=1 LUT3=1)
  Clock Path Skew:        0.912ns (DCD - SCD - CPR)
    Destination Clock Delay (DCD):    0.912ns
    Source Clock Delay      (SCD):    0.000ns
    Clock Pessimism Removal (CPR):    -0.000ns

    Location             Delay type                Incr(ns)  Path(ns)    Netlist Resource(s)
  -------------------------------------------------------------------    -------------------
    G4                                                0.000     0.000 r  reset_n (IN)
                         net (fo=0)                   0.000     0.000    reset_n
    G4                   IBUF (Prop_ibuf_I_O)         0.126     0.126 r  reset_n_IBUF_inst/O
                         net (fo=132, routed)         1.351     1.477    doodleAudio/Audio_Codec/initialize_audio/twi_controller/reset_n_IBUF
    SLICE_X163Y118       LUT3 (Prop_lut3_I0_O)        0.045     1.522 r  doodleAudio/Audio_Codec/initialize_audio/twi_controller/initA[0]_i_1/O
                         net (fo=1, routed)           0.000     1.522    doodleAudio/Audio_Codec/initialize_audio/twi_controller_n_9
    SLICE_X163Y118       FDRE                                         r  doodleAudio/Audio_Codec/initialize_audio/initA_reg[0]/D
  -------------------------------------------------------------------    -------------------

                         (clock clk_out2_clk_wiz_1 rise edge)
                                                      0.000     0.000 r  
    BUFGCTRL_X0Y2        BUFG                         0.000     0.000 r  clk_IBUF_BUFG_inst/O
                         net (fo=518, routed)         1.022     1.022    doodleAudio/Audio_Codec/audiocodec_master_clock/inst/clk_in1
    MMCME2_ADV_X1Y0      MMCME2_ADV (Prop_mmcme2_adv_CLKIN1_CLKOUT1)
                                                     -2.040    -1.018 r  doodleAudio/Audio_Codec/audiocodec_master_clock/inst/mmcm_adv_inst/CLKOUT1
                         net (fo=1, routed)           0.989    -0.029    doodleAudio/Audio_Codec/audiocodec_master_clock/inst/clk_out2_clk_wiz_1
    BUFGCTRL_X0Y4        BUFG (Prop_bufg_I_O)         0.029    -0.000 r  doodleAudio/Audio_Codec/audiocodec_master_clock/inst/clkout2_buf/O
                         net (fo=115, routed)         0.912     0.912    doodleAudio/Audio_Codec/initialize_audio/clk_out2
    SLICE_X163Y118       FDRE                                         r  doodleAudio/Audio_Codec/initialize_audio/initA_reg[0]/C

Slack:                    inf
  Source:                 reset_n
                            (input port)
  Destination:            doodleAudio/Audio_Codec/initialize_audio/initA_reg[1]/D
                            (rising edge-triggered cell FDRE clocked by clk_out2_clk_wiz_1  {rise@0.000ns fall@10.000ns period=20.000ns})
  Path Group:             (none)
  Path Type:              Hold (Min at Fast Process Corner)
  Data Path Delay:        1.523ns  (logic 0.171ns (11.220%)  route 1.352ns (88.780%))
  Logic Levels:           2  (IBUF=1 LUT4=1)
  Clock Path Skew:        0.912ns (DCD - SCD - CPR)
    Destination Clock Delay (DCD):    0.912ns
    Source Clock Delay      (SCD):    0.000ns
    Clock Pessimism Removal (CPR):    -0.000ns

    Location             Delay type                Incr(ns)  Path(ns)    Netlist Resource(s)
  -------------------------------------------------------------------    -------------------
    G4                                                0.000     0.000 r  reset_n (IN)
                         net (fo=0)                   0.000     0.000    reset_n
    G4                   IBUF (Prop_ibuf_I_O)         0.126     0.126 r  reset_n_IBUF_inst/O
                         net (fo=132, routed)         1.352     1.478    doodleAudio/Audio_Codec/initialize_audio/twi_controller/reset_n_IBUF
    SLICE_X163Y118       LUT4 (Prop_lut4_I0_O)        0.045     1.523 r  doodleAudio/Audio_Codec/initialize_audio/twi_controller/initA[1]_i_1/O
                         net (fo=1, routed)           0.000     1.523    doodleAudio/Audio_Codec/initialize_audio/twi_controller_n_7
    SLICE_X163Y118       FDRE                                         r  doodleAudio/Audio_Codec/initialize_audio/initA_reg[1]/D
  -------------------------------------------------------------------    -------------------

                         (clock clk_out2_clk_wiz_1 rise edge)
                                                      0.000     0.000 r  
    BUFGCTRL_X0Y2        BUFG                         0.000     0.000 r  clk_IBUF_BUFG_inst/O
                         net (fo=518, routed)         1.022     1.022    doodleAudio/Audio_Codec/audiocodec_master_clock/inst/clk_in1
    MMCME2_ADV_X1Y0      MMCME2_ADV (Prop_mmcme2_adv_CLKIN1_CLKOUT1)
                                                     -2.040    -1.018 r  doodleAudio/Audio_Codec/audiocodec_master_clock/inst/mmcm_adv_inst/CLKOUT1
                         net (fo=1, routed)           0.989    -0.029    doodleAudio/Audio_Codec/audiocodec_master_clock/inst/clk_out2_clk_wiz_1
    BUFGCTRL_X0Y4        BUFG (Prop_bufg_I_O)         0.029    -0.000 r  doodleAudio/Audio_Codec/audiocodec_master_clock/inst/clkout2_buf/O
                         net (fo=115, routed)         0.912     0.912    doodleAudio/Audio_Codec/initialize_audio/clk_out2
    SLICE_X163Y118       FDRE                                         r  doodleAudio/Audio_Codec/initialize_audio/initA_reg[1]/C

Slack:                    inf
  Source:                 reset_n
                            (input port)
  Destination:            doodleAudio/Audio_Codec/initialize_audio/initA_reg[6]/D
                            (rising edge-triggered cell FDRE clocked by clk_out2_clk_wiz_1  {rise@0.000ns fall@10.000ns period=20.000ns})
  Path Group:             (none)
  Path Type:              Hold (Min at Fast Process Corner)
  Data Path Delay:        1.525ns  (logic 0.174ns (11.402%)  route 1.351ns (88.598%))
  Logic Levels:           2  (IBUF=1 LUT3=1)
  Clock Path Skew:        0.912ns (DCD - SCD - CPR)
    Destination Clock Delay (DCD):    0.912ns
    Source Clock Delay      (SCD):    0.000ns
    Clock Pessimism Removal (CPR):    -0.000ns

    Location             Delay type                Incr(ns)  Path(ns)    Netlist Resource(s)
  -------------------------------------------------------------------    -------------------
    G4                                                0.000     0.000 r  reset_n (IN)
                         net (fo=0)                   0.000     0.000    reset_n
    G4                   IBUF (Prop_ibuf_I_O)         0.126     0.126 r  reset_n_IBUF_inst/O
                         net (fo=132, routed)         1.351     1.477    doodleAudio/Audio_Codec/initialize_audio/twi_controller/reset_n_IBUF
    SLICE_X163Y118       LUT3 (Prop_lut3_I0_O)        0.048     1.525 r  doodleAudio/Audio_Codec/initialize_audio/twi_controller/initA[6]_i_1/O
                         net (fo=1, routed)           0.000     1.525    doodleAudio/Audio_Codec/initialize_audio/twi_controller_n_11
    SLICE_X163Y118       FDRE                                         r  doodleAudio/Audio_Codec/initialize_audio/initA_reg[6]/D
  -------------------------------------------------------------------    -------------------

                         (clock clk_out2_clk_wiz_1 rise edge)
                                                      0.000     0.000 r  
    BUFGCTRL_X0Y2        BUFG                         0.000     0.000 r  clk_IBUF_BUFG_inst/O
                         net (fo=518, routed)         1.022     1.022    doodleAudio/Audio_Codec/audiocodec_master_clock/inst/clk_in1
    MMCME2_ADV_X1Y0      MMCME2_ADV (Prop_mmcme2_adv_CLKIN1_CLKOUT1)
                                                     -2.040    -1.018 r  doodleAudio/Audio_Codec/audiocodec_master_clock/inst/mmcm_adv_inst/CLKOUT1
                         net (fo=1, routed)           0.989    -0.029    doodleAudio/Audio_Codec/audiocodec_master_clock/inst/clk_out2_clk_wiz_1
    BUFGCTRL_X0Y4        BUFG (Prop_bufg_I_O)         0.029    -0.000 r  doodleAudio/Audio_Codec/audiocodec_master_clock/inst/clkout2_buf/O
                         net (fo=115, routed)         0.912     0.912    doodleAudio/Audio_Codec/initialize_audio/clk_out2
    SLICE_X163Y118       FDRE                                         r  doodleAudio/Audio_Codec/initialize_audio/initA_reg[6]/C

Slack:                    inf
  Source:                 reset_n
                            (input port)
  Destination:            doodleAudio/Audio_Codec/initialize_audio/initA_reg[2]/D
                            (rising edge-triggered cell FDRE clocked by clk_out2_clk_wiz_1  {rise@0.000ns fall@10.000ns period=20.000ns})
  Path Group:             (none)
  Path Type:              Hold (Min at Fast Process Corner)
  Data Path Delay:        1.527ns  (logic 0.175ns (11.453%)  route 1.352ns (88.547%))
  Logic Levels:           2  (IBUF=1 LUT5=1)
  Clock Path Skew:        0.912ns (DCD - SCD - CPR)
    Destination Clock Delay (DCD):    0.912ns
    Source Clock Delay      (SCD):    0.000ns
    Clock Pessimism Removal (CPR):    -0.000ns

    Location             Delay type                Incr(ns)  Path(ns)    Netlist Resource(s)
  -------------------------------------------------------------------    -------------------
    G4                                                0.000     0.000 r  reset_n (IN)
                         net (fo=0)                   0.000     0.000    reset_n
    G4                   IBUF (Prop_ibuf_I_O)         0.126     0.126 r  reset_n_IBUF_inst/O
                         net (fo=132, routed)         1.352     1.478    doodleAudio/Audio_Codec/initialize_audio/twi_controller/reset_n_IBUF
    SLICE_X163Y118       LUT5 (Prop_lut5_I0_O)        0.049     1.527 r  doodleAudio/Audio_Codec/initialize_audio/twi_controller/initA[2]_i_1/O
                         net (fo=1, routed)           0.000     1.527    doodleAudio/Audio_Codec/initialize_audio/twi_controller_n_8
    SLICE_X163Y118       FDRE                                         r  doodleAudio/Audio_Codec/initialize_audio/initA_reg[2]/D
  -------------------------------------------------------------------    -------------------

                         (clock clk_out2_clk_wiz_1 rise edge)
                                                      0.000     0.000 r  
    BUFGCTRL_X0Y2        BUFG                         0.000     0.000 r  clk_IBUF_BUFG_inst/O
                         net (fo=518, routed)         1.022     1.022    doodleAudio/Audio_Codec/audiocodec_master_clock/inst/clk_in1
    MMCME2_ADV_X1Y0      MMCME2_ADV (Prop_mmcme2_adv_CLKIN1_CLKOUT1)
                                                     -2.040    -1.018 r  doodleAudio/Audio_Codec/audiocodec_master_clock/inst/mmcm_adv_inst/CLKOUT1
                         net (fo=1, routed)           0.989    -0.029    doodleAudio/Audio_Codec/audiocodec_master_clock/inst/clk_out2_clk_wiz_1
    BUFGCTRL_X0Y4        BUFG (Prop_bufg_I_O)         0.029    -0.000 r  doodleAudio/Audio_Codec/audiocodec_master_clock/inst/clkout2_buf/O
                         net (fo=115, routed)         0.912     0.912    doodleAudio/Audio_Codec/initialize_audio/clk_out2
    SLICE_X163Y118       FDRE                                         r  doodleAudio/Audio_Codec/initialize_audio/initA_reg[2]/C

Slack:                    inf
  Source:                 reset_n
                            (input port)
  Destination:            doodleAudio/Audio_Codec/initialize_audio/delayEn_reg/D
                            (rising edge-triggered cell FDRE clocked by clk_out2_clk_wiz_1  {rise@0.000ns fall@10.000ns period=20.000ns})
  Path Group:             (none)
  Path Type:              Hold (Min at Fast Process Corner)
  Data Path Delay:        1.573ns  (logic 0.171ns (10.864%)  route 1.402ns (89.136%))
  Logic Levels:           2  (IBUF=1 LUT6=1)
  Clock Path Skew:        0.911ns (DCD - SCD - CPR)
    Destination Clock Delay (DCD):    0.911ns
    Source Clock Delay      (SCD):    0.000ns
    Clock Pessimism Removal (CPR):    -0.000ns

    Location             Delay type                Incr(ns)  Path(ns)    Netlist Resource(s)
  -------------------------------------------------------------------    -------------------
    G4                                                0.000     0.000 r  reset_n (IN)
                         net (fo=0)                   0.000     0.000    reset_n
    G4                   IBUF (Prop_ibuf_I_O)         0.126     0.126 r  reset_n_IBUF_inst/O
                         net (fo=132, routed)         1.402     1.528    doodleAudio/Audio_Codec/initialize_audio/reset_n_IBUF
    SLICE_X162Y119       LUT6 (Prop_lut6_I5_O)        0.045     1.573 r  doodleAudio/Audio_Codec/initialize_audio/delayEn_i_1/O
                         net (fo=1, routed)           0.000     1.573    doodleAudio/Audio_Codec/initialize_audio/delayEn_i_1_n_0
    SLICE_X162Y119       FDRE                                         r  doodleAudio/Audio_Codec/initialize_audio/delayEn_reg/D
  -------------------------------------------------------------------    -------------------

                         (clock clk_out2_clk_wiz_1 rise edge)
                                                      0.000     0.000 r  
    BUFGCTRL_X0Y2        BUFG                         0.000     0.000 r  clk_IBUF_BUFG_inst/O
                         net (fo=518, routed)         1.022     1.022    doodleAudio/Audio_Codec/audiocodec_master_clock/inst/clk_in1
    MMCME2_ADV_X1Y0      MMCME2_ADV (Prop_mmcme2_adv_CLKIN1_CLKOUT1)
                                                     -2.040    -1.018 r  doodleAudio/Audio_Codec/audiocodec_master_clock/inst/mmcm_adv_inst/CLKOUT1
                         net (fo=1, routed)           0.989    -0.029    doodleAudio/Audio_Codec/audiocodec_master_clock/inst/clk_out2_clk_wiz_1
    BUFGCTRL_X0Y4        BUFG (Prop_bufg_I_O)         0.029    -0.000 r  doodleAudio/Audio_Codec/audiocodec_master_clock/inst/clkout2_buf/O
                         net (fo=115, routed)         0.911     0.911    doodleAudio/Audio_Codec/initialize_audio/clk_out2
    SLICE_X162Y119       FDRE                                         r  doodleAudio/Audio_Codec/initialize_audio/delayEn_reg/C

Slack:                    inf
  Source:                 reset_n
                            (input port)
  Destination:            doodleAudio/Audio_Codec/initialize_audio/initA_reg[4]/D
                            (rising edge-triggered cell FDRE clocked by clk_out2_clk_wiz_1  {rise@0.000ns fall@10.000ns period=20.000ns})
  Path Group:             (none)
  Path Type:              Hold (Min at Fast Process Corner)
  Data Path Delay:        1.603ns  (logic 0.171ns (10.660%)  route 1.432ns (89.340%))
  Logic Levels:           2  (IBUF=1 LUT6=1)
  Clock Path Skew:        0.912ns (DCD - SCD - CPR)
    Destination Clock Delay (DCD):    0.912ns
    Source Clock Delay      (SCD):    0.000ns
    Clock Pessimism Removal (CPR):    -0.000ns

    Location             Delay type                Incr(ns)  Path(ns)    Netlist Resource(s)
  -------------------------------------------------------------------    -------------------
    G4                                                0.000     0.000 r  reset_n (IN)
                         net (fo=0)                   0.000     0.000    reset_n
    G4                   IBUF (Prop_ibuf_I_O)         0.126     0.126 r  reset_n_IBUF_inst/O
                         net (fo=132, routed)         1.432     1.558    doodleAudio/Audio_Codec/initialize_audio/twi_controller/reset_n_IBUF
    SLICE_X162Y118       LUT6 (Prop_lut6_I0_O)        0.045     1.603 r  doodleAudio/Audio_Codec/initialize_audio/twi_controller/initA[4]_i_1/O
                         net (fo=1, routed)           0.000     1.603    doodleAudio/Audio_Codec/initialize_audio/twi_controller_n_12
    SLICE_X162Y118       FDRE                                         r  doodleAudio/Audio_Codec/initialize_audio/initA_reg[4]/D
  -------------------------------------------------------------------    -------------------

                         (clock clk_out2_clk_wiz_1 rise edge)
                                                      0.000     0.000 r  
    BUFGCTRL_X0Y2        BUFG                         0.000     0.000 r  clk_IBUF_BUFG_inst/O
                         net (fo=518, routed)         1.022     1.022    doodleAudio/Audio_Codec/audiocodec_master_clock/inst/clk_in1
    MMCME2_ADV_X1Y0      MMCME2_ADV (Prop_mmcme2_adv_CLKIN1_CLKOUT1)
                                                     -2.040    -1.018 r  doodleAudio/Audio_Codec/audiocodec_master_clock/inst/mmcm_adv_inst/CLKOUT1
                         net (fo=1, routed)           0.989    -0.029    doodleAudio/Audio_Codec/audiocodec_master_clock/inst/clk_out2_clk_wiz_1
    BUFGCTRL_X0Y4        BUFG (Prop_bufg_I_O)         0.029    -0.000 r  doodleAudio/Audio_Codec/audiocodec_master_clock/inst/clkout2_buf/O
                         net (fo=115, routed)         0.912     0.912    doodleAudio/Audio_Codec/initialize_audio/clk_out2
    SLICE_X162Y118       FDRE                                         r  doodleAudio/Audio_Codec/initialize_audio/initA_reg[4]/C

Slack:                    inf
  Source:                 reset_n
                            (input port)
  Destination:            doodleAudio/Audio_Codec/initialize_audio/data_i_reg[1]/CE
                            (rising edge-triggered cell FDRE clocked by clk_out2_clk_wiz_1  {rise@0.000ns fall@10.000ns period=20.000ns})
  Path Group:             (none)
  Path Type:              Hold (Min at Fast Process Corner)
  Data Path Delay:        1.614ns  (logic 0.126ns (7.800%)  route 1.488ns (92.200%))
  Logic Levels:           1  (IBUF=1)
  Clock Path Skew:        0.912ns (DCD - SCD - CPR)
    Destination Clock Delay (DCD):    0.912ns
    Source Clock Delay      (SCD):    0.000ns
    Clock Pessimism Removal (CPR):    -0.000ns

    Location             Delay type                Incr(ns)  Path(ns)    Netlist Resource(s)
  -------------------------------------------------------------------    -------------------
    G4                                                0.000     0.000 r  reset_n (IN)
                         net (fo=0)                   0.000     0.000    reset_n
    G4                   IBUF (Prop_ibuf_I_O)         0.126     0.126 r  reset_n_IBUF_inst/O
                         net (fo=132, routed)         1.488     1.614    doodleAudio/Audio_Codec/initialize_audio/reset_n_IBUF
    SLICE_X161Y118       FDRE                                         r  doodleAudio/Audio_Codec/initialize_audio/data_i_reg[1]/CE
  -------------------------------------------------------------------    -------------------

                         (clock clk_out2_clk_wiz_1 rise edge)
                                                      0.000     0.000 r  
    BUFGCTRL_X0Y2        BUFG                         0.000     0.000 r  clk_IBUF_BUFG_inst/O
                         net (fo=518, routed)         1.022     1.022    doodleAudio/Audio_Codec/audiocodec_master_clock/inst/clk_in1
    MMCME2_ADV_X1Y0      MMCME2_ADV (Prop_mmcme2_adv_CLKIN1_CLKOUT1)
                                                     -2.040    -1.018 r  doodleAudio/Audio_Codec/audiocodec_master_clock/inst/mmcm_adv_inst/CLKOUT1
                         net (fo=1, routed)           0.989    -0.029    doodleAudio/Audio_Codec/audiocodec_master_clock/inst/clk_out2_clk_wiz_1
    BUFGCTRL_X0Y4        BUFG (Prop_bufg_I_O)         0.029    -0.000 r  doodleAudio/Audio_Codec/audiocodec_master_clock/inst/clkout2_buf/O
                         net (fo=115, routed)         0.912     0.912    doodleAudio/Audio_Codec/initialize_audio/clk_out2
    SLICE_X161Y118       FDRE                                         r  doodleAudio/Audio_Codec/initialize_audio/data_i_reg[1]/C





