Copyright 1986-2022 Xilinx, Inc. All Rights Reserved. Copyright 2022-2024 Advanced Micro Devices, Inc. All Rights Reserved.
---------------------------------------------------------------------------------------------------------------------------------------------------------------------------------------------------------
| Tool Version : Vivado v.2024.2 (win64) Build 5239630 Fri Nov 08 22:35:27 MST 2024
| Date         : Tue Feb 17 08:40:00 2026
| Host         : C27-5CG3123P67 running 64-bit major release  (build 9200)
| Command      : report_timing_summary -max_paths 10 -report_unconstrained -file lab2_timing_summary_routed.rpt -pb lab2_timing_summary_routed.pb -rpx lab2_timing_summary_routed.rpx -warn_on_violation
| Design       : lab2
| Device       : 7a200t-sbg484
| Speed File   : -1  PRODUCTION 1.23 2018-06-13
| Design State : Routed
---------------------------------------------------------------------------------------------------------------------------------------------------------------------------------------------------------

Timing Summary Report

------------------------------------------------------------------------------------------------
| Timer Settings
| --------------
------------------------------------------------------------------------------------------------

  Enable Multi Corner Analysis               :  Yes
  Enable Pessimism Removal                   :  Yes
  Pessimism Removal Resolution               :  Nearest Common Node
  Enable Input Delay Default Clock           :  No
  Enable Preset / Clear Arcs                 :  No
  Disable Flight Delays                      :  No
  Ignore I/O Paths                           :  No
  Timing Early Launch at Borrowing Latches   :  No
  Borrow Time for Max Delay Exceptions       :  Yes
  Merge Timing Exceptions                    :  Yes
  Inter-SLR Compensation                     :  Conservative

  Corner  Analyze    Analyze    
  Name    Max Paths  Min Paths  
  ------  ---------  ---------  
  Slow    Yes        Yes        
  Fast    Yes        Yes        


------------------------------------------------------------------------------------------------
| Report Methodology
| ------------------
------------------------------------------------------------------------------------------------

Rule       Severity          Description                                        Violations  
---------  ----------------  -------------------------------------------------  ----------  
TIMING-17  Critical Warning  Non-clocked sequential cell                        303         
TIMING-27  Critical Warning  Invalid primary clock on hierarchical pin          2           
TIMING-20  Warning           Non-clocked latch                                  3           
XDCC-2     Warning           Scoped Non-Timing constraint/property overwritten  1           
LATCH-1    Advisory          Existing latches in the design                     1           

Note: This report is based on the most recent report_methodology run and may not be up-to-date. Run report_methodology on the current design for the latest report.



check_timing report

Table of Contents
-----------------
1. checking no_clock (312)
2. checking constant_clock (0)
3. checking pulse_width_clock (0)
4. checking unconstrained_internal_endpoints (859)
5. checking no_input_delay (12)
6. checking no_output_delay (9)
7. checking multiple_clock (0)
8. checking generated_clocks (0)
9. checking loops (0)
10. checking partial_input_delay (0)
11. checking partial_output_delay (0)
12. checking latch_loops (0)

1. checking no_clock (312)
--------------------------
 There are 303 register/latch pins with no clock driven by root clock pin: clk (HIGH)

 There are 3 register/latch pins with no clock driven by root clock pin: control/FSM_sequential_state_reg[0]/Q (HIGH)

 There are 3 register/latch pins with no clock driven by root clock pin: control/FSM_sequential_state_reg[1]/Q (HIGH)

 There are 3 register/latch pins with no clock driven by root clock pin: control/FSM_sequential_state_reg[2]/Q (HIGH)


2. checking constant_clock (0)
------------------------------
 There are 0 register/latch pins with constant_clock.


3. checking pulse_width_clock (0)
---------------------------------
 There are 0 register/latch pins which need pulse_width check


4. checking unconstrained_internal_endpoints (859)
--------------------------------------------------
 There are 859 pins that are not constrained for maximum delay. (HIGH)

 There are 0 pins that are not constrained for maximum delay due to constant clock.


5. checking no_input_delay (12)
-------------------------------
 There are 12 input ports with no input delay specified. (HIGH)

 There are 0 input ports with no input delay but user has a false path constraint.


6. checking no_output_delay (9)
-------------------------------
 There are 9 ports with no output delay specified. (HIGH)

 There are 0 ports with no output delay but user has a false path constraint

 There are 0 ports with no output delay but with a timing clock defined on it or propagating through it


7. checking multiple_clock (0)
------------------------------
 There are 0 register/latch pins with multiple clocks.


8. checking generated_clocks (0)
--------------------------------
 There are 0 generated clocks that are not connected to a clock source.


9. checking loops (0)
---------------------
 There are 0 combinational loops in the design.


10. checking partial_input_delay (0)
------------------------------------
 There are 0 input ports with partial input delay specified.


11. checking partial_output_delay (0)
-------------------------------------
 There are 0 ports with partial output delay specified.


12. checking latch_loops (0)
----------------------------
 There are 0 combinational latch loops in the design through latch input



------------------------------------------------------------------------------------------------
| Design Timing Summary
| ---------------------
------------------------------------------------------------------------------------------------

    WNS(ns)      TNS(ns)  TNS Failing Endpoints  TNS Total Endpoints      WHS(ns)      THS(ns)  THS Failing Endpoints  THS Total Endpoints     WPWS(ns)     TPWS(ns)  TPWS Failing Endpoints  TPWS Total Endpoints  
    -------      -------  ---------------------  -------------------      -------      -------  ---------------------  -------------------     --------     --------  ----------------------  --------------------  
      3.852        0.000                      0                  405        0.140        0.000                      0                  405        3.000        0.000                       0                   262  


All user specified timing constraints are met.


------------------------------------------------------------------------------------------------
| Clock Summary
| -------------
------------------------------------------------------------------------------------------------

Clock                                                          Waveform(ns)         Period(ns)      Frequency(MHz)
-----                                                          ------------         ----------      --------------
datapath/Audio_Codec/audiocodec_master_clock/inst/clk_in1      {0.000 5.000}        10.000          100.000         
  clk_out1_clk_wiz_1                                           {0.000 40.687}       81.375          12.289          
  clk_out2_clk_wiz_1                                           {0.000 10.000}       20.000          50.000          
  clkfbout_clk_wiz_1                                           {0.000 5.000}        10.000          100.000         
datapath/video_inst/mmcm_adv_inst_display_clocks/inst/clk_in1  {0.000 5.000}        10.000          100.000         
  clk_out1_clk_wiz_0                                           {0.000 20.000}       40.000          25.000          
  clk_out2_clk_wiz_0                                           {0.000 4.000}        8.000           125.000         
  clkfbout_clk_wiz_0                                           {0.000 5.000}        10.000          100.000         


------------------------------------------------------------------------------------------------
| Intra Clock Table
| -----------------
------------------------------------------------------------------------------------------------

Clock                                                              WNS(ns)      TNS(ns)  TNS Failing Endpoints  TNS Total Endpoints      WHS(ns)      THS(ns)  THS Failing Endpoints  THS Total Endpoints     WPWS(ns)     TPWS(ns)  TPWS Failing Endpoints  TPWS Total Endpoints  
-----                                                              -------      -------  ---------------------  -------------------      -------      -------  ---------------------  -------------------     --------     --------  ----------------------  --------------------  
datapath/Audio_Codec/audiocodec_master_clock/inst/clk_in1                                                                                                                                                        3.000        0.000                       0                     1  
  clk_out1_clk_wiz_1                                                                                                                                                                                            79.220        0.000                       0                     2  
  clk_out2_clk_wiz_1                                                14.995        0.000                      0                  207        0.168        0.000                      0                  207        9.500        0.000                       0                   117  
  clkfbout_clk_wiz_1                                                                                                                                                                                             7.845        0.000                       0                     3  
datapath/video_inst/mmcm_adv_inst_display_clocks/inst/clk_in1                                                                                                                                                    3.000        0.000                       0                     1  
  clk_out1_clk_wiz_0                                                26.609        0.000                      0                  139        0.156        0.000                      0                  139       19.500        0.000                       0                    89  
  clk_out2_clk_wiz_0                                                 3.852        0.000                      0                   53        0.205        0.000                      0                   53        3.500        0.000                       0                    46  
  clkfbout_clk_wiz_0                                                                                                                                                                                             7.845        0.000                       0                     3  


------------------------------------------------------------------------------------------------
| Inter Clock Table
| -----------------
------------------------------------------------------------------------------------------------

From Clock          To Clock                WNS(ns)      TNS(ns)  TNS Failing Endpoints  TNS Total Endpoints      WHS(ns)      THS(ns)  THS Failing Endpoints  THS Total Endpoints  
----------          --------                -------      -------  ---------------------  -------------------      -------      -------  ---------------------  -------------------  
clk_out1_clk_wiz_0  clk_out2_clk_wiz_0        4.491        0.000                      0                   30        0.140        0.000                      0                   30  


------------------------------------------------------------------------------------------------
| Other Path Groups Table
| -----------------------
------------------------------------------------------------------------------------------------

Path Group    From Clock    To Clock          WNS(ns)      TNS(ns)  TNS Failing Endpoints  TNS Total Endpoints      WHS(ns)      THS(ns)  THS Failing Endpoints  THS Total Endpoints  
----------    ----------    --------          -------      -------  ---------------------  -------------------      -------      -------  ---------------------  -------------------  


------------------------------------------------------------------------------------------------
| User Ignored Path Table
| -----------------------
------------------------------------------------------------------------------------------------

Path Group    From Clock    To Clock    
----------    ----------    --------    


------------------------------------------------------------------------------------------------
| Unconstrained Path Table
| ------------------------
------------------------------------------------------------------------------------------------

Path Group          From Clock          To Clock          
----------          ----------          --------          
(none)                                                      
(none)              clk_out1_clk_wiz_0                      
(none)              clk_out1_clk_wiz_1                      
(none)              clk_out2_clk_wiz_0                      
(none)              clk_out2_clk_wiz_1                      
(none)              clkfbout_clk_wiz_0                      
(none)              clkfbout_clk_wiz_1                      
(none)                                  clk_out1_clk_wiz_0  
(none)                                  clk_out2_clk_wiz_1  


------------------------------------------------------------------------------------------------
| Timing Details
| --------------
------------------------------------------------------------------------------------------------


---------------------------------------------------------------------------------------------------
From Clock:  datapath/Audio_Codec/audiocodec_master_clock/inst/clk_in1
  To Clock:  datapath/Audio_Codec/audiocodec_master_clock/inst/clk_in1

Setup :           NA  Failing Endpoints,  Worst Slack           NA  ,  Total Violation           NA
Hold  :           NA  Failing Endpoints,  Worst Slack           NA  ,  Total Violation           NA
PW    :            0  Failing Endpoints,  Worst Slack        3.000ns,  Total Violation        0.000ns
---------------------------------------------------------------------------------------------------


Pulse Width Checks
--------------------------------------------------------------------------------------
Clock Name:         datapath/Audio_Codec/audiocodec_master_clock/inst/clk_in1
Waveform(ns):       { 0.000 5.000 }
Period(ns):         10.000
Sources:            { datapath/Audio_Codec/audiocodec_master_clock/inst/clk_in1 }

Check Type        Corner  Lib Pin            Reference Pin  Required(ns)  Actual(ns)  Slack(ns)  Location         Pin
Min Period        n/a     MMCME2_ADV/CLKIN1  n/a            1.249         10.000      8.751      MMCME2_ADV_X0Y2  datapath/Audio_Codec/audiocodec_master_clock/inst/mmcm_adv_inst/CLKIN1
Max Period        n/a     MMCME2_ADV/CLKIN1  n/a            100.000       10.000      90.000     MMCME2_ADV_X0Y2  datapath/Audio_Codec/audiocodec_master_clock/inst/mmcm_adv_inst/CLKIN1
Low Pulse Width   Slow    MMCME2_ADV/CLKIN1  n/a            2.000         5.000       3.000      MMCME2_ADV_X0Y2  datapath/Audio_Codec/audiocodec_master_clock/inst/mmcm_adv_inst/CLKIN1
Low Pulse Width   Fast    MMCME2_ADV/CLKIN1  n/a            2.000         5.000       3.000      MMCME2_ADV_X0Y2  datapath/Audio_Codec/audiocodec_master_clock/inst/mmcm_adv_inst/CLKIN1
High Pulse Width  Slow    MMCME2_ADV/CLKIN1  n/a            2.000         5.000       3.000      MMCME2_ADV_X0Y2  datapath/Audio_Codec/audiocodec_master_clock/inst/mmcm_adv_inst/CLKIN1
High Pulse Width  Fast    MMCME2_ADV/CLKIN1  n/a            2.000         5.000       3.000      MMCME2_ADV_X0Y2  datapath/Audio_Codec/audiocodec_master_clock/inst/mmcm_adv_inst/CLKIN1



---------------------------------------------------------------------------------------------------
From Clock:  clk_out1_clk_wiz_1
  To Clock:  clk_out1_clk_wiz_1

Setup :           NA  Failing Endpoints,  Worst Slack           NA  ,  Total Violation           NA
Hold  :           NA  Failing Endpoints,  Worst Slack           NA  ,  Total Violation           NA
PW    :            0  Failing Endpoints,  Worst Slack       79.220ns,  Total Violation        0.000ns
---------------------------------------------------------------------------------------------------


Pulse Width Checks
--------------------------------------------------------------------------------------
Clock Name:         clk_out1_clk_wiz_1
Waveform(ns):       { 0.000 40.688 }
Period(ns):         81.375
Sources:            { datapath/Audio_Codec/audiocodec_master_clock/inst/mmcm_adv_inst/CLKOUT0 }

Check Type  Corner  Lib Pin             Reference Pin  Required(ns)  Actual(ns)  Slack(ns)  Location         Pin
Min Period  n/a     BUFG/I              n/a            2.155         81.375      79.220     BUFGCTRL_X0Y1    datapath/Audio_Codec/audiocodec_master_clock/inst/clkout1_buf/I
Min Period  n/a     MMCME2_ADV/CLKOUT0  n/a            1.249         81.375      80.126     MMCME2_ADV_X0Y2  datapath/Audio_Codec/audiocodec_master_clock/inst/mmcm_adv_inst/CLKOUT0
Max Period  n/a     MMCME2_ADV/CLKOUT0  n/a            213.360       81.375      131.985    MMCME2_ADV_X0Y2  datapath/Audio_Codec/audiocodec_master_clock/inst/mmcm_adv_inst/CLKOUT0



---------------------------------------------------------------------------------------------------
From Clock:  clk_out2_clk_wiz_1
  To Clock:  clk_out2_clk_wiz_1

Setup :            0  Failing Endpoints,  Worst Slack       14.995ns,  Total Violation        0.000ns
Hold  :            0  Failing Endpoints,  Worst Slack        0.168ns,  Total Violation        0.000ns
PW    :            0  Failing Endpoints,  Worst Slack        9.500ns,  Total Violation        0.000ns
---------------------------------------------------------------------------------------------------


Max Delay Paths
--------------------------------------------------------------------------------------
Slack (MET) :             14.995ns  (required time - arrival time)
  Source:                 datapath/Audio_Codec/initialize_audio/twi_controller/dScl_reg/C
                            (rising edge-triggered cell FDRE clocked by clk_out2_clk_wiz_1  {rise@0.000ns fall@10.000ns period=20.000ns})
  Destination:            datapath/Audio_Codec/initialize_audio/twi_controller/FSM_gray_state_reg[3]/CE
                            (rising edge-triggered cell FDRE clocked by clk_out2_clk_wiz_1  {rise@0.000ns fall@10.000ns period=20.000ns})
  Path Group:             clk_out2_clk_wiz_1
  Path Type:              Setup (Max at Slow Process Corner)
  Requirement:            20.000ns  (clk_out2_clk_wiz_1 rise@20.000ns - clk_out2_clk_wiz_1 rise@0.000ns)
  Data Path Delay:        4.690ns  (logic 1.145ns (24.414%)  route 3.545ns (75.586%))
  Logic Levels:           4  (LUT3=1 LUT5=1 LUT6=2)
  Clock Path Skew:        -0.026ns (DCD - SCD + CPR)
    Destination Clock Delay (DCD):    1.698ns = ( 21.698 - 20.000 ) 
    Source Clock Delay      (SCD):    1.818ns
    Clock Pessimism Removal (CPR):    0.094ns
  Clock Uncertainty:      0.084ns  ((TSJ^2 + DJ^2)^1/2) / 2 + PE
    Total System Jitter     (TSJ):    0.071ns
    Discrete Jitter          (DJ):    0.152ns
    Phase Error              (PE):    0.000ns

    Location             Delay type                Incr(ns)  Path(ns)    Netlist Resource(s)
  -------------------------------------------------------------------    -------------------
                         (clock clk_out2_clk_wiz_1 rise edge)
                                                      0.000     0.000 r  
    BUFGCTRL_X0Y2        BUFG                         0.000     0.000 r  clk_IBUF_BUFG_inst/O
                         net (fo=305, routed)         1.761     1.761    datapath/Audio_Codec/audiocodec_master_clock/inst/clk_in1
    MMCME2_ADV_X0Y2      MMCME2_ADV (Prop_mmcme2_adv_CLKIN1_CLKOUT1)
                                                     -3.701    -1.939 r  datapath/Audio_Codec/audiocodec_master_clock/inst/mmcm_adv_inst/CLKOUT1
                         net (fo=1, routed)           1.843    -0.096    datapath/Audio_Codec/audiocodec_master_clock/inst/clk_out2_clk_wiz_1
    BUFGCTRL_X0Y3        BUFG (Prop_bufg_I_O)         0.096    -0.000 r  datapath/Audio_Codec/audiocodec_master_clock/inst/clkout2_buf/O
                         net (fo=115, routed)         1.818     1.818    datapath/Audio_Codec/initialize_audio/twi_controller/CLK
    SLICE_X162Y121       FDRE                                         r  datapath/Audio_Codec/initialize_audio/twi_controller/dScl_reg/C
  -------------------------------------------------------------------    -------------------
    SLICE_X162Y121       FDRE (Prop_fdre_C_Q)         0.478     2.296 r  datapath/Audio_Codec/initialize_audio/twi_controller/dScl_reg/Q
                         net (fo=6, routed)           0.755     3.051    datapath/Audio_Codec/initialize_audio/twi_controller/dScl
    SLICE_X162Y121       LUT3 (Prop_lut3_I0_O)        0.295     3.346 f  datapath/Audio_Codec/initialize_audio/twi_controller/FSM_gray_state[3]_i_7/O
                         net (fo=7, routed)           0.988     4.334    datapath/Audio_Codec/initialize_audio/twi_controller/FSM_gray_state[3]_i_7_n_0
    SLICE_X161Y123       LUT5 (Prop_lut5_I4_O)        0.124     4.458 r  datapath/Audio_Codec/initialize_audio/twi_controller/DONE_O_i_4/O
                         net (fo=2, routed)           0.659     5.117    datapath/Audio_Codec/initialize_audio/twi_controller/DONE_O_i_4_n_0
    SLICE_X162Y122       LUT6 (Prop_lut6_I4_O)        0.124     5.241 r  datapath/Audio_Codec/initialize_audio/twi_controller/FSM_gray_state[3]_i_3/O
                         net (fo=1, routed)           0.607     5.848    datapath/Audio_Codec/initialize_audio/twi_controller/FSM_gray_state[3]_i_3_n_0
    SLICE_X162Y123       LUT6 (Prop_lut6_I0_O)        0.124     5.972 r  datapath/Audio_Codec/initialize_audio/twi_controller/FSM_gray_state[3]_i_1/O
                         net (fo=4, routed)           0.536     6.508    datapath/Audio_Codec/initialize_audio/twi_controller/FSM_gray_state[3]_i_1_n_0
    SLICE_X161Y123       FDRE                                         r  datapath/Audio_Codec/initialize_audio/twi_controller/FSM_gray_state_reg[3]/CE
  -------------------------------------------------------------------    -------------------

                         (clock clk_out2_clk_wiz_1 rise edge)
                                                     20.000    20.000 r  
    BUFGCTRL_X0Y2        BUFG                         0.000    20.000 r  clk_IBUF_BUFG_inst/O
                         net (fo=305, routed)         1.643    21.643    datapath/Audio_Codec/audiocodec_master_clock/inst/clk_in1
    MMCME2_ADV_X0Y2      MMCME2_ADV (Prop_mmcme2_adv_CLKIN1_CLKOUT1)
                                                     -3.494    18.149 r  datapath/Audio_Codec/audiocodec_master_clock/inst/mmcm_adv_inst/CLKOUT1
                         net (fo=1, routed)           1.760    19.909    datapath/Audio_Codec/audiocodec_master_clock/inst/clk_out2_clk_wiz_1
    BUFGCTRL_X0Y3        BUFG (Prop_bufg_I_O)         0.091    20.000 r  datapath/Audio_Codec/audiocodec_master_clock/inst/clkout2_buf/O
                         net (fo=115, routed)         1.698    21.698    datapath/Audio_Codec/initialize_audio/twi_controller/CLK
    SLICE_X161Y123       FDRE                                         r  datapath/Audio_Codec/initialize_audio/twi_controller/FSM_gray_state_reg[3]/C
                         clock pessimism              0.094    21.792    
                         clock uncertainty           -0.084    21.709    
    SLICE_X161Y123       FDRE (Setup_fdre_C_CE)      -0.205    21.504    datapath/Audio_Codec/initialize_audio/twi_controller/FSM_gray_state_reg[3]
  -------------------------------------------------------------------
                         required time                         21.504    
                         arrival time                          -6.508    
  -------------------------------------------------------------------
                         slack                                 14.995    

Slack (MET) :             15.079ns  (required time - arrival time)
  Source:                 datapath/Audio_Codec/initialize_audio/delaycnt_reg[28]/C
                            (rising edge-triggered cell FDRE clocked by clk_out2_clk_wiz_1  {rise@0.000ns fall@10.000ns period=20.000ns})
  Destination:            datapath/Audio_Codec/initialize_audio/initA_reg[2]/CE
                            (rising edge-triggered cell FDRE clocked by clk_out2_clk_wiz_1  {rise@0.000ns fall@10.000ns period=20.000ns})
  Path Group:             clk_out2_clk_wiz_1
  Path Type:              Setup (Max at Slow Process Corner)
  Requirement:            20.000ns  (clk_out2_clk_wiz_1 rise@20.000ns - clk_out2_clk_wiz_1 rise@0.000ns)
  Data Path Delay:        4.648ns  (logic 1.076ns (23.148%)  route 3.572ns (76.852%))
  Logic Levels:           5  (LUT4=2 LUT5=1 LUT6=2)
  Clock Path Skew:        -0.020ns (DCD - SCD + CPR)
    Destination Clock Delay (DCD):    1.699ns = ( 21.699 - 20.000 ) 
    Source Clock Delay      (SCD):    1.813ns
    Clock Pessimism Removal (CPR):    0.094ns
  Clock Uncertainty:      0.084ns  ((TSJ^2 + DJ^2)^1/2) / 2 + PE
    Total System Jitter     (TSJ):    0.071ns
    Discrete Jitter          (DJ):    0.152ns
    Phase Error              (PE):    0.000ns

    Location             Delay type                Incr(ns)  Path(ns)    Netlist Resource(s)
  -------------------------------------------------------------------    -------------------
                         (clock clk_out2_clk_wiz_1 rise edge)
                                                      0.000     0.000 r  
    BUFGCTRL_X0Y2        BUFG                         0.000     0.000 r  clk_IBUF_BUFG_inst/O
                         net (fo=305, routed)         1.761     1.761    datapath/Audio_Codec/audiocodec_master_clock/inst/clk_in1
    MMCME2_ADV_X0Y2      MMCME2_ADV (Prop_mmcme2_adv_CLKIN1_CLKOUT1)
                                                     -3.701    -1.939 r  datapath/Audio_Codec/audiocodec_master_clock/inst/mmcm_adv_inst/CLKOUT1
                         net (fo=1, routed)           1.843    -0.096    datapath/Audio_Codec/audiocodec_master_clock/inst/clk_out2_clk_wiz_1
    BUFGCTRL_X0Y3        BUFG (Prop_bufg_I_O)         0.096    -0.000 r  datapath/Audio_Codec/audiocodec_master_clock/inst/clkout2_buf/O
                         net (fo=115, routed)         1.813     1.813    datapath/Audio_Codec/initialize_audio/CLK
    SLICE_X156Y127       FDRE                                         r  datapath/Audio_Codec/initialize_audio/delaycnt_reg[28]/C
  -------------------------------------------------------------------    -------------------
    SLICE_X156Y127       FDRE (Prop_fdre_C_Q)         0.456     2.269 f  datapath/Audio_Codec/initialize_audio/delaycnt_reg[28]/Q
                         net (fo=3, routed)           0.822     3.091    datapath/Audio_Codec/initialize_audio/delaycnt[28]
    SLICE_X157Y128       LUT4 (Prop_lut4_I1_O)        0.124     3.215 f  datapath/Audio_Codec/initialize_audio/state[3]_i_12/O
                         net (fo=1, routed)           0.405     3.621    datapath/Audio_Codec/initialize_audio/state[3]_i_12_n_0
    SLICE_X157Y127       LUT5 (Prop_lut5_I4_O)        0.124     3.745 f  datapath/Audio_Codec/initialize_audio/state[3]_i_8/O
                         net (fo=1, routed)           0.970     4.715    datapath/Audio_Codec/initialize_audio/state[3]_i_8_n_0
    SLICE_X157Y124       LUT4 (Prop_lut4_I2_O)        0.124     4.839 f  datapath/Audio_Codec/initialize_audio/state[3]_i_3/O
                         net (fo=4, routed)           0.471     5.309    datapath/Audio_Codec/initialize_audio/state[3]_i_3_n_0
    SLICE_X157Y126       LUT6 (Prop_lut6_I5_O)        0.124     5.433 r  datapath/Audio_Codec/initialize_audio/initA[6]_i_3/O
                         net (fo=1, routed)           0.283     5.716    datapath/Audio_Codec/initialize_audio/twi_controller/initA_reg[0]
    SLICE_X159Y126       LUT6 (Prop_lut6_I0_O)        0.124     5.840 r  datapath/Audio_Codec/initialize_audio/twi_controller/initA[6]_i_1/O
                         net (fo=7, routed)           0.621     6.462    datapath/Audio_Codec/initialize_audio/twi_controller_n_6
    SLICE_X158Y128       FDRE                                         r  datapath/Audio_Codec/initialize_audio/initA_reg[2]/CE
  -------------------------------------------------------------------    -------------------

                         (clock clk_out2_clk_wiz_1 rise edge)
                                                     20.000    20.000 r  
    BUFGCTRL_X0Y2        BUFG                         0.000    20.000 r  clk_IBUF_BUFG_inst/O
                         net (fo=305, routed)         1.643    21.643    datapath/Audio_Codec/audiocodec_master_clock/inst/clk_in1
    MMCME2_ADV_X0Y2      MMCME2_ADV (Prop_mmcme2_adv_CLKIN1_CLKOUT1)
                                                     -3.494    18.149 r  datapath/Audio_Codec/audiocodec_master_clock/inst/mmcm_adv_inst/CLKOUT1
                         net (fo=1, routed)           1.760    19.909    datapath/Audio_Codec/audiocodec_master_clock/inst/clk_out2_clk_wiz_1
    BUFGCTRL_X0Y3        BUFG (Prop_bufg_I_O)         0.091    20.000 r  datapath/Audio_Codec/audiocodec_master_clock/inst/clkout2_buf/O
                         net (fo=115, routed)         1.699    21.699    datapath/Audio_Codec/initialize_audio/CLK
    SLICE_X158Y128       FDRE                                         r  datapath/Audio_Codec/initialize_audio/initA_reg[2]/C
                         clock pessimism              0.094    21.793    
                         clock uncertainty           -0.084    21.710    
    SLICE_X158Y128       FDRE (Setup_fdre_C_CE)      -0.169    21.541    datapath/Audio_Codec/initialize_audio/initA_reg[2]
  -------------------------------------------------------------------
                         required time                         21.541    
                         arrival time                          -6.462    
  -------------------------------------------------------------------
                         slack                                 15.079    

Slack (MET) :             15.079ns  (required time - arrival time)
  Source:                 datapath/Audio_Codec/initialize_audio/delaycnt_reg[28]/C
                            (rising edge-triggered cell FDRE clocked by clk_out2_clk_wiz_1  {rise@0.000ns fall@10.000ns period=20.000ns})
  Destination:            datapath/Audio_Codec/initialize_audio/initA_reg[3]/CE
                            (rising edge-triggered cell FDRE clocked by clk_out2_clk_wiz_1  {rise@0.000ns fall@10.000ns period=20.000ns})
  Path Group:             clk_out2_clk_wiz_1
  Path Type:              Setup (Max at Slow Process Corner)
  Requirement:            20.000ns  (clk_out2_clk_wiz_1 rise@20.000ns - clk_out2_clk_wiz_1 rise@0.000ns)
  Data Path Delay:        4.648ns  (logic 1.076ns (23.148%)  route 3.572ns (76.852%))
  Logic Levels:           5  (LUT4=2 LUT5=1 LUT6=2)
  Clock Path Skew:        -0.020ns (DCD - SCD + CPR)
    Destination Clock Delay (DCD):    1.699ns = ( 21.699 - 20.000 ) 
    Source Clock Delay      (SCD):    1.813ns
    Clock Pessimism Removal (CPR):    0.094ns
  Clock Uncertainty:      0.084ns  ((TSJ^2 + DJ^2)^1/2) / 2 + PE
    Total System Jitter     (TSJ):    0.071ns
    Discrete Jitter          (DJ):    0.152ns
    Phase Error              (PE):    0.000ns

    Location             Delay type                Incr(ns)  Path(ns)    Netlist Resource(s)
  -------------------------------------------------------------------    -------------------
                         (clock clk_out2_clk_wiz_1 rise edge)
                                                      0.000     0.000 r  
    BUFGCTRL_X0Y2        BUFG                         0.000     0.000 r  clk_IBUF_BUFG_inst/O
                         net (fo=305, routed)         1.761     1.761    datapath/Audio_Codec/audiocodec_master_clock/inst/clk_in1
    MMCME2_ADV_X0Y2      MMCME2_ADV (Prop_mmcme2_adv_CLKIN1_CLKOUT1)
                                                     -3.701    -1.939 r  datapath/Audio_Codec/audiocodec_master_clock/inst/mmcm_adv_inst/CLKOUT1
                         net (fo=1, routed)           1.843    -0.096    datapath/Audio_Codec/audiocodec_master_clock/inst/clk_out2_clk_wiz_1
    BUFGCTRL_X0Y3        BUFG (Prop_bufg_I_O)         0.096    -0.000 r  datapath/Audio_Codec/audiocodec_master_clock/inst/clkout2_buf/O
                         net (fo=115, routed)         1.813     1.813    datapath/Audio_Codec/initialize_audio/CLK
    SLICE_X156Y127       FDRE                                         r  datapath/Audio_Codec/initialize_audio/delaycnt_reg[28]/C
  -------------------------------------------------------------------    -------------------
    SLICE_X156Y127       FDRE (Prop_fdre_C_Q)         0.456     2.269 f  datapath/Audio_Codec/initialize_audio/delaycnt_reg[28]/Q
                         net (fo=3, routed)           0.822     3.091    datapath/Audio_Codec/initialize_audio/delaycnt[28]
    SLICE_X157Y128       LUT4 (Prop_lut4_I1_O)        0.124     3.215 f  datapath/Audio_Codec/initialize_audio/state[3]_i_12/O
                         net (fo=1, routed)           0.405     3.621    datapath/Audio_Codec/initialize_audio/state[3]_i_12_n_0
    SLICE_X157Y127       LUT5 (Prop_lut5_I4_O)        0.124     3.745 f  datapath/Audio_Codec/initialize_audio/state[3]_i_8/O
                         net (fo=1, routed)           0.970     4.715    datapath/Audio_Codec/initialize_audio/state[3]_i_8_n_0
    SLICE_X157Y124       LUT4 (Prop_lut4_I2_O)        0.124     4.839 f  datapath/Audio_Codec/initialize_audio/state[3]_i_3/O
                         net (fo=4, routed)           0.471     5.309    datapath/Audio_Codec/initialize_audio/state[3]_i_3_n_0
    SLICE_X157Y126       LUT6 (Prop_lut6_I5_O)        0.124     5.433 r  datapath/Audio_Codec/initialize_audio/initA[6]_i_3/O
                         net (fo=1, routed)           0.283     5.716    datapath/Audio_Codec/initialize_audio/twi_controller/initA_reg[0]
    SLICE_X159Y126       LUT6 (Prop_lut6_I0_O)        0.124     5.840 r  datapath/Audio_Codec/initialize_audio/twi_controller/initA[6]_i_1/O
                         net (fo=7, routed)           0.621     6.462    datapath/Audio_Codec/initialize_audio/twi_controller_n_6
    SLICE_X158Y128       FDRE                                         r  datapath/Audio_Codec/initialize_audio/initA_reg[3]/CE
  -------------------------------------------------------------------    -------------------

                         (clock clk_out2_clk_wiz_1 rise edge)
                                                     20.000    20.000 r  
    BUFGCTRL_X0Y2        BUFG                         0.000    20.000 r  clk_IBUF_BUFG_inst/O
                         net (fo=305, routed)         1.643    21.643    datapath/Audio_Codec/audiocodec_master_clock/inst/clk_in1
    MMCME2_ADV_X0Y2      MMCME2_ADV (Prop_mmcme2_adv_CLKIN1_CLKOUT1)
                                                     -3.494    18.149 r  datapath/Audio_Codec/audiocodec_master_clock/inst/mmcm_adv_inst/CLKOUT1
                         net (fo=1, routed)           1.760    19.909    datapath/Audio_Codec/audiocodec_master_clock/inst/clk_out2_clk_wiz_1
    BUFGCTRL_X0Y3        BUFG (Prop_bufg_I_O)         0.091    20.000 r  datapath/Audio_Codec/audiocodec_master_clock/inst/clkout2_buf/O
                         net (fo=115, routed)         1.699    21.699    datapath/Audio_Codec/initialize_audio/CLK
    SLICE_X158Y128       FDRE                                         r  datapath/Audio_Codec/initialize_audio/initA_reg[3]/C
                         clock pessimism              0.094    21.793    
                         clock uncertainty           -0.084    21.710    
    SLICE_X158Y128       FDRE (Setup_fdre_C_CE)      -0.169    21.541    datapath/Audio_Codec/initialize_audio/initA_reg[3]
  -------------------------------------------------------------------
                         required time                         21.541    
                         arrival time                          -6.462    
  -------------------------------------------------------------------
                         slack                                 15.079    

Slack (MET) :             15.079ns  (required time - arrival time)
  Source:                 datapath/Audio_Codec/initialize_audio/delaycnt_reg[28]/C
                            (rising edge-triggered cell FDRE clocked by clk_out2_clk_wiz_1  {rise@0.000ns fall@10.000ns period=20.000ns})
  Destination:            datapath/Audio_Codec/initialize_audio/initA_reg[5]/CE
                            (rising edge-triggered cell FDRE clocked by clk_out2_clk_wiz_1  {rise@0.000ns fall@10.000ns period=20.000ns})
  Path Group:             clk_out2_clk_wiz_1
  Path Type:              Setup (Max at Slow Process Corner)
  Requirement:            20.000ns  (clk_out2_clk_wiz_1 rise@20.000ns - clk_out2_clk_wiz_1 rise@0.000ns)
  Data Path Delay:        4.648ns  (logic 1.076ns (23.148%)  route 3.572ns (76.852%))
  Logic Levels:           5  (LUT4=2 LUT5=1 LUT6=2)
  Clock Path Skew:        -0.020ns (DCD - SCD + CPR)
    Destination Clock Delay (DCD):    1.699ns = ( 21.699 - 20.000 ) 
    Source Clock Delay      (SCD):    1.813ns
    Clock Pessimism Removal (CPR):    0.094ns
  Clock Uncertainty:      0.084ns  ((TSJ^2 + DJ^2)^1/2) / 2 + PE
    Total System Jitter     (TSJ):    0.071ns
    Discrete Jitter          (DJ):    0.152ns
    Phase Error              (PE):    0.000ns

    Location             Delay type                Incr(ns)  Path(ns)    Netlist Resource(s)
  -------------------------------------------------------------------    -------------------
                         (clock clk_out2_clk_wiz_1 rise edge)
                                                      0.000     0.000 r  
    BUFGCTRL_X0Y2        BUFG                         0.000     0.000 r  clk_IBUF_BUFG_inst/O
                         net (fo=305, routed)         1.761     1.761    datapath/Audio_Codec/audiocodec_master_clock/inst/clk_in1
    MMCME2_ADV_X0Y2      MMCME2_ADV (Prop_mmcme2_adv_CLKIN1_CLKOUT1)
                                                     -3.701    -1.939 r  datapath/Audio_Codec/audiocodec_master_clock/inst/mmcm_adv_inst/CLKOUT1
                         net (fo=1, routed)           1.843    -0.096    datapath/Audio_Codec/audiocodec_master_clock/inst/clk_out2_clk_wiz_1
    BUFGCTRL_X0Y3        BUFG (Prop_bufg_I_O)         0.096    -0.000 r  datapath/Audio_Codec/audiocodec_master_clock/inst/clkout2_buf/O
                         net (fo=115, routed)         1.813     1.813    datapath/Audio_Codec/initialize_audio/CLK
    SLICE_X156Y127       FDRE                                         r  datapath/Audio_Codec/initialize_audio/delaycnt_reg[28]/C
  -------------------------------------------------------------------    -------------------
    SLICE_X156Y127       FDRE (Prop_fdre_C_Q)         0.456     2.269 f  datapath/Audio_Codec/initialize_audio/delaycnt_reg[28]/Q
                         net (fo=3, routed)           0.822     3.091    datapath/Audio_Codec/initialize_audio/delaycnt[28]
    SLICE_X157Y128       LUT4 (Prop_lut4_I1_O)        0.124     3.215 f  datapath/Audio_Codec/initialize_audio/state[3]_i_12/O
                         net (fo=1, routed)           0.405     3.621    datapath/Audio_Codec/initialize_audio/state[3]_i_12_n_0
    SLICE_X157Y127       LUT5 (Prop_lut5_I4_O)        0.124     3.745 f  datapath/Audio_Codec/initialize_audio/state[3]_i_8/O
                         net (fo=1, routed)           0.970     4.715    datapath/Audio_Codec/initialize_audio/state[3]_i_8_n_0
    SLICE_X157Y124       LUT4 (Prop_lut4_I2_O)        0.124     4.839 f  datapath/Audio_Codec/initialize_audio/state[3]_i_3/O
                         net (fo=4, routed)           0.471     5.309    datapath/Audio_Codec/initialize_audio/state[3]_i_3_n_0
    SLICE_X157Y126       LUT6 (Prop_lut6_I5_O)        0.124     5.433 r  datapath/Audio_Codec/initialize_audio/initA[6]_i_3/O
                         net (fo=1, routed)           0.283     5.716    datapath/Audio_Codec/initialize_audio/twi_controller/initA_reg[0]
    SLICE_X159Y126       LUT6 (Prop_lut6_I0_O)        0.124     5.840 r  datapath/Audio_Codec/initialize_audio/twi_controller/initA[6]_i_1/O
                         net (fo=7, routed)           0.621     6.462    datapath/Audio_Codec/initialize_audio/twi_controller_n_6
    SLICE_X158Y128       FDRE                                         r  datapath/Audio_Codec/initialize_audio/initA_reg[5]/CE
  -------------------------------------------------------------------    -------------------

                         (clock clk_out2_clk_wiz_1 rise edge)
                                                     20.000    20.000 r  
    BUFGCTRL_X0Y2        BUFG                         0.000    20.000 r  clk_IBUF_BUFG_inst/O
                         net (fo=305, routed)         1.643    21.643    datapath/Audio_Codec/audiocodec_master_clock/inst/clk_in1
    MMCME2_ADV_X0Y2      MMCME2_ADV (Prop_mmcme2_adv_CLKIN1_CLKOUT1)
                                                     -3.494    18.149 r  datapath/Audio_Codec/audiocodec_master_clock/inst/mmcm_adv_inst/CLKOUT1
                         net (fo=1, routed)           1.760    19.909    datapath/Audio_Codec/audiocodec_master_clock/inst/clk_out2_clk_wiz_1
    BUFGCTRL_X0Y3        BUFG (Prop_bufg_I_O)         0.091    20.000 r  datapath/Audio_Codec/audiocodec_master_clock/inst/clkout2_buf/O
                         net (fo=115, routed)         1.699    21.699    datapath/Audio_Codec/initialize_audio/CLK
    SLICE_X158Y128       FDRE                                         r  datapath/Audio_Codec/initialize_audio/initA_reg[5]/C
                         clock pessimism              0.094    21.793    
                         clock uncertainty           -0.084    21.710    
    SLICE_X158Y128       FDRE (Setup_fdre_C_CE)      -0.169    21.541    datapath/Audio_Codec/initialize_audio/initA_reg[5]
  -------------------------------------------------------------------
                         required time                         21.541    
                         arrival time                          -6.462    
  -------------------------------------------------------------------
                         slack                                 15.079    

Slack (MET) :             15.079ns  (required time - arrival time)
  Source:                 datapath/Audio_Codec/initialize_audio/delaycnt_reg[28]/C
                            (rising edge-triggered cell FDRE clocked by clk_out2_clk_wiz_1  {rise@0.000ns fall@10.000ns period=20.000ns})
  Destination:            datapath/Audio_Codec/initialize_audio/initA_reg[6]/CE
                            (rising edge-triggered cell FDRE clocked by clk_out2_clk_wiz_1  {rise@0.000ns fall@10.000ns period=20.000ns})
  Path Group:             clk_out2_clk_wiz_1
  Path Type:              Setup (Max at Slow Process Corner)
  Requirement:            20.000ns  (clk_out2_clk_wiz_1 rise@20.000ns - clk_out2_clk_wiz_1 rise@0.000ns)
  Data Path Delay:        4.648ns  (logic 1.076ns (23.148%)  route 3.572ns (76.852%))
  Logic Levels:           5  (LUT4=2 LUT5=1 LUT6=2)
  Clock Path Skew:        -0.020ns (DCD - SCD + CPR)
    Destination Clock Delay (DCD):    1.699ns = ( 21.699 - 20.000 ) 
    Source Clock Delay      (SCD):    1.813ns
    Clock Pessimism Removal (CPR):    0.094ns
  Clock Uncertainty:      0.084ns  ((TSJ^2 + DJ^2)^1/2) / 2 + PE
    Total System Jitter     (TSJ):    0.071ns
    Discrete Jitter          (DJ):    0.152ns
    Phase Error              (PE):    0.000ns

    Location             Delay type                Incr(ns)  Path(ns)    Netlist Resource(s)
  -------------------------------------------------------------------    -------------------
                         (clock clk_out2_clk_wiz_1 rise edge)
                                                      0.000     0.000 r  
    BUFGCTRL_X0Y2        BUFG                         0.000     0.000 r  clk_IBUF_BUFG_inst/O
                         net (fo=305, routed)         1.761     1.761    datapath/Audio_Codec/audiocodec_master_clock/inst/clk_in1
    MMCME2_ADV_X0Y2      MMCME2_ADV (Prop_mmcme2_adv_CLKIN1_CLKOUT1)
                                                     -3.701    -1.939 r  datapath/Audio_Codec/audiocodec_master_clock/inst/mmcm_adv_inst/CLKOUT1
                         net (fo=1, routed)           1.843    -0.096    datapath/Audio_Codec/audiocodec_master_clock/inst/clk_out2_clk_wiz_1
    BUFGCTRL_X0Y3        BUFG (Prop_bufg_I_O)         0.096    -0.000 r  datapath/Audio_Codec/audiocodec_master_clock/inst/clkout2_buf/O
                         net (fo=115, routed)         1.813     1.813    datapath/Audio_Codec/initialize_audio/CLK
    SLICE_X156Y127       FDRE                                         r  datapath/Audio_Codec/initialize_audio/delaycnt_reg[28]/C
  -------------------------------------------------------------------    -------------------
    SLICE_X156Y127       FDRE (Prop_fdre_C_Q)         0.456     2.269 f  datapath/Audio_Codec/initialize_audio/delaycnt_reg[28]/Q
                         net (fo=3, routed)           0.822     3.091    datapath/Audio_Codec/initialize_audio/delaycnt[28]
    SLICE_X157Y128       LUT4 (Prop_lut4_I1_O)        0.124     3.215 f  datapath/Audio_Codec/initialize_audio/state[3]_i_12/O
                         net (fo=1, routed)           0.405     3.621    datapath/Audio_Codec/initialize_audio/state[3]_i_12_n_0
    SLICE_X157Y127       LUT5 (Prop_lut5_I4_O)        0.124     3.745 f  datapath/Audio_Codec/initialize_audio/state[3]_i_8/O
                         net (fo=1, routed)           0.970     4.715    datapath/Audio_Codec/initialize_audio/state[3]_i_8_n_0
    SLICE_X157Y124       LUT4 (Prop_lut4_I2_O)        0.124     4.839 f  datapath/Audio_Codec/initialize_audio/state[3]_i_3/O
                         net (fo=4, routed)           0.471     5.309    datapath/Audio_Codec/initialize_audio/state[3]_i_3_n_0
    SLICE_X157Y126       LUT6 (Prop_lut6_I5_O)        0.124     5.433 r  datapath/Audio_Codec/initialize_audio/initA[6]_i_3/O
                         net (fo=1, routed)           0.283     5.716    datapath/Audio_Codec/initialize_audio/twi_controller/initA_reg[0]
    SLICE_X159Y126       LUT6 (Prop_lut6_I0_O)        0.124     5.840 r  datapath/Audio_Codec/initialize_audio/twi_controller/initA[6]_i_1/O
                         net (fo=7, routed)           0.621     6.462    datapath/Audio_Codec/initialize_audio/twi_controller_n_6
    SLICE_X158Y128       FDRE                                         r  datapath/Audio_Codec/initialize_audio/initA_reg[6]/CE
  -------------------------------------------------------------------    -------------------

                         (clock clk_out2_clk_wiz_1 rise edge)
                                                     20.000    20.000 r  
    BUFGCTRL_X0Y2        BUFG                         0.000    20.000 r  clk_IBUF_BUFG_inst/O
                         net (fo=305, routed)         1.643    21.643    datapath/Audio_Codec/audiocodec_master_clock/inst/clk_in1
    MMCME2_ADV_X0Y2      MMCME2_ADV (Prop_mmcme2_adv_CLKIN1_CLKOUT1)
                                                     -3.494    18.149 r  datapath/Audio_Codec/audiocodec_master_clock/inst/mmcm_adv_inst/CLKOUT1
                         net (fo=1, routed)           1.760    19.909    datapath/Audio_Codec/audiocodec_master_clock/inst/clk_out2_clk_wiz_1
    BUFGCTRL_X0Y3        BUFG (Prop_bufg_I_O)         0.091    20.000 r  datapath/Audio_Codec/audiocodec_master_clock/inst/clkout2_buf/O
                         net (fo=115, routed)         1.699    21.699    datapath/Audio_Codec/initialize_audio/CLK
    SLICE_X158Y128       FDRE                                         r  datapath/Audio_Codec/initialize_audio/initA_reg[6]/C
                         clock pessimism              0.094    21.793    
                         clock uncertainty           -0.084    21.710    
    SLICE_X158Y128       FDRE (Setup_fdre_C_CE)      -0.169    21.541    datapath/Audio_Codec/initialize_audio/initA_reg[6]
  -------------------------------------------------------------------
                         required time                         21.541    
                         arrival time                          -6.462    
  -------------------------------------------------------------------
                         slack                                 15.079    

Slack (MET) :             15.139ns  (required time - arrival time)
  Source:                 datapath/Audio_Codec/initialize_audio/twi_controller/sclCnt_reg[0]/C
                            (rising edge-triggered cell FDSE clocked by clk_out2_clk_wiz_1  {rise@0.000ns fall@10.000ns period=20.000ns})
  Destination:            datapath/Audio_Codec/initialize_audio/twi_controller/dataByte_reg[0]/CE
                            (rising edge-triggered cell FDRE clocked by clk_out2_clk_wiz_1  {rise@0.000ns fall@10.000ns period=20.000ns})
  Path Group:             clk_out2_clk_wiz_1
  Path Type:              Setup (Max at Slow Process Corner)
  Requirement:            20.000ns  (clk_out2_clk_wiz_1 rise@20.000ns - clk_out2_clk_wiz_1 rise@0.000ns)
  Data Path Delay:        4.529ns  (logic 1.383ns (30.535%)  route 3.146ns (69.465%))
  Logic Levels:           4  (LUT2=1 LUT5=1 LUT6=2)
  Clock Path Skew:        -0.043ns (DCD - SCD + CPR)
    Destination Clock Delay (DCD):    1.696ns = ( 21.696 - 20.000 ) 
    Source Clock Delay      (SCD):    1.819ns
    Clock Pessimism Removal (CPR):    0.080ns
  Clock Uncertainty:      0.084ns  ((TSJ^2 + DJ^2)^1/2) / 2 + PE
    Total System Jitter     (TSJ):    0.071ns
    Discrete Jitter          (DJ):    0.152ns
    Phase Error              (PE):    0.000ns

    Location             Delay type                Incr(ns)  Path(ns)    Netlist Resource(s)
  -------------------------------------------------------------------    -------------------
                         (clock clk_out2_clk_wiz_1 rise edge)
                                                      0.000     0.000 r  
    BUFGCTRL_X0Y2        BUFG                         0.000     0.000 r  clk_IBUF_BUFG_inst/O
                         net (fo=305, routed)         1.761     1.761    datapath/Audio_Codec/audiocodec_master_clock/inst/clk_in1
    MMCME2_ADV_X0Y2      MMCME2_ADV (Prop_mmcme2_adv_CLKIN1_CLKOUT1)
                                                     -3.701    -1.939 r  datapath/Audio_Codec/audiocodec_master_clock/inst/mmcm_adv_inst/CLKOUT1
                         net (fo=1, routed)           1.843    -0.096    datapath/Audio_Codec/audiocodec_master_clock/inst/clk_out2_clk_wiz_1
    BUFGCTRL_X0Y3        BUFG (Prop_bufg_I_O)         0.096    -0.000 r  datapath/Audio_Codec/audiocodec_master_clock/inst/clkout2_buf/O
                         net (fo=115, routed)         1.819     1.819    datapath/Audio_Codec/initialize_audio/twi_controller/CLK
    SLICE_X160Y120       FDSE                                         r  datapath/Audio_Codec/initialize_audio/twi_controller/sclCnt_reg[0]/C
  -------------------------------------------------------------------    -------------------
    SLICE_X160Y120       FDSE (Prop_fdse_C_Q)         0.456     2.275 f  datapath/Audio_Codec/initialize_audio/twi_controller/sclCnt_reg[0]/Q
                         net (fo=7, routed)           0.856     3.131    datapath/Audio_Codec/initialize_audio/twi_controller/sclCnt_reg[0]
    SLICE_X160Y122       LUT6 (Prop_lut6_I2_O)        0.124     3.255 f  datapath/Audio_Codec/initialize_audio/twi_controller/sclCnt[6]_i_4/O
                         net (fo=2, routed)           0.407     3.662    datapath/Audio_Codec/initialize_audio/twi_controller/sclCnt[6]_i_4_n_0
    SLICE_X161Y122       LUT2 (Prop_lut2_I0_O)        0.119     3.781 f  datapath/Audio_Codec/initialize_audio/twi_controller/subState[1]_i_2/O
                         net (fo=10, routed)          0.866     4.648    datapath/Audio_Codec/initialize_audio/twi_controller/subState[1]_i_2_n_0
    SLICE_X160Y124       LUT5 (Prop_lut5_I4_O)        0.358     5.006 r  datapath/Audio_Codec/initialize_audio/twi_controller/dataByte[7]_i_3/O
                         net (fo=10, routed)          0.471     5.477    datapath/Audio_Codec/initialize_audio/twi_controller/dataByte[7]_i_3_n_0
    SLICE_X160Y124       LUT6 (Prop_lut6_I0_O)        0.326     5.803 r  datapath/Audio_Codec/initialize_audio/twi_controller/dataByte[7]_i_1/O
                         net (fo=8, routed)           0.546     6.349    datapath/Audio_Codec/initialize_audio/twi_controller/dataByte[7]_i_1_n_0
    SLICE_X161Y125       FDRE                                         r  datapath/Audio_Codec/initialize_audio/twi_controller/dataByte_reg[0]/CE
  -------------------------------------------------------------------    -------------------

                         (clock clk_out2_clk_wiz_1 rise edge)
                                                     20.000    20.000 r  
    BUFGCTRL_X0Y2        BUFG                         0.000    20.000 r  clk_IBUF_BUFG_inst/O
                         net (fo=305, routed)         1.643    21.643    datapath/Audio_Codec/audiocodec_master_clock/inst/clk_in1
    MMCME2_ADV_X0Y2      MMCME2_ADV (Prop_mmcme2_adv_CLKIN1_CLKOUT1)
                                                     -3.494    18.149 r  datapath/Audio_Codec/audiocodec_master_clock/inst/mmcm_adv_inst/CLKOUT1
                         net (fo=1, routed)           1.760    19.909    datapath/Audio_Codec/audiocodec_master_clock/inst/clk_out2_clk_wiz_1
    BUFGCTRL_X0Y3        BUFG (Prop_bufg_I_O)         0.091    20.000 r  datapath/Audio_Codec/audiocodec_master_clock/inst/clkout2_buf/O
                         net (fo=115, routed)         1.696    21.696    datapath/Audio_Codec/initialize_audio/twi_controller/CLK
    SLICE_X161Y125       FDRE                                         r  datapath/Audio_Codec/initialize_audio/twi_controller/dataByte_reg[0]/C
                         clock pessimism              0.080    21.776    
                         clock uncertainty           -0.084    21.693    
    SLICE_X161Y125       FDRE (Setup_fdre_C_CE)      -0.205    21.488    datapath/Audio_Codec/initialize_audio/twi_controller/dataByte_reg[0]
  -------------------------------------------------------------------
                         required time                         21.488    
                         arrival time                          -6.349    
  -------------------------------------------------------------------
                         slack                                 15.139    

Slack (MET) :             15.139ns  (required time - arrival time)
  Source:                 datapath/Audio_Codec/initialize_audio/twi_controller/sclCnt_reg[0]/C
                            (rising edge-triggered cell FDSE clocked by clk_out2_clk_wiz_1  {rise@0.000ns fall@10.000ns period=20.000ns})
  Destination:            datapath/Audio_Codec/initialize_audio/twi_controller/dataByte_reg[1]/CE
                            (rising edge-triggered cell FDRE clocked by clk_out2_clk_wiz_1  {rise@0.000ns fall@10.000ns period=20.000ns})
  Path Group:             clk_out2_clk_wiz_1
  Path Type:              Setup (Max at Slow Process Corner)
  Requirement:            20.000ns  (clk_out2_clk_wiz_1 rise@20.000ns - clk_out2_clk_wiz_1 rise@0.000ns)
  Data Path Delay:        4.529ns  (logic 1.383ns (30.535%)  route 3.146ns (69.465%))
  Logic Levels:           4  (LUT2=1 LUT5=1 LUT6=2)
  Clock Path Skew:        -0.043ns (DCD - SCD + CPR)
    Destination Clock Delay (DCD):    1.696ns = ( 21.696 - 20.000 ) 
    Source Clock Delay      (SCD):    1.819ns
    Clock Pessimism Removal (CPR):    0.080ns
  Clock Uncertainty:      0.084ns  ((TSJ^2 + DJ^2)^1/2) / 2 + PE
    Total System Jitter     (TSJ):    0.071ns
    Discrete Jitter          (DJ):    0.152ns
    Phase Error              (PE):    0.000ns

    Location             Delay type                Incr(ns)  Path(ns)    Netlist Resource(s)
  -------------------------------------------------------------------    -------------------
                         (clock clk_out2_clk_wiz_1 rise edge)
                                                      0.000     0.000 r  
    BUFGCTRL_X0Y2        BUFG                         0.000     0.000 r  clk_IBUF_BUFG_inst/O
                         net (fo=305, routed)         1.761     1.761    datapath/Audio_Codec/audiocodec_master_clock/inst/clk_in1
    MMCME2_ADV_X0Y2      MMCME2_ADV (Prop_mmcme2_adv_CLKIN1_CLKOUT1)
                                                     -3.701    -1.939 r  datapath/Audio_Codec/audiocodec_master_clock/inst/mmcm_adv_inst/CLKOUT1
                         net (fo=1, routed)           1.843    -0.096    datapath/Audio_Codec/audiocodec_master_clock/inst/clk_out2_clk_wiz_1
    BUFGCTRL_X0Y3        BUFG (Prop_bufg_I_O)         0.096    -0.000 r  datapath/Audio_Codec/audiocodec_master_clock/inst/clkout2_buf/O
                         net (fo=115, routed)         1.819     1.819    datapath/Audio_Codec/initialize_audio/twi_controller/CLK
    SLICE_X160Y120       FDSE                                         r  datapath/Audio_Codec/initialize_audio/twi_controller/sclCnt_reg[0]/C
  -------------------------------------------------------------------    -------------------
    SLICE_X160Y120       FDSE (Prop_fdse_C_Q)         0.456     2.275 f  datapath/Audio_Codec/initialize_audio/twi_controller/sclCnt_reg[0]/Q
                         net (fo=7, routed)           0.856     3.131    datapath/Audio_Codec/initialize_audio/twi_controller/sclCnt_reg[0]
    SLICE_X160Y122       LUT6 (Prop_lut6_I2_O)        0.124     3.255 f  datapath/Audio_Codec/initialize_audio/twi_controller/sclCnt[6]_i_4/O
                         net (fo=2, routed)           0.407     3.662    datapath/Audio_Codec/initialize_audio/twi_controller/sclCnt[6]_i_4_n_0
    SLICE_X161Y122       LUT2 (Prop_lut2_I0_O)        0.119     3.781 f  datapath/Audio_Codec/initialize_audio/twi_controller/subState[1]_i_2/O
                         net (fo=10, routed)          0.866     4.648    datapath/Audio_Codec/initialize_audio/twi_controller/subState[1]_i_2_n_0
    SLICE_X160Y124       LUT5 (Prop_lut5_I4_O)        0.358     5.006 r  datapath/Audio_Codec/initialize_audio/twi_controller/dataByte[7]_i_3/O
                         net (fo=10, routed)          0.471     5.477    datapath/Audio_Codec/initialize_audio/twi_controller/dataByte[7]_i_3_n_0
    SLICE_X160Y124       LUT6 (Prop_lut6_I0_O)        0.326     5.803 r  datapath/Audio_Codec/initialize_audio/twi_controller/dataByte[7]_i_1/O
                         net (fo=8, routed)           0.546     6.349    datapath/Audio_Codec/initialize_audio/twi_controller/dataByte[7]_i_1_n_0
    SLICE_X161Y125       FDRE                                         r  datapath/Audio_Codec/initialize_audio/twi_controller/dataByte_reg[1]/CE
  -------------------------------------------------------------------    -------------------

                         (clock clk_out2_clk_wiz_1 rise edge)
                                                     20.000    20.000 r  
    BUFGCTRL_X0Y2        BUFG                         0.000    20.000 r  clk_IBUF_BUFG_inst/O
                         net (fo=305, routed)         1.643    21.643    datapath/Audio_Codec/audiocodec_master_clock/inst/clk_in1
    MMCME2_ADV_X0Y2      MMCME2_ADV (Prop_mmcme2_adv_CLKIN1_CLKOUT1)
                                                     -3.494    18.149 r  datapath/Audio_Codec/audiocodec_master_clock/inst/mmcm_adv_inst/CLKOUT1
                         net (fo=1, routed)           1.760    19.909    datapath/Audio_Codec/audiocodec_master_clock/inst/clk_out2_clk_wiz_1
    BUFGCTRL_X0Y3        BUFG (Prop_bufg_I_O)         0.091    20.000 r  datapath/Audio_Codec/audiocodec_master_clock/inst/clkout2_buf/O
                         net (fo=115, routed)         1.696    21.696    datapath/Audio_Codec/initialize_audio/twi_controller/CLK
    SLICE_X161Y125       FDRE                                         r  datapath/Audio_Codec/initialize_audio/twi_controller/dataByte_reg[1]/C
                         clock pessimism              0.080    21.776    
                         clock uncertainty           -0.084    21.693    
    SLICE_X161Y125       FDRE (Setup_fdre_C_CE)      -0.205    21.488    datapath/Audio_Codec/initialize_audio/twi_controller/dataByte_reg[1]
  -------------------------------------------------------------------
                         required time                         21.488    
                         arrival time                          -6.349    
  -------------------------------------------------------------------
                         slack                                 15.139    

Slack (MET) :             15.139ns  (required time - arrival time)
  Source:                 datapath/Audio_Codec/initialize_audio/twi_controller/sclCnt_reg[0]/C
                            (rising edge-triggered cell FDSE clocked by clk_out2_clk_wiz_1  {rise@0.000ns fall@10.000ns period=20.000ns})
  Destination:            datapath/Audio_Codec/initialize_audio/twi_controller/dataByte_reg[6]/CE
                            (rising edge-triggered cell FDRE clocked by clk_out2_clk_wiz_1  {rise@0.000ns fall@10.000ns period=20.000ns})
  Path Group:             clk_out2_clk_wiz_1
  Path Type:              Setup (Max at Slow Process Corner)
  Requirement:            20.000ns  (clk_out2_clk_wiz_1 rise@20.000ns - clk_out2_clk_wiz_1 rise@0.000ns)
  Data Path Delay:        4.529ns  (logic 1.383ns (30.535%)  route 3.146ns (69.465%))
  Logic Levels:           4  (LUT2=1 LUT5=1 LUT6=2)
  Clock Path Skew:        -0.043ns (DCD - SCD + CPR)
    Destination Clock Delay (DCD):    1.696ns = ( 21.696 - 20.000 ) 
    Source Clock Delay      (SCD):    1.819ns
    Clock Pessimism Removal (CPR):    0.080ns
  Clock Uncertainty:      0.084ns  ((TSJ^2 + DJ^2)^1/2) / 2 + PE
    Total System Jitter     (TSJ):    0.071ns
    Discrete Jitter          (DJ):    0.152ns
    Phase Error              (PE):    0.000ns

    Location             Delay type                Incr(ns)  Path(ns)    Netlist Resource(s)
  -------------------------------------------------------------------    -------------------
                         (clock clk_out2_clk_wiz_1 rise edge)
                                                      0.000     0.000 r  
    BUFGCTRL_X0Y2        BUFG                         0.000     0.000 r  clk_IBUF_BUFG_inst/O
                         net (fo=305, routed)         1.761     1.761    datapath/Audio_Codec/audiocodec_master_clock/inst/clk_in1
    MMCME2_ADV_X0Y2      MMCME2_ADV (Prop_mmcme2_adv_CLKIN1_CLKOUT1)
                                                     -3.701    -1.939 r  datapath/Audio_Codec/audiocodec_master_clock/inst/mmcm_adv_inst/CLKOUT1
                         net (fo=1, routed)           1.843    -0.096    datapath/Audio_Codec/audiocodec_master_clock/inst/clk_out2_clk_wiz_1
    BUFGCTRL_X0Y3        BUFG (Prop_bufg_I_O)         0.096    -0.000 r  datapath/Audio_Codec/audiocodec_master_clock/inst/clkout2_buf/O
                         net (fo=115, routed)         1.819     1.819    datapath/Audio_Codec/initialize_audio/twi_controller/CLK
    SLICE_X160Y120       FDSE                                         r  datapath/Audio_Codec/initialize_audio/twi_controller/sclCnt_reg[0]/C
  -------------------------------------------------------------------    -------------------
    SLICE_X160Y120       FDSE (Prop_fdse_C_Q)         0.456     2.275 f  datapath/Audio_Codec/initialize_audio/twi_controller/sclCnt_reg[0]/Q
                         net (fo=7, routed)           0.856     3.131    datapath/Audio_Codec/initialize_audio/twi_controller/sclCnt_reg[0]
    SLICE_X160Y122       LUT6 (Prop_lut6_I2_O)        0.124     3.255 f  datapath/Audio_Codec/initialize_audio/twi_controller/sclCnt[6]_i_4/O
                         net (fo=2, routed)           0.407     3.662    datapath/Audio_Codec/initialize_audio/twi_controller/sclCnt[6]_i_4_n_0
    SLICE_X161Y122       LUT2 (Prop_lut2_I0_O)        0.119     3.781 f  datapath/Audio_Codec/initialize_audio/twi_controller/subState[1]_i_2/O
                         net (fo=10, routed)          0.866     4.648    datapath/Audio_Codec/initialize_audio/twi_controller/subState[1]_i_2_n_0
    SLICE_X160Y124       LUT5 (Prop_lut5_I4_O)        0.358     5.006 r  datapath/Audio_Codec/initialize_audio/twi_controller/dataByte[7]_i_3/O
                         net (fo=10, routed)          0.471     5.477    datapath/Audio_Codec/initialize_audio/twi_controller/dataByte[7]_i_3_n_0
    SLICE_X160Y124       LUT6 (Prop_lut6_I0_O)        0.326     5.803 r  datapath/Audio_Codec/initialize_audio/twi_controller/dataByte[7]_i_1/O
                         net (fo=8, routed)           0.546     6.349    datapath/Audio_Codec/initialize_audio/twi_controller/dataByte[7]_i_1_n_0
    SLICE_X161Y125       FDRE                                         r  datapath/Audio_Codec/initialize_audio/twi_controller/dataByte_reg[6]/CE
  -------------------------------------------------------------------    -------------------

                         (clock clk_out2_clk_wiz_1 rise edge)
                                                     20.000    20.000 r  
    BUFGCTRL_X0Y2        BUFG                         0.000    20.000 r  clk_IBUF_BUFG_inst/O
                         net (fo=305, routed)         1.643    21.643    datapath/Audio_Codec/audiocodec_master_clock/inst/clk_in1
    MMCME2_ADV_X0Y2      MMCME2_ADV (Prop_mmcme2_adv_CLKIN1_CLKOUT1)
                                                     -3.494    18.149 r  datapath/Audio_Codec/audiocodec_master_clock/inst/mmcm_adv_inst/CLKOUT1
                         net (fo=1, routed)           1.760    19.909    datapath/Audio_Codec/audiocodec_master_clock/inst/clk_out2_clk_wiz_1
    BUFGCTRL_X0Y3        BUFG (Prop_bufg_I_O)         0.091    20.000 r  datapath/Audio_Codec/audiocodec_master_clock/inst/clkout2_buf/O
                         net (fo=115, routed)         1.696    21.696    datapath/Audio_Codec/initialize_audio/twi_controller/CLK
    SLICE_X161Y125       FDRE                                         r  datapath/Audio_Codec/initialize_audio/twi_controller/dataByte_reg[6]/C
                         clock pessimism              0.080    21.776    
                         clock uncertainty           -0.084    21.693    
    SLICE_X161Y125       FDRE (Setup_fdre_C_CE)      -0.205    21.488    datapath/Audio_Codec/initialize_audio/twi_controller/dataByte_reg[6]
  -------------------------------------------------------------------
                         required time                         21.488    
                         arrival time                          -6.349    
  -------------------------------------------------------------------
                         slack                                 15.139    

Slack (MET) :             15.139ns  (required time - arrival time)
  Source:                 datapath/Audio_Codec/initialize_audio/twi_controller/sclCnt_reg[0]/C
                            (rising edge-triggered cell FDSE clocked by clk_out2_clk_wiz_1  {rise@0.000ns fall@10.000ns period=20.000ns})
  Destination:            datapath/Audio_Codec/initialize_audio/twi_controller/dataByte_reg[7]/CE
                            (rising edge-triggered cell FDRE clocked by clk_out2_clk_wiz_1  {rise@0.000ns fall@10.000ns period=20.000ns})
  Path Group:             clk_out2_clk_wiz_1
  Path Type:              Setup (Max at Slow Process Corner)
  Requirement:            20.000ns  (clk_out2_clk_wiz_1 rise@20.000ns - clk_out2_clk_wiz_1 rise@0.000ns)
  Data Path Delay:        4.529ns  (logic 1.383ns (30.535%)  route 3.146ns (69.465%))
  Logic Levels:           4  (LUT2=1 LUT5=1 LUT6=2)
  Clock Path Skew:        -0.043ns (DCD - SCD + CPR)
    Destination Clock Delay (DCD):    1.696ns = ( 21.696 - 20.000 ) 
    Source Clock Delay      (SCD):    1.819ns
    Clock Pessimism Removal (CPR):    0.080ns
  Clock Uncertainty:      0.084ns  ((TSJ^2 + DJ^2)^1/2) / 2 + PE
    Total System Jitter     (TSJ):    0.071ns
    Discrete Jitter          (DJ):    0.152ns
    Phase Error              (PE):    0.000ns

    Location             Delay type                Incr(ns)  Path(ns)    Netlist Resource(s)
  -------------------------------------------------------------------    -------------------
                         (clock clk_out2_clk_wiz_1 rise edge)
                                                      0.000     0.000 r  
    BUFGCTRL_X0Y2        BUFG                         0.000     0.000 r  clk_IBUF_BUFG_inst/O
                         net (fo=305, routed)         1.761     1.761    datapath/Audio_Codec/audiocodec_master_clock/inst/clk_in1
    MMCME2_ADV_X0Y2      MMCME2_ADV (Prop_mmcme2_adv_CLKIN1_CLKOUT1)
                                                     -3.701    -1.939 r  datapath/Audio_Codec/audiocodec_master_clock/inst/mmcm_adv_inst/CLKOUT1
                         net (fo=1, routed)           1.843    -0.096    datapath/Audio_Codec/audiocodec_master_clock/inst/clk_out2_clk_wiz_1
    BUFGCTRL_X0Y3        BUFG (Prop_bufg_I_O)         0.096    -0.000 r  datapath/Audio_Codec/audiocodec_master_clock/inst/clkout2_buf/O
                         net (fo=115, routed)         1.819     1.819    datapath/Audio_Codec/initialize_audio/twi_controller/CLK
    SLICE_X160Y120       FDSE                                         r  datapath/Audio_Codec/initialize_audio/twi_controller/sclCnt_reg[0]/C
  -------------------------------------------------------------------    -------------------
    SLICE_X160Y120       FDSE (Prop_fdse_C_Q)         0.456     2.275 f  datapath/Audio_Codec/initialize_audio/twi_controller/sclCnt_reg[0]/Q
                         net (fo=7, routed)           0.856     3.131    datapath/Audio_Codec/initialize_audio/twi_controller/sclCnt_reg[0]
    SLICE_X160Y122       LUT6 (Prop_lut6_I2_O)        0.124     3.255 f  datapath/Audio_Codec/initialize_audio/twi_controller/sclCnt[6]_i_4/O
                         net (fo=2, routed)           0.407     3.662    datapath/Audio_Codec/initialize_audio/twi_controller/sclCnt[6]_i_4_n_0
    SLICE_X161Y122       LUT2 (Prop_lut2_I0_O)        0.119     3.781 f  datapath/Audio_Codec/initialize_audio/twi_controller/subState[1]_i_2/O
                         net (fo=10, routed)          0.866     4.648    datapath/Audio_Codec/initialize_audio/twi_controller/subState[1]_i_2_n_0
    SLICE_X160Y124       LUT5 (Prop_lut5_I4_O)        0.358     5.006 r  datapath/Audio_Codec/initialize_audio/twi_controller/dataByte[7]_i_3/O
                         net (fo=10, routed)          0.471     5.477    datapath/Audio_Codec/initialize_audio/twi_controller/dataByte[7]_i_3_n_0
    SLICE_X160Y124       LUT6 (Prop_lut6_I0_O)        0.326     5.803 r  datapath/Audio_Codec/initialize_audio/twi_controller/dataByte[7]_i_1/O
                         net (fo=8, routed)           0.546     6.349    datapath/Audio_Codec/initialize_audio/twi_controller/dataByte[7]_i_1_n_0
    SLICE_X161Y125       FDRE                                         r  datapath/Audio_Codec/initialize_audio/twi_controller/dataByte_reg[7]/CE
  -------------------------------------------------------------------    -------------------

                         (clock clk_out2_clk_wiz_1 rise edge)
                                                     20.000    20.000 r  
    BUFGCTRL_X0Y2        BUFG                         0.000    20.000 r  clk_IBUF_BUFG_inst/O
                         net (fo=305, routed)         1.643    21.643    datapath/Audio_Codec/audiocodec_master_clock/inst/clk_in1
    MMCME2_ADV_X0Y2      MMCME2_ADV (Prop_mmcme2_adv_CLKIN1_CLKOUT1)
                                                     -3.494    18.149 r  datapath/Audio_Codec/audiocodec_master_clock/inst/mmcm_adv_inst/CLKOUT1
                         net (fo=1, routed)           1.760    19.909    datapath/Audio_Codec/audiocodec_master_clock/inst/clk_out2_clk_wiz_1
    BUFGCTRL_X0Y3        BUFG (Prop_bufg_I_O)         0.091    20.000 r  datapath/Audio_Codec/audiocodec_master_clock/inst/clkout2_buf/O
                         net (fo=115, routed)         1.696    21.696    datapath/Audio_Codec/initialize_audio/twi_controller/CLK
    SLICE_X161Y125       FDRE                                         r  datapath/Audio_Codec/initialize_audio/twi_controller/dataByte_reg[7]/C
                         clock pessimism              0.080    21.776    
                         clock uncertainty           -0.084    21.693    
    SLICE_X161Y125       FDRE (Setup_fdre_C_CE)      -0.205    21.488    datapath/Audio_Codec/initialize_audio/twi_controller/dataByte_reg[7]
  -------------------------------------------------------------------
                         required time                         21.488    
                         arrival time                          -6.349    
  -------------------------------------------------------------------
                         slack                                 15.139    

Slack (MET) :             15.164ns  (required time - arrival time)
  Source:                 datapath/Audio_Codec/initialize_audio/twi_controller/dScl_reg/C
                            (rising edge-triggered cell FDRE clocked by clk_out2_clk_wiz_1  {rise@0.000ns fall@10.000ns period=20.000ns})
  Destination:            datapath/Audio_Codec/initialize_audio/twi_controller/FSM_gray_state_reg[0]/CE
                            (rising edge-triggered cell FDRE clocked by clk_out2_clk_wiz_1  {rise@0.000ns fall@10.000ns period=20.000ns})
  Path Group:             clk_out2_clk_wiz_1
  Path Type:              Setup (Max at Slow Process Corner)
  Requirement:            20.000ns  (clk_out2_clk_wiz_1 rise@20.000ns - clk_out2_clk_wiz_1 rise@0.000ns)
  Data Path Delay:        4.557ns  (logic 1.145ns (25.126%)  route 3.412ns (74.874%))
  Logic Levels:           4  (LUT3=1 LUT5=1 LUT6=2)
  Clock Path Skew:        -0.026ns (DCD - SCD + CPR)
    Destination Clock Delay (DCD):    1.698ns = ( 21.698 - 20.000 ) 
    Source Clock Delay      (SCD):    1.818ns
    Clock Pessimism Removal (CPR):    0.094ns
  Clock Uncertainty:      0.084ns  ((TSJ^2 + DJ^2)^1/2) / 2 + PE
    Total System Jitter     (TSJ):    0.071ns
    Discrete Jitter          (DJ):    0.152ns
    Phase Error              (PE):    0.000ns

    Location             Delay type                Incr(ns)  Path(ns)    Netlist Resource(s)
  -------------------------------------------------------------------    -------------------
                         (clock clk_out2_clk_wiz_1 rise edge)
                                                      0.000     0.000 r  
    BUFGCTRL_X0Y2        BUFG                         0.000     0.000 r  clk_IBUF_BUFG_inst/O
                         net (fo=305, routed)         1.761     1.761    datapath/Audio_Codec/audiocodec_master_clock/inst/clk_in1
    MMCME2_ADV_X0Y2      MMCME2_ADV (Prop_mmcme2_adv_CLKIN1_CLKOUT1)
                                                     -3.701    -1.939 r  datapath/Audio_Codec/audiocodec_master_clock/inst/mmcm_adv_inst/CLKOUT1
                         net (fo=1, routed)           1.843    -0.096    datapath/Audio_Codec/audiocodec_master_clock/inst/clk_out2_clk_wiz_1
    BUFGCTRL_X0Y3        BUFG (Prop_bufg_I_O)         0.096    -0.000 r  datapath/Audio_Codec/audiocodec_master_clock/inst/clkout2_buf/O
                         net (fo=115, routed)         1.818     1.818    datapath/Audio_Codec/initialize_audio/twi_controller/CLK
    SLICE_X162Y121       FDRE                                         r  datapath/Audio_Codec/initialize_audio/twi_controller/dScl_reg/C
  -------------------------------------------------------------------    -------------------
    SLICE_X162Y121       FDRE (Prop_fdre_C_Q)         0.478     2.296 r  datapath/Audio_Codec/initialize_audio/twi_controller/dScl_reg/Q
                         net (fo=6, routed)           0.755     3.051    datapath/Audio_Codec/initialize_audio/twi_controller/dScl
    SLICE_X162Y121       LUT3 (Prop_lut3_I0_O)        0.295     3.346 f  datapath/Audio_Codec/initialize_audio/twi_controller/FSM_gray_state[3]_i_7/O
                         net (fo=7, routed)           0.988     4.334    datapath/Audio_Codec/initialize_audio/twi_controller/FSM_gray_state[3]_i_7_n_0
    SLICE_X161Y123       LUT5 (Prop_lut5_I4_O)        0.124     4.458 r  datapath/Audio_Codec/initialize_audio/twi_controller/DONE_O_i_4/O
                         net (fo=2, routed)           0.659     5.117    datapath/Audio_Codec/initialize_audio/twi_controller/DONE_O_i_4_n_0
    SLICE_X162Y122       LUT6 (Prop_lut6_I4_O)        0.124     5.241 r  datapath/Audio_Codec/initialize_audio/twi_controller/FSM_gray_state[3]_i_3/O
                         net (fo=1, routed)           0.607     5.848    datapath/Audio_Codec/initialize_audio/twi_controller/FSM_gray_state[3]_i_3_n_0
    SLICE_X162Y123       LUT6 (Prop_lut6_I0_O)        0.124     5.972 r  datapath/Audio_Codec/initialize_audio/twi_controller/FSM_gray_state[3]_i_1/O
                         net (fo=4, routed)           0.403     6.375    datapath/Audio_Codec/initialize_audio/twi_controller/FSM_gray_state[3]_i_1_n_0
    SLICE_X162Y123       FDRE                                         r  datapath/Audio_Codec/initialize_audio/twi_controller/FSM_gray_state_reg[0]/CE
  -------------------------------------------------------------------    -------------------

                         (clock clk_out2_clk_wiz_1 rise edge)
                                                     20.000    20.000 r  
    BUFGCTRL_X0Y2        BUFG                         0.000    20.000 r  clk_IBUF_BUFG_inst/O
                         net (fo=305, routed)         1.643    21.643    datapath/Audio_Codec/audiocodec_master_clock/inst/clk_in1
    MMCME2_ADV_X0Y2      MMCME2_ADV (Prop_mmcme2_adv_CLKIN1_CLKOUT1)
                                                     -3.494    18.149 r  datapath/Audio_Codec/audiocodec_master_clock/inst/mmcm_adv_inst/CLKOUT1
                         net (fo=1, routed)           1.760    19.909    datapath/Audio_Codec/audiocodec_master_clock/inst/clk_out2_clk_wiz_1
    BUFGCTRL_X0Y3        BUFG (Prop_bufg_I_O)         0.091    20.000 r  datapath/Audio_Codec/audiocodec_master_clock/inst/clkout2_buf/O
                         net (fo=115, routed)         1.698    21.698    datapath/Audio_Codec/initialize_audio/twi_controller/CLK
    SLICE_X162Y123       FDRE                                         r  datapath/Audio_Codec/initialize_audio/twi_controller/FSM_gray_state_reg[0]/C
                         clock pessimism              0.094    21.792    
                         clock uncertainty           -0.084    21.709    
    SLICE_X162Y123       FDRE (Setup_fdre_C_CE)      -0.169    21.540    datapath/Audio_Codec/initialize_audio/twi_controller/FSM_gray_state_reg[0]
  -------------------------------------------------------------------
                         required time                         21.540    
                         arrival time                          -6.375    
  -------------------------------------------------------------------
                         slack                                 15.164    





Min Delay Paths
--------------------------------------------------------------------------------------
Slack (MET) :             0.168ns  (arrival time - required time)
  Source:                 datapath/Audio_Codec/initialize_audio/data_i_reg[1]/C
                            (rising edge-triggered cell FDRE clocked by clk_out2_clk_wiz_1  {rise@0.000ns fall@10.000ns period=20.000ns})
  Destination:            datapath/Audio_Codec/initialize_audio/twi_controller/dataByte_reg[1]/D
                            (rising edge-triggered cell FDRE clocked by clk_out2_clk_wiz_1  {rise@0.000ns fall@10.000ns period=20.000ns})
  Path Group:             clk_out2_clk_wiz_1
  Path Type:              Hold (Min at Fast Process Corner)
  Requirement:            0.000ns  (clk_out2_clk_wiz_1 rise@0.000ns - clk_out2_clk_wiz_1 rise@0.000ns)
  Data Path Delay:        0.272ns  (logic 0.186ns (68.463%)  route 0.086ns (31.537%))
  Logic Levels:           1  (LUT4=1)
  Clock Path Skew:        0.013ns (DCD - SCD - CPR)
    Destination Clock Delay (DCD):    0.905ns
    Source Clock Delay      (SCD):    0.635ns
    Clock Pessimism Removal (CPR):    0.257ns

    Location             Delay type                Incr(ns)  Path(ns)    Netlist Resource(s)
  -------------------------------------------------------------------    -------------------
                         (clock clk_out2_clk_wiz_1 rise edge)
                                                      0.000     0.000 r  
    BUFGCTRL_X0Y2        BUFG                         0.000     0.000 r  clk_IBUF_BUFG_inst/O
                         net (fo=305, routed)         0.610     0.610    datapath/Audio_Codec/audiocodec_master_clock/inst/clk_in1
    MMCME2_ADV_X0Y2      MMCME2_ADV (Prop_mmcme2_adv_CLKIN1_CLKOUT1)
                                                     -1.180    -0.571 r  datapath/Audio_Codec/audiocodec_master_clock/inst/mmcm_adv_inst/CLKOUT1
                         net (fo=1, routed)           0.545    -0.026    datapath/Audio_Codec/audiocodec_master_clock/inst/clk_out2_clk_wiz_1
    BUFGCTRL_X0Y3        BUFG (Prop_bufg_I_O)         0.026     0.000 r  datapath/Audio_Codec/audiocodec_master_clock/inst/clkout2_buf/O
                         net (fo=115, routed)         0.635     0.635    datapath/Audio_Codec/initialize_audio/CLK
    SLICE_X160Y125       FDRE                                         r  datapath/Audio_Codec/initialize_audio/data_i_reg[1]/C
  -------------------------------------------------------------------    -------------------
    SLICE_X160Y125       FDRE (Prop_fdre_C_Q)         0.141     0.776 r  datapath/Audio_Codec/initialize_audio/data_i_reg[1]/Q
                         net (fo=1, routed)           0.086     0.861    datapath/Audio_Codec/initialize_audio/twi_controller/Q[1]
    SLICE_X161Y125       LUT4 (Prop_lut4_I3_O)        0.045     0.906 r  datapath/Audio_Codec/initialize_audio/twi_controller/dataByte[1]_i_1/O
                         net (fo=1, routed)           0.000     0.906    datapath/Audio_Codec/initialize_audio/twi_controller/p_1_in[1]
    SLICE_X161Y125       FDRE                                         r  datapath/Audio_Codec/initialize_audio/twi_controller/dataByte_reg[1]/D
  -------------------------------------------------------------------    -------------------

                         (clock clk_out2_clk_wiz_1 rise edge)
                                                      0.000     0.000 r  
    BUFGCTRL_X0Y2        BUFG                         0.000     0.000 r  clk_IBUF_BUFG_inst/O
                         net (fo=305, routed)         0.879     0.879    datapath/Audio_Codec/audiocodec_master_clock/inst/clk_in1
    MMCME2_ADV_X0Y2      MMCME2_ADV (Prop_mmcme2_adv_CLKIN1_CLKOUT1)
                                                     -1.502    -0.624 r  datapath/Audio_Codec/audiocodec_master_clock/inst/mmcm_adv_inst/CLKOUT1
                         net (fo=1, routed)           0.595    -0.029    datapath/Audio_Codec/audiocodec_master_clock/inst/clk_out2_clk_wiz_1
    BUFGCTRL_X0Y3        BUFG (Prop_bufg_I_O)         0.029    -0.000 r  datapath/Audio_Codec/audiocodec_master_clock/inst/clkout2_buf/O
                         net (fo=115, routed)         0.905     0.905    datapath/Audio_Codec/initialize_audio/twi_controller/CLK
    SLICE_X161Y125       FDRE                                         r  datapath/Audio_Codec/initialize_audio/twi_controller/dataByte_reg[1]/C
                         clock pessimism             -0.257     0.648    
    SLICE_X161Y125       FDRE (Hold_fdre_C_D)         0.091     0.739    datapath/Audio_Codec/initialize_audio/twi_controller/dataByte_reg[1]
  -------------------------------------------------------------------
                         required time                         -0.739    
                         arrival time                           0.906    
  -------------------------------------------------------------------
                         slack                                  0.168    

Slack (MET) :             0.187ns  (arrival time - required time)
  Source:                 datapath/Audio_Codec/initialize_audio/initWord_reg[12]/C
                            (rising edge-triggered cell FDRE clocked by clk_out2_clk_wiz_1  {rise@0.000ns fall@10.000ns period=20.000ns})
  Destination:            datapath/Audio_Codec/initialize_audio/data_i_reg[4]/D
                            (rising edge-triggered cell FDRE clocked by clk_out2_clk_wiz_1  {rise@0.000ns fall@10.000ns period=20.000ns})
  Path Group:             clk_out2_clk_wiz_1
  Path Type:              Hold (Min at Fast Process Corner)
  Requirement:            0.000ns  (clk_out2_clk_wiz_1 rise@0.000ns - clk_out2_clk_wiz_1 rise@0.000ns)
  Data Path Delay:        0.291ns  (logic 0.209ns (71.796%)  route 0.082ns (28.204%))
  Logic Levels:           1  (LUT6=1)
  Clock Path Skew:        0.013ns (DCD - SCD - CPR)
    Destination Clock Delay (DCD):    0.905ns
    Source Clock Delay      (SCD):    0.635ns
    Clock Pessimism Removal (CPR):    0.257ns

    Location             Delay type                Incr(ns)  Path(ns)    Netlist Resource(s)
  -------------------------------------------------------------------    -------------------
                         (clock clk_out2_clk_wiz_1 rise edge)
                                                      0.000     0.000 r  
    BUFGCTRL_X0Y2        BUFG                         0.000     0.000 r  clk_IBUF_BUFG_inst/O
                         net (fo=305, routed)         0.610     0.610    datapath/Audio_Codec/audiocodec_master_clock/inst/clk_in1
    MMCME2_ADV_X0Y2      MMCME2_ADV (Prop_mmcme2_adv_CLKIN1_CLKOUT1)
                                                     -1.180    -0.571 r  datapath/Audio_Codec/audiocodec_master_clock/inst/mmcm_adv_inst/CLKOUT1
                         net (fo=1, routed)           0.545    -0.026    datapath/Audio_Codec/audiocodec_master_clock/inst/clk_out2_clk_wiz_1
    BUFGCTRL_X0Y3        BUFG (Prop_bufg_I_O)         0.026     0.000 r  datapath/Audio_Codec/audiocodec_master_clock/inst/clkout2_buf/O
                         net (fo=115, routed)         0.635     0.635    datapath/Audio_Codec/initialize_audio/CLK
    SLICE_X158Y126       FDRE                                         r  datapath/Audio_Codec/initialize_audio/initWord_reg[12]/C
  -------------------------------------------------------------------    -------------------
    SLICE_X158Y126       FDRE (Prop_fdre_C_Q)         0.164     0.799 r  datapath/Audio_Codec/initialize_audio/initWord_reg[12]/Q
                         net (fo=1, routed)           0.082     0.881    datapath/Audio_Codec/initialize_audio/data2[4]
    SLICE_X159Y126       LUT6 (Prop_lut6_I2_O)        0.045     0.926 r  datapath/Audio_Codec/initialize_audio/data_i[4]_i_1/O
                         net (fo=1, routed)           0.000     0.926    datapath/Audio_Codec/initialize_audio/data_i[4]_i_1_n_0
    SLICE_X159Y126       FDRE                                         r  datapath/Audio_Codec/initialize_audio/data_i_reg[4]/D
  -------------------------------------------------------------------    -------------------

                         (clock clk_out2_clk_wiz_1 rise edge)
                                                      0.000     0.000 r  
    BUFGCTRL_X0Y2        BUFG                         0.000     0.000 r  clk_IBUF_BUFG_inst/O
                         net (fo=305, routed)         0.879     0.879    datapath/Audio_Codec/audiocodec_master_clock/inst/clk_in1
    MMCME2_ADV_X0Y2      MMCME2_ADV (Prop_mmcme2_adv_CLKIN1_CLKOUT1)
                                                     -1.502    -0.624 r  datapath/Audio_Codec/audiocodec_master_clock/inst/mmcm_adv_inst/CLKOUT1
                         net (fo=1, routed)           0.595    -0.029    datapath/Audio_Codec/audiocodec_master_clock/inst/clk_out2_clk_wiz_1
    BUFGCTRL_X0Y3        BUFG (Prop_bufg_I_O)         0.029    -0.000 r  datapath/Audio_Codec/audiocodec_master_clock/inst/clkout2_buf/O
                         net (fo=115, routed)         0.905     0.905    datapath/Audio_Codec/initialize_audio/CLK
    SLICE_X159Y126       FDRE                                         r  datapath/Audio_Codec/initialize_audio/data_i_reg[4]/C
                         clock pessimism             -0.257     0.648    
    SLICE_X159Y126       FDRE (Hold_fdre_C_D)         0.091     0.739    datapath/Audio_Codec/initialize_audio/data_i_reg[4]
  -------------------------------------------------------------------
                         required time                         -0.739    
                         arrival time                           0.926    
  -------------------------------------------------------------------
                         slack                                  0.187    

Slack (MET) :             0.194ns  (arrival time - required time)
  Source:                 datapath/Audio_Codec/initialize_audio/initWord_reg[15]/C
                            (rising edge-triggered cell FDRE clocked by clk_out2_clk_wiz_1  {rise@0.000ns fall@10.000ns period=20.000ns})
  Destination:            datapath/Audio_Codec/initialize_audio/data_i_reg[7]/D
                            (rising edge-triggered cell FDRE clocked by clk_out2_clk_wiz_1  {rise@0.000ns fall@10.000ns period=20.000ns})
  Path Group:             clk_out2_clk_wiz_1
  Path Type:              Hold (Min at Fast Process Corner)
  Requirement:            0.000ns  (clk_out2_clk_wiz_1 rise@0.000ns - clk_out2_clk_wiz_1 rise@0.000ns)
  Data Path Delay:        0.298ns  (logic 0.186ns (62.510%)  route 0.112ns (37.490%))
  Logic Levels:           1  (LUT6=1)
  Clock Path Skew:        0.012ns (DCD - SCD - CPR)
    Destination Clock Delay (DCD):    0.905ns
    Source Clock Delay      (SCD):    0.636ns
    Clock Pessimism Removal (CPR):    0.257ns

    Location             Delay type                Incr(ns)  Path(ns)    Netlist Resource(s)
  -------------------------------------------------------------------    -------------------
                         (clock clk_out2_clk_wiz_1 rise edge)
                                                      0.000     0.000 r  
    BUFGCTRL_X0Y2        BUFG                         0.000     0.000 r  clk_IBUF_BUFG_inst/O
                         net (fo=305, routed)         0.610     0.610    datapath/Audio_Codec/audiocodec_master_clock/inst/clk_in1
    MMCME2_ADV_X0Y2      MMCME2_ADV (Prop_mmcme2_adv_CLKIN1_CLKOUT1)
                                                     -1.180    -0.571 r  datapath/Audio_Codec/audiocodec_master_clock/inst/mmcm_adv_inst/CLKOUT1
                         net (fo=1, routed)           0.545    -0.026    datapath/Audio_Codec/audiocodec_master_clock/inst/clk_out2_clk_wiz_1
    BUFGCTRL_X0Y3        BUFG (Prop_bufg_I_O)         0.026     0.000 r  datapath/Audio_Codec/audiocodec_master_clock/inst/clkout2_buf/O
                         net (fo=115, routed)         0.636     0.636    datapath/Audio_Codec/initialize_audio/CLK
    SLICE_X161Y126       FDRE                                         r  datapath/Audio_Codec/initialize_audio/initWord_reg[15]/C
  -------------------------------------------------------------------    -------------------
    SLICE_X161Y126       FDRE (Prop_fdre_C_Q)         0.141     0.777 r  datapath/Audio_Codec/initialize_audio/initWord_reg[15]/Q
                         net (fo=1, routed)           0.112     0.888    datapath/Audio_Codec/initialize_audio/data2[7]
    SLICE_X160Y125       LUT6 (Prop_lut6_I0_O)        0.045     0.933 r  datapath/Audio_Codec/initialize_audio/data_i[7]_i_1/O
                         net (fo=1, routed)           0.000     0.933    datapath/Audio_Codec/initialize_audio/data_i[7]_i_1_n_0
    SLICE_X160Y125       FDRE                                         r  datapath/Audio_Codec/initialize_audio/data_i_reg[7]/D
  -------------------------------------------------------------------    -------------------

                         (clock clk_out2_clk_wiz_1 rise edge)
                                                      0.000     0.000 r  
    BUFGCTRL_X0Y2        BUFG                         0.000     0.000 r  clk_IBUF_BUFG_inst/O
                         net (fo=305, routed)         0.879     0.879    datapath/Audio_Codec/audiocodec_master_clock/inst/clk_in1
    MMCME2_ADV_X0Y2      MMCME2_ADV (Prop_mmcme2_adv_CLKIN1_CLKOUT1)
                                                     -1.502    -0.624 r  datapath/Audio_Codec/audiocodec_master_clock/inst/mmcm_adv_inst/CLKOUT1
                         net (fo=1, routed)           0.595    -0.029    datapath/Audio_Codec/audiocodec_master_clock/inst/clk_out2_clk_wiz_1
    BUFGCTRL_X0Y3        BUFG (Prop_bufg_I_O)         0.029    -0.000 r  datapath/Audio_Codec/audiocodec_master_clock/inst/clkout2_buf/O
                         net (fo=115, routed)         0.905     0.905    datapath/Audio_Codec/initialize_audio/CLK
    SLICE_X160Y125       FDRE                                         r  datapath/Audio_Codec/initialize_audio/data_i_reg[7]/C
                         clock pessimism             -0.257     0.648    
    SLICE_X160Y125       FDRE (Hold_fdre_C_D)         0.092     0.740    datapath/Audio_Codec/initialize_audio/data_i_reg[7]
  -------------------------------------------------------------------
                         required time                         -0.740    
                         arrival time                           0.933    
  -------------------------------------------------------------------
                         slack                                  0.194    

Slack (MET) :             0.194ns  (arrival time - required time)
  Source:                 datapath/Audio_Codec/initialize_audio/initWord_reg[16]/C
                            (rising edge-triggered cell FDRE clocked by clk_out2_clk_wiz_1  {rise@0.000ns fall@10.000ns period=20.000ns})
  Destination:            datapath/Audio_Codec/initialize_audio/state_reg[3]/D
                            (rising edge-triggered cell FDRE clocked by clk_out2_clk_wiz_1  {rise@0.000ns fall@10.000ns period=20.000ns})
  Path Group:             clk_out2_clk_wiz_1
  Path Type:              Hold (Min at Fast Process Corner)
  Requirement:            0.000ns  (clk_out2_clk_wiz_1 rise@0.000ns - clk_out2_clk_wiz_1 rise@0.000ns)
  Data Path Delay:        0.320ns  (logic 0.186ns (58.075%)  route 0.134ns (41.925%))
  Logic Levels:           1  (LUT6=1)
  Clock Path Skew:        0.035ns (DCD - SCD - CPR)
    Destination Clock Delay (DCD):    0.907ns
    Source Clock Delay      (SCD):    0.638ns
    Clock Pessimism Removal (CPR):    0.234ns

    Location             Delay type                Incr(ns)  Path(ns)    Netlist Resource(s)
  -------------------------------------------------------------------    -------------------
                         (clock clk_out2_clk_wiz_1 rise edge)
                                                      0.000     0.000 r  
    BUFGCTRL_X0Y2        BUFG                         0.000     0.000 r  clk_IBUF_BUFG_inst/O
                         net (fo=305, routed)         0.610     0.610    datapath/Audio_Codec/audiocodec_master_clock/inst/clk_in1
    MMCME2_ADV_X0Y2      MMCME2_ADV (Prop_mmcme2_adv_CLKIN1_CLKOUT1)
                                                     -1.180    -0.571 r  datapath/Audio_Codec/audiocodec_master_clock/inst/mmcm_adv_inst/CLKOUT1
                         net (fo=1, routed)           0.545    -0.026    datapath/Audio_Codec/audiocodec_master_clock/inst/clk_out2_clk_wiz_1
    BUFGCTRL_X0Y3        BUFG (Prop_bufg_I_O)         0.026     0.000 r  datapath/Audio_Codec/audiocodec_master_clock/inst/clkout2_buf/O
                         net (fo=115, routed)         0.638     0.638    datapath/Audio_Codec/initialize_audio/CLK
    SLICE_X160Y127       FDRE                                         r  datapath/Audio_Codec/initialize_audio/initWord_reg[16]/C
  -------------------------------------------------------------------    -------------------
    SLICE_X160Y127       FDRE (Prop_fdre_C_Q)         0.141     0.779 f  datapath/Audio_Codec/initialize_audio/initWord_reg[16]/Q
                         net (fo=4, routed)           0.134     0.913    datapath/Audio_Codec/initialize_audio/twi_controller/initA_reg[0]_0[0]
    SLICE_X159Y127       LUT6 (Prop_lut6_I4_O)        0.045     0.958 r  datapath/Audio_Codec/initialize_audio/twi_controller/state[3]_i_2/O
                         net (fo=1, routed)           0.000     0.958    datapath/Audio_Codec/initialize_audio/twi_controller_n_2
    SLICE_X159Y127       FDRE                                         r  datapath/Audio_Codec/initialize_audio/state_reg[3]/D
  -------------------------------------------------------------------    -------------------

                         (clock clk_out2_clk_wiz_1 rise edge)
                                                      0.000     0.000 r  
    BUFGCTRL_X0Y2        BUFG                         0.000     0.000 r  clk_IBUF_BUFG_inst/O
                         net (fo=305, routed)         0.879     0.879    datapath/Audio_Codec/audiocodec_master_clock/inst/clk_in1
    MMCME2_ADV_X0Y2      MMCME2_ADV (Prop_mmcme2_adv_CLKIN1_CLKOUT1)
                                                     -1.502    -0.624 r  datapath/Audio_Codec/audiocodec_master_clock/inst/mmcm_adv_inst/CLKOUT1
                         net (fo=1, routed)           0.595    -0.029    datapath/Audio_Codec/audiocodec_master_clock/inst/clk_out2_clk_wiz_1
    BUFGCTRL_X0Y3        BUFG (Prop_bufg_I_O)         0.029    -0.000 r  datapath/Audio_Codec/audiocodec_master_clock/inst/clkout2_buf/O
                         net (fo=115, routed)         0.907     0.907    datapath/Audio_Codec/initialize_audio/CLK
    SLICE_X159Y127       FDRE                                         r  datapath/Audio_Codec/initialize_audio/state_reg[3]/C
                         clock pessimism             -0.234     0.673    
    SLICE_X159Y127       FDRE (Hold_fdre_C_D)         0.091     0.764    datapath/Audio_Codec/initialize_audio/state_reg[3]
  -------------------------------------------------------------------
                         required time                         -0.764    
                         arrival time                           0.958    
  -------------------------------------------------------------------
                         slack                                  0.194    

Slack (MET) :             0.199ns  (arrival time - required time)
  Source:                 datapath/Audio_Codec/initialize_audio/twi_controller/busFreeCnt_reg[1]/C
                            (rising edge-triggered cell FDRE clocked by clk_out2_clk_wiz_1  {rise@0.000ns fall@10.000ns period=20.000ns})
  Destination:            datapath/Audio_Codec/initialize_audio/twi_controller/busFreeCnt_reg[2]/D
                            (rising edge-triggered cell FDSE clocked by clk_out2_clk_wiz_1  {rise@0.000ns fall@10.000ns period=20.000ns})
  Path Group:             clk_out2_clk_wiz_1
  Path Type:              Hold (Min at Fast Process Corner)
  Requirement:            0.000ns  (clk_out2_clk_wiz_1 rise@0.000ns - clk_out2_clk_wiz_1 rise@0.000ns)
  Data Path Delay:        0.319ns  (logic 0.189ns (59.230%)  route 0.130ns (40.770%))
  Logic Levels:           1  (LUT3=1)
  Clock Path Skew:        0.013ns (DCD - SCD - CPR)
    Destination Clock Delay (DCD):    0.909ns
    Source Clock Delay      (SCD):    0.638ns
    Clock Pessimism Removal (CPR):    0.258ns

    Location             Delay type                Incr(ns)  Path(ns)    Netlist Resource(s)
  -------------------------------------------------------------------    -------------------
                         (clock clk_out2_clk_wiz_1 rise edge)
                                                      0.000     0.000 r  
    BUFGCTRL_X0Y2        BUFG                         0.000     0.000 r  clk_IBUF_BUFG_inst/O
                         net (fo=305, routed)         0.610     0.610    datapath/Audio_Codec/audiocodec_master_clock/inst/clk_in1
    MMCME2_ADV_X0Y2      MMCME2_ADV (Prop_mmcme2_adv_CLKIN1_CLKOUT1)
                                                     -1.180    -0.571 r  datapath/Audio_Codec/audiocodec_master_clock/inst/mmcm_adv_inst/CLKOUT1
                         net (fo=1, routed)           0.545    -0.026    datapath/Audio_Codec/audiocodec_master_clock/inst/clk_out2_clk_wiz_1
    BUFGCTRL_X0Y3        BUFG (Prop_bufg_I_O)         0.026     0.000 r  datapath/Audio_Codec/audiocodec_master_clock/inst/clkout2_buf/O
                         net (fo=115, routed)         0.638     0.638    datapath/Audio_Codec/initialize_audio/twi_controller/CLK
    SLICE_X160Y121       FDRE                                         r  datapath/Audio_Codec/initialize_audio/twi_controller/busFreeCnt_reg[1]/C
  -------------------------------------------------------------------    -------------------
    SLICE_X160Y121       FDRE (Prop_fdre_C_Q)         0.141     0.779 r  datapath/Audio_Codec/initialize_audio/twi_controller/busFreeCnt_reg[1]/Q
                         net (fo=6, routed)           0.130     0.909    datapath/Audio_Codec/initialize_audio/twi_controller/busFreeCnt_reg[1]
    SLICE_X161Y121       LUT3 (Prop_lut3_I2_O)        0.048     0.957 r  datapath/Audio_Codec/initialize_audio/twi_controller/busFreeCnt[2]_i_1/O
                         net (fo=1, routed)           0.000     0.957    datapath/Audio_Codec/initialize_audio/twi_controller/busFreeCnt0[2]
    SLICE_X161Y121       FDSE                                         r  datapath/Audio_Codec/initialize_audio/twi_controller/busFreeCnt_reg[2]/D
  -------------------------------------------------------------------    -------------------

                         (clock clk_out2_clk_wiz_1 rise edge)
                                                      0.000     0.000 r  
    BUFGCTRL_X0Y2        BUFG                         0.000     0.000 r  clk_IBUF_BUFG_inst/O
                         net (fo=305, routed)         0.879     0.879    datapath/Audio_Codec/audiocodec_master_clock/inst/clk_in1
    MMCME2_ADV_X0Y2      MMCME2_ADV (Prop_mmcme2_adv_CLKIN1_CLKOUT1)
                                                     -1.502    -0.624 r  datapath/Audio_Codec/audiocodec_master_clock/inst/mmcm_adv_inst/CLKOUT1
                         net (fo=1, routed)           0.595    -0.029    datapath/Audio_Codec/audiocodec_master_clock/inst/clk_out2_clk_wiz_1
    BUFGCTRL_X0Y3        BUFG (Prop_bufg_I_O)         0.029    -0.000 r  datapath/Audio_Codec/audiocodec_master_clock/inst/clkout2_buf/O
                         net (fo=115, routed)         0.909     0.909    datapath/Audio_Codec/initialize_audio/twi_controller/CLK
    SLICE_X161Y121       FDSE                                         r  datapath/Audio_Codec/initialize_audio/twi_controller/busFreeCnt_reg[2]/C
                         clock pessimism             -0.258     0.651    
    SLICE_X161Y121       FDSE (Hold_fdse_C_D)         0.107     0.758    datapath/Audio_Codec/initialize_audio/twi_controller/busFreeCnt_reg[2]
  -------------------------------------------------------------------
                         required time                         -0.758    
                         arrival time                           0.957    
  -------------------------------------------------------------------
                         slack                                  0.199    

Slack (MET) :             0.201ns  (arrival time - required time)
  Source:                 datapath/Audio_Codec/initialize_audio/twi_controller/busFreeCnt_reg[0]/C
                            (rising edge-triggered cell FDSE clocked by clk_out2_clk_wiz_1  {rise@0.000ns fall@10.000ns period=20.000ns})
  Destination:            datapath/Audio_Codec/initialize_audio/twi_controller/busFreeCnt_reg[1]/D
                            (rising edge-triggered cell FDRE clocked by clk_out2_clk_wiz_1  {rise@0.000ns fall@10.000ns period=20.000ns})
  Path Group:             clk_out2_clk_wiz_1
  Path Type:              Hold (Min at Fast Process Corner)
  Requirement:            0.000ns  (clk_out2_clk_wiz_1 rise@0.000ns - clk_out2_clk_wiz_1 rise@0.000ns)
  Data Path Delay:        0.305ns  (logic 0.186ns (61.010%)  route 0.119ns (38.990%))
  Logic Levels:           1  (LUT2=1)
  Clock Path Skew:        0.013ns (DCD - SCD - CPR)
    Destination Clock Delay (DCD):    0.909ns
    Source Clock Delay      (SCD):    0.638ns
    Clock Pessimism Removal (CPR):    0.258ns

    Location             Delay type                Incr(ns)  Path(ns)    Netlist Resource(s)
  -------------------------------------------------------------------    -------------------
                         (clock clk_out2_clk_wiz_1 rise edge)
                                                      0.000     0.000 r  
    BUFGCTRL_X0Y2        BUFG                         0.000     0.000 r  clk_IBUF_BUFG_inst/O
                         net (fo=305, routed)         0.610     0.610    datapath/Audio_Codec/audiocodec_master_clock/inst/clk_in1
    MMCME2_ADV_X0Y2      MMCME2_ADV (Prop_mmcme2_adv_CLKIN1_CLKOUT1)
                                                     -1.180    -0.571 r  datapath/Audio_Codec/audiocodec_master_clock/inst/mmcm_adv_inst/CLKOUT1
                         net (fo=1, routed)           0.545    -0.026    datapath/Audio_Codec/audiocodec_master_clock/inst/clk_out2_clk_wiz_1
    BUFGCTRL_X0Y3        BUFG (Prop_bufg_I_O)         0.026     0.000 r  datapath/Audio_Codec/audiocodec_master_clock/inst/clkout2_buf/O
                         net (fo=115, routed)         0.638     0.638    datapath/Audio_Codec/initialize_audio/twi_controller/CLK
    SLICE_X161Y121       FDSE                                         r  datapath/Audio_Codec/initialize_audio/twi_controller/busFreeCnt_reg[0]/C
  -------------------------------------------------------------------    -------------------
    SLICE_X161Y121       FDSE (Prop_fdse_C_Q)         0.141     0.779 r  datapath/Audio_Codec/initialize_audio/twi_controller/busFreeCnt_reg[0]/Q
                         net (fo=7, routed)           0.119     0.897    datapath/Audio_Codec/initialize_audio/twi_controller/busFreeCnt_reg[0]
    SLICE_X160Y121       LUT2 (Prop_lut2_I1_O)        0.045     0.942 r  datapath/Audio_Codec/initialize_audio/twi_controller/busFreeCnt[1]_i_1/O
                         net (fo=1, routed)           0.000     0.942    datapath/Audio_Codec/initialize_audio/twi_controller/busFreeCnt0[1]
    SLICE_X160Y121       FDRE                                         r  datapath/Audio_Codec/initialize_audio/twi_controller/busFreeCnt_reg[1]/D
  -------------------------------------------------------------------    -------------------

                         (clock clk_out2_clk_wiz_1 rise edge)
                                                      0.000     0.000 r  
    BUFGCTRL_X0Y2        BUFG                         0.000     0.000 r  clk_IBUF_BUFG_inst/O
                         net (fo=305, routed)         0.879     0.879    datapath/Audio_Codec/audiocodec_master_clock/inst/clk_in1
    MMCME2_ADV_X0Y2      MMCME2_ADV (Prop_mmcme2_adv_CLKIN1_CLKOUT1)
                                                     -1.502    -0.624 r  datapath/Audio_Codec/audiocodec_master_clock/inst/mmcm_adv_inst/CLKOUT1
                         net (fo=1, routed)           0.595    -0.029    datapath/Audio_Codec/audiocodec_master_clock/inst/clk_out2_clk_wiz_1
    BUFGCTRL_X0Y3        BUFG (Prop_bufg_I_O)         0.029    -0.000 r  datapath/Audio_Codec/audiocodec_master_clock/inst/clkout2_buf/O
                         net (fo=115, routed)         0.909     0.909    datapath/Audio_Codec/initialize_audio/twi_controller/CLK
    SLICE_X160Y121       FDRE                                         r  datapath/Audio_Codec/initialize_audio/twi_controller/busFreeCnt_reg[1]/C
                         clock pessimism             -0.258     0.651    
    SLICE_X160Y121       FDRE (Hold_fdre_C_D)         0.091     0.742    datapath/Audio_Codec/initialize_audio/twi_controller/busFreeCnt_reg[1]
  -------------------------------------------------------------------
                         required time                         -0.742    
                         arrival time                           0.942    
  -------------------------------------------------------------------
                         slack                                  0.201    

Slack (MET) :             0.201ns  (arrival time - required time)
  Source:                 datapath/Audio_Codec/initialize_audio/twi_controller/busFreeCnt_reg[1]/C
                            (rising edge-triggered cell FDRE clocked by clk_out2_clk_wiz_1  {rise@0.000ns fall@10.000ns period=20.000ns})
  Destination:            datapath/Audio_Codec/initialize_audio/twi_controller/busFreeCnt_reg[4]/D
                            (rising edge-triggered cell FDSE clocked by clk_out2_clk_wiz_1  {rise@0.000ns fall@10.000ns period=20.000ns})
  Path Group:             clk_out2_clk_wiz_1
  Path Type:              Hold (Min at Fast Process Corner)
  Requirement:            0.000ns  (clk_out2_clk_wiz_1 rise@0.000ns - clk_out2_clk_wiz_1 rise@0.000ns)
  Data Path Delay:        0.321ns  (logic 0.190ns (59.172%)  route 0.131ns (40.828%))
  Logic Levels:           1  (LUT5=1)
  Clock Path Skew:        0.013ns (DCD - SCD - CPR)
    Destination Clock Delay (DCD):    0.909ns
    Source Clock Delay      (SCD):    0.638ns
    Clock Pessimism Removal (CPR):    0.258ns

    Location             Delay type                Incr(ns)  Path(ns)    Netlist Resource(s)
  -------------------------------------------------------------------    -------------------
                         (clock clk_out2_clk_wiz_1 rise edge)
                                                      0.000     0.000 r  
    BUFGCTRL_X0Y2        BUFG                         0.000     0.000 r  clk_IBUF_BUFG_inst/O
                         net (fo=305, routed)         0.610     0.610    datapath/Audio_Codec/audiocodec_master_clock/inst/clk_in1
    MMCME2_ADV_X0Y2      MMCME2_ADV (Prop_mmcme2_adv_CLKIN1_CLKOUT1)
                                                     -1.180    -0.571 r  datapath/Audio_Codec/audiocodec_master_clock/inst/mmcm_adv_inst/CLKOUT1
                         net (fo=1, routed)           0.545    -0.026    datapath/Audio_Codec/audiocodec_master_clock/inst/clk_out2_clk_wiz_1
    BUFGCTRL_X0Y3        BUFG (Prop_bufg_I_O)         0.026     0.000 r  datapath/Audio_Codec/audiocodec_master_clock/inst/clkout2_buf/O
                         net (fo=115, routed)         0.638     0.638    datapath/Audio_Codec/initialize_audio/twi_controller/CLK
    SLICE_X160Y121       FDRE                                         r  datapath/Audio_Codec/initialize_audio/twi_controller/busFreeCnt_reg[1]/C
  -------------------------------------------------------------------    -------------------
    SLICE_X160Y121       FDRE (Prop_fdre_C_Q)         0.141     0.779 r  datapath/Audio_Codec/initialize_audio/twi_controller/busFreeCnt_reg[1]/Q
                         net (fo=6, routed)           0.131     0.910    datapath/Audio_Codec/initialize_audio/twi_controller/busFreeCnt_reg[1]
    SLICE_X161Y121       LUT5 (Prop_lut5_I3_O)        0.049     0.959 r  datapath/Audio_Codec/initialize_audio/twi_controller/busFreeCnt[4]_i_1/O
                         net (fo=1, routed)           0.000     0.959    datapath/Audio_Codec/initialize_audio/twi_controller/busFreeCnt0[4]
    SLICE_X161Y121       FDSE                                         r  datapath/Audio_Codec/initialize_audio/twi_controller/busFreeCnt_reg[4]/D
  -------------------------------------------------------------------    -------------------

                         (clock clk_out2_clk_wiz_1 rise edge)
                                                      0.000     0.000 r  
    BUFGCTRL_X0Y2        BUFG                         0.000     0.000 r  clk_IBUF_BUFG_inst/O
                         net (fo=305, routed)         0.879     0.879    datapath/Audio_Codec/audiocodec_master_clock/inst/clk_in1
    MMCME2_ADV_X0Y2      MMCME2_ADV (Prop_mmcme2_adv_CLKIN1_CLKOUT1)
                                                     -1.502    -0.624 r  datapath/Audio_Codec/audiocodec_master_clock/inst/mmcm_adv_inst/CLKOUT1
                         net (fo=1, routed)           0.595    -0.029    datapath/Audio_Codec/audiocodec_master_clock/inst/clk_out2_clk_wiz_1
    BUFGCTRL_X0Y3        BUFG (Prop_bufg_I_O)         0.029    -0.000 r  datapath/Audio_Codec/audiocodec_master_clock/inst/clkout2_buf/O
                         net (fo=115, routed)         0.909     0.909    datapath/Audio_Codec/initialize_audio/twi_controller/CLK
    SLICE_X161Y121       FDSE                                         r  datapath/Audio_Codec/initialize_audio/twi_controller/busFreeCnt_reg[4]/C
                         clock pessimism             -0.258     0.651    
    SLICE_X161Y121       FDSE (Hold_fdse_C_D)         0.107     0.758    datapath/Audio_Codec/initialize_audio/twi_controller/busFreeCnt_reg[4]
  -------------------------------------------------------------------
                         required time                         -0.758    
                         arrival time                           0.959    
  -------------------------------------------------------------------
                         slack                                  0.201    

Slack (MET) :             0.202ns  (arrival time - required time)
  Source:                 datapath/Audio_Codec/initialize_audio/initWord_reg[13]/C
                            (rising edge-triggered cell FDRE clocked by clk_out2_clk_wiz_1  {rise@0.000ns fall@10.000ns period=20.000ns})
  Destination:            datapath/Audio_Codec/initialize_audio/data_i_reg[5]/D
                            (rising edge-triggered cell FDRE clocked by clk_out2_clk_wiz_1  {rise@0.000ns fall@10.000ns period=20.000ns})
  Path Group:             clk_out2_clk_wiz_1
  Path Type:              Hold (Min at Fast Process Corner)
  Requirement:            0.000ns  (clk_out2_clk_wiz_1 rise@0.000ns - clk_out2_clk_wiz_1 rise@0.000ns)
  Data Path Delay:        0.304ns  (logic 0.186ns (61.158%)  route 0.118ns (38.842%))
  Logic Levels:           1  (LUT5=1)
  Clock Path Skew:        0.011ns (DCD - SCD - CPR)
    Destination Clock Delay (DCD):    0.906ns
    Source Clock Delay      (SCD):    0.638ns
    Clock Pessimism Removal (CPR):    0.257ns

    Location             Delay type                Incr(ns)  Path(ns)    Netlist Resource(s)
  -------------------------------------------------------------------    -------------------
                         (clock clk_out2_clk_wiz_1 rise edge)
                                                      0.000     0.000 r  
    BUFGCTRL_X0Y2        BUFG                         0.000     0.000 r  clk_IBUF_BUFG_inst/O
                         net (fo=305, routed)         0.610     0.610    datapath/Audio_Codec/audiocodec_master_clock/inst/clk_in1
    MMCME2_ADV_X0Y2      MMCME2_ADV (Prop_mmcme2_adv_CLKIN1_CLKOUT1)
                                                     -1.180    -0.571 r  datapath/Audio_Codec/audiocodec_master_clock/inst/mmcm_adv_inst/CLKOUT1
                         net (fo=1, routed)           0.545    -0.026    datapath/Audio_Codec/audiocodec_master_clock/inst/clk_out2_clk_wiz_1
    BUFGCTRL_X0Y3        BUFG (Prop_bufg_I_O)         0.026     0.000 r  datapath/Audio_Codec/audiocodec_master_clock/inst/clkout2_buf/O
                         net (fo=115, routed)         0.638     0.638    datapath/Audio_Codec/initialize_audio/CLK
    SLICE_X160Y127       FDRE                                         r  datapath/Audio_Codec/initialize_audio/initWord_reg[13]/C
  -------------------------------------------------------------------    -------------------
    SLICE_X160Y127       FDRE (Prop_fdre_C_Q)         0.141     0.779 r  datapath/Audio_Codec/initialize_audio/initWord_reg[13]/Q
                         net (fo=1, routed)           0.118     0.897    datapath/Audio_Codec/initialize_audio/data2[5]
    SLICE_X160Y126       LUT5 (Prop_lut5_I2_O)        0.045     0.942 r  datapath/Audio_Codec/initialize_audio/data_i[5]_i_1/O
                         net (fo=1, routed)           0.000     0.942    datapath/Audio_Codec/initialize_audio/data_i[5]_i_1_n_0
    SLICE_X160Y126       FDRE                                         r  datapath/Audio_Codec/initialize_audio/data_i_reg[5]/D
  -------------------------------------------------------------------    -------------------

                         (clock clk_out2_clk_wiz_1 rise edge)
                                                      0.000     0.000 r  
    BUFGCTRL_X0Y2        BUFG                         0.000     0.000 r  clk_IBUF_BUFG_inst/O
                         net (fo=305, routed)         0.879     0.879    datapath/Audio_Codec/audiocodec_master_clock/inst/clk_in1
    MMCME2_ADV_X0Y2      MMCME2_ADV (Prop_mmcme2_adv_CLKIN1_CLKOUT1)
                                                     -1.502    -0.624 r  datapath/Audio_Codec/audiocodec_master_clock/inst/mmcm_adv_inst/CLKOUT1
                         net (fo=1, routed)           0.595    -0.029    datapath/Audio_Codec/audiocodec_master_clock/inst/clk_out2_clk_wiz_1
    BUFGCTRL_X0Y3        BUFG (Prop_bufg_I_O)         0.029    -0.000 r  datapath/Audio_Codec/audiocodec_master_clock/inst/clkout2_buf/O
                         net (fo=115, routed)         0.906     0.906    datapath/Audio_Codec/initialize_audio/CLK
    SLICE_X160Y126       FDRE                                         r  datapath/Audio_Codec/initialize_audio/data_i_reg[5]/C
                         clock pessimism             -0.257     0.649    
    SLICE_X160Y126       FDRE (Hold_fdre_C_D)         0.091     0.740    datapath/Audio_Codec/initialize_audio/data_i_reg[5]
  -------------------------------------------------------------------
                         required time                         -0.740    
                         arrival time                           0.942    
  -------------------------------------------------------------------
                         slack                                  0.202    

Slack (MET) :             0.202ns  (arrival time - required time)
  Source:                 datapath/Audio_Codec/initialize_audio/initA_reg[5]/C
                            (rising edge-triggered cell FDRE clocked by clk_out2_clk_wiz_1  {rise@0.000ns fall@10.000ns period=20.000ns})
  Destination:            datapath/Audio_Codec/initialize_audio/initWord_reg[23]/D
                            (rising edge-triggered cell FDRE clocked by clk_out2_clk_wiz_1  {rise@0.000ns fall@10.000ns period=20.000ns})
  Path Group:             clk_out2_clk_wiz_1
  Path Type:              Hold (Min at Fast Process Corner)
  Requirement:            0.000ns  (clk_out2_clk_wiz_1 rise@0.000ns - clk_out2_clk_wiz_1 rise@0.000ns)
  Data Path Delay:        0.306ns  (logic 0.209ns (68.203%)  route 0.097ns (31.797%))
  Logic Levels:           1  (LUT6=1)
  Clock Path Skew:        0.013ns (DCD - SCD - CPR)
    Destination Clock Delay (DCD):    0.908ns
    Source Clock Delay      (SCD):    0.637ns
    Clock Pessimism Removal (CPR):    0.258ns

    Location             Delay type                Incr(ns)  Path(ns)    Netlist Resource(s)
  -------------------------------------------------------------------    -------------------
                         (clock clk_out2_clk_wiz_1 rise edge)
                                                      0.000     0.000 r  
    BUFGCTRL_X0Y2        BUFG                         0.000     0.000 r  clk_IBUF_BUFG_inst/O
                         net (fo=305, routed)         0.610     0.610    datapath/Audio_Codec/audiocodec_master_clock/inst/clk_in1
    MMCME2_ADV_X0Y2      MMCME2_ADV (Prop_mmcme2_adv_CLKIN1_CLKOUT1)
                                                     -1.180    -0.571 r  datapath/Audio_Codec/audiocodec_master_clock/inst/mmcm_adv_inst/CLKOUT1
                         net (fo=1, routed)           0.545    -0.026    datapath/Audio_Codec/audiocodec_master_clock/inst/clk_out2_clk_wiz_1
    BUFGCTRL_X0Y3        BUFG (Prop_bufg_I_O)         0.026     0.000 r  datapath/Audio_Codec/audiocodec_master_clock/inst/clkout2_buf/O
                         net (fo=115, routed)         0.637     0.637    datapath/Audio_Codec/initialize_audio/CLK
    SLICE_X158Y128       FDRE                                         r  datapath/Audio_Codec/initialize_audio/initA_reg[5]/C
  -------------------------------------------------------------------    -------------------
    SLICE_X158Y128       FDRE (Prop_fdre_C_Q)         0.164     0.801 f  datapath/Audio_Codec/initialize_audio/initA_reg[5]/Q
                         net (fo=22, routed)          0.097     0.898    datapath/Audio_Codec/initialize_audio/initA_reg[5]
    SLICE_X159Y128       LUT6 (Prop_lut6_I2_O)        0.045     0.943 r  datapath/Audio_Codec/initialize_audio/initWord[23]_i_1/O
                         net (fo=1, routed)           0.000     0.943    datapath/Audio_Codec/initialize_audio/initWord[23]_i_1_n_0
    SLICE_X159Y128       FDRE                                         r  datapath/Audio_Codec/initialize_audio/initWord_reg[23]/D
  -------------------------------------------------------------------    -------------------

                         (clock clk_out2_clk_wiz_1 rise edge)
                                                      0.000     0.000 r  
    BUFGCTRL_X0Y2        BUFG                         0.000     0.000 r  clk_IBUF_BUFG_inst/O
                         net (fo=305, routed)         0.879     0.879    datapath/Audio_Codec/audiocodec_master_clock/inst/clk_in1
    MMCME2_ADV_X0Y2      MMCME2_ADV (Prop_mmcme2_adv_CLKIN1_CLKOUT1)
                                                     -1.502    -0.624 r  datapath/Audio_Codec/audiocodec_master_clock/inst/mmcm_adv_inst/CLKOUT1
                         net (fo=1, routed)           0.595    -0.029    datapath/Audio_Codec/audiocodec_master_clock/inst/clk_out2_clk_wiz_1
    BUFGCTRL_X0Y3        BUFG (Prop_bufg_I_O)         0.029    -0.000 r  datapath/Audio_Codec/audiocodec_master_clock/inst/clkout2_buf/O
                         net (fo=115, routed)         0.908     0.908    datapath/Audio_Codec/initialize_audio/CLK
    SLICE_X159Y128       FDRE                                         r  datapath/Audio_Codec/initialize_audio/initWord_reg[23]/C
                         clock pessimism             -0.258     0.650    
    SLICE_X159Y128       FDRE (Hold_fdre_C_D)         0.091     0.741    datapath/Audio_Codec/initialize_audio/initWord_reg[23]
  -------------------------------------------------------------------
                         required time                         -0.741    
                         arrival time                           0.943    
  -------------------------------------------------------------------
                         slack                                  0.202    

Slack (MET) :             0.211ns  (arrival time - required time)
  Source:                 datapath/Audio_Codec/initialize_audio/twi_controller/ddSda_reg/C
                            (rising edge-triggered cell FDRE clocked by clk_out2_clk_wiz_1  {rise@0.000ns fall@10.000ns period=20.000ns})
  Destination:            datapath/Audio_Codec/initialize_audio/twi_controller/busState_reg[1]/D
                            (rising edge-triggered cell FDRE clocked by clk_out2_clk_wiz_1  {rise@0.000ns fall@10.000ns period=20.000ns})
  Path Group:             clk_out2_clk_wiz_1
  Path Type:              Hold (Min at Fast Process Corner)
  Requirement:            0.000ns  (clk_out2_clk_wiz_1 rise@0.000ns - clk_out2_clk_wiz_1 rise@0.000ns)
  Data Path Delay:        0.332ns  (logic 0.246ns (74.148%)  route 0.086ns (25.852%))
  Logic Levels:           1  (LUT6=1)
  Clock Path Skew:        0.000ns (DCD - SCD - CPR)
    Destination Clock Delay (DCD):    0.908ns
    Source Clock Delay      (SCD):    0.638ns
    Clock Pessimism Removal (CPR):    0.270ns

    Location             Delay type                Incr(ns)  Path(ns)    Netlist Resource(s)
  -------------------------------------------------------------------    -------------------
                         (clock clk_out2_clk_wiz_1 rise edge)
                                                      0.000     0.000 r  
    BUFGCTRL_X0Y2        BUFG                         0.000     0.000 r  clk_IBUF_BUFG_inst/O
                         net (fo=305, routed)         0.610     0.610    datapath/Audio_Codec/audiocodec_master_clock/inst/clk_in1
    MMCME2_ADV_X0Y2      MMCME2_ADV (Prop_mmcme2_adv_CLKIN1_CLKOUT1)
                                                     -1.180    -0.571 r  datapath/Audio_Codec/audiocodec_master_clock/inst/mmcm_adv_inst/CLKOUT1
                         net (fo=1, routed)           0.545    -0.026    datapath/Audio_Codec/audiocodec_master_clock/inst/clk_out2_clk_wiz_1
    BUFGCTRL_X0Y3        BUFG (Prop_bufg_I_O)         0.026     0.000 r  datapath/Audio_Codec/audiocodec_master_clock/inst/clkout2_buf/O
                         net (fo=115, routed)         0.638     0.638    datapath/Audio_Codec/initialize_audio/twi_controller/CLK
    SLICE_X162Y122       FDRE                                         r  datapath/Audio_Codec/initialize_audio/twi_controller/ddSda_reg/C
  -------------------------------------------------------------------    -------------------
    SLICE_X162Y122       FDRE (Prop_fdre_C_Q)         0.148     0.786 r  datapath/Audio_Codec/initialize_audio/twi_controller/ddSda_reg/Q
                         net (fo=3, routed)           0.086     0.871    datapath/Audio_Codec/initialize_audio/twi_controller/ddSda
    SLICE_X162Y122       LUT6 (Prop_lut6_I0_O)        0.098     0.969 r  datapath/Audio_Codec/initialize_audio/twi_controller/busState[1]_i_1/O
                         net (fo=1, routed)           0.000     0.969    datapath/Audio_Codec/initialize_audio/twi_controller/busState[1]_i_1_n_0
    SLICE_X162Y122       FDRE                                         r  datapath/Audio_Codec/initialize_audio/twi_controller/busState_reg[1]/D
  -------------------------------------------------------------------    -------------------

                         (clock clk_out2_clk_wiz_1 rise edge)
                                                      0.000     0.000 r  
    BUFGCTRL_X0Y2        BUFG                         0.000     0.000 r  clk_IBUF_BUFG_inst/O
                         net (fo=305, routed)         0.879     0.879    datapath/Audio_Codec/audiocodec_master_clock/inst/clk_in1
    MMCME2_ADV_X0Y2      MMCME2_ADV (Prop_mmcme2_adv_CLKIN1_CLKOUT1)
                                                     -1.502    -0.624 r  datapath/Audio_Codec/audiocodec_master_clock/inst/mmcm_adv_inst/CLKOUT1
                         net (fo=1, routed)           0.595    -0.029    datapath/Audio_Codec/audiocodec_master_clock/inst/clk_out2_clk_wiz_1
    BUFGCTRL_X0Y3        BUFG (Prop_bufg_I_O)         0.029    -0.000 r  datapath/Audio_Codec/audiocodec_master_clock/inst/clkout2_buf/O
                         net (fo=115, routed)         0.908     0.908    datapath/Audio_Codec/initialize_audio/twi_controller/CLK
    SLICE_X162Y122       FDRE                                         r  datapath/Audio_Codec/initialize_audio/twi_controller/busState_reg[1]/C
                         clock pessimism             -0.270     0.638    
    SLICE_X162Y122       FDRE (Hold_fdre_C_D)         0.121     0.759    datapath/Audio_Codec/initialize_audio/twi_controller/busState_reg[1]
  -------------------------------------------------------------------
                         required time                         -0.759    
                         arrival time                           0.969    
  -------------------------------------------------------------------
                         slack                                  0.211    





Pulse Width Checks
--------------------------------------------------------------------------------------
Clock Name:         clk_out2_clk_wiz_1
Waveform(ns):       { 0.000 10.000 }
Period(ns):         20.000
Sources:            { datapath/Audio_Codec/audiocodec_master_clock/inst/mmcm_adv_inst/CLKOUT1 }

Check Type        Corner  Lib Pin             Reference Pin  Required(ns)  Actual(ns)  Slack(ns)  Location         Pin
Min Period        n/a     BUFG/I              n/a            2.155         20.000      17.845     BUFGCTRL_X0Y3    datapath/Audio_Codec/audiocodec_master_clock/inst/clkout2_buf/I
Min Period        n/a     MMCME2_ADV/CLKOUT1  n/a            1.249         20.000      18.751     MMCME2_ADV_X0Y2  datapath/Audio_Codec/audiocodec_master_clock/inst/mmcm_adv_inst/CLKOUT1
Min Period        n/a     FDRE/C              n/a            1.000         20.000      19.000     SLICE_X160Y125   datapath/Audio_Codec/initialize_audio/data_i_reg[0]/C
Min Period        n/a     FDRE/C              n/a            1.000         20.000      19.000     SLICE_X160Y125   datapath/Audio_Codec/initialize_audio/data_i_reg[1]/C
Min Period        n/a     FDRE/C              n/a            1.000         20.000      19.000     SLICE_X160Y126   datapath/Audio_Codec/initialize_audio/data_i_reg[2]/C
Min Period        n/a     FDRE/C              n/a            1.000         20.000      19.000     SLICE_X160Y126   datapath/Audio_Codec/initialize_audio/data_i_reg[3]/C
Min Period        n/a     FDRE/C              n/a            1.000         20.000      19.000     SLICE_X159Y126   datapath/Audio_Codec/initialize_audio/data_i_reg[4]/C
Min Period        n/a     FDRE/C              n/a            1.000         20.000      19.000     SLICE_X160Y126   datapath/Audio_Codec/initialize_audio/data_i_reg[5]/C
Min Period        n/a     FDRE/C              n/a            1.000         20.000      19.000     SLICE_X159Y125   datapath/Audio_Codec/initialize_audio/data_i_reg[6]/C
Min Period        n/a     FDRE/C              n/a            1.000         20.000      19.000     SLICE_X160Y125   datapath/Audio_Codec/initialize_audio/data_i_reg[7]/C
Max Period        n/a     MMCME2_ADV/CLKOUT1  n/a            213.360       20.000      193.360    MMCME2_ADV_X0Y2  datapath/Audio_Codec/audiocodec_master_clock/inst/mmcm_adv_inst/CLKOUT1
Low Pulse Width   Slow    FDRE/C              n/a            0.500         10.000      9.500      SLICE_X160Y125   datapath/Audio_Codec/initialize_audio/data_i_reg[0]/C
Low Pulse Width   Fast    FDRE/C              n/a            0.500         10.000      9.500      SLICE_X160Y125   datapath/Audio_Codec/initialize_audio/data_i_reg[0]/C
Low Pulse Width   Slow    FDRE/C              n/a            0.500         10.000      9.500      SLICE_X160Y125   datapath/Audio_Codec/initialize_audio/data_i_reg[1]/C
Low Pulse Width   Fast    FDRE/C              n/a            0.500         10.000      9.500      SLICE_X160Y125   datapath/Audio_Codec/initialize_audio/data_i_reg[1]/C
Low Pulse Width   Slow    FDRE/C              n/a            0.500         10.000      9.500      SLICE_X160Y126   datapath/Audio_Codec/initialize_audio/data_i_reg[2]/C
Low Pulse Width   Fast    FDRE/C              n/a            0.500         10.000      9.500      SLICE_X160Y126   datapath/Audio_Codec/initialize_audio/data_i_reg[2]/C
Low Pulse Width   Slow    FDRE/C              n/a            0.500         10.000      9.500      SLICE_X160Y126   datapath/Audio_Codec/initialize_audio/data_i_reg[3]/C
Low Pulse Width   Fast    FDRE/C              n/a            0.500         10.000      9.500      SLICE_X160Y126   datapath/Audio_Codec/initialize_audio/data_i_reg[3]/C
Low Pulse Width   Slow    FDRE/C              n/a            0.500         10.000      9.500      SLICE_X159Y126   datapath/Audio_Codec/initialize_audio/data_i_reg[4]/C
Low Pulse Width   Fast    FDRE/C              n/a            0.500         10.000      9.500      SLICE_X159Y126   datapath/Audio_Codec/initialize_audio/data_i_reg[4]/C
High Pulse Width  Slow    FDRE/C              n/a            0.500         10.000      9.500      SLICE_X160Y125   datapath/Audio_Codec/initialize_audio/data_i_reg[0]/C
High Pulse Width  Fast    FDRE/C              n/a            0.500         10.000      9.500      SLICE_X160Y125   datapath/Audio_Codec/initialize_audio/data_i_reg[0]/C
High Pulse Width  Slow    FDRE/C              n/a            0.500         10.000      9.500      SLICE_X160Y125   datapath/Audio_Codec/initialize_audio/data_i_reg[1]/C
High Pulse Width  Fast    FDRE/C              n/a            0.500         10.000      9.500      SLICE_X160Y125   datapath/Audio_Codec/initialize_audio/data_i_reg[1]/C
High Pulse Width  Slow    FDRE/C              n/a            0.500         10.000      9.500      SLICE_X160Y126   datapath/Audio_Codec/initialize_audio/data_i_reg[2]/C
High Pulse Width  Fast    FDRE/C              n/a            0.500         10.000      9.500      SLICE_X160Y126   datapath/Audio_Codec/initialize_audio/data_i_reg[2]/C
High Pulse Width  Slow    FDRE/C              n/a            0.500         10.000      9.500      SLICE_X160Y126   datapath/Audio_Codec/initialize_audio/data_i_reg[3]/C
High Pulse Width  Fast    FDRE/C              n/a            0.500         10.000      9.500      SLICE_X160Y126   datapath/Audio_Codec/initialize_audio/data_i_reg[3]/C
High Pulse Width  Slow    FDRE/C              n/a            0.500         10.000      9.500      SLICE_X159Y126   datapath/Audio_Codec/initialize_audio/data_i_reg[4]/C
High Pulse Width  Fast    FDRE/C              n/a            0.500         10.000      9.500      SLICE_X159Y126   datapath/Audio_Codec/initialize_audio/data_i_reg[4]/C



---------------------------------------------------------------------------------------------------
From Clock:  clkfbout_clk_wiz_1
  To Clock:  clkfbout_clk_wiz_1

Setup :           NA  Failing Endpoints,  Worst Slack           NA  ,  Total Violation           NA
Hold  :           NA  Failing Endpoints,  Worst Slack           NA  ,  Total Violation           NA
PW    :            0  Failing Endpoints,  Worst Slack        7.845ns,  Total Violation        0.000ns
---------------------------------------------------------------------------------------------------


Pulse Width Checks
--------------------------------------------------------------------------------------
Clock Name:         clkfbout_clk_wiz_1
Waveform(ns):       { 0.000 5.000 }
Period(ns):         10.000
Sources:            { datapath/Audio_Codec/audiocodec_master_clock/inst/mmcm_adv_inst/CLKFBOUT }

Check Type  Corner  Lib Pin              Reference Pin  Required(ns)  Actual(ns)  Slack(ns)  Location         Pin
Min Period  n/a     BUFG/I               n/a            2.155         10.000      7.845      BUFGCTRL_X0Y5    datapath/Audio_Codec/audiocodec_master_clock/inst/clkf_buf/I
Min Period  n/a     MMCME2_ADV/CLKFBOUT  n/a            1.249         10.000      8.751      MMCME2_ADV_X0Y2  datapath/Audio_Codec/audiocodec_master_clock/inst/mmcm_adv_inst/CLKFBOUT
Min Period  n/a     MMCME2_ADV/CLKFBIN   n/a            1.249         10.000      8.751      MMCME2_ADV_X0Y2  datapath/Audio_Codec/audiocodec_master_clock/inst/mmcm_adv_inst/CLKFBIN
Max Period  n/a     MMCME2_ADV/CLKFBIN   n/a            100.000       10.000      90.000     MMCME2_ADV_X0Y2  datapath/Audio_Codec/audiocodec_master_clock/inst/mmcm_adv_inst/CLKFBIN
Max Period  n/a     MMCME2_ADV/CLKFBOUT  n/a            213.360       10.000      203.360    MMCME2_ADV_X0Y2  datapath/Audio_Codec/audiocodec_master_clock/inst/mmcm_adv_inst/CLKFBOUT



---------------------------------------------------------------------------------------------------
From Clock:  datapath/video_inst/mmcm_adv_inst_display_clocks/inst/clk_in1
  To Clock:  datapath/video_inst/mmcm_adv_inst_display_clocks/inst/clk_in1

Setup :           NA  Failing Endpoints,  Worst Slack           NA  ,  Total Violation           NA
Hold  :           NA  Failing Endpoints,  Worst Slack           NA  ,  Total Violation           NA
PW    :            0  Failing Endpoints,  Worst Slack        3.000ns,  Total Violation        0.000ns
---------------------------------------------------------------------------------------------------


Pulse Width Checks
--------------------------------------------------------------------------------------
Clock Name:         datapath/video_inst/mmcm_adv_inst_display_clocks/inst/clk_in1
Waveform(ns):       { 0.000 5.000 }
Period(ns):         10.000
Sources:            { datapath/video_inst/mmcm_adv_inst_display_clocks/inst/clk_in1 }

Check Type        Corner  Lib Pin            Reference Pin  Required(ns)  Actual(ns)  Slack(ns)  Location         Pin
Min Period        n/a     MMCME2_ADV/CLKIN1  n/a            1.249         10.000      8.751      MMCME2_ADV_X1Y0  datapath/video_inst/mmcm_adv_inst_display_clocks/inst/mmcm_adv_inst/CLKIN1
Max Period        n/a     MMCME2_ADV/CLKIN1  n/a            100.000       10.000      90.000     MMCME2_ADV_X1Y0  datapath/video_inst/mmcm_adv_inst_display_clocks/inst/mmcm_adv_inst/CLKIN1
Low Pulse Width   Slow    MMCME2_ADV/CLKIN1  n/a            2.000         5.000       3.000      MMCME2_ADV_X1Y0  datapath/video_inst/mmcm_adv_inst_display_clocks/inst/mmcm_adv_inst/CLKIN1
Low Pulse Width   Fast    MMCME2_ADV/CLKIN1  n/a            2.000         5.000       3.000      MMCME2_ADV_X1Y0  datapath/video_inst/mmcm_adv_inst_display_clocks/inst/mmcm_adv_inst/CLKIN1
High Pulse Width  Slow    MMCME2_ADV/CLKIN1  n/a            2.000         5.000       3.000      MMCME2_ADV_X1Y0  datapath/video_inst/mmcm_adv_inst_display_clocks/inst/mmcm_adv_inst/CLKIN1
High Pulse Width  Fast    MMCME2_ADV/CLKIN1  n/a            2.000         5.000       3.000      MMCME2_ADV_X1Y0  datapath/video_inst/mmcm_adv_inst_display_clocks/inst/mmcm_adv_inst/CLKIN1



---------------------------------------------------------------------------------------------------
From Clock:  clk_out1_clk_wiz_0
  To Clock:  clk_out1_clk_wiz_0

Setup :            0  Failing Endpoints,  Worst Slack       26.609ns,  Total Violation        0.000ns
Hold  :            0  Failing Endpoints,  Worst Slack        0.156ns,  Total Violation        0.000ns
PW    :            0  Failing Endpoints,  Worst Slack       19.500ns,  Total Violation        0.000ns
---------------------------------------------------------------------------------------------------


Max Delay Paths
--------------------------------------------------------------------------------------
Slack (MET) :             26.609ns  (required time - arrival time)
  Source:                 datapath/video_inst/Inst_vga/vga_signal_gen/position_reg[row][1]/C
                            (rising edge-triggered cell FDRE clocked by clk_out1_clk_wiz_0  {rise@0.000ns fall@20.000ns period=40.000ns})
  Destination:            datapath/video_inst/inst_dvid/TDMS_encoder_blue/dc_bias_reg[0]/D
                            (rising edge-triggered cell FDRE clocked by clk_out1_clk_wiz_0  {rise@0.000ns fall@20.000ns period=40.000ns})
  Path Group:             clk_out1_clk_wiz_0
  Path Type:              Setup (Max at Slow Process Corner)
  Requirement:            40.000ns  (clk_out1_clk_wiz_0 rise@40.000ns - clk_out1_clk_wiz_0 rise@0.000ns)
  Data Path Delay:        13.288ns  (logic 3.566ns (26.836%)  route 9.722ns (73.164%))
  Logic Levels:           13  (CARRY4=5 LUT2=1 LUT3=1 LUT4=1 LUT6=5)
  Clock Path Skew:        -0.039ns (DCD - SCD + CPR)
    Destination Clock Delay (DCD):    1.622ns = ( 41.622 - 40.000 ) 
    Source Clock Delay      (SCD):    1.736ns
    Clock Pessimism Removal (CPR):    0.075ns
  Clock Uncertainty:      0.095ns  ((TSJ^2 + DJ^2)^1/2) / 2 + PE
    Total System Jitter     (TSJ):    0.071ns
    Discrete Jitter          (DJ):    0.175ns
    Phase Error              (PE):    0.000ns

    Location             Delay type                Incr(ns)  Path(ns)    Netlist Resource(s)
  -------------------------------------------------------------------    -------------------
                         (clock clk_out1_clk_wiz_0 rise edge)
                                                      0.000     0.000 r  
    BUFGCTRL_X0Y2        BUFG                         0.000     0.000 r  clk_IBUF_BUFG_inst/O
                         net (fo=305, routed)         2.106     2.106    datapath/video_inst/mmcm_adv_inst_display_clocks/inst/clk_in1
    MMCME2_ADV_X1Y0      MMCME2_ADV (Prop_mmcme2_adv_CLKIN1_CLKOUT0)
                                                     -4.900    -2.793 r  datapath/video_inst/mmcm_adv_inst_display_clocks/inst/mmcm_adv_inst/CLKOUT0
                         net (fo=1, routed)           2.697    -0.096    datapath/video_inst/mmcm_adv_inst_display_clocks/inst/clk_out1_clk_wiz_0
    BUFGCTRL_X0Y4        BUFG (Prop_bufg_I_O)         0.096    -0.000 r  datapath/video_inst/mmcm_adv_inst_display_clocks/inst/clkout1_buf/O
                         net (fo=87, routed)          1.736     1.736    datapath/video_inst/Inst_vga/vga_signal_gen/CLK
    SLICE_X149Y125       FDRE                                         r  datapath/video_inst/Inst_vga/vga_signal_gen/position_reg[row][1]/C
  -------------------------------------------------------------------    -------------------
    SLICE_X149Y125       FDRE (Prop_fdre_C_Q)         0.456     2.192 r  datapath/video_inst/Inst_vga/vga_signal_gen/position_reg[row][1]/Q
                         net (fo=21, routed)          2.021     4.213    datapath/video_inst/Inst_vga/vga_signal_gen/position_reg[row][8]_0[1]
    SLICE_X140Y120       LUT2 (Prop_lut2_I0_O)        0.124     4.337 r  datapath/video_inst/Inst_vga/vga_signal_gen/is_trigger_volt1_carry_i_28/O
                         net (fo=1, routed)           0.000     4.337    datapath/video_inst/Inst_vga/vga_signal_gen/is_trigger_volt1_carry_i_28_n_0
    SLICE_X140Y120       CARRY4 (Prop_carry4_S[1]_CO[3])
                                                      0.533     4.870 r  datapath/video_inst/Inst_vga/vga_signal_gen/is_trigger_volt1_carry_i_18/CO[3]
                         net (fo=1, routed)           0.000     4.870    datapath/video_inst/Inst_vga/vga_signal_gen/is_trigger_volt1_carry_i_18_n_0
    SLICE_X140Y121       CARRY4 (Prop_carry4_CI_O[0])
                                                      0.219     5.089 r  datapath/video_inst/Inst_vga/vga_signal_gen/is_trigger_volt1_carry_i_24/O[0]
                         net (fo=5, routed)           1.058     6.147    datapath/video_inst/Inst_vga/vga_signal_gen/is_trigger_volt1_carry_i_24_n_7
    SLICE_X142Y119       LUT6 (Prop_lut6_I0_O)        0.295     6.442 f  datapath/video_inst/Inst_vga/vga_signal_gen/is_trigger_volt1_carry__0_i_15/O
                         net (fo=4, routed)           1.277     7.719    datapath/video_inst/Inst_vga/vga_signal_gen/is_trigger_volt1_carry__0_i_15_n_0
    SLICE_X143Y122       LUT4 (Prop_lut4_I2_O)        0.152     7.871 r  datapath/video_inst/Inst_vga/vga_signal_gen/is_trigger_volt1_carry__0_i_12/O
                         net (fo=12, routed)          0.468     8.339    datapath/video_inst/Inst_vga/vga_signal_gen/is_trigger_volt1_carry__0_i_12_n_0
    SLICE_X143Y122       LUT6 (Prop_lut6_I2_O)        0.326     8.665 r  datapath/video_inst/Inst_vga/vga_signal_gen/is_trigger_volt1_carry__0_i_7/O
                         net (fo=11, routed)          0.680     9.345    datapath/video_inst/Inst_vga/color_map/is_trigger_volt1_carry__1_0[1]
    SLICE_X141Y120       CARRY4 (Prop_carry4_DI[1]_CO[3])
                                                      0.507     9.852 r  datapath/video_inst/Inst_vga/color_map/is_trigger_volt1_carry__0/CO[3]
                         net (fo=1, routed)           0.000     9.852    datapath/video_inst/Inst_vga/color_map/is_trigger_volt1_carry__0_n_0
    SLICE_X141Y121       CARRY4 (Prop_carry4_CI_CO[3])
                                                      0.114     9.966 r  datapath/video_inst/Inst_vga/color_map/is_trigger_volt1_carry__1/CO[3]
                         net (fo=1, routed)           0.000     9.966    datapath/video_inst/Inst_vga/color_map/is_trigger_volt1_carry__1_n_0
    SLICE_X141Y122       CARRY4 (Prop_carry4_CI_CO[3])
                                                      0.114    10.080 r  datapath/video_inst/Inst_vga/color_map/is_trigger_volt1_carry__2/CO[3]
                         net (fo=1, routed)           0.733    10.813    datapath/video_inst/Inst_vga/vga_signal_gen/dc_bias[3]_i_5__0_0[0]
    SLICE_X143Y123       LUT6 (Prop_lut6_I2_O)        0.124    10.937 f  datapath/video_inst/Inst_vga/vga_signal_gen/dc_bias[3]_i_15__0/O
                         net (fo=1, routed)           1.104    12.040    datapath/video_inst/Inst_vga/vga_signal_gen/dc_bias[3]_i_15__0_n_0
    SLICE_X149Y123       LUT6 (Prop_lut6_I0_O)        0.124    12.164 r  datapath/video_inst/Inst_vga/vga_signal_gen/dc_bias[3]_i_5__0/O
                         net (fo=11, routed)          1.484    13.648    datapath/video_inst/Inst_vga/vga_signal_gen/position_reg[row][9]_1
    SLICE_X152Y127       LUT3 (Prop_lut3_I1_O)        0.150    13.798 r  datapath/video_inst/Inst_vga/vga_signal_gen/dc_bias[3]_i_3__0/O
                         net (fo=8, routed)           0.898    14.696    datapath/video_inst/inst_dvid/TDMS_encoder_blue/dc_bias_reg[3]_0
    SLICE_X153Y127       LUT6 (Prop_lut6_I0_O)        0.328    15.024 r  datapath/video_inst/inst_dvid/TDMS_encoder_blue/dc_bias[0]_i_1/O
                         net (fo=1, routed)           0.000    15.024    datapath/video_inst/inst_dvid/TDMS_encoder_blue/dc_bias[0]_i_1_n_0
    SLICE_X153Y127       FDRE                                         r  datapath/video_inst/inst_dvid/TDMS_encoder_blue/dc_bias_reg[0]/D
  -------------------------------------------------------------------    -------------------

                         (clock clk_out1_clk_wiz_0 rise edge)
                                                     40.000    40.000 r  
    BUFGCTRL_X0Y2        BUFG                         0.000    40.000 r  clk_IBUF_BUFG_inst/O
                         net (fo=305, routed)         1.972    41.972    datapath/video_inst/mmcm_adv_inst_display_clocks/inst/clk_in1
    MMCME2_ADV_X1Y0      MMCME2_ADV (Prop_mmcme2_adv_CLKIN1_CLKOUT0)
                                                     -4.637    37.335 r  datapath/video_inst/mmcm_adv_inst_display_clocks/inst/mmcm_adv_inst/CLKOUT0
                         net (fo=1, routed)           2.574    39.909    datapath/video_inst/mmcm_adv_inst_display_clocks/inst/clk_out1_clk_wiz_0
    BUFGCTRL_X0Y4        BUFG (Prop_bufg_I_O)         0.091    40.000 r  datapath/video_inst/mmcm_adv_inst_display_clocks/inst/clkout1_buf/O
                         net (fo=87, routed)          1.622    41.622    datapath/video_inst/inst_dvid/TDMS_encoder_blue/CLK
    SLICE_X153Y127       FDRE                                         r  datapath/video_inst/inst_dvid/TDMS_encoder_blue/dc_bias_reg[0]/C
                         clock pessimism              0.075    41.697    
                         clock uncertainty           -0.095    41.603    
    SLICE_X153Y127       FDRE (Setup_fdre_C_D)        0.031    41.634    datapath/video_inst/inst_dvid/TDMS_encoder_blue/dc_bias_reg[0]
  -------------------------------------------------------------------
                         required time                         41.634    
                         arrival time                         -15.024    
  -------------------------------------------------------------------
                         slack                                 26.609    

Slack (MET) :             26.609ns  (required time - arrival time)
  Source:                 datapath/video_inst/Inst_vga/vga_signal_gen/position_reg[row][1]/C
                            (rising edge-triggered cell FDRE clocked by clk_out1_clk_wiz_0  {rise@0.000ns fall@20.000ns period=40.000ns})
  Destination:            datapath/video_inst/inst_dvid/TDMS_encoder_blue/dc_bias_reg[2]/D
                            (rising edge-triggered cell FDRE clocked by clk_out1_clk_wiz_0  {rise@0.000ns fall@20.000ns period=40.000ns})
  Path Group:             clk_out1_clk_wiz_0
  Path Type:              Setup (Max at Slow Process Corner)
  Requirement:            40.000ns  (clk_out1_clk_wiz_0 rise@40.000ns - clk_out1_clk_wiz_0 rise@0.000ns)
  Data Path Delay:        13.286ns  (logic 3.566ns (26.840%)  route 9.720ns (73.160%))
  Logic Levels:           13  (CARRY4=5 LUT2=1 LUT3=1 LUT4=1 LUT6=5)
  Clock Path Skew:        -0.039ns (DCD - SCD + CPR)
    Destination Clock Delay (DCD):    1.622ns = ( 41.622 - 40.000 ) 
    Source Clock Delay      (SCD):    1.736ns
    Clock Pessimism Removal (CPR):    0.075ns
  Clock Uncertainty:      0.095ns  ((TSJ^2 + DJ^2)^1/2) / 2 + PE
    Total System Jitter     (TSJ):    0.071ns
    Discrete Jitter          (DJ):    0.175ns
    Phase Error              (PE):    0.000ns

    Location             Delay type                Incr(ns)  Path(ns)    Netlist Resource(s)
  -------------------------------------------------------------------    -------------------
                         (clock clk_out1_clk_wiz_0 rise edge)
                                                      0.000     0.000 r  
    BUFGCTRL_X0Y2        BUFG                         0.000     0.000 r  clk_IBUF_BUFG_inst/O
                         net (fo=305, routed)         2.106     2.106    datapath/video_inst/mmcm_adv_inst_display_clocks/inst/clk_in1
    MMCME2_ADV_X1Y0      MMCME2_ADV (Prop_mmcme2_adv_CLKIN1_CLKOUT0)
                                                     -4.900    -2.793 r  datapath/video_inst/mmcm_adv_inst_display_clocks/inst/mmcm_adv_inst/CLKOUT0
                         net (fo=1, routed)           2.697    -0.096    datapath/video_inst/mmcm_adv_inst_display_clocks/inst/clk_out1_clk_wiz_0
    BUFGCTRL_X0Y4        BUFG (Prop_bufg_I_O)         0.096    -0.000 r  datapath/video_inst/mmcm_adv_inst_display_clocks/inst/clkout1_buf/O
                         net (fo=87, routed)          1.736     1.736    datapath/video_inst/Inst_vga/vga_signal_gen/CLK
    SLICE_X149Y125       FDRE                                         r  datapath/video_inst/Inst_vga/vga_signal_gen/position_reg[row][1]/C
  -------------------------------------------------------------------    -------------------
    SLICE_X149Y125       FDRE (Prop_fdre_C_Q)         0.456     2.192 r  datapath/video_inst/Inst_vga/vga_signal_gen/position_reg[row][1]/Q
                         net (fo=21, routed)          2.021     4.213    datapath/video_inst/Inst_vga/vga_signal_gen/position_reg[row][8]_0[1]
    SLICE_X140Y120       LUT2 (Prop_lut2_I0_O)        0.124     4.337 r  datapath/video_inst/Inst_vga/vga_signal_gen/is_trigger_volt1_carry_i_28/O
                         net (fo=1, routed)           0.000     4.337    datapath/video_inst/Inst_vga/vga_signal_gen/is_trigger_volt1_carry_i_28_n_0
    SLICE_X140Y120       CARRY4 (Prop_carry4_S[1]_CO[3])
                                                      0.533     4.870 r  datapath/video_inst/Inst_vga/vga_signal_gen/is_trigger_volt1_carry_i_18/CO[3]
                         net (fo=1, routed)           0.000     4.870    datapath/video_inst/Inst_vga/vga_signal_gen/is_trigger_volt1_carry_i_18_n_0
    SLICE_X140Y121       CARRY4 (Prop_carry4_CI_O[0])
                                                      0.219     5.089 r  datapath/video_inst/Inst_vga/vga_signal_gen/is_trigger_volt1_carry_i_24/O[0]
                         net (fo=5, routed)           1.058     6.147    datapath/video_inst/Inst_vga/vga_signal_gen/is_trigger_volt1_carry_i_24_n_7
    SLICE_X142Y119       LUT6 (Prop_lut6_I0_O)        0.295     6.442 f  datapath/video_inst/Inst_vga/vga_signal_gen/is_trigger_volt1_carry__0_i_15/O
                         net (fo=4, routed)           1.277     7.719    datapath/video_inst/Inst_vga/vga_signal_gen/is_trigger_volt1_carry__0_i_15_n_0
    SLICE_X143Y122       LUT4 (Prop_lut4_I2_O)        0.152     7.871 r  datapath/video_inst/Inst_vga/vga_signal_gen/is_trigger_volt1_carry__0_i_12/O
                         net (fo=12, routed)          0.468     8.339    datapath/video_inst/Inst_vga/vga_signal_gen/is_trigger_volt1_carry__0_i_12_n_0
    SLICE_X143Y122       LUT6 (Prop_lut6_I2_O)        0.326     8.665 r  datapath/video_inst/Inst_vga/vga_signal_gen/is_trigger_volt1_carry__0_i_7/O
                         net (fo=11, routed)          0.680     9.345    datapath/video_inst/Inst_vga/color_map/is_trigger_volt1_carry__1_0[1]
    SLICE_X141Y120       CARRY4 (Prop_carry4_DI[1]_CO[3])
                                                      0.507     9.852 r  datapath/video_inst/Inst_vga/color_map/is_trigger_volt1_carry__0/CO[3]
                         net (fo=1, routed)           0.000     9.852    datapath/video_inst/Inst_vga/color_map/is_trigger_volt1_carry__0_n_0
    SLICE_X141Y121       CARRY4 (Prop_carry4_CI_CO[3])
                                                      0.114     9.966 r  datapath/video_inst/Inst_vga/color_map/is_trigger_volt1_carry__1/CO[3]
                         net (fo=1, routed)           0.000     9.966    datapath/video_inst/Inst_vga/color_map/is_trigger_volt1_carry__1_n_0
    SLICE_X141Y122       CARRY4 (Prop_carry4_CI_CO[3])
                                                      0.114    10.080 r  datapath/video_inst/Inst_vga/color_map/is_trigger_volt1_carry__2/CO[3]
                         net (fo=1, routed)           0.733    10.813    datapath/video_inst/Inst_vga/vga_signal_gen/dc_bias[3]_i_5__0_0[0]
    SLICE_X143Y123       LUT6 (Prop_lut6_I2_O)        0.124    10.937 f  datapath/video_inst/Inst_vga/vga_signal_gen/dc_bias[3]_i_15__0/O
                         net (fo=1, routed)           1.104    12.040    datapath/video_inst/Inst_vga/vga_signal_gen/dc_bias[3]_i_15__0_n_0
    SLICE_X149Y123       LUT6 (Prop_lut6_I0_O)        0.124    12.164 r  datapath/video_inst/Inst_vga/vga_signal_gen/dc_bias[3]_i_5__0/O
                         net (fo=11, routed)          1.484    13.648    datapath/video_inst/Inst_vga/vga_signal_gen/position_reg[row][9]_1
    SLICE_X152Y127       LUT3 (Prop_lut3_I1_O)        0.150    13.798 r  datapath/video_inst/Inst_vga/vga_signal_gen/dc_bias[3]_i_3__0/O
                         net (fo=8, routed)           0.896    14.694    datapath/video_inst/inst_dvid/TDMS_encoder_blue/dc_bias_reg[3]_0
    SLICE_X153Y127       LUT6 (Prop_lut6_I1_O)        0.328    15.022 r  datapath/video_inst/inst_dvid/TDMS_encoder_blue/dc_bias[2]_i_1/O
                         net (fo=1, routed)           0.000    15.022    datapath/video_inst/inst_dvid/TDMS_encoder_blue/dc_bias[2]_i_1_n_0
    SLICE_X153Y127       FDRE                                         r  datapath/video_inst/inst_dvid/TDMS_encoder_blue/dc_bias_reg[2]/D
  -------------------------------------------------------------------    -------------------

                         (clock clk_out1_clk_wiz_0 rise edge)
                                                     40.000    40.000 r  
    BUFGCTRL_X0Y2        BUFG                         0.000    40.000 r  clk_IBUF_BUFG_inst/O
                         net (fo=305, routed)         1.972    41.972    datapath/video_inst/mmcm_adv_inst_display_clocks/inst/clk_in1
    MMCME2_ADV_X1Y0      MMCME2_ADV (Prop_mmcme2_adv_CLKIN1_CLKOUT0)
                                                     -4.637    37.335 r  datapath/video_inst/mmcm_adv_inst_display_clocks/inst/mmcm_adv_inst/CLKOUT0
                         net (fo=1, routed)           2.574    39.909    datapath/video_inst/mmcm_adv_inst_display_clocks/inst/clk_out1_clk_wiz_0
    BUFGCTRL_X0Y4        BUFG (Prop_bufg_I_O)         0.091    40.000 r  datapath/video_inst/mmcm_adv_inst_display_clocks/inst/clkout1_buf/O
                         net (fo=87, routed)          1.622    41.622    datapath/video_inst/inst_dvid/TDMS_encoder_blue/CLK
    SLICE_X153Y127       FDRE                                         r  datapath/video_inst/inst_dvid/TDMS_encoder_blue/dc_bias_reg[2]/C
                         clock pessimism              0.075    41.697    
                         clock uncertainty           -0.095    41.603    
    SLICE_X153Y127       FDRE (Setup_fdre_C_D)        0.029    41.632    datapath/video_inst/inst_dvid/TDMS_encoder_blue/dc_bias_reg[2]
  -------------------------------------------------------------------
                         required time                         41.632    
                         arrival time                         -15.022    
  -------------------------------------------------------------------
                         slack                                 26.609    

Slack (MET) :             26.644ns  (required time - arrival time)
  Source:                 datapath/video_inst/Inst_vga/vga_signal_gen/position_reg[row][1]/C
                            (rising edge-triggered cell FDRE clocked by clk_out1_clk_wiz_0  {rise@0.000ns fall@20.000ns period=40.000ns})
  Destination:            datapath/video_inst/inst_dvid/TDMS_encoder_blue/dc_bias_reg[3]/D
                            (rising edge-triggered cell FDRE clocked by clk_out1_clk_wiz_0  {rise@0.000ns fall@20.000ns period=40.000ns})
  Path Group:             clk_out1_clk_wiz_0
  Path Type:              Setup (Max at Slow Process Corner)
  Requirement:            40.000ns  (clk_out1_clk_wiz_0 rise@40.000ns - clk_out1_clk_wiz_0 rise@0.000ns)
  Data Path Delay:        13.298ns  (logic 3.566ns (26.815%)  route 9.732ns (73.185%))
  Logic Levels:           13  (CARRY4=5 LUT2=1 LUT3=1 LUT4=1 LUT6=5)
  Clock Path Skew:        -0.040ns (DCD - SCD + CPR)
    Destination Clock Delay (DCD):    1.621ns = ( 41.621 - 40.000 ) 
    Source Clock Delay      (SCD):    1.736ns
    Clock Pessimism Removal (CPR):    0.075ns
  Clock Uncertainty:      0.095ns  ((TSJ^2 + DJ^2)^1/2) / 2 + PE
    Total System Jitter     (TSJ):    0.071ns
    Discrete Jitter          (DJ):    0.175ns
    Phase Error              (PE):    0.000ns

    Location             Delay type                Incr(ns)  Path(ns)    Netlist Resource(s)
  -------------------------------------------------------------------    -------------------
                         (clock clk_out1_clk_wiz_0 rise edge)
                                                      0.000     0.000 r  
    BUFGCTRL_X0Y2        BUFG                         0.000     0.000 r  clk_IBUF_BUFG_inst/O
                         net (fo=305, routed)         2.106     2.106    datapath/video_inst/mmcm_adv_inst_display_clocks/inst/clk_in1
    MMCME2_ADV_X1Y0      MMCME2_ADV (Prop_mmcme2_adv_CLKIN1_CLKOUT0)
                                                     -4.900    -2.793 r  datapath/video_inst/mmcm_adv_inst_display_clocks/inst/mmcm_adv_inst/CLKOUT0
                         net (fo=1, routed)           2.697    -0.096    datapath/video_inst/mmcm_adv_inst_display_clocks/inst/clk_out1_clk_wiz_0
    BUFGCTRL_X0Y4        BUFG (Prop_bufg_I_O)         0.096    -0.000 r  datapath/video_inst/mmcm_adv_inst_display_clocks/inst/clkout1_buf/O
                         net (fo=87, routed)          1.736     1.736    datapath/video_inst/Inst_vga/vga_signal_gen/CLK
    SLICE_X149Y125       FDRE                                         r  datapath/video_inst/Inst_vga/vga_signal_gen/position_reg[row][1]/C
  -------------------------------------------------------------------    -------------------
    SLICE_X149Y125       FDRE (Prop_fdre_C_Q)         0.456     2.192 r  datapath/video_inst/Inst_vga/vga_signal_gen/position_reg[row][1]/Q
                         net (fo=21, routed)          2.021     4.213    datapath/video_inst/Inst_vga/vga_signal_gen/position_reg[row][8]_0[1]
    SLICE_X140Y120       LUT2 (Prop_lut2_I0_O)        0.124     4.337 r  datapath/video_inst/Inst_vga/vga_signal_gen/is_trigger_volt1_carry_i_28/O
                         net (fo=1, routed)           0.000     4.337    datapath/video_inst/Inst_vga/vga_signal_gen/is_trigger_volt1_carry_i_28_n_0
    SLICE_X140Y120       CARRY4 (Prop_carry4_S[1]_CO[3])
                                                      0.533     4.870 r  datapath/video_inst/Inst_vga/vga_signal_gen/is_trigger_volt1_carry_i_18/CO[3]
                         net (fo=1, routed)           0.000     4.870    datapath/video_inst/Inst_vga/vga_signal_gen/is_trigger_volt1_carry_i_18_n_0
    SLICE_X140Y121       CARRY4 (Prop_carry4_CI_O[0])
                                                      0.219     5.089 r  datapath/video_inst/Inst_vga/vga_signal_gen/is_trigger_volt1_carry_i_24/O[0]
                         net (fo=5, routed)           1.058     6.147    datapath/video_inst/Inst_vga/vga_signal_gen/is_trigger_volt1_carry_i_24_n_7
    SLICE_X142Y119       LUT6 (Prop_lut6_I0_O)        0.295     6.442 f  datapath/video_inst/Inst_vga/vga_signal_gen/is_trigger_volt1_carry__0_i_15/O
                         net (fo=4, routed)           1.277     7.719    datapath/video_inst/Inst_vga/vga_signal_gen/is_trigger_volt1_carry__0_i_15_n_0
    SLICE_X143Y122       LUT4 (Prop_lut4_I2_O)        0.152     7.871 r  datapath/video_inst/Inst_vga/vga_signal_gen/is_trigger_volt1_carry__0_i_12/O
                         net (fo=12, routed)          0.468     8.339    datapath/video_inst/Inst_vga/vga_signal_gen/is_trigger_volt1_carry__0_i_12_n_0
    SLICE_X143Y122       LUT6 (Prop_lut6_I2_O)        0.326     8.665 r  datapath/video_inst/Inst_vga/vga_signal_gen/is_trigger_volt1_carry__0_i_7/O
                         net (fo=11, routed)          0.680     9.345    datapath/video_inst/Inst_vga/color_map/is_trigger_volt1_carry__1_0[1]
    SLICE_X141Y120       CARRY4 (Prop_carry4_DI[1]_CO[3])
                                                      0.507     9.852 r  datapath/video_inst/Inst_vga/color_map/is_trigger_volt1_carry__0/CO[3]
                         net (fo=1, routed)           0.000     9.852    datapath/video_inst/Inst_vga/color_map/is_trigger_volt1_carry__0_n_0
    SLICE_X141Y121       CARRY4 (Prop_carry4_CI_CO[3])
                                                      0.114     9.966 r  datapath/video_inst/Inst_vga/color_map/is_trigger_volt1_carry__1/CO[3]
                         net (fo=1, routed)           0.000     9.966    datapath/video_inst/Inst_vga/color_map/is_trigger_volt1_carry__1_n_0
    SLICE_X141Y122       CARRY4 (Prop_carry4_CI_CO[3])
                                                      0.114    10.080 f  datapath/video_inst/Inst_vga/color_map/is_trigger_volt1_carry__2/CO[3]
                         net (fo=1, routed)           0.733    10.813    datapath/video_inst/Inst_vga/vga_signal_gen/dc_bias[3]_i_5__0_0[0]
    SLICE_X143Y123       LUT6 (Prop_lut6_I2_O)        0.124    10.937 r  datapath/video_inst/Inst_vga/vga_signal_gen/dc_bias[3]_i_15__0/O
                         net (fo=1, routed)           1.104    12.040    datapath/video_inst/Inst_vga/vga_signal_gen/dc_bias[3]_i_15__0_n_0
    SLICE_X149Y123       LUT6 (Prop_lut6_I0_O)        0.124    12.164 f  datapath/video_inst/Inst_vga/vga_signal_gen/dc_bias[3]_i_5__0/O
                         net (fo=11, routed)          1.484    13.648    datapath/video_inst/Inst_vga/vga_signal_gen/position_reg[row][9]_1
    SLICE_X152Y127       LUT3 (Prop_lut3_I1_O)        0.150    13.798 f  datapath/video_inst/Inst_vga/vga_signal_gen/dc_bias[3]_i_3__0/O
                         net (fo=8, routed)           0.908    14.707    datapath/video_inst/inst_dvid/TDMS_encoder_blue/dc_bias_reg[3]_0
    SLICE_X152Y126       LUT6 (Prop_lut6_I2_O)        0.328    15.035 r  datapath/video_inst/inst_dvid/TDMS_encoder_blue/dc_bias[3]_i_1__0/O
                         net (fo=1, routed)           0.000    15.035    datapath/video_inst/inst_dvid/TDMS_encoder_blue/dc_bias[3]_i_1__0_n_0
    SLICE_X152Y126       FDRE                                         r  datapath/video_inst/inst_dvid/TDMS_encoder_blue/dc_bias_reg[3]/D
  -------------------------------------------------------------------    -------------------

                         (clock clk_out1_clk_wiz_0 rise edge)
                                                     40.000    40.000 r  
    BUFGCTRL_X0Y2        BUFG                         0.000    40.000 r  clk_IBUF_BUFG_inst/O
                         net (fo=305, routed)         1.972    41.972    datapath/video_inst/mmcm_adv_inst_display_clocks/inst/clk_in1
    MMCME2_ADV_X1Y0      MMCME2_ADV (Prop_mmcme2_adv_CLKIN1_CLKOUT0)
                                                     -4.637    37.335 r  datapath/video_inst/mmcm_adv_inst_display_clocks/inst/mmcm_adv_inst/CLKOUT0
                         net (fo=1, routed)           2.574    39.909    datapath/video_inst/mmcm_adv_inst_display_clocks/inst/clk_out1_clk_wiz_0
    BUFGCTRL_X0Y4        BUFG (Prop_bufg_I_O)         0.091    40.000 r  datapath/video_inst/mmcm_adv_inst_display_clocks/inst/clkout1_buf/O
                         net (fo=87, routed)          1.621    41.621    datapath/video_inst/inst_dvid/TDMS_encoder_blue/CLK
    SLICE_X152Y126       FDRE                                         r  datapath/video_inst/inst_dvid/TDMS_encoder_blue/dc_bias_reg[3]/C
                         clock pessimism              0.075    41.696    
                         clock uncertainty           -0.095    41.602    
    SLICE_X152Y126       FDRE (Setup_fdre_C_D)        0.077    41.679    datapath/video_inst/inst_dvid/TDMS_encoder_blue/dc_bias_reg[3]
  -------------------------------------------------------------------
                         required time                         41.679    
                         arrival time                         -15.035    
  -------------------------------------------------------------------
                         slack                                 26.644    

Slack (MET) :             26.716ns  (required time - arrival time)
  Source:                 datapath/video_inst/Inst_vga/vga_signal_gen/position_reg[row][1]/C
                            (rising edge-triggered cell FDRE clocked by clk_out1_clk_wiz_0  {rise@0.000ns fall@20.000ns period=40.000ns})
  Destination:            datapath/video_inst/inst_dvid/TDMS_encoder_green/encoded_reg[9]/D
                            (rising edge-triggered cell FDRE clocked by clk_out1_clk_wiz_0  {rise@0.000ns fall@20.000ns period=40.000ns})
  Path Group:             clk_out1_clk_wiz_0
  Path Type:              Setup (Max at Slow Process Corner)
  Requirement:            40.000ns  (clk_out1_clk_wiz_0 rise@40.000ns - clk_out1_clk_wiz_0 rise@0.000ns)
  Data Path Delay:        13.272ns  (logic 3.614ns (27.231%)  route 9.658ns (72.769%))
  Logic Levels:           13  (CARRY4=5 LUT2=1 LUT4=2 LUT5=1 LUT6=4)
  Clock Path Skew:        -0.036ns (DCD - SCD + CPR)
    Destination Clock Delay (DCD):    1.625ns = ( 41.625 - 40.000 ) 
    Source Clock Delay      (SCD):    1.736ns
    Clock Pessimism Removal (CPR):    0.075ns
  Clock Uncertainty:      0.095ns  ((TSJ^2 + DJ^2)^1/2) / 2 + PE
    Total System Jitter     (TSJ):    0.071ns
    Discrete Jitter          (DJ):    0.175ns
    Phase Error              (PE):    0.000ns

    Location             Delay type                Incr(ns)  Path(ns)    Netlist Resource(s)
  -------------------------------------------------------------------    -------------------
                         (clock clk_out1_clk_wiz_0 rise edge)
                                                      0.000     0.000 r  
    BUFGCTRL_X0Y2        BUFG                         0.000     0.000 r  clk_IBUF_BUFG_inst/O
                         net (fo=305, routed)         2.106     2.106    datapath/video_inst/mmcm_adv_inst_display_clocks/inst/clk_in1
    MMCME2_ADV_X1Y0      MMCME2_ADV (Prop_mmcme2_adv_CLKIN1_CLKOUT0)
                                                     -4.900    -2.793 r  datapath/video_inst/mmcm_adv_inst_display_clocks/inst/mmcm_adv_inst/CLKOUT0
                         net (fo=1, routed)           2.697    -0.096    datapath/video_inst/mmcm_adv_inst_display_clocks/inst/clk_out1_clk_wiz_0
    BUFGCTRL_X0Y4        BUFG (Prop_bufg_I_O)         0.096    -0.000 r  datapath/video_inst/mmcm_adv_inst_display_clocks/inst/clkout1_buf/O
                         net (fo=87, routed)          1.736     1.736    datapath/video_inst/Inst_vga/vga_signal_gen/CLK
    SLICE_X149Y125       FDRE                                         r  datapath/video_inst/Inst_vga/vga_signal_gen/position_reg[row][1]/C
  -------------------------------------------------------------------    -------------------
    SLICE_X149Y125       FDRE (Prop_fdre_C_Q)         0.456     2.192 r  datapath/video_inst/Inst_vga/vga_signal_gen/position_reg[row][1]/Q
                         net (fo=21, routed)          2.021     4.213    datapath/video_inst/Inst_vga/vga_signal_gen/position_reg[row][8]_0[1]
    SLICE_X140Y120       LUT2 (Prop_lut2_I0_O)        0.124     4.337 r  datapath/video_inst/Inst_vga/vga_signal_gen/is_trigger_volt1_carry_i_28/O
                         net (fo=1, routed)           0.000     4.337    datapath/video_inst/Inst_vga/vga_signal_gen/is_trigger_volt1_carry_i_28_n_0
    SLICE_X140Y120       CARRY4 (Prop_carry4_S[1]_CO[3])
                                                      0.533     4.870 r  datapath/video_inst/Inst_vga/vga_signal_gen/is_trigger_volt1_carry_i_18/CO[3]
                         net (fo=1, routed)           0.000     4.870    datapath/video_inst/Inst_vga/vga_signal_gen/is_trigger_volt1_carry_i_18_n_0
    SLICE_X140Y121       CARRY4 (Prop_carry4_CI_O[0])
                                                      0.219     5.089 r  datapath/video_inst/Inst_vga/vga_signal_gen/is_trigger_volt1_carry_i_24/O[0]
                         net (fo=5, routed)           1.058     6.147    datapath/video_inst/Inst_vga/vga_signal_gen/is_trigger_volt1_carry_i_24_n_7
    SLICE_X142Y119       LUT6 (Prop_lut6_I0_O)        0.295     6.442 f  datapath/video_inst/Inst_vga/vga_signal_gen/is_trigger_volt1_carry__0_i_15/O
                         net (fo=4, routed)           1.277     7.719    datapath/video_inst/Inst_vga/vga_signal_gen/is_trigger_volt1_carry__0_i_15_n_0
    SLICE_X143Y122       LUT4 (Prop_lut4_I2_O)        0.152     7.871 r  datapath/video_inst/Inst_vga/vga_signal_gen/is_trigger_volt1_carry__0_i_12/O
                         net (fo=12, routed)          0.468     8.339    datapath/video_inst/Inst_vga/vga_signal_gen/is_trigger_volt1_carry__0_i_12_n_0
    SLICE_X143Y122       LUT6 (Prop_lut6_I2_O)        0.326     8.665 r  datapath/video_inst/Inst_vga/vga_signal_gen/is_trigger_volt1_carry__0_i_7/O
                         net (fo=11, routed)          0.680     9.345    datapath/video_inst/Inst_vga/color_map/is_trigger_volt1_carry__1_0[1]
    SLICE_X141Y120       CARRY4 (Prop_carry4_DI[1]_CO[3])
                                                      0.507     9.852 r  datapath/video_inst/Inst_vga/color_map/is_trigger_volt1_carry__0/CO[3]
                         net (fo=1, routed)           0.000     9.852    datapath/video_inst/Inst_vga/color_map/is_trigger_volt1_carry__0_n_0
    SLICE_X141Y121       CARRY4 (Prop_carry4_CI_CO[3])
                                                      0.114     9.966 r  datapath/video_inst/Inst_vga/color_map/is_trigger_volt1_carry__1/CO[3]
                         net (fo=1, routed)           0.000     9.966    datapath/video_inst/Inst_vga/color_map/is_trigger_volt1_carry__1_n_0
    SLICE_X141Y122       CARRY4 (Prop_carry4_CI_CO[3])
                                                      0.114    10.080 r  datapath/video_inst/Inst_vga/color_map/is_trigger_volt1_carry__2/CO[3]
                         net (fo=1, routed)           0.733    10.813    datapath/video_inst/Inst_vga/vga_signal_gen/dc_bias[3]_i_5__0_0[0]
    SLICE_X143Y123       LUT6 (Prop_lut6_I2_O)        0.124    10.937 f  datapath/video_inst/Inst_vga/vga_signal_gen/dc_bias[3]_i_15__0/O
                         net (fo=1, routed)           1.104    12.040    datapath/video_inst/Inst_vga/vga_signal_gen/dc_bias[3]_i_15__0_n_0
    SLICE_X149Y123       LUT6 (Prop_lut6_I0_O)        0.124    12.164 r  datapath/video_inst/Inst_vga/vga_signal_gen/dc_bias[3]_i_5__0/O
                         net (fo=11, routed)          1.474    13.638    datapath/video_inst/Inst_vga/vga_signal_gen/position_reg[row][9]_1
    SLICE_X152Y127       LUT5 (Prop_lut5_I2_O)        0.152    13.790 r  datapath/video_inst/Inst_vga/vga_signal_gen/dc_bias[3]_i_5__1/O
                         net (fo=4, routed)           0.844    14.634    datapath/video_inst/Inst_vga/vga_signal_gen/dc_bias_reg[3]
    SLICE_X152Y129       LUT4 (Prop_lut4_I0_O)        0.374    15.008 r  datapath/video_inst/Inst_vga/vga_signal_gen/TDMS_encoder_green/encoded[9]_i_1/O
                         net (fo=1, routed)           0.000    15.008    datapath/video_inst/inst_dvid/TDMS_encoder_green/encoded_reg[9]_0
    SLICE_X152Y129       FDRE                                         r  datapath/video_inst/inst_dvid/TDMS_encoder_green/encoded_reg[9]/D
  -------------------------------------------------------------------    -------------------

                         (clock clk_out1_clk_wiz_0 rise edge)
                                                     40.000    40.000 r  
    BUFGCTRL_X0Y2        BUFG                         0.000    40.000 r  clk_IBUF_BUFG_inst/O
                         net (fo=305, routed)         1.972    41.972    datapath/video_inst/mmcm_adv_inst_display_clocks/inst/clk_in1
    MMCME2_ADV_X1Y0      MMCME2_ADV (Prop_mmcme2_adv_CLKIN1_CLKOUT0)
                                                     -4.637    37.335 r  datapath/video_inst/mmcm_adv_inst_display_clocks/inst/mmcm_adv_inst/CLKOUT0
                         net (fo=1, routed)           2.574    39.909    datapath/video_inst/mmcm_adv_inst_display_clocks/inst/clk_out1_clk_wiz_0
    BUFGCTRL_X0Y4        BUFG (Prop_bufg_I_O)         0.091    40.000 r  datapath/video_inst/mmcm_adv_inst_display_clocks/inst/clkout1_buf/O
                         net (fo=87, routed)          1.625    41.625    datapath/video_inst/inst_dvid/TDMS_encoder_green/CLK
    SLICE_X152Y129       FDRE                                         r  datapath/video_inst/inst_dvid/TDMS_encoder_green/encoded_reg[9]/C
                         clock pessimism              0.075    41.700    
                         clock uncertainty           -0.095    41.606    
    SLICE_X152Y129       FDRE (Setup_fdre_C_D)        0.118    41.724    datapath/video_inst/inst_dvid/TDMS_encoder_green/encoded_reg[9]
  -------------------------------------------------------------------
                         required time                         41.724    
                         arrival time                         -15.008    
  -------------------------------------------------------------------
                         slack                                 26.716    

Slack (MET) :             26.753ns  (required time - arrival time)
  Source:                 datapath/video_inst/Inst_vga/vga_signal_gen/position_reg[row][1]/C
                            (rising edge-triggered cell FDRE clocked by clk_out1_clk_wiz_0  {rise@0.000ns fall@20.000ns period=40.000ns})
  Destination:            datapath/video_inst/inst_dvid/TDMS_encoder_blue/encoded_reg[2]/D
                            (rising edge-triggered cell FDRE clocked by clk_out1_clk_wiz_0  {rise@0.000ns fall@20.000ns period=40.000ns})
  Path Group:             clk_out1_clk_wiz_0
  Path Type:              Setup (Max at Slow Process Corner)
  Requirement:            40.000ns  (clk_out1_clk_wiz_0 rise@40.000ns - clk_out1_clk_wiz_0 rise@0.000ns)
  Data Path Delay:        13.192ns  (logic 3.566ns (27.032%)  route 9.626ns (72.968%))
  Logic Levels:           13  (CARRY4=5 LUT2=1 LUT3=1 LUT4=1 LUT6=5)
  Clock Path Skew:        -0.042ns (DCD - SCD + CPR)
    Destination Clock Delay (DCD):    1.619ns = ( 41.619 - 40.000 ) 
    Source Clock Delay      (SCD):    1.736ns
    Clock Pessimism Removal (CPR):    0.075ns
  Clock Uncertainty:      0.095ns  ((TSJ^2 + DJ^2)^1/2) / 2 + PE
    Total System Jitter     (TSJ):    0.071ns
    Discrete Jitter          (DJ):    0.175ns
    Phase Error              (PE):    0.000ns

    Location             Delay type                Incr(ns)  Path(ns)    Netlist Resource(s)
  -------------------------------------------------------------------    -------------------
                         (clock clk_out1_clk_wiz_0 rise edge)
                                                      0.000     0.000 r  
    BUFGCTRL_X0Y2        BUFG                         0.000     0.000 r  clk_IBUF_BUFG_inst/O
                         net (fo=305, routed)         2.106     2.106    datapath/video_inst/mmcm_adv_inst_display_clocks/inst/clk_in1
    MMCME2_ADV_X1Y0      MMCME2_ADV (Prop_mmcme2_adv_CLKIN1_CLKOUT0)
                                                     -4.900    -2.793 r  datapath/video_inst/mmcm_adv_inst_display_clocks/inst/mmcm_adv_inst/CLKOUT0
                         net (fo=1, routed)           2.697    -0.096    datapath/video_inst/mmcm_adv_inst_display_clocks/inst/clk_out1_clk_wiz_0
    BUFGCTRL_X0Y4        BUFG (Prop_bufg_I_O)         0.096    -0.000 r  datapath/video_inst/mmcm_adv_inst_display_clocks/inst/clkout1_buf/O
                         net (fo=87, routed)          1.736     1.736    datapath/video_inst/Inst_vga/vga_signal_gen/CLK
    SLICE_X149Y125       FDRE                                         r  datapath/video_inst/Inst_vga/vga_signal_gen/position_reg[row][1]/C
  -------------------------------------------------------------------    -------------------
    SLICE_X149Y125       FDRE (Prop_fdre_C_Q)         0.456     2.192 r  datapath/video_inst/Inst_vga/vga_signal_gen/position_reg[row][1]/Q
                         net (fo=21, routed)          2.021     4.213    datapath/video_inst/Inst_vga/vga_signal_gen/position_reg[row][8]_0[1]
    SLICE_X140Y120       LUT2 (Prop_lut2_I0_O)        0.124     4.337 r  datapath/video_inst/Inst_vga/vga_signal_gen/is_trigger_volt1_carry_i_28/O
                         net (fo=1, routed)           0.000     4.337    datapath/video_inst/Inst_vga/vga_signal_gen/is_trigger_volt1_carry_i_28_n_0
    SLICE_X140Y120       CARRY4 (Prop_carry4_S[1]_CO[3])
                                                      0.533     4.870 r  datapath/video_inst/Inst_vga/vga_signal_gen/is_trigger_volt1_carry_i_18/CO[3]
                         net (fo=1, routed)           0.000     4.870    datapath/video_inst/Inst_vga/vga_signal_gen/is_trigger_volt1_carry_i_18_n_0
    SLICE_X140Y121       CARRY4 (Prop_carry4_CI_O[0])
                                                      0.219     5.089 r  datapath/video_inst/Inst_vga/vga_signal_gen/is_trigger_volt1_carry_i_24/O[0]
                         net (fo=5, routed)           1.058     6.147    datapath/video_inst/Inst_vga/vga_signal_gen/is_trigger_volt1_carry_i_24_n_7
    SLICE_X142Y119       LUT6 (Prop_lut6_I0_O)        0.295     6.442 f  datapath/video_inst/Inst_vga/vga_signal_gen/is_trigger_volt1_carry__0_i_15/O
                         net (fo=4, routed)           1.277     7.719    datapath/video_inst/Inst_vga/vga_signal_gen/is_trigger_volt1_carry__0_i_15_n_0
    SLICE_X143Y122       LUT4 (Prop_lut4_I2_O)        0.152     7.871 r  datapath/video_inst/Inst_vga/vga_signal_gen/is_trigger_volt1_carry__0_i_12/O
                         net (fo=12, routed)          0.468     8.339    datapath/video_inst/Inst_vga/vga_signal_gen/is_trigger_volt1_carry__0_i_12_n_0
    SLICE_X143Y122       LUT6 (Prop_lut6_I2_O)        0.326     8.665 r  datapath/video_inst/Inst_vga/vga_signal_gen/is_trigger_volt1_carry__0_i_7/O
                         net (fo=11, routed)          0.680     9.345    datapath/video_inst/Inst_vga/color_map/is_trigger_volt1_carry__1_0[1]
    SLICE_X141Y120       CARRY4 (Prop_carry4_DI[1]_CO[3])
                                                      0.507     9.852 r  datapath/video_inst/Inst_vga/color_map/is_trigger_volt1_carry__0/CO[3]
                         net (fo=1, routed)           0.000     9.852    datapath/video_inst/Inst_vga/color_map/is_trigger_volt1_carry__0_n_0
    SLICE_X141Y121       CARRY4 (Prop_carry4_CI_CO[3])
                                                      0.114     9.966 r  datapath/video_inst/Inst_vga/color_map/is_trigger_volt1_carry__1/CO[3]
                         net (fo=1, routed)           0.000     9.966    datapath/video_inst/Inst_vga/color_map/is_trigger_volt1_carry__1_n_0
    SLICE_X141Y122       CARRY4 (Prop_carry4_CI_CO[3])
                                                      0.114    10.080 r  datapath/video_inst/Inst_vga/color_map/is_trigger_volt1_carry__2/CO[3]
                         net (fo=1, routed)           0.733    10.813    datapath/video_inst/Inst_vga/vga_signal_gen/dc_bias[3]_i_5__0_0[0]
    SLICE_X143Y123       LUT6 (Prop_lut6_I2_O)        0.124    10.937 f  datapath/video_inst/Inst_vga/vga_signal_gen/dc_bias[3]_i_15__0/O
                         net (fo=1, routed)           1.104    12.040    datapath/video_inst/Inst_vga/vga_signal_gen/dc_bias[3]_i_15__0_n_0
    SLICE_X149Y123       LUT6 (Prop_lut6_I0_O)        0.124    12.164 r  datapath/video_inst/Inst_vga/vga_signal_gen/dc_bias[3]_i_5__0/O
                         net (fo=11, routed)          1.484    13.648    datapath/video_inst/Inst_vga/vga_signal_gen/position_reg[row][9]_1
    SLICE_X152Y127       LUT3 (Prop_lut3_I1_O)        0.150    13.798 r  datapath/video_inst/Inst_vga/vga_signal_gen/dc_bias[3]_i_3__0/O
                         net (fo=8, routed)           0.802    14.600    datapath/video_inst/Inst_vga/vga_signal_gen/dc_bias[3]_i_4__0_0
    SLICE_X152Y125       LUT6 (Prop_lut6_I3_O)        0.328    14.928 r  datapath/video_inst/Inst_vga/vga_signal_gen/encoded[2]_i_1/O
                         net (fo=1, routed)           0.000    14.928    datapath/video_inst/inst_dvid/TDMS_encoder_blue/encoded_reg[2]_0
    SLICE_X152Y125       FDRE                                         r  datapath/video_inst/inst_dvid/TDMS_encoder_blue/encoded_reg[2]/D
  -------------------------------------------------------------------    -------------------

                         (clock clk_out1_clk_wiz_0 rise edge)
                                                     40.000    40.000 r  
    BUFGCTRL_X0Y2        BUFG                         0.000    40.000 r  clk_IBUF_BUFG_inst/O
                         net (fo=305, routed)         1.972    41.972    datapath/video_inst/mmcm_adv_inst_display_clocks/inst/clk_in1
    MMCME2_ADV_X1Y0      MMCME2_ADV (Prop_mmcme2_adv_CLKIN1_CLKOUT0)
                                                     -4.637    37.335 r  datapath/video_inst/mmcm_adv_inst_display_clocks/inst/mmcm_adv_inst/CLKOUT0
                         net (fo=1, routed)           2.574    39.909    datapath/video_inst/mmcm_adv_inst_display_clocks/inst/clk_out1_clk_wiz_0
    BUFGCTRL_X0Y4        BUFG (Prop_bufg_I_O)         0.091    40.000 r  datapath/video_inst/mmcm_adv_inst_display_clocks/inst/clkout1_buf/O
                         net (fo=87, routed)          1.619    41.619    datapath/video_inst/inst_dvid/TDMS_encoder_blue/CLK
    SLICE_X152Y125       FDRE                                         r  datapath/video_inst/inst_dvid/TDMS_encoder_blue/encoded_reg[2]/C
                         clock pessimism              0.075    41.694    
                         clock uncertainty           -0.095    41.600    
    SLICE_X152Y125       FDRE (Setup_fdre_C_D)        0.081    41.681    datapath/video_inst/inst_dvid/TDMS_encoder_blue/encoded_reg[2]
  -------------------------------------------------------------------
                         required time                         41.681    
                         arrival time                         -14.928    
  -------------------------------------------------------------------
                         slack                                 26.753    

Slack (MET) :             26.772ns  (required time - arrival time)
  Source:                 datapath/video_inst/Inst_vga/vga_signal_gen/position_reg[row][1]/C
                            (rising edge-triggered cell FDRE clocked by clk_out1_clk_wiz_0  {rise@0.000ns fall@20.000ns period=40.000ns})
  Destination:            datapath/video_inst/inst_dvid/TDMS_encoder_green/dc_bias_reg[3]/D
                            (rising edge-triggered cell FDRE clocked by clk_out1_clk_wiz_0  {rise@0.000ns fall@20.000ns period=40.000ns})
  Path Group:             clk_out1_clk_wiz_0
  Path Type:              Setup (Max at Slow Process Corner)
  Requirement:            40.000ns  (clk_out1_clk_wiz_0 rise@40.000ns - clk_out1_clk_wiz_0 rise@0.000ns)
  Data Path Delay:        13.175ns  (logic 3.460ns (26.262%)  route 9.715ns (73.738%))
  Logic Levels:           14  (CARRY4=5 LUT2=1 LUT4=1 LUT6=7)
  Clock Path Skew:        -0.037ns (DCD - SCD + CPR)
    Destination Clock Delay (DCD):    1.624ns = ( 41.624 - 40.000 ) 
    Source Clock Delay      (SCD):    1.736ns
    Clock Pessimism Removal (CPR):    0.075ns
  Clock Uncertainty:      0.095ns  ((TSJ^2 + DJ^2)^1/2) / 2 + PE
    Total System Jitter     (TSJ):    0.071ns
    Discrete Jitter          (DJ):    0.175ns
    Phase Error              (PE):    0.000ns

    Location             Delay type                Incr(ns)  Path(ns)    Netlist Resource(s)
  -------------------------------------------------------------------    -------------------
                         (clock clk_out1_clk_wiz_0 rise edge)
                                                      0.000     0.000 r  
    BUFGCTRL_X0Y2        BUFG                         0.000     0.000 r  clk_IBUF_BUFG_inst/O
                         net (fo=305, routed)         2.106     2.106    datapath/video_inst/mmcm_adv_inst_display_clocks/inst/clk_in1
    MMCME2_ADV_X1Y0      MMCME2_ADV (Prop_mmcme2_adv_CLKIN1_CLKOUT0)
                                                     -4.900    -2.793 r  datapath/video_inst/mmcm_adv_inst_display_clocks/inst/mmcm_adv_inst/CLKOUT0
                         net (fo=1, routed)           2.697    -0.096    datapath/video_inst/mmcm_adv_inst_display_clocks/inst/clk_out1_clk_wiz_0
    BUFGCTRL_X0Y4        BUFG (Prop_bufg_I_O)         0.096    -0.000 r  datapath/video_inst/mmcm_adv_inst_display_clocks/inst/clkout1_buf/O
                         net (fo=87, routed)          1.736     1.736    datapath/video_inst/Inst_vga/vga_signal_gen/CLK
    SLICE_X149Y125       FDRE                                         r  datapath/video_inst/Inst_vga/vga_signal_gen/position_reg[row][1]/C
  -------------------------------------------------------------------    -------------------
    SLICE_X149Y125       FDRE (Prop_fdre_C_Q)         0.456     2.192 r  datapath/video_inst/Inst_vga/vga_signal_gen/position_reg[row][1]/Q
                         net (fo=21, routed)          2.021     4.213    datapath/video_inst/Inst_vga/vga_signal_gen/position_reg[row][8]_0[1]
    SLICE_X140Y120       LUT2 (Prop_lut2_I0_O)        0.124     4.337 r  datapath/video_inst/Inst_vga/vga_signal_gen/is_trigger_volt1_carry_i_28/O
                         net (fo=1, routed)           0.000     4.337    datapath/video_inst/Inst_vga/vga_signal_gen/is_trigger_volt1_carry_i_28_n_0
    SLICE_X140Y120       CARRY4 (Prop_carry4_S[1]_CO[3])
                                                      0.533     4.870 r  datapath/video_inst/Inst_vga/vga_signal_gen/is_trigger_volt1_carry_i_18/CO[3]
                         net (fo=1, routed)           0.000     4.870    datapath/video_inst/Inst_vga/vga_signal_gen/is_trigger_volt1_carry_i_18_n_0
    SLICE_X140Y121       CARRY4 (Prop_carry4_CI_O[0])
                                                      0.219     5.089 r  datapath/video_inst/Inst_vga/vga_signal_gen/is_trigger_volt1_carry_i_24/O[0]
                         net (fo=5, routed)           1.058     6.147    datapath/video_inst/Inst_vga/vga_signal_gen/is_trigger_volt1_carry_i_24_n_7
    SLICE_X142Y119       LUT6 (Prop_lut6_I0_O)        0.295     6.442 f  datapath/video_inst/Inst_vga/vga_signal_gen/is_trigger_volt1_carry__0_i_15/O
                         net (fo=4, routed)           1.277     7.719    datapath/video_inst/Inst_vga/vga_signal_gen/is_trigger_volt1_carry__0_i_15_n_0
    SLICE_X143Y122       LUT4 (Prop_lut4_I2_O)        0.152     7.871 r  datapath/video_inst/Inst_vga/vga_signal_gen/is_trigger_volt1_carry__0_i_12/O
                         net (fo=12, routed)          0.468     8.339    datapath/video_inst/Inst_vga/vga_signal_gen/is_trigger_volt1_carry__0_i_12_n_0
    SLICE_X143Y122       LUT6 (Prop_lut6_I2_O)        0.326     8.665 r  datapath/video_inst/Inst_vga/vga_signal_gen/is_trigger_volt1_carry__0_i_7/O
                         net (fo=11, routed)          0.680     9.345    datapath/video_inst/Inst_vga/color_map/is_trigger_volt1_carry__1_0[1]
    SLICE_X141Y120       CARRY4 (Prop_carry4_DI[1]_CO[3])
                                                      0.507     9.852 r  datapath/video_inst/Inst_vga/color_map/is_trigger_volt1_carry__0/CO[3]
                         net (fo=1, routed)           0.000     9.852    datapath/video_inst/Inst_vga/color_map/is_trigger_volt1_carry__0_n_0
    SLICE_X141Y121       CARRY4 (Prop_carry4_CI_CO[3])
                                                      0.114     9.966 r  datapath/video_inst/Inst_vga/color_map/is_trigger_volt1_carry__1/CO[3]
                         net (fo=1, routed)           0.000     9.966    datapath/video_inst/Inst_vga/color_map/is_trigger_volt1_carry__1_n_0
    SLICE_X141Y122       CARRY4 (Prop_carry4_CI_CO[3])
                                                      0.114    10.080 f  datapath/video_inst/Inst_vga/color_map/is_trigger_volt1_carry__2/CO[3]
                         net (fo=1, routed)           0.733    10.813    datapath/video_inst/Inst_vga/vga_signal_gen/dc_bias[3]_i_5__0_0[0]
    SLICE_X143Y123       LUT6 (Prop_lut6_I2_O)        0.124    10.937 r  datapath/video_inst/Inst_vga/vga_signal_gen/dc_bias[3]_i_15__0/O
                         net (fo=1, routed)           1.104    12.040    datapath/video_inst/Inst_vga/vga_signal_gen/dc_bias[3]_i_15__0_n_0
    SLICE_X149Y123       LUT6 (Prop_lut6_I0_O)        0.124    12.164 f  datapath/video_inst/Inst_vga/vga_signal_gen/dc_bias[3]_i_5__0/O
                         net (fo=11, routed)          0.605    12.769    datapath/video_inst/Inst_vga/vga_signal_gen/position_reg[row][9]_1
    SLICE_X148Y124       LUT6 (Prop_lut6_I5_O)        0.124    12.893 r  datapath/video_inst/Inst_vga/vga_signal_gen/dc_bias[3]_i_9/O
                         net (fo=2, routed)           1.042    13.935    datapath/video_inst/inst_dvid/TDMS_encoder_green/dc_bias_reg[3]_2
    SLICE_X153Y128       LUT6 (Prop_lut6_I3_O)        0.124    14.059 r  datapath/video_inst/inst_dvid/TDMS_encoder_green/dc_bias[3]_i_2__1/O
                         net (fo=1, routed)           0.729    14.787    datapath/video_inst/inst_dvid/TDMS_encoder_green/dc_bias[3]_i_2__1_n_0
    SLICE_X152Y128       LUT6 (Prop_lut6_I0_O)        0.124    14.911 r  datapath/video_inst/inst_dvid/TDMS_encoder_green/dc_bias[3]_i_1/O
                         net (fo=1, routed)           0.000    14.911    datapath/video_inst/inst_dvid/TDMS_encoder_green/dc_bias[3]_i_1_n_0
    SLICE_X152Y128       FDRE                                         r  datapath/video_inst/inst_dvid/TDMS_encoder_green/dc_bias_reg[3]/D
  -------------------------------------------------------------------    -------------------

                         (clock clk_out1_clk_wiz_0 rise edge)
                                                     40.000    40.000 r  
    BUFGCTRL_X0Y2        BUFG                         0.000    40.000 r  clk_IBUF_BUFG_inst/O
                         net (fo=305, routed)         1.972    41.972    datapath/video_inst/mmcm_adv_inst_display_clocks/inst/clk_in1
    MMCME2_ADV_X1Y0      MMCME2_ADV (Prop_mmcme2_adv_CLKIN1_CLKOUT0)
                                                     -4.637    37.335 r  datapath/video_inst/mmcm_adv_inst_display_clocks/inst/mmcm_adv_inst/CLKOUT0
                         net (fo=1, routed)           2.574    39.909    datapath/video_inst/mmcm_adv_inst_display_clocks/inst/clk_out1_clk_wiz_0
    BUFGCTRL_X0Y4        BUFG (Prop_bufg_I_O)         0.091    40.000 r  datapath/video_inst/mmcm_adv_inst_display_clocks/inst/clkout1_buf/O
                         net (fo=87, routed)          1.624    41.624    datapath/video_inst/inst_dvid/TDMS_encoder_green/CLK
    SLICE_X152Y128       FDRE                                         r  datapath/video_inst/inst_dvid/TDMS_encoder_green/dc_bias_reg[3]/C
                         clock pessimism              0.075    41.699    
                         clock uncertainty           -0.095    41.605    
    SLICE_X152Y128       FDRE (Setup_fdre_C_D)        0.079    41.684    datapath/video_inst/inst_dvid/TDMS_encoder_green/dc_bias_reg[3]
  -------------------------------------------------------------------
                         required time                         41.684    
                         arrival time                         -14.911    
  -------------------------------------------------------------------
                         slack                                 26.772    

Slack (MET) :             26.827ns  (required time - arrival time)
  Source:                 datapath/video_inst/Inst_vga/vga_signal_gen/position_reg[row][1]/C
                            (rising edge-triggered cell FDRE clocked by clk_out1_clk_wiz_0  {rise@0.000ns fall@20.000ns period=40.000ns})
  Destination:            datapath/video_inst/inst_dvid/TDMS_encoder_red/encoded_reg[8]/D
                            (rising edge-triggered cell FDRE clocked by clk_out1_clk_wiz_0  {rise@0.000ns fall@20.000ns period=40.000ns})
  Path Group:             clk_out1_clk_wiz_0
  Path Type:              Setup (Max at Slow Process Corner)
  Requirement:            40.000ns  (clk_out1_clk_wiz_0 rise@40.000ns - clk_out1_clk_wiz_0 rise@0.000ns)
  Data Path Delay:        13.197ns  (logic 3.336ns (25.278%)  route 9.861ns (74.722%))
  Logic Levels:           13  (CARRY4=5 LUT2=2 LUT4=2 LUT6=4)
  Clock Path Skew:        0.042ns (DCD - SCD + CPR)
    Destination Clock Delay (DCD):    1.703ns = ( 41.703 - 40.000 ) 
    Source Clock Delay      (SCD):    1.736ns
    Clock Pessimism Removal (CPR):    0.075ns
  Clock Uncertainty:      0.095ns  ((TSJ^2 + DJ^2)^1/2) / 2 + PE
    Total System Jitter     (TSJ):    0.071ns
    Discrete Jitter          (DJ):    0.175ns
    Phase Error              (PE):    0.000ns

    Location             Delay type                Incr(ns)  Path(ns)    Netlist Resource(s)
  -------------------------------------------------------------------    -------------------
                         (clock clk_out1_clk_wiz_0 rise edge)
                                                      0.000     0.000 r  
    BUFGCTRL_X0Y2        BUFG                         0.000     0.000 r  clk_IBUF_BUFG_inst/O
                         net (fo=305, routed)         2.106     2.106    datapath/video_inst/mmcm_adv_inst_display_clocks/inst/clk_in1
    MMCME2_ADV_X1Y0      MMCME2_ADV (Prop_mmcme2_adv_CLKIN1_CLKOUT0)
                                                     -4.900    -2.793 r  datapath/video_inst/mmcm_adv_inst_display_clocks/inst/mmcm_adv_inst/CLKOUT0
                         net (fo=1, routed)           2.697    -0.096    datapath/video_inst/mmcm_adv_inst_display_clocks/inst/clk_out1_clk_wiz_0
    BUFGCTRL_X0Y4        BUFG (Prop_bufg_I_O)         0.096    -0.000 r  datapath/video_inst/mmcm_adv_inst_display_clocks/inst/clkout1_buf/O
                         net (fo=87, routed)          1.736     1.736    datapath/video_inst/Inst_vga/vga_signal_gen/CLK
    SLICE_X149Y125       FDRE                                         r  datapath/video_inst/Inst_vga/vga_signal_gen/position_reg[row][1]/C
  -------------------------------------------------------------------    -------------------
    SLICE_X149Y125       FDRE (Prop_fdre_C_Q)         0.456     2.192 r  datapath/video_inst/Inst_vga/vga_signal_gen/position_reg[row][1]/Q
                         net (fo=21, routed)          2.021     4.213    datapath/video_inst/Inst_vga/vga_signal_gen/position_reg[row][8]_0[1]
    SLICE_X140Y120       LUT2 (Prop_lut2_I0_O)        0.124     4.337 r  datapath/video_inst/Inst_vga/vga_signal_gen/is_trigger_volt1_carry_i_28/O
                         net (fo=1, routed)           0.000     4.337    datapath/video_inst/Inst_vga/vga_signal_gen/is_trigger_volt1_carry_i_28_n_0
    SLICE_X140Y120       CARRY4 (Prop_carry4_S[1]_CO[3])
                                                      0.533     4.870 r  datapath/video_inst/Inst_vga/vga_signal_gen/is_trigger_volt1_carry_i_18/CO[3]
                         net (fo=1, routed)           0.000     4.870    datapath/video_inst/Inst_vga/vga_signal_gen/is_trigger_volt1_carry_i_18_n_0
    SLICE_X140Y121       CARRY4 (Prop_carry4_CI_O[0])
                                                      0.219     5.089 r  datapath/video_inst/Inst_vga/vga_signal_gen/is_trigger_volt1_carry_i_24/O[0]
                         net (fo=5, routed)           1.058     6.147    datapath/video_inst/Inst_vga/vga_signal_gen/is_trigger_volt1_carry_i_24_n_7
    SLICE_X142Y119       LUT6 (Prop_lut6_I0_O)        0.295     6.442 f  datapath/video_inst/Inst_vga/vga_signal_gen/is_trigger_volt1_carry__0_i_15/O
                         net (fo=4, routed)           1.277     7.719    datapath/video_inst/Inst_vga/vga_signal_gen/is_trigger_volt1_carry__0_i_15_n_0
    SLICE_X143Y122       LUT4 (Prop_lut4_I2_O)        0.152     7.871 r  datapath/video_inst/Inst_vga/vga_signal_gen/is_trigger_volt1_carry__0_i_12/O
                         net (fo=12, routed)          0.468     8.339    datapath/video_inst/Inst_vga/vga_signal_gen/is_trigger_volt1_carry__0_i_12_n_0
    SLICE_X143Y122       LUT6 (Prop_lut6_I2_O)        0.326     8.665 r  datapath/video_inst/Inst_vga/vga_signal_gen/is_trigger_volt1_carry__0_i_7/O
                         net (fo=11, routed)          0.680     9.345    datapath/video_inst/Inst_vga/color_map/is_trigger_volt1_carry__1_0[1]
    SLICE_X141Y120       CARRY4 (Prop_carry4_DI[1]_CO[3])
                                                      0.507     9.852 r  datapath/video_inst/Inst_vga/color_map/is_trigger_volt1_carry__0/CO[3]
                         net (fo=1, routed)           0.000     9.852    datapath/video_inst/Inst_vga/color_map/is_trigger_volt1_carry__0_n_0
    SLICE_X141Y121       CARRY4 (Prop_carry4_CI_CO[3])
                                                      0.114     9.966 r  datapath/video_inst/Inst_vga/color_map/is_trigger_volt1_carry__1/CO[3]
                         net (fo=1, routed)           0.000     9.966    datapath/video_inst/Inst_vga/color_map/is_trigger_volt1_carry__1_n_0
    SLICE_X141Y122       CARRY4 (Prop_carry4_CI_CO[3])
                                                      0.114    10.080 f  datapath/video_inst/Inst_vga/color_map/is_trigger_volt1_carry__2/CO[3]
                         net (fo=1, routed)           0.733    10.813    datapath/video_inst/Inst_vga/vga_signal_gen/dc_bias[3]_i_5__0_0[0]
    SLICE_X143Y123       LUT6 (Prop_lut6_I2_O)        0.124    10.937 r  datapath/video_inst/Inst_vga/vga_signal_gen/dc_bias[3]_i_15__0/O
                         net (fo=1, routed)           1.104    12.040    datapath/video_inst/Inst_vga/vga_signal_gen/dc_bias[3]_i_15__0_n_0
    SLICE_X149Y123       LUT6 (Prop_lut6_I0_O)        0.124    12.164 f  datapath/video_inst/Inst_vga/vga_signal_gen/dc_bias[3]_i_5__0/O
                         net (fo=11, routed)          1.474    13.638    datapath/video_inst/Inst_vga/vga_signal_gen/position_reg[row][9]_1
    SLICE_X152Y127       LUT4 (Prop_lut4_I2_O)        0.124    13.762 r  datapath/video_inst/Inst_vga/vga_signal_gen/dc_bias[3]_i_2/O
                         net (fo=12, routed)          1.047    14.810    datapath/video_inst/Inst_vga/vga_signal_gen/dc_bias[3]_i_6_0
    SLICE_X158Y132       LUT2 (Prop_lut2_I1_O)        0.124    14.934 r  datapath/video_inst/Inst_vga/vga_signal_gen/TDMS_encoder_red/encoded[8]_i_1/O
                         net (fo=1, routed)           0.000    14.934    datapath/video_inst/inst_dvid/TDMS_encoder_red/encoded_reg[8]_0
    SLICE_X158Y132       FDRE                                         r  datapath/video_inst/inst_dvid/TDMS_encoder_red/encoded_reg[8]/D
  -------------------------------------------------------------------    -------------------

                         (clock clk_out1_clk_wiz_0 rise edge)
                                                     40.000    40.000 r  
    BUFGCTRL_X0Y2        BUFG                         0.000    40.000 r  clk_IBUF_BUFG_inst/O
                         net (fo=305, routed)         1.972    41.972    datapath/video_inst/mmcm_adv_inst_display_clocks/inst/clk_in1
    MMCME2_ADV_X1Y0      MMCME2_ADV (Prop_mmcme2_adv_CLKIN1_CLKOUT0)
                                                     -4.637    37.335 r  datapath/video_inst/mmcm_adv_inst_display_clocks/inst/mmcm_adv_inst/CLKOUT0
                         net (fo=1, routed)           2.574    39.909    datapath/video_inst/mmcm_adv_inst_display_clocks/inst/clk_out1_clk_wiz_0
    BUFGCTRL_X0Y4        BUFG (Prop_bufg_I_O)         0.091    40.000 r  datapath/video_inst/mmcm_adv_inst_display_clocks/inst/clkout1_buf/O
                         net (fo=87, routed)          1.703    41.703    datapath/video_inst/inst_dvid/TDMS_encoder_red/CLK
    SLICE_X158Y132       FDRE                                         r  datapath/video_inst/inst_dvid/TDMS_encoder_red/encoded_reg[8]/C
                         clock pessimism              0.075    41.778    
                         clock uncertainty           -0.095    41.684    
    SLICE_X158Y132       FDRE (Setup_fdre_C_D)        0.077    41.761    datapath/video_inst/inst_dvid/TDMS_encoder_red/encoded_reg[8]
  -------------------------------------------------------------------
                         required time                         41.761    
                         arrival time                         -14.934    
  -------------------------------------------------------------------
                         slack                                 26.827    

Slack (MET) :             26.856ns  (required time - arrival time)
  Source:                 datapath/video_inst/Inst_vga/vga_signal_gen/position_reg[row][1]/C
                            (rising edge-triggered cell FDRE clocked by clk_out1_clk_wiz_0  {rise@0.000ns fall@20.000ns period=40.000ns})
  Destination:            datapath/video_inst/inst_dvid/TDMS_encoder_blue/encoded_reg[8]/D
                            (rising edge-triggered cell FDRE clocked by clk_out1_clk_wiz_0  {rise@0.000ns fall@20.000ns period=40.000ns})
  Path Group:             clk_out1_clk_wiz_0
  Path Type:              Setup (Max at Slow Process Corner)
  Requirement:            40.000ns  (clk_out1_clk_wiz_0 rise@40.000ns - clk_out1_clk_wiz_0 rise@0.000ns)
  Data Path Delay:        13.038ns  (logic 3.566ns (27.350%)  route 9.472ns (72.650%))
  Logic Levels:           13  (CARRY4=5 LUT2=1 LUT3=2 LUT4=1 LUT6=4)
  Clock Path Skew:        -0.040ns (DCD - SCD + CPR)
    Destination Clock Delay (DCD):    1.621ns = ( 41.621 - 40.000 ) 
    Source Clock Delay      (SCD):    1.736ns
    Clock Pessimism Removal (CPR):    0.075ns
  Clock Uncertainty:      0.095ns  ((TSJ^2 + DJ^2)^1/2) / 2 + PE
    Total System Jitter     (TSJ):    0.071ns
    Discrete Jitter          (DJ):    0.175ns
    Phase Error              (PE):    0.000ns

    Location             Delay type                Incr(ns)  Path(ns)    Netlist Resource(s)
  -------------------------------------------------------------------    -------------------
                         (clock clk_out1_clk_wiz_0 rise edge)
                                                      0.000     0.000 r  
    BUFGCTRL_X0Y2        BUFG                         0.000     0.000 r  clk_IBUF_BUFG_inst/O
                         net (fo=305, routed)         2.106     2.106    datapath/video_inst/mmcm_adv_inst_display_clocks/inst/clk_in1
    MMCME2_ADV_X1Y0      MMCME2_ADV (Prop_mmcme2_adv_CLKIN1_CLKOUT0)
                                                     -4.900    -2.793 r  datapath/video_inst/mmcm_adv_inst_display_clocks/inst/mmcm_adv_inst/CLKOUT0
                         net (fo=1, routed)           2.697    -0.096    datapath/video_inst/mmcm_adv_inst_display_clocks/inst/clk_out1_clk_wiz_0
    BUFGCTRL_X0Y4        BUFG (Prop_bufg_I_O)         0.096    -0.000 r  datapath/video_inst/mmcm_adv_inst_display_clocks/inst/clkout1_buf/O
                         net (fo=87, routed)          1.736     1.736    datapath/video_inst/Inst_vga/vga_signal_gen/CLK
    SLICE_X149Y125       FDRE                                         r  datapath/video_inst/Inst_vga/vga_signal_gen/position_reg[row][1]/C
  -------------------------------------------------------------------    -------------------
    SLICE_X149Y125       FDRE (Prop_fdre_C_Q)         0.456     2.192 r  datapath/video_inst/Inst_vga/vga_signal_gen/position_reg[row][1]/Q
                         net (fo=21, routed)          2.021     4.213    datapath/video_inst/Inst_vga/vga_signal_gen/position_reg[row][8]_0[1]
    SLICE_X140Y120       LUT2 (Prop_lut2_I0_O)        0.124     4.337 r  datapath/video_inst/Inst_vga/vga_signal_gen/is_trigger_volt1_carry_i_28/O
                         net (fo=1, routed)           0.000     4.337    datapath/video_inst/Inst_vga/vga_signal_gen/is_trigger_volt1_carry_i_28_n_0
    SLICE_X140Y120       CARRY4 (Prop_carry4_S[1]_CO[3])
                                                      0.533     4.870 r  datapath/video_inst/Inst_vga/vga_signal_gen/is_trigger_volt1_carry_i_18/CO[3]
                         net (fo=1, routed)           0.000     4.870    datapath/video_inst/Inst_vga/vga_signal_gen/is_trigger_volt1_carry_i_18_n_0
    SLICE_X140Y121       CARRY4 (Prop_carry4_CI_O[0])
                                                      0.219     5.089 r  datapath/video_inst/Inst_vga/vga_signal_gen/is_trigger_volt1_carry_i_24/O[0]
                         net (fo=5, routed)           1.058     6.147    datapath/video_inst/Inst_vga/vga_signal_gen/is_trigger_volt1_carry_i_24_n_7
    SLICE_X142Y119       LUT6 (Prop_lut6_I0_O)        0.295     6.442 f  datapath/video_inst/Inst_vga/vga_signal_gen/is_trigger_volt1_carry__0_i_15/O
                         net (fo=4, routed)           1.277     7.719    datapath/video_inst/Inst_vga/vga_signal_gen/is_trigger_volt1_carry__0_i_15_n_0
    SLICE_X143Y122       LUT4 (Prop_lut4_I2_O)        0.152     7.871 r  datapath/video_inst/Inst_vga/vga_signal_gen/is_trigger_volt1_carry__0_i_12/O
                         net (fo=12, routed)          0.468     8.339    datapath/video_inst/Inst_vga/vga_signal_gen/is_trigger_volt1_carry__0_i_12_n_0
    SLICE_X143Y122       LUT6 (Prop_lut6_I2_O)        0.326     8.665 r  datapath/video_inst/Inst_vga/vga_signal_gen/is_trigger_volt1_carry__0_i_7/O
                         net (fo=11, routed)          0.680     9.345    datapath/video_inst/Inst_vga/color_map/is_trigger_volt1_carry__1_0[1]
    SLICE_X141Y120       CARRY4 (Prop_carry4_DI[1]_CO[3])
                                                      0.507     9.852 r  datapath/video_inst/Inst_vga/color_map/is_trigger_volt1_carry__0/CO[3]
                         net (fo=1, routed)           0.000     9.852    datapath/video_inst/Inst_vga/color_map/is_trigger_volt1_carry__0_n_0
    SLICE_X141Y121       CARRY4 (Prop_carry4_CI_CO[3])
                                                      0.114     9.966 r  datapath/video_inst/Inst_vga/color_map/is_trigger_volt1_carry__1/CO[3]
                         net (fo=1, routed)           0.000     9.966    datapath/video_inst/Inst_vga/color_map/is_trigger_volt1_carry__1_n_0
    SLICE_X141Y122       CARRY4 (Prop_carry4_CI_CO[3])
                                                      0.114    10.080 r  datapath/video_inst/Inst_vga/color_map/is_trigger_volt1_carry__2/CO[3]
                         net (fo=1, routed)           0.733    10.813    datapath/video_inst/Inst_vga/vga_signal_gen/dc_bias[3]_i_5__0_0[0]
    SLICE_X143Y123       LUT6 (Prop_lut6_I2_O)        0.124    10.937 f  datapath/video_inst/Inst_vga/vga_signal_gen/dc_bias[3]_i_15__0/O
                         net (fo=1, routed)           1.104    12.040    datapath/video_inst/Inst_vga/vga_signal_gen/dc_bias[3]_i_15__0_n_0
    SLICE_X149Y123       LUT6 (Prop_lut6_I0_O)        0.124    12.164 r  datapath/video_inst/Inst_vga/vga_signal_gen/dc_bias[3]_i_5__0/O
                         net (fo=11, routed)          1.484    13.648    datapath/video_inst/Inst_vga/vga_signal_gen/position_reg[row][9]_1
    SLICE_X152Y127       LUT3 (Prop_lut3_I1_O)        0.150    13.798 r  datapath/video_inst/Inst_vga/vga_signal_gen/dc_bias[3]_i_3__0/O
                         net (fo=8, routed)           0.648    14.447    datapath/video_inst/Inst_vga/vga_signal_gen/dc_bias[3]_i_4__0_0
    SLICE_X153Y126       LUT3 (Prop_lut3_I2_O)        0.328    14.775 r  datapath/video_inst/Inst_vga/vga_signal_gen/TDMS_encoder_blue/encoded[8]_i_1/O
                         net (fo=1, routed)           0.000    14.775    datapath/video_inst/inst_dvid/TDMS_encoder_blue/encoded_reg[8]_0
    SLICE_X153Y126       FDRE                                         r  datapath/video_inst/inst_dvid/TDMS_encoder_blue/encoded_reg[8]/D
  -------------------------------------------------------------------    -------------------

                         (clock clk_out1_clk_wiz_0 rise edge)
                                                     40.000    40.000 r  
    BUFGCTRL_X0Y2        BUFG                         0.000    40.000 r  clk_IBUF_BUFG_inst/O
                         net (fo=305, routed)         1.972    41.972    datapath/video_inst/mmcm_adv_inst_display_clocks/inst/clk_in1
    MMCME2_ADV_X1Y0      MMCME2_ADV (Prop_mmcme2_adv_CLKIN1_CLKOUT0)
                                                     -4.637    37.335 r  datapath/video_inst/mmcm_adv_inst_display_clocks/inst/mmcm_adv_inst/CLKOUT0
                         net (fo=1, routed)           2.574    39.909    datapath/video_inst/mmcm_adv_inst_display_clocks/inst/clk_out1_clk_wiz_0
    BUFGCTRL_X0Y4        BUFG (Prop_bufg_I_O)         0.091    40.000 r  datapath/video_inst/mmcm_adv_inst_display_clocks/inst/clkout1_buf/O
                         net (fo=87, routed)          1.621    41.621    datapath/video_inst/inst_dvid/TDMS_encoder_blue/CLK
    SLICE_X153Y126       FDRE                                         r  datapath/video_inst/inst_dvid/TDMS_encoder_blue/encoded_reg[8]/C
                         clock pessimism              0.075    41.696    
                         clock uncertainty           -0.095    41.602    
    SLICE_X153Y126       FDRE (Setup_fdre_C_D)        0.029    41.631    datapath/video_inst/inst_dvid/TDMS_encoder_blue/encoded_reg[8]
  -------------------------------------------------------------------
                         required time                         41.631    
                         arrival time                         -14.775    
  -------------------------------------------------------------------
                         slack                                 26.856    

Slack (MET) :             26.876ns  (required time - arrival time)
  Source:                 datapath/video_inst/Inst_vga/vga_signal_gen/position_reg[row][1]/C
                            (rising edge-triggered cell FDRE clocked by clk_out1_clk_wiz_0  {rise@0.000ns fall@20.000ns period=40.000ns})
  Destination:            datapath/video_inst/inst_dvid/TDMS_encoder_red/encoded_reg[9]/D
                            (rising edge-triggered cell FDRE clocked by clk_out1_clk_wiz_0  {rise@0.000ns fall@20.000ns period=40.000ns})
  Path Group:             clk_out1_clk_wiz_0
  Path Type:              Setup (Max at Slow Process Corner)
  Requirement:            40.000ns  (clk_out1_clk_wiz_0 rise@40.000ns - clk_out1_clk_wiz_0 rise@0.000ns)
  Data Path Delay:        13.189ns  (logic 3.328ns (25.233%)  route 9.861ns (74.767%))
  Logic Levels:           13  (CARRY4=5 LUT2=1 LUT3=1 LUT4=2 LUT6=4)
  Clock Path Skew:        0.042ns (DCD - SCD + CPR)
    Destination Clock Delay (DCD):    1.703ns = ( 41.703 - 40.000 ) 
    Source Clock Delay      (SCD):    1.736ns
    Clock Pessimism Removal (CPR):    0.075ns
  Clock Uncertainty:      0.095ns  ((TSJ^2 + DJ^2)^1/2) / 2 + PE
    Total System Jitter     (TSJ):    0.071ns
    Discrete Jitter          (DJ):    0.175ns
    Phase Error              (PE):    0.000ns

    Location             Delay type                Incr(ns)  Path(ns)    Netlist Resource(s)
  -------------------------------------------------------------------    -------------------
                         (clock clk_out1_clk_wiz_0 rise edge)
                                                      0.000     0.000 r  
    BUFGCTRL_X0Y2        BUFG                         0.000     0.000 r  clk_IBUF_BUFG_inst/O
                         net (fo=305, routed)         2.106     2.106    datapath/video_inst/mmcm_adv_inst_display_clocks/inst/clk_in1
    MMCME2_ADV_X1Y0      MMCME2_ADV (Prop_mmcme2_adv_CLKIN1_CLKOUT0)
                                                     -4.900    -2.793 r  datapath/video_inst/mmcm_adv_inst_display_clocks/inst/mmcm_adv_inst/CLKOUT0
                         net (fo=1, routed)           2.697    -0.096    datapath/video_inst/mmcm_adv_inst_display_clocks/inst/clk_out1_clk_wiz_0
    BUFGCTRL_X0Y4        BUFG (Prop_bufg_I_O)         0.096    -0.000 r  datapath/video_inst/mmcm_adv_inst_display_clocks/inst/clkout1_buf/O
                         net (fo=87, routed)          1.736     1.736    datapath/video_inst/Inst_vga/vga_signal_gen/CLK
    SLICE_X149Y125       FDRE                                         r  datapath/video_inst/Inst_vga/vga_signal_gen/position_reg[row][1]/C
  -------------------------------------------------------------------    -------------------
    SLICE_X149Y125       FDRE (Prop_fdre_C_Q)         0.456     2.192 r  datapath/video_inst/Inst_vga/vga_signal_gen/position_reg[row][1]/Q
                         net (fo=21, routed)          2.021     4.213    datapath/video_inst/Inst_vga/vga_signal_gen/position_reg[row][8]_0[1]
    SLICE_X140Y120       LUT2 (Prop_lut2_I0_O)        0.124     4.337 r  datapath/video_inst/Inst_vga/vga_signal_gen/is_trigger_volt1_carry_i_28/O
                         net (fo=1, routed)           0.000     4.337    datapath/video_inst/Inst_vga/vga_signal_gen/is_trigger_volt1_carry_i_28_n_0
    SLICE_X140Y120       CARRY4 (Prop_carry4_S[1]_CO[3])
                                                      0.533     4.870 r  datapath/video_inst/Inst_vga/vga_signal_gen/is_trigger_volt1_carry_i_18/CO[3]
                         net (fo=1, routed)           0.000     4.870    datapath/video_inst/Inst_vga/vga_signal_gen/is_trigger_volt1_carry_i_18_n_0
    SLICE_X140Y121       CARRY4 (Prop_carry4_CI_O[0])
                                                      0.219     5.089 r  datapath/video_inst/Inst_vga/vga_signal_gen/is_trigger_volt1_carry_i_24/O[0]
                         net (fo=5, routed)           1.058     6.147    datapath/video_inst/Inst_vga/vga_signal_gen/is_trigger_volt1_carry_i_24_n_7
    SLICE_X142Y119       LUT6 (Prop_lut6_I0_O)        0.295     6.442 f  datapath/video_inst/Inst_vga/vga_signal_gen/is_trigger_volt1_carry__0_i_15/O
                         net (fo=4, routed)           1.277     7.719    datapath/video_inst/Inst_vga/vga_signal_gen/is_trigger_volt1_carry__0_i_15_n_0
    SLICE_X143Y122       LUT4 (Prop_lut4_I2_O)        0.152     7.871 r  datapath/video_inst/Inst_vga/vga_signal_gen/is_trigger_volt1_carry__0_i_12/O
                         net (fo=12, routed)          0.468     8.339    datapath/video_inst/Inst_vga/vga_signal_gen/is_trigger_volt1_carry__0_i_12_n_0
    SLICE_X143Y122       LUT6 (Prop_lut6_I2_O)        0.326     8.665 r  datapath/video_inst/Inst_vga/vga_signal_gen/is_trigger_volt1_carry__0_i_7/O
                         net (fo=11, routed)          0.680     9.345    datapath/video_inst/Inst_vga/color_map/is_trigger_volt1_carry__1_0[1]
    SLICE_X141Y120       CARRY4 (Prop_carry4_DI[1]_CO[3])
                                                      0.507     9.852 r  datapath/video_inst/Inst_vga/color_map/is_trigger_volt1_carry__0/CO[3]
                         net (fo=1, routed)           0.000     9.852    datapath/video_inst/Inst_vga/color_map/is_trigger_volt1_carry__0_n_0
    SLICE_X141Y121       CARRY4 (Prop_carry4_CI_CO[3])
                                                      0.114     9.966 r  datapath/video_inst/Inst_vga/color_map/is_trigger_volt1_carry__1/CO[3]
                         net (fo=1, routed)           0.000     9.966    datapath/video_inst/Inst_vga/color_map/is_trigger_volt1_carry__1_n_0
    SLICE_X141Y122       CARRY4 (Prop_carry4_CI_CO[3])
                                                      0.114    10.080 f  datapath/video_inst/Inst_vga/color_map/is_trigger_volt1_carry__2/CO[3]
                         net (fo=1, routed)           0.733    10.813    datapath/video_inst/Inst_vga/vga_signal_gen/dc_bias[3]_i_5__0_0[0]
    SLICE_X143Y123       LUT6 (Prop_lut6_I2_O)        0.124    10.937 r  datapath/video_inst/Inst_vga/vga_signal_gen/dc_bias[3]_i_15__0/O
                         net (fo=1, routed)           1.104    12.040    datapath/video_inst/Inst_vga/vga_signal_gen/dc_bias[3]_i_15__0_n_0
    SLICE_X149Y123       LUT6 (Prop_lut6_I0_O)        0.124    12.164 f  datapath/video_inst/Inst_vga/vga_signal_gen/dc_bias[3]_i_5__0/O
                         net (fo=11, routed)          1.474    13.638    datapath/video_inst/Inst_vga/vga_signal_gen/position_reg[row][9]_1
    SLICE_X152Y127       LUT4 (Prop_lut4_I2_O)        0.124    13.762 r  datapath/video_inst/Inst_vga/vga_signal_gen/dc_bias[3]_i_2/O
                         net (fo=12, routed)          1.047    14.810    datapath/video_inst/Inst_vga/vga_signal_gen/dc_bias[3]_i_6_0
    SLICE_X158Y132       LUT3 (Prop_lut3_I2_O)        0.116    14.926 r  datapath/video_inst/Inst_vga/vga_signal_gen/TDMS_encoder_red/encoded[9]_i_1/O
                         net (fo=1, routed)           0.000    14.926    datapath/video_inst/inst_dvid/TDMS_encoder_red/encoded_reg[9]_0
    SLICE_X158Y132       FDRE                                         r  datapath/video_inst/inst_dvid/TDMS_encoder_red/encoded_reg[9]/D
  -------------------------------------------------------------------    -------------------

                         (clock clk_out1_clk_wiz_0 rise edge)
                                                     40.000    40.000 r  
    BUFGCTRL_X0Y2        BUFG                         0.000    40.000 r  clk_IBUF_BUFG_inst/O
                         net (fo=305, routed)         1.972    41.972    datapath/video_inst/mmcm_adv_inst_display_clocks/inst/clk_in1
    MMCME2_ADV_X1Y0      MMCME2_ADV (Prop_mmcme2_adv_CLKIN1_CLKOUT0)
                                                     -4.637    37.335 r  datapath/video_inst/mmcm_adv_inst_display_clocks/inst/mmcm_adv_inst/CLKOUT0
                         net (fo=1, routed)           2.574    39.909    datapath/video_inst/mmcm_adv_inst_display_clocks/inst/clk_out1_clk_wiz_0
    BUFGCTRL_X0Y4        BUFG (Prop_bufg_I_O)         0.091    40.000 r  datapath/video_inst/mmcm_adv_inst_display_clocks/inst/clkout1_buf/O
                         net (fo=87, routed)          1.703    41.703    datapath/video_inst/inst_dvid/TDMS_encoder_red/CLK
    SLICE_X158Y132       FDRE                                         r  datapath/video_inst/inst_dvid/TDMS_encoder_red/encoded_reg[9]/C
                         clock pessimism              0.075    41.778    
                         clock uncertainty           -0.095    41.684    
    SLICE_X158Y132       FDRE (Setup_fdre_C_D)        0.118    41.802    datapath/video_inst/inst_dvid/TDMS_encoder_red/encoded_reg[9]
  -------------------------------------------------------------------
                         required time                         41.802    
                         arrival time                         -14.926    
  -------------------------------------------------------------------
                         slack                                 26.876    

Slack (MET) :             26.890ns  (required time - arrival time)
  Source:                 datapath/video_inst/Inst_vga/vga_signal_gen/position_reg[row][1]/C
                            (rising edge-triggered cell FDRE clocked by clk_out1_clk_wiz_0  {rise@0.000ns fall@20.000ns period=40.000ns})
  Destination:            datapath/video_inst/inst_dvid/TDMS_encoder_blue/encoded_reg[0]/D
                            (rising edge-triggered cell FDRE clocked by clk_out1_clk_wiz_0  {rise@0.000ns fall@20.000ns period=40.000ns})
  Path Group:             clk_out1_clk_wiz_0
  Path Type:              Setup (Max at Slow Process Corner)
  Requirement:            40.000ns  (clk_out1_clk_wiz_0 rise@40.000ns - clk_out1_clk_wiz_0 rise@0.000ns)
  Data Path Delay:        13.006ns  (logic 3.566ns (27.417%)  route 9.440ns (72.583%))
  Logic Levels:           13  (CARRY4=5 LUT2=1 LUT3=1 LUT4=1 LUT6=5)
  Clock Path Skew:        -0.040ns (DCD - SCD + CPR)
    Destination Clock Delay (DCD):    1.621ns = ( 41.621 - 40.000 ) 
    Source Clock Delay      (SCD):    1.736ns
    Clock Pessimism Removal (CPR):    0.075ns
  Clock Uncertainty:      0.095ns  ((TSJ^2 + DJ^2)^1/2) / 2 + PE
    Total System Jitter     (TSJ):    0.071ns
    Discrete Jitter          (DJ):    0.175ns
    Phase Error              (PE):    0.000ns

    Location             Delay type                Incr(ns)  Path(ns)    Netlist Resource(s)
  -------------------------------------------------------------------    -------------------
                         (clock clk_out1_clk_wiz_0 rise edge)
                                                      0.000     0.000 r  
    BUFGCTRL_X0Y2        BUFG                         0.000     0.000 r  clk_IBUF_BUFG_inst/O
                         net (fo=305, routed)         2.106     2.106    datapath/video_inst/mmcm_adv_inst_display_clocks/inst/clk_in1
    MMCME2_ADV_X1Y0      MMCME2_ADV (Prop_mmcme2_adv_CLKIN1_CLKOUT0)
                                                     -4.900    -2.793 r  datapath/video_inst/mmcm_adv_inst_display_clocks/inst/mmcm_adv_inst/CLKOUT0
                         net (fo=1, routed)           2.697    -0.096    datapath/video_inst/mmcm_adv_inst_display_clocks/inst/clk_out1_clk_wiz_0
    BUFGCTRL_X0Y4        BUFG (Prop_bufg_I_O)         0.096    -0.000 r  datapath/video_inst/mmcm_adv_inst_display_clocks/inst/clkout1_buf/O
                         net (fo=87, routed)          1.736     1.736    datapath/video_inst/Inst_vga/vga_signal_gen/CLK
    SLICE_X149Y125       FDRE                                         r  datapath/video_inst/Inst_vga/vga_signal_gen/position_reg[row][1]/C
  -------------------------------------------------------------------    -------------------
    SLICE_X149Y125       FDRE (Prop_fdre_C_Q)         0.456     2.192 r  datapath/video_inst/Inst_vga/vga_signal_gen/position_reg[row][1]/Q
                         net (fo=21, routed)          2.021     4.213    datapath/video_inst/Inst_vga/vga_signal_gen/position_reg[row][8]_0[1]
    SLICE_X140Y120       LUT2 (Prop_lut2_I0_O)        0.124     4.337 r  datapath/video_inst/Inst_vga/vga_signal_gen/is_trigger_volt1_carry_i_28/O
                         net (fo=1, routed)           0.000     4.337    datapath/video_inst/Inst_vga/vga_signal_gen/is_trigger_volt1_carry_i_28_n_0
    SLICE_X140Y120       CARRY4 (Prop_carry4_S[1]_CO[3])
                                                      0.533     4.870 r  datapath/video_inst/Inst_vga/vga_signal_gen/is_trigger_volt1_carry_i_18/CO[3]
                         net (fo=1, routed)           0.000     4.870    datapath/video_inst/Inst_vga/vga_signal_gen/is_trigger_volt1_carry_i_18_n_0
    SLICE_X140Y121       CARRY4 (Prop_carry4_CI_O[0])
                                                      0.219     5.089 r  datapath/video_inst/Inst_vga/vga_signal_gen/is_trigger_volt1_carry_i_24/O[0]
                         net (fo=5, routed)           1.058     6.147    datapath/video_inst/Inst_vga/vga_signal_gen/is_trigger_volt1_carry_i_24_n_7
    SLICE_X142Y119       LUT6 (Prop_lut6_I0_O)        0.295     6.442 f  datapath/video_inst/Inst_vga/vga_signal_gen/is_trigger_volt1_carry__0_i_15/O
                         net (fo=4, routed)           1.277     7.719    datapath/video_inst/Inst_vga/vga_signal_gen/is_trigger_volt1_carry__0_i_15_n_0
    SLICE_X143Y122       LUT4 (Prop_lut4_I2_O)        0.152     7.871 r  datapath/video_inst/Inst_vga/vga_signal_gen/is_trigger_volt1_carry__0_i_12/O
                         net (fo=12, routed)          0.468     8.339    datapath/video_inst/Inst_vga/vga_signal_gen/is_trigger_volt1_carry__0_i_12_n_0
    SLICE_X143Y122       LUT6 (Prop_lut6_I2_O)        0.326     8.665 r  datapath/video_inst/Inst_vga/vga_signal_gen/is_trigger_volt1_carry__0_i_7/O
                         net (fo=11, routed)          0.680     9.345    datapath/video_inst/Inst_vga/color_map/is_trigger_volt1_carry__1_0[1]
    SLICE_X141Y120       CARRY4 (Prop_carry4_DI[1]_CO[3])
                                                      0.507     9.852 r  datapath/video_inst/Inst_vga/color_map/is_trigger_volt1_carry__0/CO[3]
                         net (fo=1, routed)           0.000     9.852    datapath/video_inst/Inst_vga/color_map/is_trigger_volt1_carry__0_n_0
    SLICE_X141Y121       CARRY4 (Prop_carry4_CI_CO[3])
                                                      0.114     9.966 r  datapath/video_inst/Inst_vga/color_map/is_trigger_volt1_carry__1/CO[3]
                         net (fo=1, routed)           0.000     9.966    datapath/video_inst/Inst_vga/color_map/is_trigger_volt1_carry__1_n_0
    SLICE_X141Y122       CARRY4 (Prop_carry4_CI_CO[3])
                                                      0.114    10.080 r  datapath/video_inst/Inst_vga/color_map/is_trigger_volt1_carry__2/CO[3]
                         net (fo=1, routed)           0.733    10.813    datapath/video_inst/Inst_vga/vga_signal_gen/dc_bias[3]_i_5__0_0[0]
    SLICE_X143Y123       LUT6 (Prop_lut6_I2_O)        0.124    10.937 f  datapath/video_inst/Inst_vga/vga_signal_gen/dc_bias[3]_i_15__0/O
                         net (fo=1, routed)           1.104    12.040    datapath/video_inst/Inst_vga/vga_signal_gen/dc_bias[3]_i_15__0_n_0
    SLICE_X149Y123       LUT6 (Prop_lut6_I0_O)        0.124    12.164 r  datapath/video_inst/Inst_vga/vga_signal_gen/dc_bias[3]_i_5__0/O
                         net (fo=11, routed)          1.484    13.648    datapath/video_inst/Inst_vga/vga_signal_gen/position_reg[row][9]_1
    SLICE_X152Y127       LUT3 (Prop_lut3_I1_O)        0.150    13.798 r  datapath/video_inst/Inst_vga/vga_signal_gen/dc_bias[3]_i_3__0/O
                         net (fo=8, routed)           0.616    14.415    datapath/video_inst/Inst_vga/vga_signal_gen/dc_bias[3]_i_4__0_0
    SLICE_X153Y126       LUT6 (Prop_lut6_I3_O)        0.328    14.743 r  datapath/video_inst/Inst_vga/vga_signal_gen/encoded[0]_i_1/O
                         net (fo=1, routed)           0.000    14.743    datapath/video_inst/inst_dvid/TDMS_encoder_blue/encoded_reg[0]_0
    SLICE_X153Y126       FDRE                                         r  datapath/video_inst/inst_dvid/TDMS_encoder_blue/encoded_reg[0]/D
  -------------------------------------------------------------------    -------------------

                         (clock clk_out1_clk_wiz_0 rise edge)
                                                     40.000    40.000 r  
    BUFGCTRL_X0Y2        BUFG                         0.000    40.000 r  clk_IBUF_BUFG_inst/O
                         net (fo=305, routed)         1.972    41.972    datapath/video_inst/mmcm_adv_inst_display_clocks/inst/clk_in1
    MMCME2_ADV_X1Y0      MMCME2_ADV (Prop_mmcme2_adv_CLKIN1_CLKOUT0)
                                                     -4.637    37.335 r  datapath/video_inst/mmcm_adv_inst_display_clocks/inst/mmcm_adv_inst/CLKOUT0
                         net (fo=1, routed)           2.574    39.909    datapath/video_inst/mmcm_adv_inst_display_clocks/inst/clk_out1_clk_wiz_0
    BUFGCTRL_X0Y4        BUFG (Prop_bufg_I_O)         0.091    40.000 r  datapath/video_inst/mmcm_adv_inst_display_clocks/inst/clkout1_buf/O
                         net (fo=87, routed)          1.621    41.621    datapath/video_inst/inst_dvid/TDMS_encoder_blue/CLK
    SLICE_X153Y126       FDRE                                         r  datapath/video_inst/inst_dvid/TDMS_encoder_blue/encoded_reg[0]/C
                         clock pessimism              0.075    41.696    
                         clock uncertainty           -0.095    41.602    
    SLICE_X153Y126       FDRE (Setup_fdre_C_D)        0.031    41.633    datapath/video_inst/inst_dvid/TDMS_encoder_blue/encoded_reg[0]
  -------------------------------------------------------------------
                         required time                         41.633    
                         arrival time                         -14.743    
  -------------------------------------------------------------------
                         slack                                 26.890    





Min Delay Paths
--------------------------------------------------------------------------------------
Slack (MET) :             0.156ns  (arrival time - required time)
  Source:                 datapath/video_inst/inst_dvid/TDMS_encoder_green/encoded_reg[2]/C
                            (rising edge-triggered cell FDRE clocked by clk_out1_clk_wiz_0  {rise@0.000ns fall@20.000ns period=40.000ns})
  Destination:            datapath/video_inst/inst_dvid/latched_green_reg[2]/D
                            (rising edge-triggered cell FDRE clocked by clk_out1_clk_wiz_0  {rise@0.000ns fall@20.000ns period=40.000ns})
  Path Group:             clk_out1_clk_wiz_0
  Path Type:              Hold (Min at Fast Process Corner)
  Requirement:            0.000ns  (clk_out1_clk_wiz_0 rise@0.000ns - clk_out1_clk_wiz_0 rise@0.000ns)
  Data Path Delay:        0.220ns  (logic 0.164ns (74.580%)  route 0.056ns (25.420%))
  Logic Levels:           0  
  Clock Path Skew:        0.000ns (DCD - SCD - CPR)
    Destination Clock Delay (DCD):    0.882ns
    Source Clock Delay      (SCD):    0.612ns
    Clock Pessimism Removal (CPR):    0.270ns

    Location             Delay type                Incr(ns)  Path(ns)    Netlist Resource(s)
  -------------------------------------------------------------------    -------------------
                         (clock clk_out1_clk_wiz_0 rise edge)
                                                      0.000     0.000 r  
    BUFGCTRL_X0Y2        BUFG                         0.000     0.000 r  clk_IBUF_BUFG_inst/O
                         net (fo=305, routed)         0.745     0.745    datapath/video_inst/mmcm_adv_inst_display_clocks/inst/clk_in1
    MMCME2_ADV_X1Y0      MMCME2_ADV (Prop_mmcme2_adv_CLKIN1_CLKOUT0)
                                                     -1.683    -0.938 r  datapath/video_inst/mmcm_adv_inst_display_clocks/inst/mmcm_adv_inst/CLKOUT0
                         net (fo=1, routed)           0.912    -0.026    datapath/video_inst/mmcm_adv_inst_display_clocks/inst/clk_out1_clk_wiz_0
    BUFGCTRL_X0Y4        BUFG (Prop_bufg_I_O)         0.026    -0.000 r  datapath/video_inst/mmcm_adv_inst_display_clocks/inst/clkout1_buf/O
                         net (fo=87, routed)          0.612     0.612    datapath/video_inst/inst_dvid/TDMS_encoder_green/CLK
    SLICE_X152Y129       FDRE                                         r  datapath/video_inst/inst_dvid/TDMS_encoder_green/encoded_reg[2]/C
  -------------------------------------------------------------------    -------------------
    SLICE_X152Y129       FDRE (Prop_fdre_C_Q)         0.164     0.776 r  datapath/video_inst/inst_dvid/TDMS_encoder_green/encoded_reg[2]/Q
                         net (fo=1, routed)           0.056     0.831    datapath/video_inst/inst_dvid/TDMS_encoder_green_n_2
    SLICE_X152Y129       FDRE                                         r  datapath/video_inst/inst_dvid/latched_green_reg[2]/D
  -------------------------------------------------------------------    -------------------

                         (clock clk_out1_clk_wiz_0 rise edge)
                                                      0.000     0.000 r  
    BUFGCTRL_X0Y2        BUFG                         0.000     0.000 r  clk_IBUF_BUFG_inst/O
                         net (fo=305, routed)         1.022     1.022    datapath/video_inst/mmcm_adv_inst_display_clocks/inst/clk_in1
    MMCME2_ADV_X1Y0      MMCME2_ADV (Prop_mmcme2_adv_CLKIN1_CLKOUT0)
                                                     -2.040    -1.018 r  datapath/video_inst/mmcm_adv_inst_display_clocks/inst/mmcm_adv_inst/CLKOUT0
                         net (fo=1, routed)           0.989    -0.029    datapath/video_inst/mmcm_adv_inst_display_clocks/inst/clk_out1_clk_wiz_0
    BUFGCTRL_X0Y4        BUFG (Prop_bufg_I_O)         0.029    -0.000 r  datapath/video_inst/mmcm_adv_inst_display_clocks/inst/clkout1_buf/O
                         net (fo=87, routed)          0.882     0.882    datapath/video_inst/inst_dvid/CLK
    SLICE_X152Y129       FDRE                                         r  datapath/video_inst/inst_dvid/latched_green_reg[2]/C
                         clock pessimism             -0.270     0.612    
    SLICE_X152Y129       FDRE (Hold_fdre_C_D)         0.064     0.676    datapath/video_inst/inst_dvid/latched_green_reg[2]
  -------------------------------------------------------------------
                         required time                         -0.676    
                         arrival time                           0.831    
  -------------------------------------------------------------------
                         slack                                  0.156    

Slack (MET) :             0.167ns  (arrival time - required time)
  Source:                 datapath/video_inst/inst_dvid/TDMS_encoder_green/encoded_reg[0]/C
                            (rising edge-triggered cell FDRE clocked by clk_out1_clk_wiz_0  {rise@0.000ns fall@20.000ns period=40.000ns})
  Destination:            datapath/video_inst/inst_dvid/latched_green_reg[0]/D
                            (rising edge-triggered cell FDRE clocked by clk_out1_clk_wiz_0  {rise@0.000ns fall@20.000ns period=40.000ns})
  Path Group:             clk_out1_clk_wiz_0
  Path Type:              Hold (Min at Fast Process Corner)
  Requirement:            0.000ns  (clk_out1_clk_wiz_0 rise@0.000ns - clk_out1_clk_wiz_0 rise@0.000ns)
  Data Path Delay:        0.220ns  (logic 0.164ns (74.580%)  route 0.056ns (25.420%))
  Logic Levels:           0  
  Clock Path Skew:        0.000ns (DCD - SCD - CPR)
    Destination Clock Delay (DCD):    0.882ns
    Source Clock Delay      (SCD):    0.612ns
    Clock Pessimism Removal (CPR):    0.270ns

    Location             Delay type                Incr(ns)  Path(ns)    Netlist Resource(s)
  -------------------------------------------------------------------    -------------------
                         (clock clk_out1_clk_wiz_0 rise edge)
                                                      0.000     0.000 r  
    BUFGCTRL_X0Y2        BUFG                         0.000     0.000 r  clk_IBUF_BUFG_inst/O
                         net (fo=305, routed)         0.745     0.745    datapath/video_inst/mmcm_adv_inst_display_clocks/inst/clk_in1
    MMCME2_ADV_X1Y0      MMCME2_ADV (Prop_mmcme2_adv_CLKIN1_CLKOUT0)
                                                     -1.683    -0.938 r  datapath/video_inst/mmcm_adv_inst_display_clocks/inst/mmcm_adv_inst/CLKOUT0
                         net (fo=1, routed)           0.912    -0.026    datapath/video_inst/mmcm_adv_inst_display_clocks/inst/clk_out1_clk_wiz_0
    BUFGCTRL_X0Y4        BUFG (Prop_bufg_I_O)         0.026    -0.000 r  datapath/video_inst/mmcm_adv_inst_display_clocks/inst/clkout1_buf/O
                         net (fo=87, routed)          0.612     0.612    datapath/video_inst/inst_dvid/TDMS_encoder_green/CLK
    SLICE_X152Y129       FDRE                                         r  datapath/video_inst/inst_dvid/TDMS_encoder_green/encoded_reg[0]/C
  -------------------------------------------------------------------    -------------------
    SLICE_X152Y129       FDRE (Prop_fdre_C_Q)         0.164     0.776 r  datapath/video_inst/inst_dvid/TDMS_encoder_green/encoded_reg[0]/Q
                         net (fo=1, routed)           0.056     0.831    datapath/video_inst/inst_dvid/TDMS_encoder_green_n_3
    SLICE_X152Y129       FDRE                                         r  datapath/video_inst/inst_dvid/latched_green_reg[0]/D
  -------------------------------------------------------------------    -------------------

                         (clock clk_out1_clk_wiz_0 rise edge)
                                                      0.000     0.000 r  
    BUFGCTRL_X0Y2        BUFG                         0.000     0.000 r  clk_IBUF_BUFG_inst/O
                         net (fo=305, routed)         1.022     1.022    datapath/video_inst/mmcm_adv_inst_display_clocks/inst/clk_in1
    MMCME2_ADV_X1Y0      MMCME2_ADV (Prop_mmcme2_adv_CLKIN1_CLKOUT0)
                                                     -2.040    -1.018 r  datapath/video_inst/mmcm_adv_inst_display_clocks/inst/mmcm_adv_inst/CLKOUT0
                         net (fo=1, routed)           0.989    -0.029    datapath/video_inst/mmcm_adv_inst_display_clocks/inst/clk_out1_clk_wiz_0
    BUFGCTRL_X0Y4        BUFG (Prop_bufg_I_O)         0.029    -0.000 r  datapath/video_inst/mmcm_adv_inst_display_clocks/inst/clkout1_buf/O
                         net (fo=87, routed)          0.882     0.882    datapath/video_inst/inst_dvid/CLK
    SLICE_X152Y129       FDRE                                         r  datapath/video_inst/inst_dvid/latched_green_reg[0]/C
                         clock pessimism             -0.270     0.612    
    SLICE_X152Y129       FDRE (Hold_fdre_C_D)         0.053     0.665    datapath/video_inst/inst_dvid/latched_green_reg[0]
  -------------------------------------------------------------------
                         required time                         -0.665    
                         arrival time                           0.831    
  -------------------------------------------------------------------
                         slack                                  0.167    

Slack (MET) :             0.173ns  (arrival time - required time)
  Source:                 datapath/video_inst/inst_dvid/TDMS_encoder_blue/encoded_reg[9]/C
                            (rising edge-triggered cell FDRE clocked by clk_out1_clk_wiz_0  {rise@0.000ns fall@20.000ns period=40.000ns})
  Destination:            datapath/video_inst/inst_dvid/latched_blue_reg[9]/D
                            (rising edge-triggered cell FDRE clocked by clk_out1_clk_wiz_0  {rise@0.000ns fall@20.000ns period=40.000ns})
  Path Group:             clk_out1_clk_wiz_0
  Path Type:              Hold (Min at Fast Process Corner)
  Requirement:            0.000ns  (clk_out1_clk_wiz_0 rise@0.000ns - clk_out1_clk_wiz_0 rise@0.000ns)
  Data Path Delay:        0.251ns  (logic 0.141ns (56.174%)  route 0.110ns (43.826%))
  Logic Levels:           0  
  Clock Path Skew:        0.000ns (DCD - SCD - CPR)
    Destination Clock Delay (DCD):    0.878ns
    Source Clock Delay      (SCD):    0.609ns
    Clock Pessimism Removal (CPR):    0.269ns

    Location             Delay type                Incr(ns)  Path(ns)    Netlist Resource(s)
  -------------------------------------------------------------------    -------------------
                         (clock clk_out1_clk_wiz_0 rise edge)
                                                      0.000     0.000 r  
    BUFGCTRL_X0Y2        BUFG                         0.000     0.000 r  clk_IBUF_BUFG_inst/O
                         net (fo=305, routed)         0.745     0.745    datapath/video_inst/mmcm_adv_inst_display_clocks/inst/clk_in1
    MMCME2_ADV_X1Y0      MMCME2_ADV (Prop_mmcme2_adv_CLKIN1_CLKOUT0)
                                                     -1.683    -0.938 r  datapath/video_inst/mmcm_adv_inst_display_clocks/inst/mmcm_adv_inst/CLKOUT0
                         net (fo=1, routed)           0.912    -0.026    datapath/video_inst/mmcm_adv_inst_display_clocks/inst/clk_out1_clk_wiz_0
    BUFGCTRL_X0Y4        BUFG (Prop_bufg_I_O)         0.026    -0.000 r  datapath/video_inst/mmcm_adv_inst_display_clocks/inst/clkout1_buf/O
                         net (fo=87, routed)          0.609     0.609    datapath/video_inst/inst_dvid/TDMS_encoder_blue/CLK
    SLICE_X153Y126       FDRE                                         r  datapath/video_inst/inst_dvid/TDMS_encoder_blue/encoded_reg[9]/C
  -------------------------------------------------------------------    -------------------
    SLICE_X153Y126       FDRE (Prop_fdre_C_Q)         0.141     0.750 r  datapath/video_inst/inst_dvid/TDMS_encoder_blue/encoded_reg[9]/Q
                         net (fo=1, routed)           0.110     0.860    datapath/video_inst/inst_dvid/TDMS_encoder_blue_n_0
    SLICE_X153Y126       FDRE                                         r  datapath/video_inst/inst_dvid/latched_blue_reg[9]/D
  -------------------------------------------------------------------    -------------------

                         (clock clk_out1_clk_wiz_0 rise edge)
                                                      0.000     0.000 r  
    BUFGCTRL_X0Y2        BUFG                         0.000     0.000 r  clk_IBUF_BUFG_inst/O
                         net (fo=305, routed)         1.022     1.022    datapath/video_inst/mmcm_adv_inst_display_clocks/inst/clk_in1
    MMCME2_ADV_X1Y0      MMCME2_ADV (Prop_mmcme2_adv_CLKIN1_CLKOUT0)
                                                     -2.040    -1.018 r  datapath/video_inst/mmcm_adv_inst_display_clocks/inst/mmcm_adv_inst/CLKOUT0
                         net (fo=1, routed)           0.989    -0.029    datapath/video_inst/mmcm_adv_inst_display_clocks/inst/clk_out1_clk_wiz_0
    BUFGCTRL_X0Y4        BUFG (Prop_bufg_I_O)         0.029    -0.000 r  datapath/video_inst/mmcm_adv_inst_display_clocks/inst/clkout1_buf/O
                         net (fo=87, routed)          0.878     0.878    datapath/video_inst/inst_dvid/CLK
    SLICE_X153Y126       FDRE                                         r  datapath/video_inst/inst_dvid/latched_blue_reg[9]/C
                         clock pessimism             -0.269     0.609    
    SLICE_X153Y126       FDRE (Hold_fdre_C_D)         0.078     0.687    datapath/video_inst/inst_dvid/latched_blue_reg[9]
  -------------------------------------------------------------------
                         required time                         -0.687    
                         arrival time                           0.860    
  -------------------------------------------------------------------
                         slack                                  0.173    

Slack (MET) :             0.197ns  (arrival time - required time)
  Source:                 datapath/video_inst/inst_dvid/TDMS_encoder_red/encoded_reg[8]/C
                            (rising edge-triggered cell FDRE clocked by clk_out1_clk_wiz_0  {rise@0.000ns fall@20.000ns period=40.000ns})
  Destination:            datapath/video_inst/inst_dvid/latched_red_reg[8]/D
                            (rising edge-triggered cell FDRE clocked by clk_out1_clk_wiz_0  {rise@0.000ns fall@20.000ns period=40.000ns})
  Path Group:             clk_out1_clk_wiz_0
  Path Type:              Hold (Min at Fast Process Corner)
  Requirement:            0.000ns  (clk_out1_clk_wiz_0 rise@0.000ns - clk_out1_clk_wiz_0 rise@0.000ns)
  Data Path Delay:        0.280ns  (logic 0.164ns (58.537%)  route 0.116ns (41.463%))
  Logic Levels:           0  
  Clock Path Skew:        0.013ns (DCD - SCD - CPR)
    Destination Clock Delay (DCD):    0.912ns
    Source Clock Delay      (SCD):    0.641ns
    Clock Pessimism Removal (CPR):    0.258ns

    Location             Delay type                Incr(ns)  Path(ns)    Netlist Resource(s)
  -------------------------------------------------------------------    -------------------
                         (clock clk_out1_clk_wiz_0 rise edge)
                                                      0.000     0.000 r  
    BUFGCTRL_X0Y2        BUFG                         0.000     0.000 r  clk_IBUF_BUFG_inst/O
                         net (fo=305, routed)         0.745     0.745    datapath/video_inst/mmcm_adv_inst_display_clocks/inst/clk_in1
    MMCME2_ADV_X1Y0      MMCME2_ADV (Prop_mmcme2_adv_CLKIN1_CLKOUT0)
                                                     -1.683    -0.938 r  datapath/video_inst/mmcm_adv_inst_display_clocks/inst/mmcm_adv_inst/CLKOUT0
                         net (fo=1, routed)           0.912    -0.026    datapath/video_inst/mmcm_adv_inst_display_clocks/inst/clk_out1_clk_wiz_0
    BUFGCTRL_X0Y4        BUFG (Prop_bufg_I_O)         0.026    -0.000 r  datapath/video_inst/mmcm_adv_inst_display_clocks/inst/clkout1_buf/O
                         net (fo=87, routed)          0.641     0.641    datapath/video_inst/inst_dvid/TDMS_encoder_red/CLK
    SLICE_X158Y132       FDRE                                         r  datapath/video_inst/inst_dvid/TDMS_encoder_red/encoded_reg[8]/C
  -------------------------------------------------------------------    -------------------
    SLICE_X158Y132       FDRE (Prop_fdre_C_Q)         0.164     0.805 r  datapath/video_inst/inst_dvid/TDMS_encoder_red/encoded_reg[8]/Q
                         net (fo=1, routed)           0.116     0.921    datapath/video_inst/inst_dvid/TDMS_encoder_red_n_1
    SLICE_X159Y132       FDRE                                         r  datapath/video_inst/inst_dvid/latched_red_reg[8]/D
  -------------------------------------------------------------------    -------------------

                         (clock clk_out1_clk_wiz_0 rise edge)
                                                      0.000     0.000 r  
    BUFGCTRL_X0Y2        BUFG                         0.000     0.000 r  clk_IBUF_BUFG_inst/O
                         net (fo=305, routed)         1.022     1.022    datapath/video_inst/mmcm_adv_inst_display_clocks/inst/clk_in1
    MMCME2_ADV_X1Y0      MMCME2_ADV (Prop_mmcme2_adv_CLKIN1_CLKOUT0)
                                                     -2.040    -1.018 r  datapath/video_inst/mmcm_adv_inst_display_clocks/inst/mmcm_adv_inst/CLKOUT0
                         net (fo=1, routed)           0.989    -0.029    datapath/video_inst/mmcm_adv_inst_display_clocks/inst/clk_out1_clk_wiz_0
    BUFGCTRL_X0Y4        BUFG (Prop_bufg_I_O)         0.029    -0.000 r  datapath/video_inst/mmcm_adv_inst_display_clocks/inst/clkout1_buf/O
                         net (fo=87, routed)          0.912     0.912    datapath/video_inst/inst_dvid/CLK
    SLICE_X159Y132       FDRE                                         r  datapath/video_inst/inst_dvid/latched_red_reg[8]/C
                         clock pessimism             -0.258     0.654    
    SLICE_X159Y132       FDRE (Hold_fdre_C_D)         0.070     0.724    datapath/video_inst/inst_dvid/latched_red_reg[8]
  -------------------------------------------------------------------
                         required time                         -0.724    
                         arrival time                           0.921    
  -------------------------------------------------------------------
                         slack                                  0.197    

Slack (MET) :             0.197ns  (arrival time - required time)
  Source:                 datapath/video_inst/Inst_vga/vga_signal_gen/row_counter/processQ_reg[2]/C
                            (rising edge-triggered cell FDRE clocked by clk_out1_clk_wiz_0  {rise@0.000ns fall@20.000ns period=40.000ns})
  Destination:            datapath/video_inst/Inst_vga/vga_signal_gen/row_counter/processQ_reg[5]/D
                            (rising edge-triggered cell FDRE clocked by clk_out1_clk_wiz_0  {rise@0.000ns fall@20.000ns period=40.000ns})
  Path Group:             clk_out1_clk_wiz_0
  Path Type:              Hold (Min at Fast Process Corner)
  Requirement:            0.000ns  (clk_out1_clk_wiz_0 rise@0.000ns - clk_out1_clk_wiz_0 rise@0.000ns)
  Data Path Delay:        0.331ns  (logic 0.186ns (56.125%)  route 0.145ns (43.875%))
  Logic Levels:           1  (LUT6=1)
  Clock Path Skew:        0.013ns (DCD - SCD - CPR)
    Destination Clock Delay (DCD):    0.877ns
    Source Clock Delay      (SCD):    0.608ns
    Clock Pessimism Removal (CPR):    0.256ns

    Location             Delay type                Incr(ns)  Path(ns)    Netlist Resource(s)
  -------------------------------------------------------------------    -------------------
                         (clock clk_out1_clk_wiz_0 rise edge)
                                                      0.000     0.000 r  
    BUFGCTRL_X0Y2        BUFG                         0.000     0.000 r  clk_IBUF_BUFG_inst/O
                         net (fo=305, routed)         0.745     0.745    datapath/video_inst/mmcm_adv_inst_display_clocks/inst/clk_in1
    MMCME2_ADV_X1Y0      MMCME2_ADV (Prop_mmcme2_adv_CLKIN1_CLKOUT0)
                                                     -1.683    -0.938 r  datapath/video_inst/mmcm_adv_inst_display_clocks/inst/mmcm_adv_inst/CLKOUT0
                         net (fo=1, routed)           0.912    -0.026    datapath/video_inst/mmcm_adv_inst_display_clocks/inst/clk_out1_clk_wiz_0
    BUFGCTRL_X0Y4        BUFG (Prop_bufg_I_O)         0.026    -0.000 r  datapath/video_inst/mmcm_adv_inst_display_clocks/inst/clkout1_buf/O
                         net (fo=87, routed)          0.608     0.608    datapath/video_inst/Inst_vga/vga_signal_gen/row_counter/CLK
    SLICE_X149Y126       FDRE                                         r  datapath/video_inst/Inst_vga/vga_signal_gen/row_counter/processQ_reg[2]/C
  -------------------------------------------------------------------    -------------------
    SLICE_X149Y126       FDRE (Prop_fdre_C_Q)         0.141     0.749 r  datapath/video_inst/Inst_vga/vga_signal_gen/row_counter/processQ_reg[2]/Q
                         net (fo=11, routed)          0.145     0.894    datapath/video_inst/Inst_vga/vga_signal_gen/row_counter/Q[2]
    SLICE_X148Y126       LUT6 (Prop_lut6_I2_O)        0.045     0.939 r  datapath/video_inst/Inst_vga/vga_signal_gen/row_counter/processQ[5]_i_1__1/O
                         net (fo=1, routed)           0.000     0.939    datapath/video_inst/Inst_vga/vga_signal_gen/row_counter/plusOp__0[5]
    SLICE_X148Y126       FDRE                                         r  datapath/video_inst/Inst_vga/vga_signal_gen/row_counter/processQ_reg[5]/D
  -------------------------------------------------------------------    -------------------

                         (clock clk_out1_clk_wiz_0 rise edge)
                                                      0.000     0.000 r  
    BUFGCTRL_X0Y2        BUFG                         0.000     0.000 r  clk_IBUF_BUFG_inst/O
                         net (fo=305, routed)         1.022     1.022    datapath/video_inst/mmcm_adv_inst_display_clocks/inst/clk_in1
    MMCME2_ADV_X1Y0      MMCME2_ADV (Prop_mmcme2_adv_CLKIN1_CLKOUT0)
                                                     -2.040    -1.018 r  datapath/video_inst/mmcm_adv_inst_display_clocks/inst/mmcm_adv_inst/CLKOUT0
                         net (fo=1, routed)           0.989    -0.029    datapath/video_inst/mmcm_adv_inst_display_clocks/inst/clk_out1_clk_wiz_0
    BUFGCTRL_X0Y4        BUFG (Prop_bufg_I_O)         0.029    -0.000 r  datapath/video_inst/mmcm_adv_inst_display_clocks/inst/clkout1_buf/O
                         net (fo=87, routed)          0.877     0.877    datapath/video_inst/Inst_vga/vga_signal_gen/row_counter/CLK
    SLICE_X148Y126       FDRE                                         r  datapath/video_inst/Inst_vga/vga_signal_gen/row_counter/processQ_reg[5]/C
                         clock pessimism             -0.256     0.621    
    SLICE_X148Y126       FDRE (Hold_fdre_C_D)         0.121     0.742    datapath/video_inst/Inst_vga/vga_signal_gen/row_counter/processQ_reg[5]
  -------------------------------------------------------------------
                         required time                         -0.742    
                         arrival time                           0.939    
  -------------------------------------------------------------------
                         slack                                  0.197    

Slack (MET) :             0.200ns  (arrival time - required time)
  Source:                 datapath/video_inst/inst_dvid/TDMS_encoder_green/encoded_reg[8]/C
                            (rising edge-triggered cell FDRE clocked by clk_out1_clk_wiz_0  {rise@0.000ns fall@20.000ns period=40.000ns})
  Destination:            datapath/video_inst/inst_dvid/latched_green_reg[8]/D
                            (rising edge-triggered cell FDRE clocked by clk_out1_clk_wiz_0  {rise@0.000ns fall@20.000ns period=40.000ns})
  Path Group:             clk_out1_clk_wiz_0
  Path Type:              Hold (Min at Fast Process Corner)
  Requirement:            0.000ns  (clk_out1_clk_wiz_0 rise@0.000ns - clk_out1_clk_wiz_0 rise@0.000ns)
  Data Path Delay:        0.276ns  (logic 0.164ns (59.339%)  route 0.112ns (40.661%))
  Logic Levels:           0  
  Clock Path Skew:        0.000ns (DCD - SCD - CPR)
    Destination Clock Delay (DCD):    0.882ns
    Source Clock Delay      (SCD):    0.612ns
    Clock Pessimism Removal (CPR):    0.270ns

    Location             Delay type                Incr(ns)  Path(ns)    Netlist Resource(s)
  -------------------------------------------------------------------    -------------------
                         (clock clk_out1_clk_wiz_0 rise edge)
                                                      0.000     0.000 r  
    BUFGCTRL_X0Y2        BUFG                         0.000     0.000 r  clk_IBUF_BUFG_inst/O
                         net (fo=305, routed)         0.745     0.745    datapath/video_inst/mmcm_adv_inst_display_clocks/inst/clk_in1
    MMCME2_ADV_X1Y0      MMCME2_ADV (Prop_mmcme2_adv_CLKIN1_CLKOUT0)
                                                     -1.683    -0.938 r  datapath/video_inst/mmcm_adv_inst_display_clocks/inst/mmcm_adv_inst/CLKOUT0
                         net (fo=1, routed)           0.912    -0.026    datapath/video_inst/mmcm_adv_inst_display_clocks/inst/clk_out1_clk_wiz_0
    BUFGCTRL_X0Y4        BUFG (Prop_bufg_I_O)         0.026    -0.000 r  datapath/video_inst/mmcm_adv_inst_display_clocks/inst/clkout1_buf/O
                         net (fo=87, routed)          0.612     0.612    datapath/video_inst/inst_dvid/TDMS_encoder_green/CLK
    SLICE_X152Y129       FDRE                                         r  datapath/video_inst/inst_dvid/TDMS_encoder_green/encoded_reg[8]/C
  -------------------------------------------------------------------    -------------------
    SLICE_X152Y129       FDRE (Prop_fdre_C_Q)         0.164     0.776 r  datapath/video_inst/inst_dvid/TDMS_encoder_green/encoded_reg[8]/Q
                         net (fo=1, routed)           0.112     0.888    datapath/video_inst/inst_dvid/TDMS_encoder_green_n_1
    SLICE_X152Y129       FDRE                                         r  datapath/video_inst/inst_dvid/latched_green_reg[8]/D
  -------------------------------------------------------------------    -------------------

                         (clock clk_out1_clk_wiz_0 rise edge)
                                                      0.000     0.000 r  
    BUFGCTRL_X0Y2        BUFG                         0.000     0.000 r  clk_IBUF_BUFG_inst/O
                         net (fo=305, routed)         1.022     1.022    datapath/video_inst/mmcm_adv_inst_display_clocks/inst/clk_in1
    MMCME2_ADV_X1Y0      MMCME2_ADV (Prop_mmcme2_adv_CLKIN1_CLKOUT0)
                                                     -2.040    -1.018 r  datapath/video_inst/mmcm_adv_inst_display_clocks/inst/mmcm_adv_inst/CLKOUT0
                         net (fo=1, routed)           0.989    -0.029    datapath/video_inst/mmcm_adv_inst_display_clocks/inst/clk_out1_clk_wiz_0
    BUFGCTRL_X0Y4        BUFG (Prop_bufg_I_O)         0.029    -0.000 r  datapath/video_inst/mmcm_adv_inst_display_clocks/inst/clkout1_buf/O
                         net (fo=87, routed)          0.882     0.882    datapath/video_inst/inst_dvid/CLK
    SLICE_X152Y129       FDRE                                         r  datapath/video_inst/inst_dvid/latched_green_reg[8]/C
                         clock pessimism             -0.270     0.612    
    SLICE_X152Y129       FDRE (Hold_fdre_C_D)         0.076     0.688    datapath/video_inst/inst_dvid/latched_green_reg[8]
  -------------------------------------------------------------------
                         required time                         -0.688    
                         arrival time                           0.888    
  -------------------------------------------------------------------
                         slack                                  0.200    

Slack (MET) :             0.203ns  (arrival time - required time)
  Source:                 datapath/video_inst/Inst_vga/vga_signal_gen/v_blank_is_low_reg/C
                            (rising edge-triggered cell FDRE clocked by clk_out1_clk_wiz_0  {rise@0.000ns fall@20.000ns period=40.000ns})
  Destination:            datapath/video_inst/Inst_vga/vga_signal_gen/vga_reg[blank]/D
                            (rising edge-triggered cell FDRE clocked by clk_out1_clk_wiz_0  {rise@0.000ns fall@20.000ns period=40.000ns})
  Path Group:             clk_out1_clk_wiz_0
  Path Type:              Hold (Min at Fast Process Corner)
  Requirement:            0.000ns  (clk_out1_clk_wiz_0 rise@0.000ns - clk_out1_clk_wiz_0 rise@0.000ns)
  Data Path Delay:        0.360ns  (logic 0.186ns (51.657%)  route 0.174ns (48.343%))
  Logic Levels:           1  (LUT2=1)
  Clock Path Skew:        0.036ns (DCD - SCD - CPR)
    Destination Clock Delay (DCD):    0.877ns
    Source Clock Delay      (SCD):    0.607ns
    Clock Pessimism Removal (CPR):    0.234ns

    Location             Delay type                Incr(ns)  Path(ns)    Netlist Resource(s)
  -------------------------------------------------------------------    -------------------
                         (clock clk_out1_clk_wiz_0 rise edge)
                                                      0.000     0.000 r  
    BUFGCTRL_X0Y2        BUFG                         0.000     0.000 r  clk_IBUF_BUFG_inst/O
                         net (fo=305, routed)         0.745     0.745    datapath/video_inst/mmcm_adv_inst_display_clocks/inst/clk_in1
    MMCME2_ADV_X1Y0      MMCME2_ADV (Prop_mmcme2_adv_CLKIN1_CLKOUT0)
                                                     -1.683    -0.938 r  datapath/video_inst/mmcm_adv_inst_display_clocks/inst/mmcm_adv_inst/CLKOUT0
                         net (fo=1, routed)           0.912    -0.026    datapath/video_inst/mmcm_adv_inst_display_clocks/inst/clk_out1_clk_wiz_0
    BUFGCTRL_X0Y4        BUFG (Prop_bufg_I_O)         0.026    -0.000 r  datapath/video_inst/mmcm_adv_inst_display_clocks/inst/clkout1_buf/O
                         net (fo=87, routed)          0.607     0.607    datapath/video_inst/Inst_vga/vga_signal_gen/CLK
    SLICE_X149Y125       FDRE                                         r  datapath/video_inst/Inst_vga/vga_signal_gen/v_blank_is_low_reg/C
  -------------------------------------------------------------------    -------------------
    SLICE_X149Y125       FDRE (Prop_fdre_C_Q)         0.141     0.748 f  datapath/video_inst/Inst_vga/vga_signal_gen/v_blank_is_low_reg/Q
                         net (fo=1, routed)           0.174     0.922    datapath/video_inst/Inst_vga/vga_signal_gen/v_blank_is_low
    SLICE_X152Y125       LUT2 (Prop_lut2_I0_O)        0.045     0.967 r  datapath/video_inst/Inst_vga/vga_signal_gen/vga[blank]_i_1/O
                         net (fo=1, routed)           0.000     0.967    datapath/video_inst/Inst_vga/vga_signal_gen/vga[blank]_i_1_n_0
    SLICE_X152Y125       FDRE                                         r  datapath/video_inst/Inst_vga/vga_signal_gen/vga_reg[blank]/D
  -------------------------------------------------------------------    -------------------

                         (clock clk_out1_clk_wiz_0 rise edge)
                                                      0.000     0.000 r  
    BUFGCTRL_X0Y2        BUFG                         0.000     0.000 r  clk_IBUF_BUFG_inst/O
                         net (fo=305, routed)         1.022     1.022    datapath/video_inst/mmcm_adv_inst_display_clocks/inst/clk_in1
    MMCME2_ADV_X1Y0      MMCME2_ADV (Prop_mmcme2_adv_CLKIN1_CLKOUT0)
                                                     -2.040    -1.018 r  datapath/video_inst/mmcm_adv_inst_display_clocks/inst/mmcm_adv_inst/CLKOUT0
                         net (fo=1, routed)           0.989    -0.029    datapath/video_inst/mmcm_adv_inst_display_clocks/inst/clk_out1_clk_wiz_0
    BUFGCTRL_X0Y4        BUFG (Prop_bufg_I_O)         0.029    -0.000 r  datapath/video_inst/mmcm_adv_inst_display_clocks/inst/clkout1_buf/O
                         net (fo=87, routed)          0.877     0.877    datapath/video_inst/Inst_vga/vga_signal_gen/CLK
    SLICE_X152Y125       FDRE                                         r  datapath/video_inst/Inst_vga/vga_signal_gen/vga_reg[blank]/C
                         clock pessimism             -0.234     0.643    
    SLICE_X152Y125       FDRE (Hold_fdre_C_D)         0.121     0.764    datapath/video_inst/Inst_vga/vga_signal_gen/vga_reg[blank]
  -------------------------------------------------------------------
                         required time                         -0.764    
                         arrival time                           0.967    
  -------------------------------------------------------------------
                         slack                                  0.203    

Slack (MET) :             0.206ns  (arrival time - required time)
  Source:                 datapath/video_inst/inst_dvid/TDMS_encoder_blue/encoded_reg[8]/C
                            (rising edge-triggered cell FDRE clocked by clk_out1_clk_wiz_0  {rise@0.000ns fall@20.000ns period=40.000ns})
  Destination:            datapath/video_inst/inst_dvid/latched_blue_reg[8]/D
                            (rising edge-triggered cell FDRE clocked by clk_out1_clk_wiz_0  {rise@0.000ns fall@20.000ns period=40.000ns})
  Path Group:             clk_out1_clk_wiz_0
  Path Type:              Hold (Min at Fast Process Corner)
  Requirement:            0.000ns  (clk_out1_clk_wiz_0 rise@0.000ns - clk_out1_clk_wiz_0 rise@0.000ns)
  Data Path Delay:        0.253ns  (logic 0.141ns (55.648%)  route 0.112ns (44.352%))
  Logic Levels:           0  
  Clock Path Skew:        0.000ns (DCD - SCD - CPR)
    Destination Clock Delay (DCD):    0.878ns
    Source Clock Delay      (SCD):    0.609ns
    Clock Pessimism Removal (CPR):    0.269ns

    Location             Delay type                Incr(ns)  Path(ns)    Netlist Resource(s)
  -------------------------------------------------------------------    -------------------
                         (clock clk_out1_clk_wiz_0 rise edge)
                                                      0.000     0.000 r  
    BUFGCTRL_X0Y2        BUFG                         0.000     0.000 r  clk_IBUF_BUFG_inst/O
                         net (fo=305, routed)         0.745     0.745    datapath/video_inst/mmcm_adv_inst_display_clocks/inst/clk_in1
    MMCME2_ADV_X1Y0      MMCME2_ADV (Prop_mmcme2_adv_CLKIN1_CLKOUT0)
                                                     -1.683    -0.938 r  datapath/video_inst/mmcm_adv_inst_display_clocks/inst/mmcm_adv_inst/CLKOUT0
                         net (fo=1, routed)           0.912    -0.026    datapath/video_inst/mmcm_adv_inst_display_clocks/inst/clk_out1_clk_wiz_0
    BUFGCTRL_X0Y4        BUFG (Prop_bufg_I_O)         0.026    -0.000 r  datapath/video_inst/mmcm_adv_inst_display_clocks/inst/clkout1_buf/O
                         net (fo=87, routed)          0.609     0.609    datapath/video_inst/inst_dvid/TDMS_encoder_blue/CLK
    SLICE_X153Y126       FDRE                                         r  datapath/video_inst/inst_dvid/TDMS_encoder_blue/encoded_reg[8]/C
  -------------------------------------------------------------------    -------------------
    SLICE_X153Y126       FDRE (Prop_fdre_C_Q)         0.141     0.750 r  datapath/video_inst/inst_dvid/TDMS_encoder_blue/encoded_reg[8]/Q
                         net (fo=1, routed)           0.112     0.862    datapath/video_inst/inst_dvid/TDMS_encoder_blue_n_1
    SLICE_X153Y126       FDRE                                         r  datapath/video_inst/inst_dvid/latched_blue_reg[8]/D
  -------------------------------------------------------------------    -------------------

                         (clock clk_out1_clk_wiz_0 rise edge)
                                                      0.000     0.000 r  
    BUFGCTRL_X0Y2        BUFG                         0.000     0.000 r  clk_IBUF_BUFG_inst/O
                         net (fo=305, routed)         1.022     1.022    datapath/video_inst/mmcm_adv_inst_display_clocks/inst/clk_in1
    MMCME2_ADV_X1Y0      MMCME2_ADV (Prop_mmcme2_adv_CLKIN1_CLKOUT0)
                                                     -2.040    -1.018 r  datapath/video_inst/mmcm_adv_inst_display_clocks/inst/mmcm_adv_inst/CLKOUT0
                         net (fo=1, routed)           0.989    -0.029    datapath/video_inst/mmcm_adv_inst_display_clocks/inst/clk_out1_clk_wiz_0
    BUFGCTRL_X0Y4        BUFG (Prop_bufg_I_O)         0.029    -0.000 r  datapath/video_inst/mmcm_adv_inst_display_clocks/inst/clkout1_buf/O
                         net (fo=87, routed)          0.878     0.878    datapath/video_inst/inst_dvid/CLK
    SLICE_X153Y126       FDRE                                         r  datapath/video_inst/inst_dvid/latched_blue_reg[8]/C
                         clock pessimism             -0.269     0.609    
    SLICE_X153Y126       FDRE (Hold_fdre_C_D)         0.047     0.656    datapath/video_inst/inst_dvid/latched_blue_reg[8]
  -------------------------------------------------------------------
                         required time                         -0.656    
                         arrival time                           0.862    
  -------------------------------------------------------------------
                         slack                                  0.206    

Slack (MET) :             0.207ns  (arrival time - required time)
  Source:                 datapath/video_inst/Inst_vga/vga_signal_gen/row_counter/processQ_reg[2]/C
                            (rising edge-triggered cell FDRE clocked by clk_out1_clk_wiz_0  {rise@0.000ns fall@20.000ns period=40.000ns})
  Destination:            datapath/video_inst/Inst_vga/vga_signal_gen/row_counter/processQ_reg[4]/D
                            (rising edge-triggered cell FDRE clocked by clk_out1_clk_wiz_0  {rise@0.000ns fall@20.000ns period=40.000ns})
  Path Group:             clk_out1_clk_wiz_0
  Path Type:              Hold (Min at Fast Process Corner)
  Requirement:            0.000ns  (clk_out1_clk_wiz_0 rise@0.000ns - clk_out1_clk_wiz_0 rise@0.000ns)
  Data Path Delay:        0.351ns  (logic 0.190ns (54.069%)  route 0.161ns (45.931%))
  Logic Levels:           1  (LUT5=1)
  Clock Path Skew:        0.013ns (DCD - SCD - CPR)
    Destination Clock Delay (DCD):    0.877ns
    Source Clock Delay      (SCD):    0.608ns
    Clock Pessimism Removal (CPR):    0.256ns

    Location             Delay type                Incr(ns)  Path(ns)    Netlist Resource(s)
  -------------------------------------------------------------------    -------------------
                         (clock clk_out1_clk_wiz_0 rise edge)
                                                      0.000     0.000 r  
    BUFGCTRL_X0Y2        BUFG                         0.000     0.000 r  clk_IBUF_BUFG_inst/O
                         net (fo=305, routed)         0.745     0.745    datapath/video_inst/mmcm_adv_inst_display_clocks/inst/clk_in1
    MMCME2_ADV_X1Y0      MMCME2_ADV (Prop_mmcme2_adv_CLKIN1_CLKOUT0)
                                                     -1.683    -0.938 r  datapath/video_inst/mmcm_adv_inst_display_clocks/inst/mmcm_adv_inst/CLKOUT0
                         net (fo=1, routed)           0.912    -0.026    datapath/video_inst/mmcm_adv_inst_display_clocks/inst/clk_out1_clk_wiz_0
    BUFGCTRL_X0Y4        BUFG (Prop_bufg_I_O)         0.026    -0.000 r  datapath/video_inst/mmcm_adv_inst_display_clocks/inst/clkout1_buf/O
                         net (fo=87, routed)          0.608     0.608    datapath/video_inst/Inst_vga/vga_signal_gen/row_counter/CLK
    SLICE_X149Y126       FDRE                                         r  datapath/video_inst/Inst_vga/vga_signal_gen/row_counter/processQ_reg[2]/C
  -------------------------------------------------------------------    -------------------
    SLICE_X149Y126       FDRE (Prop_fdre_C_Q)         0.141     0.749 r  datapath/video_inst/Inst_vga/vga_signal_gen/row_counter/processQ_reg[2]/Q
                         net (fo=11, routed)          0.161     0.910    datapath/video_inst/Inst_vga/vga_signal_gen/row_counter/Q[2]
    SLICE_X148Y126       LUT5 (Prop_lut5_I2_O)        0.049     0.959 r  datapath/video_inst/Inst_vga/vga_signal_gen/row_counter/processQ[4]_i_1__1/O
                         net (fo=1, routed)           0.000     0.959    datapath/video_inst/Inst_vga/vga_signal_gen/row_counter/plusOp__0[4]
    SLICE_X148Y126       FDRE                                         r  datapath/video_inst/Inst_vga/vga_signal_gen/row_counter/processQ_reg[4]/D
  -------------------------------------------------------------------    -------------------

                         (clock clk_out1_clk_wiz_0 rise edge)
                                                      0.000     0.000 r  
    BUFGCTRL_X0Y2        BUFG                         0.000     0.000 r  clk_IBUF_BUFG_inst/O
                         net (fo=305, routed)         1.022     1.022    datapath/video_inst/mmcm_adv_inst_display_clocks/inst/clk_in1
    MMCME2_ADV_X1Y0      MMCME2_ADV (Prop_mmcme2_adv_CLKIN1_CLKOUT0)
                                                     -2.040    -1.018 r  datapath/video_inst/mmcm_adv_inst_display_clocks/inst/mmcm_adv_inst/CLKOUT0
                         net (fo=1, routed)           0.989    -0.029    datapath/video_inst/mmcm_adv_inst_display_clocks/inst/clk_out1_clk_wiz_0
    BUFGCTRL_X0Y4        BUFG (Prop_bufg_I_O)         0.029    -0.000 r  datapath/video_inst/mmcm_adv_inst_display_clocks/inst/clkout1_buf/O
                         net (fo=87, routed)          0.877     0.877    datapath/video_inst/Inst_vga/vga_signal_gen/row_counter/CLK
    SLICE_X148Y126       FDRE                                         r  datapath/video_inst/Inst_vga/vga_signal_gen/row_counter/processQ_reg[4]/C
                         clock pessimism             -0.256     0.621    
    SLICE_X148Y126       FDRE (Hold_fdre_C_D)         0.131     0.752    datapath/video_inst/Inst_vga/vga_signal_gen/row_counter/processQ_reg[4]
  -------------------------------------------------------------------
                         required time                         -0.752    
                         arrival time                           0.959    
  -------------------------------------------------------------------
                         slack                                  0.207    

Slack (MET) :             0.208ns  (arrival time - required time)
  Source:                 datapath/video_inst/inst_dvid/TDMS_encoder_blue/encoded_reg[4]/C
                            (rising edge-triggered cell FDRE clocked by clk_out1_clk_wiz_0  {rise@0.000ns fall@20.000ns period=40.000ns})
  Destination:            datapath/video_inst/inst_dvid/latched_blue_reg[4]/D
                            (rising edge-triggered cell FDRE clocked by clk_out1_clk_wiz_0  {rise@0.000ns fall@20.000ns period=40.000ns})
  Path Group:             clk_out1_clk_wiz_0
  Path Type:              Hold (Min at Fast Process Corner)
  Requirement:            0.000ns  (clk_out1_clk_wiz_0 rise@0.000ns - clk_out1_clk_wiz_0 rise@0.000ns)
  Data Path Delay:        0.244ns  (logic 0.128ns (52.542%)  route 0.116ns (47.458%))
  Logic Levels:           0  
  Clock Path Skew:        0.014ns (DCD - SCD - CPR)
    Destination Clock Delay (DCD):    0.878ns
    Source Clock Delay      (SCD):    0.608ns
    Clock Pessimism Removal (CPR):    0.256ns

    Location             Delay type                Incr(ns)  Path(ns)    Netlist Resource(s)
  -------------------------------------------------------------------    -------------------
                         (clock clk_out1_clk_wiz_0 rise edge)
                                                      0.000     0.000 r  
    BUFGCTRL_X0Y2        BUFG                         0.000     0.000 r  clk_IBUF_BUFG_inst/O
                         net (fo=305, routed)         0.745     0.745    datapath/video_inst/mmcm_adv_inst_display_clocks/inst/clk_in1
    MMCME2_ADV_X1Y0      MMCME2_ADV (Prop_mmcme2_adv_CLKIN1_CLKOUT0)
                                                     -1.683    -0.938 r  datapath/video_inst/mmcm_adv_inst_display_clocks/inst/mmcm_adv_inst/CLKOUT0
                         net (fo=1, routed)           0.912    -0.026    datapath/video_inst/mmcm_adv_inst_display_clocks/inst/clk_out1_clk_wiz_0
    BUFGCTRL_X0Y4        BUFG (Prop_bufg_I_O)         0.026    -0.000 r  datapath/video_inst/mmcm_adv_inst_display_clocks/inst/clkout1_buf/O
                         net (fo=87, routed)          0.608     0.608    datapath/video_inst/inst_dvid/TDMS_encoder_blue/CLK
    SLICE_X153Y125       FDRE                                         r  datapath/video_inst/inst_dvid/TDMS_encoder_blue/encoded_reg[4]/C
  -------------------------------------------------------------------    -------------------
    SLICE_X153Y125       FDRE (Prop_fdre_C_Q)         0.128     0.736 r  datapath/video_inst/inst_dvid/TDMS_encoder_blue/encoded_reg[4]/Q
                         net (fo=1, routed)           0.116     0.851    datapath/video_inst/inst_dvid/TDMS_encoder_blue_n_2
    SLICE_X153Y126       FDRE                                         r  datapath/video_inst/inst_dvid/latched_blue_reg[4]/D
  -------------------------------------------------------------------    -------------------

                         (clock clk_out1_clk_wiz_0 rise edge)
                                                      0.000     0.000 r  
    BUFGCTRL_X0Y2        BUFG                         0.000     0.000 r  clk_IBUF_BUFG_inst/O
                         net (fo=305, routed)         1.022     1.022    datapath/video_inst/mmcm_adv_inst_display_clocks/inst/clk_in1
    MMCME2_ADV_X1Y0      MMCME2_ADV (Prop_mmcme2_adv_CLKIN1_CLKOUT0)
                                                     -2.040    -1.018 r  datapath/video_inst/mmcm_adv_inst_display_clocks/inst/mmcm_adv_inst/CLKOUT0
                         net (fo=1, routed)           0.989    -0.029    datapath/video_inst/mmcm_adv_inst_display_clocks/inst/clk_out1_clk_wiz_0
    BUFGCTRL_X0Y4        BUFG (Prop_bufg_I_O)         0.029    -0.000 r  datapath/video_inst/mmcm_adv_inst_display_clocks/inst/clkout1_buf/O
                         net (fo=87, routed)          0.878     0.878    datapath/video_inst/inst_dvid/CLK
    SLICE_X153Y126       FDRE                                         r  datapath/video_inst/inst_dvid/latched_blue_reg[4]/C
                         clock pessimism             -0.256     0.622    
    SLICE_X153Y126       FDRE (Hold_fdre_C_D)         0.022     0.644    datapath/video_inst/inst_dvid/latched_blue_reg[4]
  -------------------------------------------------------------------
                         required time                         -0.644    
                         arrival time                           0.851    
  -------------------------------------------------------------------
                         slack                                  0.208    





Pulse Width Checks
--------------------------------------------------------------------------------------
Clock Name:         clk_out1_clk_wiz_0
Waveform(ns):       { 0.000 20.000 }
Period(ns):         40.000
Sources:            { datapath/video_inst/mmcm_adv_inst_display_clocks/inst/mmcm_adv_inst/CLKOUT0 }

Check Type        Corner  Lib Pin             Reference Pin  Required(ns)  Actual(ns)  Slack(ns)  Location         Pin
Min Period        n/a     BUFG/I              n/a            2.155         40.000      37.845     BUFGCTRL_X0Y4    datapath/video_inst/mmcm_adv_inst_display_clocks/inst/clkout1_buf/I
Min Period        n/a     MMCME2_ADV/CLKOUT0  n/a            1.249         40.000      38.751     MMCME2_ADV_X1Y0  datapath/video_inst/mmcm_adv_inst_display_clocks/inst/mmcm_adv_inst/CLKOUT0
Min Period        n/a     FDRE/C              n/a            1.000         40.000      39.000     SLICE_X152Y125   datapath/video_inst/Inst_vga/vga_signal_gen/h_blank_is_low_reg/C
Min Period        n/a     FDRE/C              n/a            1.000         40.000      39.000     SLICE_X152Y125   datapath/video_inst/Inst_vga/vga_signal_gen/h_sync_is_low_reg_inv/C
Min Period        n/a     FDRE/C              n/a            1.000         40.000      39.000     SLICE_X149Y124   datapath/video_inst/Inst_vga/vga_signal_gen/position_reg[col][0]/C
Min Period        n/a     FDRE/C              n/a            1.000         40.000      39.000     SLICE_X148Y124   datapath/video_inst/Inst_vga/vga_signal_gen/position_reg[col][1]/C
Min Period        n/a     FDRE/C              n/a            1.000         40.000      39.000     SLICE_X149Y124   datapath/video_inst/Inst_vga/vga_signal_gen/position_reg[col][2]/C
Min Period        n/a     FDRE/C              n/a            1.000         40.000      39.000     SLICE_X151Y123   datapath/video_inst/Inst_vga/vga_signal_gen/position_reg[col][3]/C
Min Period        n/a     FDRE/C              n/a            1.000         40.000      39.000     SLICE_X149Y124   datapath/video_inst/Inst_vga/vga_signal_gen/position_reg[col][4]/C
Min Period        n/a     FDRE/C              n/a            1.000         40.000      39.000     SLICE_X151Y125   datapath/video_inst/Inst_vga/vga_signal_gen/position_reg[col][5]/C
Max Period        n/a     MMCME2_ADV/CLKOUT0  n/a            213.360       40.000      173.360    MMCME2_ADV_X1Y0  datapath/video_inst/mmcm_adv_inst_display_clocks/inst/mmcm_adv_inst/CLKOUT0
Low Pulse Width   Slow    FDRE/C              n/a            0.500         20.000      19.500     SLICE_X152Y125   datapath/video_inst/Inst_vga/vga_signal_gen/h_blank_is_low_reg/C
Low Pulse Width   Fast    FDRE/C              n/a            0.500         20.000      19.500     SLICE_X152Y125   datapath/video_inst/Inst_vga/vga_signal_gen/h_blank_is_low_reg/C
Low Pulse Width   Slow    FDRE/C              n/a            0.500         20.000      19.500     SLICE_X152Y125   datapath/video_inst/Inst_vga/vga_signal_gen/h_sync_is_low_reg_inv/C
Low Pulse Width   Fast    FDRE/C              n/a            0.500         20.000      19.500     SLICE_X152Y125   datapath/video_inst/Inst_vga/vga_signal_gen/h_sync_is_low_reg_inv/C
Low Pulse Width   Slow    FDRE/C              n/a            0.500         20.000      19.500     SLICE_X149Y124   datapath/video_inst/Inst_vga/vga_signal_gen/position_reg[col][0]/C
Low Pulse Width   Fast    FDRE/C              n/a            0.500         20.000      19.500     SLICE_X149Y124   datapath/video_inst/Inst_vga/vga_signal_gen/position_reg[col][0]/C
Low Pulse Width   Slow    FDRE/C              n/a            0.500         20.000      19.500     SLICE_X148Y124   datapath/video_inst/Inst_vga/vga_signal_gen/position_reg[col][1]/C
Low Pulse Width   Fast    FDRE/C              n/a            0.500         20.000      19.500     SLICE_X148Y124   datapath/video_inst/Inst_vga/vga_signal_gen/position_reg[col][1]/C
Low Pulse Width   Slow    FDRE/C              n/a            0.500         20.000      19.500     SLICE_X149Y124   datapath/video_inst/Inst_vga/vga_signal_gen/position_reg[col][2]/C
Low Pulse Width   Fast    FDRE/C              n/a            0.500         20.000      19.500     SLICE_X149Y124   datapath/video_inst/Inst_vga/vga_signal_gen/position_reg[col][2]/C
High Pulse Width  Slow    FDRE/C              n/a            0.500         20.000      19.500     SLICE_X152Y125   datapath/video_inst/Inst_vga/vga_signal_gen/h_blank_is_low_reg/C
High Pulse Width  Fast    FDRE/C              n/a            0.500         20.000      19.500     SLICE_X152Y125   datapath/video_inst/Inst_vga/vga_signal_gen/h_blank_is_low_reg/C
High Pulse Width  Slow    FDRE/C              n/a            0.500         20.000      19.500     SLICE_X152Y125   datapath/video_inst/Inst_vga/vga_signal_gen/h_sync_is_low_reg_inv/C
High Pulse Width  Fast    FDRE/C              n/a            0.500         20.000      19.500     SLICE_X152Y125   datapath/video_inst/Inst_vga/vga_signal_gen/h_sync_is_low_reg_inv/C
High Pulse Width  Slow    FDRE/C              n/a            0.500         20.000      19.500     SLICE_X149Y124   datapath/video_inst/Inst_vga/vga_signal_gen/position_reg[col][0]/C
High Pulse Width  Fast    FDRE/C              n/a            0.500         20.000      19.500     SLICE_X149Y124   datapath/video_inst/Inst_vga/vga_signal_gen/position_reg[col][0]/C
High Pulse Width  Slow    FDRE/C              n/a            0.500         20.000      19.500     SLICE_X148Y124   datapath/video_inst/Inst_vga/vga_signal_gen/position_reg[col][1]/C
High Pulse Width  Fast    FDRE/C              n/a            0.500         20.000      19.500     SLICE_X148Y124   datapath/video_inst/Inst_vga/vga_signal_gen/position_reg[col][1]/C
High Pulse Width  Slow    FDRE/C              n/a            0.500         20.000      19.500     SLICE_X149Y124   datapath/video_inst/Inst_vga/vga_signal_gen/position_reg[col][2]/C
High Pulse Width  Fast    FDRE/C              n/a            0.500         20.000      19.500     SLICE_X149Y124   datapath/video_inst/Inst_vga/vga_signal_gen/position_reg[col][2]/C



---------------------------------------------------------------------------------------------------
From Clock:  clk_out2_clk_wiz_0
  To Clock:  clk_out2_clk_wiz_0

Setup :            0  Failing Endpoints,  Worst Slack        3.852ns,  Total Violation        0.000ns
Hold  :            0  Failing Endpoints,  Worst Slack        0.205ns,  Total Violation        0.000ns
PW    :            0  Failing Endpoints,  Worst Slack        3.500ns,  Total Violation        0.000ns
---------------------------------------------------------------------------------------------------


Max Delay Paths
--------------------------------------------------------------------------------------
Slack (MET) :             3.852ns  (required time - arrival time)
  Source:                 datapath/video_inst/inst_dvid/shift_clock_reg[0]/C
                            (rising edge-triggered cell FDRE clocked by clk_out2_clk_wiz_0  {rise@0.000ns fall@4.000ns period=8.000ns})
  Destination:            datapath/video_inst/inst_dvid/shift_red_reg[0]/S
                            (rising edge-triggered cell FDSE clocked by clk_out2_clk_wiz_0  {rise@0.000ns fall@4.000ns period=8.000ns})
  Path Group:             clk_out2_clk_wiz_0
  Path Type:              Setup (Max at Slow Process Corner)
  Requirement:            8.000ns  (clk_out2_clk_wiz_0 rise@8.000ns - clk_out2_clk_wiz_0 rise@0.000ns)
  Data Path Delay:        3.610ns  (logic 0.890ns (24.655%)  route 2.720ns (75.345%))
  Logic Levels:           3  (LUT2=1 LUT5=1 LUT6=1)
  Clock Path Skew:        -0.037ns (DCD - SCD + CPR)
    Destination Clock Delay (DCD):    1.707ns = ( 9.707 - 8.000 ) 
    Source Clock Delay      (SCD):    1.833ns
    Clock Pessimism Removal (CPR):    0.089ns
  Clock Uncertainty:      0.072ns  ((TSJ^2 + DJ^2)^1/2) / 2 + PE
    Total System Jitter     (TSJ):    0.071ns
    Discrete Jitter          (DJ):    0.125ns
    Phase Error              (PE):    0.000ns

    Location             Delay type                Incr(ns)  Path(ns)    Netlist Resource(s)
  -------------------------------------------------------------------    -------------------
                         (clock clk_out2_clk_wiz_0 rise edge)
                                                      0.000     0.000 r  
    BUFGCTRL_X0Y2        BUFG                         0.000     0.000 r  clk_IBUF_BUFG_inst/O
                         net (fo=305, routed)         2.106     2.106    datapath/video_inst/mmcm_adv_inst_display_clocks/inst/clk_in1
    MMCME2_ADV_X1Y0      MMCME2_ADV (Prop_mmcme2_adv_CLKIN1_CLKOUT1)
                                                     -4.900    -2.793 r  datapath/video_inst/mmcm_adv_inst_display_clocks/inst/mmcm_adv_inst/CLKOUT1
                         net (fo=1, routed)           2.697    -0.096    datapath/video_inst/mmcm_adv_inst_display_clocks/inst/clk_out2_clk_wiz_0
    BUFGCTRL_X0Y0        BUFG (Prop_bufg_I_O)         0.096    -0.000 r  datapath/video_inst/mmcm_adv_inst_display_clocks/inst/clkout2_buf/O
                         net (fo=44, routed)          1.833     1.833    datapath/video_inst/inst_dvid/clk_out2
    SLICE_X162Y147       FDRE                                         r  datapath/video_inst/inst_dvid/shift_clock_reg[0]/C
  -------------------------------------------------------------------    -------------------
    SLICE_X162Y147       FDRE (Prop_fdre_C_Q)         0.518     2.351 r  datapath/video_inst/inst_dvid/shift_clock_reg[0]/Q
                         net (fo=3, routed)           0.678     3.030    datapath/video_inst/inst_dvid/shift_clock[0]
    SLICE_X163Y147       LUT6 (Prop_lut6_I5_O)        0.124     3.154 f  datapath/video_inst/inst_dvid/shift_red[9]_i_2/O
                         net (fo=1, routed)           0.425     3.579    datapath/video_inst/inst_dvid/shift_red[9]_i_2_n_0
    SLICE_X162Y147       LUT5 (Prop_lut5_I0_O)        0.124     3.703 f  datapath/video_inst/inst_dvid/shift_red[9]_i_1/O
                         net (fo=31, routed)          0.842     4.545    datapath/video_inst/inst_dvid/shift_red[9]_i_1_n_0
    SLICE_X161Y134       LUT2 (Prop_lut2_I1_O)        0.124     4.669 r  datapath/video_inst/inst_dvid/shift_red[7]_i_1/O
                         net (fo=5, routed)           0.774     5.443    datapath/video_inst/inst_dvid/shift_red[7]_i_1_n_0
    SLICE_X161Y134       FDSE                                         r  datapath/video_inst/inst_dvid/shift_red_reg[0]/S
  -------------------------------------------------------------------    -------------------

                         (clock clk_out2_clk_wiz_0 rise edge)
                                                      8.000     8.000 r  
    BUFGCTRL_X0Y2        BUFG                         0.000     8.000 r  clk_IBUF_BUFG_inst/O
                         net (fo=305, routed)         1.972     9.972    datapath/video_inst/mmcm_adv_inst_display_clocks/inst/clk_in1
    MMCME2_ADV_X1Y0      MMCME2_ADV (Prop_mmcme2_adv_CLKIN1_CLKOUT1)
                                                     -4.637     5.335 r  datapath/video_inst/mmcm_adv_inst_display_clocks/inst/mmcm_adv_inst/CLKOUT1
                         net (fo=1, routed)           2.574     7.909    datapath/video_inst/mmcm_adv_inst_display_clocks/inst/clk_out2_clk_wiz_0
    BUFGCTRL_X0Y0        BUFG (Prop_bufg_I_O)         0.091     8.000 r  datapath/video_inst/mmcm_adv_inst_display_clocks/inst/clkout2_buf/O
                         net (fo=44, routed)          1.707     9.707    datapath/video_inst/inst_dvid/clk_out2
    SLICE_X161Y134       FDSE                                         r  datapath/video_inst/inst_dvid/shift_red_reg[0]/C
                         clock pessimism              0.089     9.796    
                         clock uncertainty           -0.072     9.724    
    SLICE_X161Y134       FDSE (Setup_fdse_C_S)       -0.429     9.295    datapath/video_inst/inst_dvid/shift_red_reg[0]
  -------------------------------------------------------------------
                         required time                          9.295    
                         arrival time                          -5.443    
  -------------------------------------------------------------------
                         slack                                  3.852    

Slack (MET) :             3.852ns  (required time - arrival time)
  Source:                 datapath/video_inst/inst_dvid/shift_clock_reg[0]/C
                            (rising edge-triggered cell FDRE clocked by clk_out2_clk_wiz_0  {rise@0.000ns fall@4.000ns period=8.000ns})
  Destination:            datapath/video_inst/inst_dvid/shift_red_reg[1]/S
                            (rising edge-triggered cell FDSE clocked by clk_out2_clk_wiz_0  {rise@0.000ns fall@4.000ns period=8.000ns})
  Path Group:             clk_out2_clk_wiz_0
  Path Type:              Setup (Max at Slow Process Corner)
  Requirement:            8.000ns  (clk_out2_clk_wiz_0 rise@8.000ns - clk_out2_clk_wiz_0 rise@0.000ns)
  Data Path Delay:        3.610ns  (logic 0.890ns (24.655%)  route 2.720ns (75.345%))
  Logic Levels:           3  (LUT2=1 LUT5=1 LUT6=1)
  Clock Path Skew:        -0.037ns (DCD - SCD + CPR)
    Destination Clock Delay (DCD):    1.707ns = ( 9.707 - 8.000 ) 
    Source Clock Delay      (SCD):    1.833ns
    Clock Pessimism Removal (CPR):    0.089ns
  Clock Uncertainty:      0.072ns  ((TSJ^2 + DJ^2)^1/2) / 2 + PE
    Total System Jitter     (TSJ):    0.071ns
    Discrete Jitter          (DJ):    0.125ns
    Phase Error              (PE):    0.000ns

    Location             Delay type                Incr(ns)  Path(ns)    Netlist Resource(s)
  -------------------------------------------------------------------    -------------------
                         (clock clk_out2_clk_wiz_0 rise edge)
                                                      0.000     0.000 r  
    BUFGCTRL_X0Y2        BUFG                         0.000     0.000 r  clk_IBUF_BUFG_inst/O
                         net (fo=305, routed)         2.106     2.106    datapath/video_inst/mmcm_adv_inst_display_clocks/inst/clk_in1
    MMCME2_ADV_X1Y0      MMCME2_ADV (Prop_mmcme2_adv_CLKIN1_CLKOUT1)
                                                     -4.900    -2.793 r  datapath/video_inst/mmcm_adv_inst_display_clocks/inst/mmcm_adv_inst/CLKOUT1
                         net (fo=1, routed)           2.697    -0.096    datapath/video_inst/mmcm_adv_inst_display_clocks/inst/clk_out2_clk_wiz_0
    BUFGCTRL_X0Y0        BUFG (Prop_bufg_I_O)         0.096    -0.000 r  datapath/video_inst/mmcm_adv_inst_display_clocks/inst/clkout2_buf/O
                         net (fo=44, routed)          1.833     1.833    datapath/video_inst/inst_dvid/clk_out2
    SLICE_X162Y147       FDRE                                         r  datapath/video_inst/inst_dvid/shift_clock_reg[0]/C
  -------------------------------------------------------------------    -------------------
    SLICE_X162Y147       FDRE (Prop_fdre_C_Q)         0.518     2.351 r  datapath/video_inst/inst_dvid/shift_clock_reg[0]/Q
                         net (fo=3, routed)           0.678     3.030    datapath/video_inst/inst_dvid/shift_clock[0]
    SLICE_X163Y147       LUT6 (Prop_lut6_I5_O)        0.124     3.154 f  datapath/video_inst/inst_dvid/shift_red[9]_i_2/O
                         net (fo=1, routed)           0.425     3.579    datapath/video_inst/inst_dvid/shift_red[9]_i_2_n_0
    SLICE_X162Y147       LUT5 (Prop_lut5_I0_O)        0.124     3.703 f  datapath/video_inst/inst_dvid/shift_red[9]_i_1/O
                         net (fo=31, routed)          0.842     4.545    datapath/video_inst/inst_dvid/shift_red[9]_i_1_n_0
    SLICE_X161Y134       LUT2 (Prop_lut2_I1_O)        0.124     4.669 r  datapath/video_inst/inst_dvid/shift_red[7]_i_1/O
                         net (fo=5, routed)           0.774     5.443    datapath/video_inst/inst_dvid/shift_red[7]_i_1_n_0
    SLICE_X161Y134       FDSE                                         r  datapath/video_inst/inst_dvid/shift_red_reg[1]/S
  -------------------------------------------------------------------    -------------------

                         (clock clk_out2_clk_wiz_0 rise edge)
                                                      8.000     8.000 r  
    BUFGCTRL_X0Y2        BUFG                         0.000     8.000 r  clk_IBUF_BUFG_inst/O
                         net (fo=305, routed)         1.972     9.972    datapath/video_inst/mmcm_adv_inst_display_clocks/inst/clk_in1
    MMCME2_ADV_X1Y0      MMCME2_ADV (Prop_mmcme2_adv_CLKIN1_CLKOUT1)
                                                     -4.637     5.335 r  datapath/video_inst/mmcm_adv_inst_display_clocks/inst/mmcm_adv_inst/CLKOUT1
                         net (fo=1, routed)           2.574     7.909    datapath/video_inst/mmcm_adv_inst_display_clocks/inst/clk_out2_clk_wiz_0
    BUFGCTRL_X0Y0        BUFG (Prop_bufg_I_O)         0.091     8.000 r  datapath/video_inst/mmcm_adv_inst_display_clocks/inst/clkout2_buf/O
                         net (fo=44, routed)          1.707     9.707    datapath/video_inst/inst_dvid/clk_out2
    SLICE_X161Y134       FDSE                                         r  datapath/video_inst/inst_dvid/shift_red_reg[1]/C
                         clock pessimism              0.089     9.796    
                         clock uncertainty           -0.072     9.724    
    SLICE_X161Y134       FDSE (Setup_fdse_C_S)       -0.429     9.295    datapath/video_inst/inst_dvid/shift_red_reg[1]
  -------------------------------------------------------------------
                         required time                          9.295    
                         arrival time                          -5.443    
  -------------------------------------------------------------------
                         slack                                  3.852    

Slack (MET) :             3.852ns  (required time - arrival time)
  Source:                 datapath/video_inst/inst_dvid/shift_clock_reg[0]/C
                            (rising edge-triggered cell FDRE clocked by clk_out2_clk_wiz_0  {rise@0.000ns fall@4.000ns period=8.000ns})
  Destination:            datapath/video_inst/inst_dvid/shift_red_reg[3]/S
                            (rising edge-triggered cell FDSE clocked by clk_out2_clk_wiz_0  {rise@0.000ns fall@4.000ns period=8.000ns})
  Path Group:             clk_out2_clk_wiz_0
  Path Type:              Setup (Max at Slow Process Corner)
  Requirement:            8.000ns  (clk_out2_clk_wiz_0 rise@8.000ns - clk_out2_clk_wiz_0 rise@0.000ns)
  Data Path Delay:        3.610ns  (logic 0.890ns (24.655%)  route 2.720ns (75.345%))
  Logic Levels:           3  (LUT2=1 LUT5=1 LUT6=1)
  Clock Path Skew:        -0.037ns (DCD - SCD + CPR)
    Destination Clock Delay (DCD):    1.707ns = ( 9.707 - 8.000 ) 
    Source Clock Delay      (SCD):    1.833ns
    Clock Pessimism Removal (CPR):    0.089ns
  Clock Uncertainty:      0.072ns  ((TSJ^2 + DJ^2)^1/2) / 2 + PE
    Total System Jitter     (TSJ):    0.071ns
    Discrete Jitter          (DJ):    0.125ns
    Phase Error              (PE):    0.000ns

    Location             Delay type                Incr(ns)  Path(ns)    Netlist Resource(s)
  -------------------------------------------------------------------    -------------------
                         (clock clk_out2_clk_wiz_0 rise edge)
                                                      0.000     0.000 r  
    BUFGCTRL_X0Y2        BUFG                         0.000     0.000 r  clk_IBUF_BUFG_inst/O
                         net (fo=305, routed)         2.106     2.106    datapath/video_inst/mmcm_adv_inst_display_clocks/inst/clk_in1
    MMCME2_ADV_X1Y0      MMCME2_ADV (Prop_mmcme2_adv_CLKIN1_CLKOUT1)
                                                     -4.900    -2.793 r  datapath/video_inst/mmcm_adv_inst_display_clocks/inst/mmcm_adv_inst/CLKOUT1
                         net (fo=1, routed)           2.697    -0.096    datapath/video_inst/mmcm_adv_inst_display_clocks/inst/clk_out2_clk_wiz_0
    BUFGCTRL_X0Y0        BUFG (Prop_bufg_I_O)         0.096    -0.000 r  datapath/video_inst/mmcm_adv_inst_display_clocks/inst/clkout2_buf/O
                         net (fo=44, routed)          1.833     1.833    datapath/video_inst/inst_dvid/clk_out2
    SLICE_X162Y147       FDRE                                         r  datapath/video_inst/inst_dvid/shift_clock_reg[0]/C
  -------------------------------------------------------------------    -------------------
    SLICE_X162Y147       FDRE (Prop_fdre_C_Q)         0.518     2.351 r  datapath/video_inst/inst_dvid/shift_clock_reg[0]/Q
                         net (fo=3, routed)           0.678     3.030    datapath/video_inst/inst_dvid/shift_clock[0]
    SLICE_X163Y147       LUT6 (Prop_lut6_I5_O)        0.124     3.154 f  datapath/video_inst/inst_dvid/shift_red[9]_i_2/O
                         net (fo=1, routed)           0.425     3.579    datapath/video_inst/inst_dvid/shift_red[9]_i_2_n_0
    SLICE_X162Y147       LUT5 (Prop_lut5_I0_O)        0.124     3.703 f  datapath/video_inst/inst_dvid/shift_red[9]_i_1/O
                         net (fo=31, routed)          0.842     4.545    datapath/video_inst/inst_dvid/shift_red[9]_i_1_n_0
    SLICE_X161Y134       LUT2 (Prop_lut2_I1_O)        0.124     4.669 r  datapath/video_inst/inst_dvid/shift_red[7]_i_1/O
                         net (fo=5, routed)           0.774     5.443    datapath/video_inst/inst_dvid/shift_red[7]_i_1_n_0
    SLICE_X161Y134       FDSE                                         r  datapath/video_inst/inst_dvid/shift_red_reg[3]/S
  -------------------------------------------------------------------    -------------------

                         (clock clk_out2_clk_wiz_0 rise edge)
                                                      8.000     8.000 r  
    BUFGCTRL_X0Y2        BUFG                         0.000     8.000 r  clk_IBUF_BUFG_inst/O
                         net (fo=305, routed)         1.972     9.972    datapath/video_inst/mmcm_adv_inst_display_clocks/inst/clk_in1
    MMCME2_ADV_X1Y0      MMCME2_ADV (Prop_mmcme2_adv_CLKIN1_CLKOUT1)
                                                     -4.637     5.335 r  datapath/video_inst/mmcm_adv_inst_display_clocks/inst/mmcm_adv_inst/CLKOUT1
                         net (fo=1, routed)           2.574     7.909    datapath/video_inst/mmcm_adv_inst_display_clocks/inst/clk_out2_clk_wiz_0
    BUFGCTRL_X0Y0        BUFG (Prop_bufg_I_O)         0.091     8.000 r  datapath/video_inst/mmcm_adv_inst_display_clocks/inst/clkout2_buf/O
                         net (fo=44, routed)          1.707     9.707    datapath/video_inst/inst_dvid/clk_out2
    SLICE_X161Y134       FDSE                                         r  datapath/video_inst/inst_dvid/shift_red_reg[3]/C
                         clock pessimism              0.089     9.796    
                         clock uncertainty           -0.072     9.724    
    SLICE_X161Y134       FDSE (Setup_fdse_C_S)       -0.429     9.295    datapath/video_inst/inst_dvid/shift_red_reg[3]
  -------------------------------------------------------------------
                         required time                          9.295    
                         arrival time                          -5.443    
  -------------------------------------------------------------------
                         slack                                  3.852    

Slack (MET) :             3.852ns  (required time - arrival time)
  Source:                 datapath/video_inst/inst_dvid/shift_clock_reg[0]/C
                            (rising edge-triggered cell FDRE clocked by clk_out2_clk_wiz_0  {rise@0.000ns fall@4.000ns period=8.000ns})
  Destination:            datapath/video_inst/inst_dvid/shift_red_reg[5]/S
                            (rising edge-triggered cell FDSE clocked by clk_out2_clk_wiz_0  {rise@0.000ns fall@4.000ns period=8.000ns})
  Path Group:             clk_out2_clk_wiz_0
  Path Type:              Setup (Max at Slow Process Corner)
  Requirement:            8.000ns  (clk_out2_clk_wiz_0 rise@8.000ns - clk_out2_clk_wiz_0 rise@0.000ns)
  Data Path Delay:        3.610ns  (logic 0.890ns (24.655%)  route 2.720ns (75.345%))
  Logic Levels:           3  (LUT2=1 LUT5=1 LUT6=1)
  Clock Path Skew:        -0.037ns (DCD - SCD + CPR)
    Destination Clock Delay (DCD):    1.707ns = ( 9.707 - 8.000 ) 
    Source Clock Delay      (SCD):    1.833ns
    Clock Pessimism Removal (CPR):    0.089ns
  Clock Uncertainty:      0.072ns  ((TSJ^2 + DJ^2)^1/2) / 2 + PE
    Total System Jitter     (TSJ):    0.071ns
    Discrete Jitter          (DJ):    0.125ns
    Phase Error              (PE):    0.000ns

    Location             Delay type                Incr(ns)  Path(ns)    Netlist Resource(s)
  -------------------------------------------------------------------    -------------------
                         (clock clk_out2_clk_wiz_0 rise edge)
                                                      0.000     0.000 r  
    BUFGCTRL_X0Y2        BUFG                         0.000     0.000 r  clk_IBUF_BUFG_inst/O
                         net (fo=305, routed)         2.106     2.106    datapath/video_inst/mmcm_adv_inst_display_clocks/inst/clk_in1
    MMCME2_ADV_X1Y0      MMCME2_ADV (Prop_mmcme2_adv_CLKIN1_CLKOUT1)
                                                     -4.900    -2.793 r  datapath/video_inst/mmcm_adv_inst_display_clocks/inst/mmcm_adv_inst/CLKOUT1
                         net (fo=1, routed)           2.697    -0.096    datapath/video_inst/mmcm_adv_inst_display_clocks/inst/clk_out2_clk_wiz_0
    BUFGCTRL_X0Y0        BUFG (Prop_bufg_I_O)         0.096    -0.000 r  datapath/video_inst/mmcm_adv_inst_display_clocks/inst/clkout2_buf/O
                         net (fo=44, routed)          1.833     1.833    datapath/video_inst/inst_dvid/clk_out2
    SLICE_X162Y147       FDRE                                         r  datapath/video_inst/inst_dvid/shift_clock_reg[0]/C
  -------------------------------------------------------------------    -------------------
    SLICE_X162Y147       FDRE (Prop_fdre_C_Q)         0.518     2.351 r  datapath/video_inst/inst_dvid/shift_clock_reg[0]/Q
                         net (fo=3, routed)           0.678     3.030    datapath/video_inst/inst_dvid/shift_clock[0]
    SLICE_X163Y147       LUT6 (Prop_lut6_I5_O)        0.124     3.154 f  datapath/video_inst/inst_dvid/shift_red[9]_i_2/O
                         net (fo=1, routed)           0.425     3.579    datapath/video_inst/inst_dvid/shift_red[9]_i_2_n_0
    SLICE_X162Y147       LUT5 (Prop_lut5_I0_O)        0.124     3.703 f  datapath/video_inst/inst_dvid/shift_red[9]_i_1/O
                         net (fo=31, routed)          0.842     4.545    datapath/video_inst/inst_dvid/shift_red[9]_i_1_n_0
    SLICE_X161Y134       LUT2 (Prop_lut2_I1_O)        0.124     4.669 r  datapath/video_inst/inst_dvid/shift_red[7]_i_1/O
                         net (fo=5, routed)           0.774     5.443    datapath/video_inst/inst_dvid/shift_red[7]_i_1_n_0
    SLICE_X161Y134       FDSE                                         r  datapath/video_inst/inst_dvid/shift_red_reg[5]/S
  -------------------------------------------------------------------    -------------------

                         (clock clk_out2_clk_wiz_0 rise edge)
                                                      8.000     8.000 r  
    BUFGCTRL_X0Y2        BUFG                         0.000     8.000 r  clk_IBUF_BUFG_inst/O
                         net (fo=305, routed)         1.972     9.972    datapath/video_inst/mmcm_adv_inst_display_clocks/inst/clk_in1
    MMCME2_ADV_X1Y0      MMCME2_ADV (Prop_mmcme2_adv_CLKIN1_CLKOUT1)
                                                     -4.637     5.335 r  datapath/video_inst/mmcm_adv_inst_display_clocks/inst/mmcm_adv_inst/CLKOUT1
                         net (fo=1, routed)           2.574     7.909    datapath/video_inst/mmcm_adv_inst_display_clocks/inst/clk_out2_clk_wiz_0
    BUFGCTRL_X0Y0        BUFG (Prop_bufg_I_O)         0.091     8.000 r  datapath/video_inst/mmcm_adv_inst_display_clocks/inst/clkout2_buf/O
                         net (fo=44, routed)          1.707     9.707    datapath/video_inst/inst_dvid/clk_out2
    SLICE_X161Y134       FDSE                                         r  datapath/video_inst/inst_dvid/shift_red_reg[5]/C
                         clock pessimism              0.089     9.796    
                         clock uncertainty           -0.072     9.724    
    SLICE_X161Y134       FDSE (Setup_fdse_C_S)       -0.429     9.295    datapath/video_inst/inst_dvid/shift_red_reg[5]
  -------------------------------------------------------------------
                         required time                          9.295    
                         arrival time                          -5.443    
  -------------------------------------------------------------------
                         slack                                  3.852    

Slack (MET) :             3.852ns  (required time - arrival time)
  Source:                 datapath/video_inst/inst_dvid/shift_clock_reg[0]/C
                            (rising edge-triggered cell FDRE clocked by clk_out2_clk_wiz_0  {rise@0.000ns fall@4.000ns period=8.000ns})
  Destination:            datapath/video_inst/inst_dvid/shift_red_reg[7]/S
                            (rising edge-triggered cell FDSE clocked by clk_out2_clk_wiz_0  {rise@0.000ns fall@4.000ns period=8.000ns})
  Path Group:             clk_out2_clk_wiz_0
  Path Type:              Setup (Max at Slow Process Corner)
  Requirement:            8.000ns  (clk_out2_clk_wiz_0 rise@8.000ns - clk_out2_clk_wiz_0 rise@0.000ns)
  Data Path Delay:        3.610ns  (logic 0.890ns (24.655%)  route 2.720ns (75.345%))
  Logic Levels:           3  (LUT2=1 LUT5=1 LUT6=1)
  Clock Path Skew:        -0.037ns (DCD - SCD + CPR)
    Destination Clock Delay (DCD):    1.707ns = ( 9.707 - 8.000 ) 
    Source Clock Delay      (SCD):    1.833ns
    Clock Pessimism Removal (CPR):    0.089ns
  Clock Uncertainty:      0.072ns  ((TSJ^2 + DJ^2)^1/2) / 2 + PE
    Total System Jitter     (TSJ):    0.071ns
    Discrete Jitter          (DJ):    0.125ns
    Phase Error              (PE):    0.000ns

    Location             Delay type                Incr(ns)  Path(ns)    Netlist Resource(s)
  -------------------------------------------------------------------    -------------------
                         (clock clk_out2_clk_wiz_0 rise edge)
                                                      0.000     0.000 r  
    BUFGCTRL_X0Y2        BUFG                         0.000     0.000 r  clk_IBUF_BUFG_inst/O
                         net (fo=305, routed)         2.106     2.106    datapath/video_inst/mmcm_adv_inst_display_clocks/inst/clk_in1
    MMCME2_ADV_X1Y0      MMCME2_ADV (Prop_mmcme2_adv_CLKIN1_CLKOUT1)
                                                     -4.900    -2.793 r  datapath/video_inst/mmcm_adv_inst_display_clocks/inst/mmcm_adv_inst/CLKOUT1
                         net (fo=1, routed)           2.697    -0.096    datapath/video_inst/mmcm_adv_inst_display_clocks/inst/clk_out2_clk_wiz_0
    BUFGCTRL_X0Y0        BUFG (Prop_bufg_I_O)         0.096    -0.000 r  datapath/video_inst/mmcm_adv_inst_display_clocks/inst/clkout2_buf/O
                         net (fo=44, routed)          1.833     1.833    datapath/video_inst/inst_dvid/clk_out2
    SLICE_X162Y147       FDRE                                         r  datapath/video_inst/inst_dvid/shift_clock_reg[0]/C
  -------------------------------------------------------------------    -------------------
    SLICE_X162Y147       FDRE (Prop_fdre_C_Q)         0.518     2.351 r  datapath/video_inst/inst_dvid/shift_clock_reg[0]/Q
                         net (fo=3, routed)           0.678     3.030    datapath/video_inst/inst_dvid/shift_clock[0]
    SLICE_X163Y147       LUT6 (Prop_lut6_I5_O)        0.124     3.154 f  datapath/video_inst/inst_dvid/shift_red[9]_i_2/O
                         net (fo=1, routed)           0.425     3.579    datapath/video_inst/inst_dvid/shift_red[9]_i_2_n_0
    SLICE_X162Y147       LUT5 (Prop_lut5_I0_O)        0.124     3.703 f  datapath/video_inst/inst_dvid/shift_red[9]_i_1/O
                         net (fo=31, routed)          0.842     4.545    datapath/video_inst/inst_dvid/shift_red[9]_i_1_n_0
    SLICE_X161Y134       LUT2 (Prop_lut2_I1_O)        0.124     4.669 r  datapath/video_inst/inst_dvid/shift_red[7]_i_1/O
                         net (fo=5, routed)           0.774     5.443    datapath/video_inst/inst_dvid/shift_red[7]_i_1_n_0
    SLICE_X161Y134       FDSE                                         r  datapath/video_inst/inst_dvid/shift_red_reg[7]/S
  -------------------------------------------------------------------    -------------------

                         (clock clk_out2_clk_wiz_0 rise edge)
                                                      8.000     8.000 r  
    BUFGCTRL_X0Y2        BUFG                         0.000     8.000 r  clk_IBUF_BUFG_inst/O
                         net (fo=305, routed)         1.972     9.972    datapath/video_inst/mmcm_adv_inst_display_clocks/inst/clk_in1
    MMCME2_ADV_X1Y0      MMCME2_ADV (Prop_mmcme2_adv_CLKIN1_CLKOUT1)
                                                     -4.637     5.335 r  datapath/video_inst/mmcm_adv_inst_display_clocks/inst/mmcm_adv_inst/CLKOUT1
                         net (fo=1, routed)           2.574     7.909    datapath/video_inst/mmcm_adv_inst_display_clocks/inst/clk_out2_clk_wiz_0
    BUFGCTRL_X0Y0        BUFG (Prop_bufg_I_O)         0.091     8.000 r  datapath/video_inst/mmcm_adv_inst_display_clocks/inst/clkout2_buf/O
                         net (fo=44, routed)          1.707     9.707    datapath/video_inst/inst_dvid/clk_out2
    SLICE_X161Y134       FDSE                                         r  datapath/video_inst/inst_dvid/shift_red_reg[7]/C
                         clock pessimism              0.089     9.796    
                         clock uncertainty           -0.072     9.724    
    SLICE_X161Y134       FDSE (Setup_fdse_C_S)       -0.429     9.295    datapath/video_inst/inst_dvid/shift_red_reg[7]
  -------------------------------------------------------------------
                         required time                          9.295    
                         arrival time                          -5.443    
  -------------------------------------------------------------------
                         slack                                  3.852    

Slack (MET) :             4.040ns  (required time - arrival time)
  Source:                 datapath/video_inst/inst_dvid/shift_clock_reg[0]/C
                            (rising edge-triggered cell FDRE clocked by clk_out2_clk_wiz_0  {rise@0.000ns fall@4.000ns period=8.000ns})
  Destination:            datapath/video_inst/inst_dvid/shift_blue_reg[8]/R
                            (rising edge-triggered cell FDRE clocked by clk_out2_clk_wiz_0  {rise@0.000ns fall@4.000ns period=8.000ns})
  Path Group:             clk_out2_clk_wiz_0
  Path Type:              Setup (Max at Slow Process Corner)
  Requirement:            8.000ns  (clk_out2_clk_wiz_0 rise@8.000ns - clk_out2_clk_wiz_0 rise@0.000ns)
  Data Path Delay:        3.326ns  (logic 0.766ns (23.029%)  route 2.560ns (76.971%))
  Logic Levels:           2  (LUT5=1 LUT6=1)
  Clock Path Skew:        -0.133ns (DCD - SCD + CPR)
    Destination Clock Delay (DCD):    1.625ns = ( 9.625 - 8.000 ) 
    Source Clock Delay      (SCD):    1.833ns
    Clock Pessimism Removal (CPR):    0.075ns
  Clock Uncertainty:      0.072ns  ((TSJ^2 + DJ^2)^1/2) / 2 + PE
    Total System Jitter     (TSJ):    0.071ns
    Discrete Jitter          (DJ):    0.125ns
    Phase Error              (PE):    0.000ns

    Location             Delay type                Incr(ns)  Path(ns)    Netlist Resource(s)
  -------------------------------------------------------------------    -------------------
                         (clock clk_out2_clk_wiz_0 rise edge)
                                                      0.000     0.000 r  
    BUFGCTRL_X0Y2        BUFG                         0.000     0.000 r  clk_IBUF_BUFG_inst/O
                         net (fo=305, routed)         2.106     2.106    datapath/video_inst/mmcm_adv_inst_display_clocks/inst/clk_in1
    MMCME2_ADV_X1Y0      MMCME2_ADV (Prop_mmcme2_adv_CLKIN1_CLKOUT1)
                                                     -4.900    -2.793 r  datapath/video_inst/mmcm_adv_inst_display_clocks/inst/mmcm_adv_inst/CLKOUT1
                         net (fo=1, routed)           2.697    -0.096    datapath/video_inst/mmcm_adv_inst_display_clocks/inst/clk_out2_clk_wiz_0
    BUFGCTRL_X0Y0        BUFG (Prop_bufg_I_O)         0.096    -0.000 r  datapath/video_inst/mmcm_adv_inst_display_clocks/inst/clkout2_buf/O
                         net (fo=44, routed)          1.833     1.833    datapath/video_inst/inst_dvid/clk_out2
    SLICE_X162Y147       FDRE                                         r  datapath/video_inst/inst_dvid/shift_clock_reg[0]/C
  -------------------------------------------------------------------    -------------------
    SLICE_X162Y147       FDRE (Prop_fdre_C_Q)         0.518     2.351 f  datapath/video_inst/inst_dvid/shift_clock_reg[0]/Q
                         net (fo=3, routed)           0.678     3.030    datapath/video_inst/inst_dvid/shift_clock[0]
    SLICE_X163Y147       LUT6 (Prop_lut6_I5_O)        0.124     3.154 r  datapath/video_inst/inst_dvid/shift_red[9]_i_2/O
                         net (fo=1, routed)           0.425     3.579    datapath/video_inst/inst_dvid/shift_red[9]_i_2_n_0
    SLICE_X162Y147       LUT5 (Prop_lut5_I0_O)        0.124     3.703 r  datapath/video_inst/inst_dvid/shift_red[9]_i_1/O
                         net (fo=31, routed)          1.457     5.160    datapath/video_inst/inst_dvid/shift_red[9]_i_1_n_0
    SLICE_X153Y129       FDRE                                         r  datapath/video_inst/inst_dvid/shift_blue_reg[8]/R
  -------------------------------------------------------------------    -------------------

                         (clock clk_out2_clk_wiz_0 rise edge)
                                                      8.000     8.000 r  
    BUFGCTRL_X0Y2        BUFG                         0.000     8.000 r  clk_IBUF_BUFG_inst/O
                         net (fo=305, routed)         1.972     9.972    datapath/video_inst/mmcm_adv_inst_display_clocks/inst/clk_in1
    MMCME2_ADV_X1Y0      MMCME2_ADV (Prop_mmcme2_adv_CLKIN1_CLKOUT1)
                                                     -4.637     5.335 r  datapath/video_inst/mmcm_adv_inst_display_clocks/inst/mmcm_adv_inst/CLKOUT1
                         net (fo=1, routed)           2.574     7.909    datapath/video_inst/mmcm_adv_inst_display_clocks/inst/clk_out2_clk_wiz_0
    BUFGCTRL_X0Y0        BUFG (Prop_bufg_I_O)         0.091     8.000 r  datapath/video_inst/mmcm_adv_inst_display_clocks/inst/clkout2_buf/O
                         net (fo=44, routed)          1.625     9.625    datapath/video_inst/inst_dvid/clk_out2
    SLICE_X153Y129       FDRE                                         r  datapath/video_inst/inst_dvid/shift_blue_reg[8]/C
                         clock pessimism              0.075     9.700    
                         clock uncertainty           -0.072     9.628    
    SLICE_X153Y129       FDRE (Setup_fdre_C_R)       -0.429     9.199    datapath/video_inst/inst_dvid/shift_blue_reg[8]
  -------------------------------------------------------------------
                         required time                          9.199    
                         arrival time                          -5.160    
  -------------------------------------------------------------------
                         slack                                  4.040    

Slack (MET) :             4.040ns  (required time - arrival time)
  Source:                 datapath/video_inst/inst_dvid/shift_clock_reg[0]/C
                            (rising edge-triggered cell FDRE clocked by clk_out2_clk_wiz_0  {rise@0.000ns fall@4.000ns period=8.000ns})
  Destination:            datapath/video_inst/inst_dvid/shift_blue_reg[9]/R
                            (rising edge-triggered cell FDRE clocked by clk_out2_clk_wiz_0  {rise@0.000ns fall@4.000ns period=8.000ns})
  Path Group:             clk_out2_clk_wiz_0
  Path Type:              Setup (Max at Slow Process Corner)
  Requirement:            8.000ns  (clk_out2_clk_wiz_0 rise@8.000ns - clk_out2_clk_wiz_0 rise@0.000ns)
  Data Path Delay:        3.326ns  (logic 0.766ns (23.029%)  route 2.560ns (76.971%))
  Logic Levels:           2  (LUT5=1 LUT6=1)
  Clock Path Skew:        -0.133ns (DCD - SCD + CPR)
    Destination Clock Delay (DCD):    1.625ns = ( 9.625 - 8.000 ) 
    Source Clock Delay      (SCD):    1.833ns
    Clock Pessimism Removal (CPR):    0.075ns
  Clock Uncertainty:      0.072ns  ((TSJ^2 + DJ^2)^1/2) / 2 + PE
    Total System Jitter     (TSJ):    0.071ns
    Discrete Jitter          (DJ):    0.125ns
    Phase Error              (PE):    0.000ns

    Location             Delay type                Incr(ns)  Path(ns)    Netlist Resource(s)
  -------------------------------------------------------------------    -------------------
                         (clock clk_out2_clk_wiz_0 rise edge)
                                                      0.000     0.000 r  
    BUFGCTRL_X0Y2        BUFG                         0.000     0.000 r  clk_IBUF_BUFG_inst/O
                         net (fo=305, routed)         2.106     2.106    datapath/video_inst/mmcm_adv_inst_display_clocks/inst/clk_in1
    MMCME2_ADV_X1Y0      MMCME2_ADV (Prop_mmcme2_adv_CLKIN1_CLKOUT1)
                                                     -4.900    -2.793 r  datapath/video_inst/mmcm_adv_inst_display_clocks/inst/mmcm_adv_inst/CLKOUT1
                         net (fo=1, routed)           2.697    -0.096    datapath/video_inst/mmcm_adv_inst_display_clocks/inst/clk_out2_clk_wiz_0
    BUFGCTRL_X0Y0        BUFG (Prop_bufg_I_O)         0.096    -0.000 r  datapath/video_inst/mmcm_adv_inst_display_clocks/inst/clkout2_buf/O
                         net (fo=44, routed)          1.833     1.833    datapath/video_inst/inst_dvid/clk_out2
    SLICE_X162Y147       FDRE                                         r  datapath/video_inst/inst_dvid/shift_clock_reg[0]/C
  -------------------------------------------------------------------    -------------------
    SLICE_X162Y147       FDRE (Prop_fdre_C_Q)         0.518     2.351 f  datapath/video_inst/inst_dvid/shift_clock_reg[0]/Q
                         net (fo=3, routed)           0.678     3.030    datapath/video_inst/inst_dvid/shift_clock[0]
    SLICE_X163Y147       LUT6 (Prop_lut6_I5_O)        0.124     3.154 r  datapath/video_inst/inst_dvid/shift_red[9]_i_2/O
                         net (fo=1, routed)           0.425     3.579    datapath/video_inst/inst_dvid/shift_red[9]_i_2_n_0
    SLICE_X162Y147       LUT5 (Prop_lut5_I0_O)        0.124     3.703 r  datapath/video_inst/inst_dvid/shift_red[9]_i_1/O
                         net (fo=31, routed)          1.457     5.160    datapath/video_inst/inst_dvid/shift_red[9]_i_1_n_0
    SLICE_X153Y129       FDRE                                         r  datapath/video_inst/inst_dvid/shift_blue_reg[9]/R
  -------------------------------------------------------------------    -------------------

                         (clock clk_out2_clk_wiz_0 rise edge)
                                                      8.000     8.000 r  
    BUFGCTRL_X0Y2        BUFG                         0.000     8.000 r  clk_IBUF_BUFG_inst/O
                         net (fo=305, routed)         1.972     9.972    datapath/video_inst/mmcm_adv_inst_display_clocks/inst/clk_in1
    MMCME2_ADV_X1Y0      MMCME2_ADV (Prop_mmcme2_adv_CLKIN1_CLKOUT1)
                                                     -4.637     5.335 r  datapath/video_inst/mmcm_adv_inst_display_clocks/inst/mmcm_adv_inst/CLKOUT1
                         net (fo=1, routed)           2.574     7.909    datapath/video_inst/mmcm_adv_inst_display_clocks/inst/clk_out2_clk_wiz_0
    BUFGCTRL_X0Y0        BUFG (Prop_bufg_I_O)         0.091     8.000 r  datapath/video_inst/mmcm_adv_inst_display_clocks/inst/clkout2_buf/O
                         net (fo=44, routed)          1.625     9.625    datapath/video_inst/inst_dvid/clk_out2
    SLICE_X153Y129       FDRE                                         r  datapath/video_inst/inst_dvid/shift_blue_reg[9]/C
                         clock pessimism              0.075     9.700    
                         clock uncertainty           -0.072     9.628    
    SLICE_X153Y129       FDRE (Setup_fdre_C_R)       -0.429     9.199    datapath/video_inst/inst_dvid/shift_blue_reg[9]
  -------------------------------------------------------------------
                         required time                          9.199    
                         arrival time                          -5.160    
  -------------------------------------------------------------------
                         slack                                  4.040    

Slack (MET) :             4.040ns  (required time - arrival time)
  Source:                 datapath/video_inst/inst_dvid/shift_clock_reg[0]/C
                            (rising edge-triggered cell FDRE clocked by clk_out2_clk_wiz_0  {rise@0.000ns fall@4.000ns period=8.000ns})
  Destination:            datapath/video_inst/inst_dvid/shift_green_reg[8]/R
                            (rising edge-triggered cell FDRE clocked by clk_out2_clk_wiz_0  {rise@0.000ns fall@4.000ns period=8.000ns})
  Path Group:             clk_out2_clk_wiz_0
  Path Type:              Setup (Max at Slow Process Corner)
  Requirement:            8.000ns  (clk_out2_clk_wiz_0 rise@8.000ns - clk_out2_clk_wiz_0 rise@0.000ns)
  Data Path Delay:        3.326ns  (logic 0.766ns (23.029%)  route 2.560ns (76.971%))
  Logic Levels:           2  (LUT5=1 LUT6=1)
  Clock Path Skew:        -0.133ns (DCD - SCD + CPR)
    Destination Clock Delay (DCD):    1.625ns = ( 9.625 - 8.000 ) 
    Source Clock Delay      (SCD):    1.833ns
    Clock Pessimism Removal (CPR):    0.075ns
  Clock Uncertainty:      0.072ns  ((TSJ^2 + DJ^2)^1/2) / 2 + PE
    Total System Jitter     (TSJ):    0.071ns
    Discrete Jitter          (DJ):    0.125ns
    Phase Error              (PE):    0.000ns

    Location             Delay type                Incr(ns)  Path(ns)    Netlist Resource(s)
  -------------------------------------------------------------------    -------------------
                         (clock clk_out2_clk_wiz_0 rise edge)
                                                      0.000     0.000 r  
    BUFGCTRL_X0Y2        BUFG                         0.000     0.000 r  clk_IBUF_BUFG_inst/O
                         net (fo=305, routed)         2.106     2.106    datapath/video_inst/mmcm_adv_inst_display_clocks/inst/clk_in1
    MMCME2_ADV_X1Y0      MMCME2_ADV (Prop_mmcme2_adv_CLKIN1_CLKOUT1)
                                                     -4.900    -2.793 r  datapath/video_inst/mmcm_adv_inst_display_clocks/inst/mmcm_adv_inst/CLKOUT1
                         net (fo=1, routed)           2.697    -0.096    datapath/video_inst/mmcm_adv_inst_display_clocks/inst/clk_out2_clk_wiz_0
    BUFGCTRL_X0Y0        BUFG (Prop_bufg_I_O)         0.096    -0.000 r  datapath/video_inst/mmcm_adv_inst_display_clocks/inst/clkout2_buf/O
                         net (fo=44, routed)          1.833     1.833    datapath/video_inst/inst_dvid/clk_out2
    SLICE_X162Y147       FDRE                                         r  datapath/video_inst/inst_dvid/shift_clock_reg[0]/C
  -------------------------------------------------------------------    -------------------
    SLICE_X162Y147       FDRE (Prop_fdre_C_Q)         0.518     2.351 f  datapath/video_inst/inst_dvid/shift_clock_reg[0]/Q
                         net (fo=3, routed)           0.678     3.030    datapath/video_inst/inst_dvid/shift_clock[0]
    SLICE_X163Y147       LUT6 (Prop_lut6_I5_O)        0.124     3.154 r  datapath/video_inst/inst_dvid/shift_red[9]_i_2/O
                         net (fo=1, routed)           0.425     3.579    datapath/video_inst/inst_dvid/shift_red[9]_i_2_n_0
    SLICE_X162Y147       LUT5 (Prop_lut5_I0_O)        0.124     3.703 r  datapath/video_inst/inst_dvid/shift_red[9]_i_1/O
                         net (fo=31, routed)          1.457     5.160    datapath/video_inst/inst_dvid/shift_red[9]_i_1_n_0
    SLICE_X153Y129       FDRE                                         r  datapath/video_inst/inst_dvid/shift_green_reg[8]/R
  -------------------------------------------------------------------    -------------------

                         (clock clk_out2_clk_wiz_0 rise edge)
                                                      8.000     8.000 r  
    BUFGCTRL_X0Y2        BUFG                         0.000     8.000 r  clk_IBUF_BUFG_inst/O
                         net (fo=305, routed)         1.972     9.972    datapath/video_inst/mmcm_adv_inst_display_clocks/inst/clk_in1
    MMCME2_ADV_X1Y0      MMCME2_ADV (Prop_mmcme2_adv_CLKIN1_CLKOUT1)
                                                     -4.637     5.335 r  datapath/video_inst/mmcm_adv_inst_display_clocks/inst/mmcm_adv_inst/CLKOUT1
                         net (fo=1, routed)           2.574     7.909    datapath/video_inst/mmcm_adv_inst_display_clocks/inst/clk_out2_clk_wiz_0
    BUFGCTRL_X0Y0        BUFG (Prop_bufg_I_O)         0.091     8.000 r  datapath/video_inst/mmcm_adv_inst_display_clocks/inst/clkout2_buf/O
                         net (fo=44, routed)          1.625     9.625    datapath/video_inst/inst_dvid/clk_out2
    SLICE_X153Y129       FDRE                                         r  datapath/video_inst/inst_dvid/shift_green_reg[8]/C
                         clock pessimism              0.075     9.700    
                         clock uncertainty           -0.072     9.628    
    SLICE_X153Y129       FDRE (Setup_fdre_C_R)       -0.429     9.199    datapath/video_inst/inst_dvid/shift_green_reg[8]
  -------------------------------------------------------------------
                         required time                          9.199    
                         arrival time                          -5.160    
  -------------------------------------------------------------------
                         slack                                  4.040    

Slack (MET) :             4.040ns  (required time - arrival time)
  Source:                 datapath/video_inst/inst_dvid/shift_clock_reg[0]/C
                            (rising edge-triggered cell FDRE clocked by clk_out2_clk_wiz_0  {rise@0.000ns fall@4.000ns period=8.000ns})
  Destination:            datapath/video_inst/inst_dvid/shift_green_reg[9]/R
                            (rising edge-triggered cell FDRE clocked by clk_out2_clk_wiz_0  {rise@0.000ns fall@4.000ns period=8.000ns})
  Path Group:             clk_out2_clk_wiz_0
  Path Type:              Setup (Max at Slow Process Corner)
  Requirement:            8.000ns  (clk_out2_clk_wiz_0 rise@8.000ns - clk_out2_clk_wiz_0 rise@0.000ns)
  Data Path Delay:        3.326ns  (logic 0.766ns (23.029%)  route 2.560ns (76.971%))
  Logic Levels:           2  (LUT5=1 LUT6=1)
  Clock Path Skew:        -0.133ns (DCD - SCD + CPR)
    Destination Clock Delay (DCD):    1.625ns = ( 9.625 - 8.000 ) 
    Source Clock Delay      (SCD):    1.833ns
    Clock Pessimism Removal (CPR):    0.075ns
  Clock Uncertainty:      0.072ns  ((TSJ^2 + DJ^2)^1/2) / 2 + PE
    Total System Jitter     (TSJ):    0.071ns
    Discrete Jitter          (DJ):    0.125ns
    Phase Error              (PE):    0.000ns

    Location             Delay type                Incr(ns)  Path(ns)    Netlist Resource(s)
  -------------------------------------------------------------------    -------------------
                         (clock clk_out2_clk_wiz_0 rise edge)
                                                      0.000     0.000 r  
    BUFGCTRL_X0Y2        BUFG                         0.000     0.000 r  clk_IBUF_BUFG_inst/O
                         net (fo=305, routed)         2.106     2.106    datapath/video_inst/mmcm_adv_inst_display_clocks/inst/clk_in1
    MMCME2_ADV_X1Y0      MMCME2_ADV (Prop_mmcme2_adv_CLKIN1_CLKOUT1)
                                                     -4.900    -2.793 r  datapath/video_inst/mmcm_adv_inst_display_clocks/inst/mmcm_adv_inst/CLKOUT1
                         net (fo=1, routed)           2.697    -0.096    datapath/video_inst/mmcm_adv_inst_display_clocks/inst/clk_out2_clk_wiz_0
    BUFGCTRL_X0Y0        BUFG (Prop_bufg_I_O)         0.096    -0.000 r  datapath/video_inst/mmcm_adv_inst_display_clocks/inst/clkout2_buf/O
                         net (fo=44, routed)          1.833     1.833    datapath/video_inst/inst_dvid/clk_out2
    SLICE_X162Y147       FDRE                                         r  datapath/video_inst/inst_dvid/shift_clock_reg[0]/C
  -------------------------------------------------------------------    -------------------
    SLICE_X162Y147       FDRE (Prop_fdre_C_Q)         0.518     2.351 f  datapath/video_inst/inst_dvid/shift_clock_reg[0]/Q
                         net (fo=3, routed)           0.678     3.030    datapath/video_inst/inst_dvid/shift_clock[0]
    SLICE_X163Y147       LUT6 (Prop_lut6_I5_O)        0.124     3.154 r  datapath/video_inst/inst_dvid/shift_red[9]_i_2/O
                         net (fo=1, routed)           0.425     3.579    datapath/video_inst/inst_dvid/shift_red[9]_i_2_n_0
    SLICE_X162Y147       LUT5 (Prop_lut5_I0_O)        0.124     3.703 r  datapath/video_inst/inst_dvid/shift_red[9]_i_1/O
                         net (fo=31, routed)          1.457     5.160    datapath/video_inst/inst_dvid/shift_red[9]_i_1_n_0
    SLICE_X153Y129       FDRE                                         r  datapath/video_inst/inst_dvid/shift_green_reg[9]/R
  -------------------------------------------------------------------    -------------------

                         (clock clk_out2_clk_wiz_0 rise edge)
                                                      8.000     8.000 r  
    BUFGCTRL_X0Y2        BUFG                         0.000     8.000 r  clk_IBUF_BUFG_inst/O
                         net (fo=305, routed)         1.972     9.972    datapath/video_inst/mmcm_adv_inst_display_clocks/inst/clk_in1
    MMCME2_ADV_X1Y0      MMCME2_ADV (Prop_mmcme2_adv_CLKIN1_CLKOUT1)
                                                     -4.637     5.335 r  datapath/video_inst/mmcm_adv_inst_display_clocks/inst/mmcm_adv_inst/CLKOUT1
                         net (fo=1, routed)           2.574     7.909    datapath/video_inst/mmcm_adv_inst_display_clocks/inst/clk_out2_clk_wiz_0
    BUFGCTRL_X0Y0        BUFG (Prop_bufg_I_O)         0.091     8.000 r  datapath/video_inst/mmcm_adv_inst_display_clocks/inst/clkout2_buf/O
                         net (fo=44, routed)          1.625     9.625    datapath/video_inst/inst_dvid/clk_out2
    SLICE_X153Y129       FDRE                                         r  datapath/video_inst/inst_dvid/shift_green_reg[9]/C
                         clock pessimism              0.075     9.700    
                         clock uncertainty           -0.072     9.628    
    SLICE_X153Y129       FDRE (Setup_fdre_C_R)       -0.429     9.199    datapath/video_inst/inst_dvid/shift_green_reg[9]
  -------------------------------------------------------------------
                         required time                          9.199    
                         arrival time                          -5.160    
  -------------------------------------------------------------------
                         slack                                  4.040    

Slack (MET) :             4.257ns  (required time - arrival time)
  Source:                 datapath/video_inst/inst_dvid/shift_clock_reg[0]/C
                            (rising edge-triggered cell FDRE clocked by clk_out2_clk_wiz_0  {rise@0.000ns fall@4.000ns period=8.000ns})
  Destination:            datapath/video_inst/inst_dvid/shift_green_reg[0]/D
                            (rising edge-triggered cell FDRE clocked by clk_out2_clk_wiz_0  {rise@0.000ns fall@4.000ns period=8.000ns})
  Path Group:             clk_out2_clk_wiz_0
  Path Type:              Setup (Max at Slow Process Corner)
  Requirement:            8.000ns  (clk_out2_clk_wiz_0 rise@8.000ns - clk_out2_clk_wiz_0 rise@0.000ns)
  Data Path Delay:        3.616ns  (logic 0.890ns (24.613%)  route 2.726ns (75.387%))
  Logic Levels:           3  (LUT3=1 LUT5=1 LUT6=1)
  Clock Path Skew:        -0.132ns (DCD - SCD + CPR)
    Destination Clock Delay (DCD):    1.626ns = ( 9.626 - 8.000 ) 
    Source Clock Delay      (SCD):    1.833ns
    Clock Pessimism Removal (CPR):    0.075ns
  Clock Uncertainty:      0.072ns  ((TSJ^2 + DJ^2)^1/2) / 2 + PE
    Total System Jitter     (TSJ):    0.071ns
    Discrete Jitter          (DJ):    0.125ns
    Phase Error              (PE):    0.000ns

    Location             Delay type                Incr(ns)  Path(ns)    Netlist Resource(s)
  -------------------------------------------------------------------    -------------------
                         (clock clk_out2_clk_wiz_0 rise edge)
                                                      0.000     0.000 r  
    BUFGCTRL_X0Y2        BUFG                         0.000     0.000 r  clk_IBUF_BUFG_inst/O
                         net (fo=305, routed)         2.106     2.106    datapath/video_inst/mmcm_adv_inst_display_clocks/inst/clk_in1
    MMCME2_ADV_X1Y0      MMCME2_ADV (Prop_mmcme2_adv_CLKIN1_CLKOUT1)
                                                     -4.900    -2.793 r  datapath/video_inst/mmcm_adv_inst_display_clocks/inst/mmcm_adv_inst/CLKOUT1
                         net (fo=1, routed)           2.697    -0.096    datapath/video_inst/mmcm_adv_inst_display_clocks/inst/clk_out2_clk_wiz_0
    BUFGCTRL_X0Y0        BUFG (Prop_bufg_I_O)         0.096    -0.000 r  datapath/video_inst/mmcm_adv_inst_display_clocks/inst/clkout2_buf/O
                         net (fo=44, routed)          1.833     1.833    datapath/video_inst/inst_dvid/clk_out2
    SLICE_X162Y147       FDRE                                         r  datapath/video_inst/inst_dvid/shift_clock_reg[0]/C
  -------------------------------------------------------------------    -------------------
    SLICE_X162Y147       FDRE (Prop_fdre_C_Q)         0.518     2.351 f  datapath/video_inst/inst_dvid/shift_clock_reg[0]/Q
                         net (fo=3, routed)           0.678     3.030    datapath/video_inst/inst_dvid/shift_clock[0]
    SLICE_X163Y147       LUT6 (Prop_lut6_I5_O)        0.124     3.154 r  datapath/video_inst/inst_dvid/shift_red[9]_i_2/O
                         net (fo=1, routed)           0.425     3.579    datapath/video_inst/inst_dvid/shift_red[9]_i_2_n_0
    SLICE_X162Y147       LUT5 (Prop_lut5_I0_O)        0.124     3.703 r  datapath/video_inst/inst_dvid/shift_red[9]_i_1/O
                         net (fo=31, routed)          1.622     5.325    datapath/video_inst/inst_dvid/shift_red[9]_i_1_n_0
    SLICE_X154Y130       LUT3 (Prop_lut3_I1_O)        0.124     5.449 r  datapath/video_inst/inst_dvid/shift_green[0]_i_1/O
                         net (fo=1, routed)           0.000     5.449    datapath/video_inst/inst_dvid/shift_green[0]
    SLICE_X154Y130       FDRE                                         r  datapath/video_inst/inst_dvid/shift_green_reg[0]/D
  -------------------------------------------------------------------    -------------------

                         (clock clk_out2_clk_wiz_0 rise edge)
                                                      8.000     8.000 r  
    BUFGCTRL_X0Y2        BUFG                         0.000     8.000 r  clk_IBUF_BUFG_inst/O
                         net (fo=305, routed)         1.972     9.972    datapath/video_inst/mmcm_adv_inst_display_clocks/inst/clk_in1
    MMCME2_ADV_X1Y0      MMCME2_ADV (Prop_mmcme2_adv_CLKIN1_CLKOUT1)
                                                     -4.637     5.335 r  datapath/video_inst/mmcm_adv_inst_display_clocks/inst/mmcm_adv_inst/CLKOUT1
                         net (fo=1, routed)           2.574     7.909    datapath/video_inst/mmcm_adv_inst_display_clocks/inst/clk_out2_clk_wiz_0
    BUFGCTRL_X0Y0        BUFG (Prop_bufg_I_O)         0.091     8.000 r  datapath/video_inst/mmcm_adv_inst_display_clocks/inst/clkout2_buf/O
                         net (fo=44, routed)          1.626     9.626    datapath/video_inst/inst_dvid/clk_out2
    SLICE_X154Y130       FDRE                                         r  datapath/video_inst/inst_dvid/shift_green_reg[0]/C
                         clock pessimism              0.075     9.701    
                         clock uncertainty           -0.072     9.629    
    SLICE_X154Y130       FDRE (Setup_fdre_C_D)        0.077     9.706    datapath/video_inst/inst_dvid/shift_green_reg[0]
  -------------------------------------------------------------------
                         required time                          9.706    
                         arrival time                          -5.449    
  -------------------------------------------------------------------
                         slack                                  4.257    





Min Delay Paths
--------------------------------------------------------------------------------------
Slack (MET) :             0.205ns  (arrival time - required time)
  Source:                 datapath/video_inst/inst_dvid/shift_blue_reg[9]/C
                            (rising edge-triggered cell FDRE clocked by clk_out2_clk_wiz_0  {rise@0.000ns fall@4.000ns period=8.000ns})
  Destination:            datapath/video_inst/inst_dvid/shift_blue_reg[7]/D
                            (rising edge-triggered cell FDRE clocked by clk_out2_clk_wiz_0  {rise@0.000ns fall@4.000ns period=8.000ns})
  Path Group:             clk_out2_clk_wiz_0
  Path Type:              Hold (Min at Fast Process Corner)
  Requirement:            0.000ns  (clk_out2_clk_wiz_0 rise@0.000ns - clk_out2_clk_wiz_0 rise@0.000ns)
  Data Path Delay:        0.372ns  (logic 0.189ns (50.803%)  route 0.183ns (49.197%))
  Logic Levels:           1  (LUT3=1)
  Clock Path Skew:        0.036ns (DCD - SCD - CPR)
    Destination Clock Delay (DCD):    0.882ns
    Source Clock Delay      (SCD):    0.612ns
    Clock Pessimism Removal (CPR):    0.234ns

    Location             Delay type                Incr(ns)  Path(ns)    Netlist Resource(s)
  -------------------------------------------------------------------    -------------------
                         (clock clk_out2_clk_wiz_0 rise edge)
                                                      0.000     0.000 r  
    BUFGCTRL_X0Y2        BUFG                         0.000     0.000 r  clk_IBUF_BUFG_inst/O
                         net (fo=305, routed)         0.745     0.745    datapath/video_inst/mmcm_adv_inst_display_clocks/inst/clk_in1
    MMCME2_ADV_X1Y0      MMCME2_ADV (Prop_mmcme2_adv_CLKIN1_CLKOUT1)
                                                     -1.683    -0.938 r  datapath/video_inst/mmcm_adv_inst_display_clocks/inst/mmcm_adv_inst/CLKOUT1
                         net (fo=1, routed)           0.912    -0.026    datapath/video_inst/mmcm_adv_inst_display_clocks/inst/clk_out2_clk_wiz_0
    BUFGCTRL_X0Y0        BUFG (Prop_bufg_I_O)         0.026    -0.000 r  datapath/video_inst/mmcm_adv_inst_display_clocks/inst/clkout2_buf/O
                         net (fo=44, routed)          0.612     0.612    datapath/video_inst/inst_dvid/clk_out2
    SLICE_X153Y129       FDRE                                         r  datapath/video_inst/inst_dvid/shift_blue_reg[9]/C
  -------------------------------------------------------------------    -------------------
    SLICE_X153Y129       FDRE (Prop_fdre_C_Q)         0.141     0.753 r  datapath/video_inst/inst_dvid/shift_blue_reg[9]/Q
                         net (fo=1, routed)           0.183     0.936    datapath/video_inst/inst_dvid/shift_blue_reg_n_0_[9]
    SLICE_X154Y129       LUT3 (Prop_lut3_I0_O)        0.048     0.984 r  datapath/video_inst/inst_dvid/shift_blue[7]_i_1/O
                         net (fo=1, routed)           0.000     0.984    datapath/video_inst/inst_dvid/shift_blue[7]
    SLICE_X154Y129       FDRE                                         r  datapath/video_inst/inst_dvid/shift_blue_reg[7]/D
  -------------------------------------------------------------------    -------------------

                         (clock clk_out2_clk_wiz_0 rise edge)
                                                      0.000     0.000 r  
    BUFGCTRL_X0Y2        BUFG                         0.000     0.000 r  clk_IBUF_BUFG_inst/O
                         net (fo=305, routed)         1.022     1.022    datapath/video_inst/mmcm_adv_inst_display_clocks/inst/clk_in1
    MMCME2_ADV_X1Y0      MMCME2_ADV (Prop_mmcme2_adv_CLKIN1_CLKOUT1)
                                                     -2.040    -1.018 r  datapath/video_inst/mmcm_adv_inst_display_clocks/inst/mmcm_adv_inst/CLKOUT1
                         net (fo=1, routed)           0.989    -0.029    datapath/video_inst/mmcm_adv_inst_display_clocks/inst/clk_out2_clk_wiz_0
    BUFGCTRL_X0Y0        BUFG (Prop_bufg_I_O)         0.029    -0.000 r  datapath/video_inst/mmcm_adv_inst_display_clocks/inst/clkout2_buf/O
                         net (fo=44, routed)          0.882     0.882    datapath/video_inst/inst_dvid/clk_out2
    SLICE_X154Y129       FDRE                                         r  datapath/video_inst/inst_dvid/shift_blue_reg[7]/C
                         clock pessimism             -0.234     0.648    
    SLICE_X154Y129       FDRE (Hold_fdre_C_D)         0.131     0.779    datapath/video_inst/inst_dvid/shift_blue_reg[7]
  -------------------------------------------------------------------
                         required time                         -0.779    
                         arrival time                           0.984    
  -------------------------------------------------------------------
                         slack                                  0.205    

Slack (MET) :             0.209ns  (arrival time - required time)
  Source:                 datapath/video_inst/inst_dvid/shift_green_reg[8]/C
                            (rising edge-triggered cell FDRE clocked by clk_out2_clk_wiz_0  {rise@0.000ns fall@4.000ns period=8.000ns})
  Destination:            datapath/video_inst/inst_dvid/shift_green_reg[6]/D
                            (rising edge-triggered cell FDRE clocked by clk_out2_clk_wiz_0  {rise@0.000ns fall@4.000ns period=8.000ns})
  Path Group:             clk_out2_clk_wiz_0
  Path Type:              Hold (Min at Fast Process Corner)
  Requirement:            0.000ns  (clk_out2_clk_wiz_0 rise@0.000ns - clk_out2_clk_wiz_0 rise@0.000ns)
  Data Path Delay:        0.367ns  (logic 0.186ns (50.617%)  route 0.181ns (49.383%))
  Logic Levels:           1  (LUT3=1)
  Clock Path Skew:        0.037ns (DCD - SCD - CPR)
    Destination Clock Delay (DCD):    0.883ns
    Source Clock Delay      (SCD):    0.612ns
    Clock Pessimism Removal (CPR):    0.234ns

    Location             Delay type                Incr(ns)  Path(ns)    Netlist Resource(s)
  -------------------------------------------------------------------    -------------------
                         (clock clk_out2_clk_wiz_0 rise edge)
                                                      0.000     0.000 r  
    BUFGCTRL_X0Y2        BUFG                         0.000     0.000 r  clk_IBUF_BUFG_inst/O
                         net (fo=305, routed)         0.745     0.745    datapath/video_inst/mmcm_adv_inst_display_clocks/inst/clk_in1
    MMCME2_ADV_X1Y0      MMCME2_ADV (Prop_mmcme2_adv_CLKIN1_CLKOUT1)
                                                     -1.683    -0.938 r  datapath/video_inst/mmcm_adv_inst_display_clocks/inst/mmcm_adv_inst/CLKOUT1
                         net (fo=1, routed)           0.912    -0.026    datapath/video_inst/mmcm_adv_inst_display_clocks/inst/clk_out2_clk_wiz_0
    BUFGCTRL_X0Y0        BUFG (Prop_bufg_I_O)         0.026    -0.000 r  datapath/video_inst/mmcm_adv_inst_display_clocks/inst/clkout2_buf/O
                         net (fo=44, routed)          0.612     0.612    datapath/video_inst/inst_dvid/clk_out2
    SLICE_X153Y129       FDRE                                         r  datapath/video_inst/inst_dvid/shift_green_reg[8]/C
  -------------------------------------------------------------------    -------------------
    SLICE_X153Y129       FDRE (Prop_fdre_C_Q)         0.141     0.753 r  datapath/video_inst/inst_dvid/shift_green_reg[8]/Q
                         net (fo=1, routed)           0.181     0.934    datapath/video_inst/inst_dvid/shift_green_reg_n_0_[8]
    SLICE_X154Y130       LUT3 (Prop_lut3_I0_O)        0.045     0.979 r  datapath/video_inst/inst_dvid/shift_green[6]_i_1/O
                         net (fo=1, routed)           0.000     0.979    datapath/video_inst/inst_dvid/shift_green[6]
    SLICE_X154Y130       FDRE                                         r  datapath/video_inst/inst_dvid/shift_green_reg[6]/D
  -------------------------------------------------------------------    -------------------

                         (clock clk_out2_clk_wiz_0 rise edge)
                                                      0.000     0.000 r  
    BUFGCTRL_X0Y2        BUFG                         0.000     0.000 r  clk_IBUF_BUFG_inst/O
                         net (fo=305, routed)         1.022     1.022    datapath/video_inst/mmcm_adv_inst_display_clocks/inst/clk_in1
    MMCME2_ADV_X1Y0      MMCME2_ADV (Prop_mmcme2_adv_CLKIN1_CLKOUT1)
                                                     -2.040    -1.018 r  datapath/video_inst/mmcm_adv_inst_display_clocks/inst/mmcm_adv_inst/CLKOUT1
                         net (fo=1, routed)           0.989    -0.029    datapath/video_inst/mmcm_adv_inst_display_clocks/inst/clk_out2_clk_wiz_0
    BUFGCTRL_X0Y0        BUFG (Prop_bufg_I_O)         0.029    -0.000 r  datapath/video_inst/mmcm_adv_inst_display_clocks/inst/clkout2_buf/O
                         net (fo=44, routed)          0.883     0.883    datapath/video_inst/inst_dvid/clk_out2
    SLICE_X154Y130       FDRE                                         r  datapath/video_inst/inst_dvid/shift_green_reg[6]/C
                         clock pessimism             -0.234     0.649    
    SLICE_X154Y130       FDRE (Hold_fdre_C_D)         0.121     0.770    datapath/video_inst/inst_dvid/shift_green_reg[6]
  -------------------------------------------------------------------
                         required time                         -0.770    
                         arrival time                           0.979    
  -------------------------------------------------------------------
                         slack                                  0.209    

Slack (MET) :             0.213ns  (arrival time - required time)
  Source:                 datapath/video_inst/inst_dvid/shift_green_reg[9]/C
                            (rising edge-triggered cell FDRE clocked by clk_out2_clk_wiz_0  {rise@0.000ns fall@4.000ns period=8.000ns})
  Destination:            datapath/video_inst/inst_dvid/shift_green_reg[7]/D
                            (rising edge-triggered cell FDRE clocked by clk_out2_clk_wiz_0  {rise@0.000ns fall@4.000ns period=8.000ns})
  Path Group:             clk_out2_clk_wiz_0
  Path Type:              Hold (Min at Fast Process Corner)
  Requirement:            0.000ns  (clk_out2_clk_wiz_0 rise@0.000ns - clk_out2_clk_wiz_0 rise@0.000ns)
  Data Path Delay:        0.381ns  (logic 0.185ns (48.497%)  route 0.196ns (51.503%))
  Logic Levels:           1  (LUT3=1)
  Clock Path Skew:        0.037ns (DCD - SCD - CPR)
    Destination Clock Delay (DCD):    0.883ns
    Source Clock Delay      (SCD):    0.612ns
    Clock Pessimism Removal (CPR):    0.234ns

    Location             Delay type                Incr(ns)  Path(ns)    Netlist Resource(s)
  -------------------------------------------------------------------    -------------------
                         (clock clk_out2_clk_wiz_0 rise edge)
                                                      0.000     0.000 r  
    BUFGCTRL_X0Y2        BUFG                         0.000     0.000 r  clk_IBUF_BUFG_inst/O
                         net (fo=305, routed)         0.745     0.745    datapath/video_inst/mmcm_adv_inst_display_clocks/inst/clk_in1
    MMCME2_ADV_X1Y0      MMCME2_ADV (Prop_mmcme2_adv_CLKIN1_CLKOUT1)
                                                     -1.683    -0.938 r  datapath/video_inst/mmcm_adv_inst_display_clocks/inst/mmcm_adv_inst/CLKOUT1
                         net (fo=1, routed)           0.912    -0.026    datapath/video_inst/mmcm_adv_inst_display_clocks/inst/clk_out2_clk_wiz_0
    BUFGCTRL_X0Y0        BUFG (Prop_bufg_I_O)         0.026    -0.000 r  datapath/video_inst/mmcm_adv_inst_display_clocks/inst/clkout2_buf/O
                         net (fo=44, routed)          0.612     0.612    datapath/video_inst/inst_dvid/clk_out2
    SLICE_X153Y129       FDRE                                         r  datapath/video_inst/inst_dvid/shift_green_reg[9]/C
  -------------------------------------------------------------------    -------------------
    SLICE_X153Y129       FDRE (Prop_fdre_C_Q)         0.141     0.753 r  datapath/video_inst/inst_dvid/shift_green_reg[9]/Q
                         net (fo=1, routed)           0.196     0.949    datapath/video_inst/inst_dvid/shift_green_reg_n_0_[9]
    SLICE_X154Y130       LUT3 (Prop_lut3_I0_O)        0.044     0.993 r  datapath/video_inst/inst_dvid/shift_green[7]_i_1/O
                         net (fo=1, routed)           0.000     0.993    datapath/video_inst/inst_dvid/shift_green[7]
    SLICE_X154Y130       FDRE                                         r  datapath/video_inst/inst_dvid/shift_green_reg[7]/D
  -------------------------------------------------------------------    -------------------

                         (clock clk_out2_clk_wiz_0 rise edge)
                                                      0.000     0.000 r  
    BUFGCTRL_X0Y2        BUFG                         0.000     0.000 r  clk_IBUF_BUFG_inst/O
                         net (fo=305, routed)         1.022     1.022    datapath/video_inst/mmcm_adv_inst_display_clocks/inst/clk_in1
    MMCME2_ADV_X1Y0      MMCME2_ADV (Prop_mmcme2_adv_CLKIN1_CLKOUT1)
                                                     -2.040    -1.018 r  datapath/video_inst/mmcm_adv_inst_display_clocks/inst/mmcm_adv_inst/CLKOUT1
                         net (fo=1, routed)           0.989    -0.029    datapath/video_inst/mmcm_adv_inst_display_clocks/inst/clk_out2_clk_wiz_0
    BUFGCTRL_X0Y0        BUFG (Prop_bufg_I_O)         0.029    -0.000 r  datapath/video_inst/mmcm_adv_inst_display_clocks/inst/clkout2_buf/O
                         net (fo=44, routed)          0.883     0.883    datapath/video_inst/inst_dvid/clk_out2
    SLICE_X154Y130       FDRE                                         r  datapath/video_inst/inst_dvid/shift_green_reg[7]/C
                         clock pessimism             -0.234     0.649    
    SLICE_X154Y130       FDRE (Hold_fdre_C_D)         0.131     0.780    datapath/video_inst/inst_dvid/shift_green_reg[7]
  -------------------------------------------------------------------
                         required time                         -0.780    
                         arrival time                           0.993    
  -------------------------------------------------------------------
                         slack                                  0.213    

Slack (MET) :             0.218ns  (arrival time - required time)
  Source:                 datapath/video_inst/inst_dvid/shift_clock_reg[4]/C
                            (rising edge-triggered cell FDRE clocked by clk_out2_clk_wiz_0  {rise@0.000ns fall@4.000ns period=8.000ns})
  Destination:            datapath/video_inst/inst_dvid/shift_clock_reg[2]/D
                            (rising edge-triggered cell FDRE clocked by clk_out2_clk_wiz_0  {rise@0.000ns fall@4.000ns period=8.000ns})
  Path Group:             clk_out2_clk_wiz_0
  Path Type:              Hold (Min at Fast Process Corner)
  Requirement:            0.000ns  (clk_out2_clk_wiz_0 rise@0.000ns - clk_out2_clk_wiz_0 rise@0.000ns)
  Data Path Delay:        0.294ns  (logic 0.141ns (47.930%)  route 0.153ns (52.070%))
  Logic Levels:           0  
  Clock Path Skew:        0.013ns (DCD - SCD - CPR)
    Destination Clock Delay (DCD):    0.922ns
    Source Clock Delay      (SCD):    0.649ns
    Clock Pessimism Removal (CPR):    0.260ns

    Location             Delay type                Incr(ns)  Path(ns)    Netlist Resource(s)
  -------------------------------------------------------------------    -------------------
                         (clock clk_out2_clk_wiz_0 rise edge)
                                                      0.000     0.000 r  
    BUFGCTRL_X0Y2        BUFG                         0.000     0.000 r  clk_IBUF_BUFG_inst/O
                         net (fo=305, routed)         0.745     0.745    datapath/video_inst/mmcm_adv_inst_display_clocks/inst/clk_in1
    MMCME2_ADV_X1Y0      MMCME2_ADV (Prop_mmcme2_adv_CLKIN1_CLKOUT1)
                                                     -1.683    -0.938 r  datapath/video_inst/mmcm_adv_inst_display_clocks/inst/mmcm_adv_inst/CLKOUT1
                         net (fo=1, routed)           0.912    -0.026    datapath/video_inst/mmcm_adv_inst_display_clocks/inst/clk_out2_clk_wiz_0
    BUFGCTRL_X0Y0        BUFG (Prop_bufg_I_O)         0.026    -0.000 r  datapath/video_inst/mmcm_adv_inst_display_clocks/inst/clkout2_buf/O
                         net (fo=44, routed)          0.649     0.649    datapath/video_inst/inst_dvid/clk_out2
    SLICE_X163Y147       FDRE                                         r  datapath/video_inst/inst_dvid/shift_clock_reg[4]/C
  -------------------------------------------------------------------    -------------------
    SLICE_X163Y147       FDRE (Prop_fdre_C_Q)         0.141     0.790 r  datapath/video_inst/inst_dvid/shift_clock_reg[4]/Q
                         net (fo=2, routed)           0.153     0.943    datapath/video_inst/inst_dvid/shift_clock__0[4]
    SLICE_X162Y147       FDRE                                         r  datapath/video_inst/inst_dvid/shift_clock_reg[2]/D
  -------------------------------------------------------------------    -------------------

                         (clock clk_out2_clk_wiz_0 rise edge)
                                                      0.000     0.000 r  
    BUFGCTRL_X0Y2        BUFG                         0.000     0.000 r  clk_IBUF_BUFG_inst/O
                         net (fo=305, routed)         1.022     1.022    datapath/video_inst/mmcm_adv_inst_display_clocks/inst/clk_in1
    MMCME2_ADV_X1Y0      MMCME2_ADV (Prop_mmcme2_adv_CLKIN1_CLKOUT1)
                                                     -2.040    -1.018 r  datapath/video_inst/mmcm_adv_inst_display_clocks/inst/mmcm_adv_inst/CLKOUT1
                         net (fo=1, routed)           0.989    -0.029    datapath/video_inst/mmcm_adv_inst_display_clocks/inst/clk_out2_clk_wiz_0
    BUFGCTRL_X0Y0        BUFG (Prop_bufg_I_O)         0.029    -0.000 r  datapath/video_inst/mmcm_adv_inst_display_clocks/inst/clkout2_buf/O
                         net (fo=44, routed)          0.922     0.922    datapath/video_inst/inst_dvid/clk_out2
    SLICE_X162Y147       FDRE                                         r  datapath/video_inst/inst_dvid/shift_clock_reg[2]/C
                         clock pessimism             -0.260     0.662    
    SLICE_X162Y147       FDRE (Hold_fdre_C_D)         0.063     0.725    datapath/video_inst/inst_dvid/shift_clock_reg[2]
  -------------------------------------------------------------------
                         required time                         -0.725    
                         arrival time                           0.943    
  -------------------------------------------------------------------
                         slack                                  0.218    

Slack (MET) :             0.233ns  (arrival time - required time)
  Source:                 datapath/video_inst/inst_dvid/shift_clock_reg[2]/C
                            (rising edge-triggered cell FDRE clocked by clk_out2_clk_wiz_0  {rise@0.000ns fall@4.000ns period=8.000ns})
  Destination:            datapath/video_inst/inst_dvid/shift_clock_reg[0]/D
                            (rising edge-triggered cell FDRE clocked by clk_out2_clk_wiz_0  {rise@0.000ns fall@4.000ns period=8.000ns})
  Path Group:             clk_out2_clk_wiz_0
  Path Type:              Hold (Min at Fast Process Corner)
  Requirement:            0.000ns  (clk_out2_clk_wiz_0 rise@0.000ns - clk_out2_clk_wiz_0 rise@0.000ns)
  Data Path Delay:        0.292ns  (logic 0.164ns (56.232%)  route 0.128ns (43.768%))
  Logic Levels:           0  
  Clock Path Skew:        0.000ns (DCD - SCD - CPR)
    Destination Clock Delay (DCD):    0.922ns
    Source Clock Delay      (SCD):    0.649ns
    Clock Pessimism Removal (CPR):    0.273ns

    Location             Delay type                Incr(ns)  Path(ns)    Netlist Resource(s)
  -------------------------------------------------------------------    -------------------
                         (clock clk_out2_clk_wiz_0 rise edge)
                                                      0.000     0.000 r  
    BUFGCTRL_X0Y2        BUFG                         0.000     0.000 r  clk_IBUF_BUFG_inst/O
                         net (fo=305, routed)         0.745     0.745    datapath/video_inst/mmcm_adv_inst_display_clocks/inst/clk_in1
    MMCME2_ADV_X1Y0      MMCME2_ADV (Prop_mmcme2_adv_CLKIN1_CLKOUT1)
                                                     -1.683    -0.938 r  datapath/video_inst/mmcm_adv_inst_display_clocks/inst/mmcm_adv_inst/CLKOUT1
                         net (fo=1, routed)           0.912    -0.026    datapath/video_inst/mmcm_adv_inst_display_clocks/inst/clk_out2_clk_wiz_0
    BUFGCTRL_X0Y0        BUFG (Prop_bufg_I_O)         0.026    -0.000 r  datapath/video_inst/mmcm_adv_inst_display_clocks/inst/clkout2_buf/O
                         net (fo=44, routed)          0.649     0.649    datapath/video_inst/inst_dvid/clk_out2
    SLICE_X162Y147       FDRE                                         r  datapath/video_inst/inst_dvid/shift_clock_reg[2]/C
  -------------------------------------------------------------------    -------------------
    SLICE_X162Y147       FDRE (Prop_fdre_C_Q)         0.164     0.813 r  datapath/video_inst/inst_dvid/shift_clock_reg[2]/Q
                         net (fo=2, routed)           0.128     0.940    datapath/video_inst/inst_dvid/shift_clock__0[2]
    SLICE_X162Y147       FDRE                                         r  datapath/video_inst/inst_dvid/shift_clock_reg[0]/D
  -------------------------------------------------------------------    -------------------

                         (clock clk_out2_clk_wiz_0 rise edge)
                                                      0.000     0.000 r  
    BUFGCTRL_X0Y2        BUFG                         0.000     0.000 r  clk_IBUF_BUFG_inst/O
                         net (fo=305, routed)         1.022     1.022    datapath/video_inst/mmcm_adv_inst_display_clocks/inst/clk_in1
    MMCME2_ADV_X1Y0      MMCME2_ADV (Prop_mmcme2_adv_CLKIN1_CLKOUT1)
                                                     -2.040    -1.018 r  datapath/video_inst/mmcm_adv_inst_display_clocks/inst/mmcm_adv_inst/CLKOUT1
                         net (fo=1, routed)           0.989    -0.029    datapath/video_inst/mmcm_adv_inst_display_clocks/inst/clk_out2_clk_wiz_0
    BUFGCTRL_X0Y0        BUFG (Prop_bufg_I_O)         0.029    -0.000 r  datapath/video_inst/mmcm_adv_inst_display_clocks/inst/clkout2_buf/O
                         net (fo=44, routed)          0.922     0.922    datapath/video_inst/inst_dvid/clk_out2
    SLICE_X162Y147       FDRE                                         r  datapath/video_inst/inst_dvid/shift_clock_reg[0]/C
                         clock pessimism             -0.273     0.649    
    SLICE_X162Y147       FDRE (Hold_fdre_C_D)         0.059     0.708    datapath/video_inst/inst_dvid/shift_clock_reg[0]
  -------------------------------------------------------------------
                         required time                         -0.708    
                         arrival time                           0.940    
  -------------------------------------------------------------------
                         slack                                  0.233    

Slack (MET) :             0.235ns  (arrival time - required time)
  Source:                 datapath/video_inst/inst_dvid/shift_clock_reg[3]/C
                            (rising edge-triggered cell FDRE clocked by clk_out2_clk_wiz_0  {rise@0.000ns fall@4.000ns period=8.000ns})
  Destination:            datapath/video_inst/inst_dvid/shift_clock_reg[1]/D
                            (rising edge-triggered cell FDRE clocked by clk_out2_clk_wiz_0  {rise@0.000ns fall@4.000ns period=8.000ns})
  Path Group:             clk_out2_clk_wiz_0
  Path Type:              Hold (Min at Fast Process Corner)
  Requirement:            0.000ns  (clk_out2_clk_wiz_0 rise@0.000ns - clk_out2_clk_wiz_0 rise@0.000ns)
  Data Path Delay:        0.287ns  (logic 0.164ns (57.162%)  route 0.123ns (42.838%))
  Logic Levels:           0  
  Clock Path Skew:        0.000ns (DCD - SCD - CPR)
    Destination Clock Delay (DCD):    0.922ns
    Source Clock Delay      (SCD):    0.649ns
    Clock Pessimism Removal (CPR):    0.273ns

    Location             Delay type                Incr(ns)  Path(ns)    Netlist Resource(s)
  -------------------------------------------------------------------    -------------------
                         (clock clk_out2_clk_wiz_0 rise edge)
                                                      0.000     0.000 r  
    BUFGCTRL_X0Y2        BUFG                         0.000     0.000 r  clk_IBUF_BUFG_inst/O
                         net (fo=305, routed)         0.745     0.745    datapath/video_inst/mmcm_adv_inst_display_clocks/inst/clk_in1
    MMCME2_ADV_X1Y0      MMCME2_ADV (Prop_mmcme2_adv_CLKIN1_CLKOUT1)
                                                     -1.683    -0.938 r  datapath/video_inst/mmcm_adv_inst_display_clocks/inst/mmcm_adv_inst/CLKOUT1
                         net (fo=1, routed)           0.912    -0.026    datapath/video_inst/mmcm_adv_inst_display_clocks/inst/clk_out2_clk_wiz_0
    BUFGCTRL_X0Y0        BUFG (Prop_bufg_I_O)         0.026    -0.000 r  datapath/video_inst/mmcm_adv_inst_display_clocks/inst/clkout2_buf/O
                         net (fo=44, routed)          0.649     0.649    datapath/video_inst/inst_dvid/clk_out2
    SLICE_X162Y147       FDRE                                         r  datapath/video_inst/inst_dvid/shift_clock_reg[3]/C
  -------------------------------------------------------------------    -------------------
    SLICE_X162Y147       FDRE (Prop_fdre_C_Q)         0.164     0.813 r  datapath/video_inst/inst_dvid/shift_clock_reg[3]/Q
                         net (fo=2, routed)           0.123     0.936    datapath/video_inst/inst_dvid/shift_clock__0[3]
    SLICE_X162Y147       FDRE                                         r  datapath/video_inst/inst_dvid/shift_clock_reg[1]/D
  -------------------------------------------------------------------    -------------------

                         (clock clk_out2_clk_wiz_0 rise edge)
                                                      0.000     0.000 r  
    BUFGCTRL_X0Y2        BUFG                         0.000     0.000 r  clk_IBUF_BUFG_inst/O
                         net (fo=305, routed)         1.022     1.022    datapath/video_inst/mmcm_adv_inst_display_clocks/inst/clk_in1
    MMCME2_ADV_X1Y0      MMCME2_ADV (Prop_mmcme2_adv_CLKIN1_CLKOUT1)
                                                     -2.040    -1.018 r  datapath/video_inst/mmcm_adv_inst_display_clocks/inst/mmcm_adv_inst/CLKOUT1
                         net (fo=1, routed)           0.989    -0.029    datapath/video_inst/mmcm_adv_inst_display_clocks/inst/clk_out2_clk_wiz_0
    BUFGCTRL_X0Y0        BUFG (Prop_bufg_I_O)         0.029    -0.000 r  datapath/video_inst/mmcm_adv_inst_display_clocks/inst/clkout2_buf/O
                         net (fo=44, routed)          0.922     0.922    datapath/video_inst/inst_dvid/clk_out2
    SLICE_X162Y147       FDRE                                         r  datapath/video_inst/inst_dvid/shift_clock_reg[1]/C
                         clock pessimism             -0.273     0.649    
    SLICE_X162Y147       FDRE (Hold_fdre_C_D)         0.052     0.701    datapath/video_inst/inst_dvid/shift_clock_reg[1]
  -------------------------------------------------------------------
                         required time                         -0.701    
                         arrival time                           0.936    
  -------------------------------------------------------------------
                         slack                                  0.235    

Slack (MET) :             0.292ns  (arrival time - required time)
  Source:                 datapath/video_inst/inst_dvid/shift_blue_reg[8]/C
                            (rising edge-triggered cell FDRE clocked by clk_out2_clk_wiz_0  {rise@0.000ns fall@4.000ns period=8.000ns})
  Destination:            datapath/video_inst/inst_dvid/shift_blue_reg[6]/D
                            (rising edge-triggered cell FDRE clocked by clk_out2_clk_wiz_0  {rise@0.000ns fall@4.000ns period=8.000ns})
  Path Group:             clk_out2_clk_wiz_0
  Path Type:              Hold (Min at Fast Process Corner)
  Requirement:            0.000ns  (clk_out2_clk_wiz_0 rise@0.000ns - clk_out2_clk_wiz_0 rise@0.000ns)
  Data Path Delay:        0.459ns  (logic 0.184ns (40.082%)  route 0.275ns (59.918%))
  Logic Levels:           1  (LUT3=1)
  Clock Path Skew:        0.036ns (DCD - SCD - CPR)
    Destination Clock Delay (DCD):    0.882ns
    Source Clock Delay      (SCD):    0.612ns
    Clock Pessimism Removal (CPR):    0.234ns

    Location             Delay type                Incr(ns)  Path(ns)    Netlist Resource(s)
  -------------------------------------------------------------------    -------------------
                         (clock clk_out2_clk_wiz_0 rise edge)
                                                      0.000     0.000 r  
    BUFGCTRL_X0Y2        BUFG                         0.000     0.000 r  clk_IBUF_BUFG_inst/O
                         net (fo=305, routed)         0.745     0.745    datapath/video_inst/mmcm_adv_inst_display_clocks/inst/clk_in1
    MMCME2_ADV_X1Y0      MMCME2_ADV (Prop_mmcme2_adv_CLKIN1_CLKOUT1)
                                                     -1.683    -0.938 r  datapath/video_inst/mmcm_adv_inst_display_clocks/inst/mmcm_adv_inst/CLKOUT1
                         net (fo=1, routed)           0.912    -0.026    datapath/video_inst/mmcm_adv_inst_display_clocks/inst/clk_out2_clk_wiz_0
    BUFGCTRL_X0Y0        BUFG (Prop_bufg_I_O)         0.026    -0.000 r  datapath/video_inst/mmcm_adv_inst_display_clocks/inst/clkout2_buf/O
                         net (fo=44, routed)          0.612     0.612    datapath/video_inst/inst_dvid/clk_out2
    SLICE_X153Y129       FDRE                                         r  datapath/video_inst/inst_dvid/shift_blue_reg[8]/C
  -------------------------------------------------------------------    -------------------
    SLICE_X153Y129       FDRE (Prop_fdre_C_Q)         0.141     0.753 r  datapath/video_inst/inst_dvid/shift_blue_reg[8]/Q
                         net (fo=1, routed)           0.275     1.028    datapath/video_inst/inst_dvid/shift_blue_reg_n_0_[8]
    SLICE_X154Y129       LUT3 (Prop_lut3_I0_O)        0.043     1.071 r  datapath/video_inst/inst_dvid/shift_blue[6]_i_1/O
                         net (fo=1, routed)           0.000     1.071    datapath/video_inst/inst_dvid/shift_blue[6]
    SLICE_X154Y129       FDRE                                         r  datapath/video_inst/inst_dvid/shift_blue_reg[6]/D
  -------------------------------------------------------------------    -------------------

                         (clock clk_out2_clk_wiz_0 rise edge)
                                                      0.000     0.000 r  
    BUFGCTRL_X0Y2        BUFG                         0.000     0.000 r  clk_IBUF_BUFG_inst/O
                         net (fo=305, routed)         1.022     1.022    datapath/video_inst/mmcm_adv_inst_display_clocks/inst/clk_in1
    MMCME2_ADV_X1Y0      MMCME2_ADV (Prop_mmcme2_adv_CLKIN1_CLKOUT1)
                                                     -2.040    -1.018 r  datapath/video_inst/mmcm_adv_inst_display_clocks/inst/mmcm_adv_inst/CLKOUT1
                         net (fo=1, routed)           0.989    -0.029    datapath/video_inst/mmcm_adv_inst_display_clocks/inst/clk_out2_clk_wiz_0
    BUFGCTRL_X0Y0        BUFG (Prop_bufg_I_O)         0.029    -0.000 r  datapath/video_inst/mmcm_adv_inst_display_clocks/inst/clkout2_buf/O
                         net (fo=44, routed)          0.882     0.882    datapath/video_inst/inst_dvid/clk_out2
    SLICE_X154Y129       FDRE                                         r  datapath/video_inst/inst_dvid/shift_blue_reg[6]/C
                         clock pessimism             -0.234     0.648    
    SLICE_X154Y129       FDRE (Hold_fdre_C_D)         0.131     0.779    datapath/video_inst/inst_dvid/shift_blue_reg[6]
  -------------------------------------------------------------------
                         required time                         -0.779    
                         arrival time                           1.071    
  -------------------------------------------------------------------
                         slack                                  0.292    

Slack (MET) :             0.292ns  (arrival time - required time)
  Source:                 datapath/video_inst/inst_dvid/shift_red_reg[7]/C
                            (rising edge-triggered cell FDSE clocked by clk_out2_clk_wiz_0  {rise@0.000ns fall@4.000ns period=8.000ns})
  Destination:            datapath/video_inst/inst_dvid/shift_red_reg[5]/D
                            (rising edge-triggered cell FDSE clocked by clk_out2_clk_wiz_0  {rise@0.000ns fall@4.000ns period=8.000ns})
  Path Group:             clk_out2_clk_wiz_0
  Path Type:              Hold (Min at Fast Process Corner)
  Requirement:            0.000ns  (clk_out2_clk_wiz_0 rise@0.000ns - clk_out2_clk_wiz_0 rise@0.000ns)
  Data Path Delay:        0.399ns  (logic 0.184ns (46.095%)  route 0.215ns (53.905%))
  Logic Levels:           1  (LUT2=1)
  Clock Path Skew:        0.000ns (DCD - SCD - CPR)
    Destination Clock Delay (DCD):    0.915ns
    Source Clock Delay      (SCD):    0.644ns
    Clock Pessimism Removal (CPR):    0.271ns

    Location             Delay type                Incr(ns)  Path(ns)    Netlist Resource(s)
  -------------------------------------------------------------------    -------------------
                         (clock clk_out2_clk_wiz_0 rise edge)
                                                      0.000     0.000 r  
    BUFGCTRL_X0Y2        BUFG                         0.000     0.000 r  clk_IBUF_BUFG_inst/O
                         net (fo=305, routed)         0.745     0.745    datapath/video_inst/mmcm_adv_inst_display_clocks/inst/clk_in1
    MMCME2_ADV_X1Y0      MMCME2_ADV (Prop_mmcme2_adv_CLKIN1_CLKOUT1)
                                                     -1.683    -0.938 r  datapath/video_inst/mmcm_adv_inst_display_clocks/inst/mmcm_adv_inst/CLKOUT1
                         net (fo=1, routed)           0.912    -0.026    datapath/video_inst/mmcm_adv_inst_display_clocks/inst/clk_out2_clk_wiz_0
    BUFGCTRL_X0Y0        BUFG (Prop_bufg_I_O)         0.026    -0.000 r  datapath/video_inst/mmcm_adv_inst_display_clocks/inst/clkout2_buf/O
                         net (fo=44, routed)          0.644     0.644    datapath/video_inst/inst_dvid/clk_out2
    SLICE_X161Y134       FDSE                                         r  datapath/video_inst/inst_dvid/shift_red_reg[7]/C
  -------------------------------------------------------------------    -------------------
    SLICE_X161Y134       FDSE (Prop_fdse_C_Q)         0.141     0.785 r  datapath/video_inst/inst_dvid/shift_red_reg[7]/Q
                         net (fo=1, routed)           0.215     1.000    datapath/video_inst/inst_dvid/data1[5]
    SLICE_X161Y134       LUT2 (Prop_lut2_I1_O)        0.043     1.043 r  datapath/video_inst/inst_dvid/shift_red[5]_i_1/O
                         net (fo=1, routed)           0.000     1.043    datapath/video_inst/inst_dvid/shift_red[5]_i_1_n_0
    SLICE_X161Y134       FDSE                                         r  datapath/video_inst/inst_dvid/shift_red_reg[5]/D
  -------------------------------------------------------------------    -------------------

                         (clock clk_out2_clk_wiz_0 rise edge)
                                                      0.000     0.000 r  
    BUFGCTRL_X0Y2        BUFG                         0.000     0.000 r  clk_IBUF_BUFG_inst/O
                         net (fo=305, routed)         1.022     1.022    datapath/video_inst/mmcm_adv_inst_display_clocks/inst/clk_in1
    MMCME2_ADV_X1Y0      MMCME2_ADV (Prop_mmcme2_adv_CLKIN1_CLKOUT1)
                                                     -2.040    -1.018 r  datapath/video_inst/mmcm_adv_inst_display_clocks/inst/mmcm_adv_inst/CLKOUT1
                         net (fo=1, routed)           0.989    -0.029    datapath/video_inst/mmcm_adv_inst_display_clocks/inst/clk_out2_clk_wiz_0
    BUFGCTRL_X0Y0        BUFG (Prop_bufg_I_O)         0.029    -0.000 r  datapath/video_inst/mmcm_adv_inst_display_clocks/inst/clkout2_buf/O
                         net (fo=44, routed)          0.915     0.915    datapath/video_inst/inst_dvid/clk_out2
    SLICE_X161Y134       FDSE                                         r  datapath/video_inst/inst_dvid/shift_red_reg[5]/C
                         clock pessimism             -0.271     0.644    
    SLICE_X161Y134       FDSE (Hold_fdse_C_D)         0.107     0.751    datapath/video_inst/inst_dvid/shift_red_reg[5]
  -------------------------------------------------------------------
                         required time                         -0.751    
                         arrival time                           1.043    
  -------------------------------------------------------------------
                         slack                                  0.292    

Slack (MET) :             0.294ns  (arrival time - required time)
  Source:                 datapath/video_inst/inst_dvid/shift_red_reg[8]/C
                            (rising edge-triggered cell FDRE clocked by clk_out2_clk_wiz_0  {rise@0.000ns fall@4.000ns period=8.000ns})
  Destination:            datapath/video_inst/inst_dvid/shift_red_reg[6]/D
                            (rising edge-triggered cell FDRE clocked by clk_out2_clk_wiz_0  {rise@0.000ns fall@4.000ns period=8.000ns})
  Path Group:             clk_out2_clk_wiz_0
  Path Type:              Hold (Min at Fast Process Corner)
  Requirement:            0.000ns  (clk_out2_clk_wiz_0 rise@0.000ns - clk_out2_clk_wiz_0 rise@0.000ns)
  Data Path Delay:        0.425ns  (logic 0.209ns (49.134%)  route 0.216ns (50.866%))
  Logic Levels:           1  (LUT3=1)
  Clock Path Skew:        0.039ns (DCD - SCD - CPR)
    Destination Clock Delay (DCD):    0.915ns
    Source Clock Delay      (SCD):    0.642ns
    Clock Pessimism Removal (CPR):    0.234ns

    Location             Delay type                Incr(ns)  Path(ns)    Netlist Resource(s)
  -------------------------------------------------------------------    -------------------
                         (clock clk_out2_clk_wiz_0 rise edge)
                                                      0.000     0.000 r  
    BUFGCTRL_X0Y2        BUFG                         0.000     0.000 r  clk_IBUF_BUFG_inst/O
                         net (fo=305, routed)         0.745     0.745    datapath/video_inst/mmcm_adv_inst_display_clocks/inst/clk_in1
    MMCME2_ADV_X1Y0      MMCME2_ADV (Prop_mmcme2_adv_CLKIN1_CLKOUT1)
                                                     -1.683    -0.938 r  datapath/video_inst/mmcm_adv_inst_display_clocks/inst/mmcm_adv_inst/CLKOUT1
                         net (fo=1, routed)           0.912    -0.026    datapath/video_inst/mmcm_adv_inst_display_clocks/inst/clk_out2_clk_wiz_0
    BUFGCTRL_X0Y0        BUFG (Prop_bufg_I_O)         0.026    -0.000 r  datapath/video_inst/mmcm_adv_inst_display_clocks/inst/clkout2_buf/O
                         net (fo=44, routed)          0.642     0.642    datapath/video_inst/inst_dvid/clk_out2
    SLICE_X158Y133       FDRE                                         r  datapath/video_inst/inst_dvid/shift_red_reg[8]/C
  -------------------------------------------------------------------    -------------------
    SLICE_X158Y133       FDRE (Prop_fdre_C_Q)         0.164     0.806 r  datapath/video_inst/inst_dvid/shift_red_reg[8]/Q
                         net (fo=1, routed)           0.216     1.022    datapath/video_inst/inst_dvid/data1[6]
    SLICE_X160Y134       LUT3 (Prop_lut3_I0_O)        0.045     1.067 r  datapath/video_inst/inst_dvid/shift_red[6]_i_1/O
                         net (fo=1, routed)           0.000     1.067    datapath/video_inst/inst_dvid/shift_red[6]
    SLICE_X160Y134       FDRE                                         r  datapath/video_inst/inst_dvid/shift_red_reg[6]/D
  -------------------------------------------------------------------    -------------------

                         (clock clk_out2_clk_wiz_0 rise edge)
                                                      0.000     0.000 r  
    BUFGCTRL_X0Y2        BUFG                         0.000     0.000 r  clk_IBUF_BUFG_inst/O
                         net (fo=305, routed)         1.022     1.022    datapath/video_inst/mmcm_adv_inst_display_clocks/inst/clk_in1
    MMCME2_ADV_X1Y0      MMCME2_ADV (Prop_mmcme2_adv_CLKIN1_CLKOUT1)
                                                     -2.040    -1.018 r  datapath/video_inst/mmcm_adv_inst_display_clocks/inst/mmcm_adv_inst/CLKOUT1
                         net (fo=1, routed)           0.989    -0.029    datapath/video_inst/mmcm_adv_inst_display_clocks/inst/clk_out2_clk_wiz_0
    BUFGCTRL_X0Y0        BUFG (Prop_bufg_I_O)         0.029    -0.000 r  datapath/video_inst/mmcm_adv_inst_display_clocks/inst/clkout2_buf/O
                         net (fo=44, routed)          0.915     0.915    datapath/video_inst/inst_dvid/clk_out2
    SLICE_X160Y134       FDRE                                         r  datapath/video_inst/inst_dvid/shift_red_reg[6]/C
                         clock pessimism             -0.234     0.681    
    SLICE_X160Y134       FDRE (Hold_fdre_C_D)         0.092     0.773    datapath/video_inst/inst_dvid/shift_red_reg[6]
  -------------------------------------------------------------------
                         required time                         -0.773    
                         arrival time                           1.067    
  -------------------------------------------------------------------
                         slack                                  0.294    

Slack (MET) :             0.295ns  (arrival time - required time)
  Source:                 datapath/video_inst/inst_dvid/shift_blue_reg[5]/C
                            (rising edge-triggered cell FDRE clocked by clk_out2_clk_wiz_0  {rise@0.000ns fall@4.000ns period=8.000ns})
  Destination:            datapath/video_inst/inst_dvid/shift_blue_reg[3]/D
                            (rising edge-triggered cell FDRE clocked by clk_out2_clk_wiz_0  {rise@0.000ns fall@4.000ns period=8.000ns})
  Path Group:             clk_out2_clk_wiz_0
  Path Type:              Hold (Min at Fast Process Corner)
  Requirement:            0.000ns  (clk_out2_clk_wiz_0 rise@0.000ns - clk_out2_clk_wiz_0 rise@0.000ns)
  Data Path Delay:        0.426ns  (logic 0.207ns (48.572%)  route 0.219ns (51.428%))
  Logic Levels:           1  (LUT3=1)
  Clock Path Skew:        0.000ns (DCD - SCD - CPR)
    Destination Clock Delay (DCD):    0.882ns
    Source Clock Delay      (SCD):    0.612ns
    Clock Pessimism Removal (CPR):    0.270ns

    Location             Delay type                Incr(ns)  Path(ns)    Netlist Resource(s)
  -------------------------------------------------------------------    -------------------
                         (clock clk_out2_clk_wiz_0 rise edge)
                                                      0.000     0.000 r  
    BUFGCTRL_X0Y2        BUFG                         0.000     0.000 r  clk_IBUF_BUFG_inst/O
                         net (fo=305, routed)         0.745     0.745    datapath/video_inst/mmcm_adv_inst_display_clocks/inst/clk_in1
    MMCME2_ADV_X1Y0      MMCME2_ADV (Prop_mmcme2_adv_CLKIN1_CLKOUT1)
                                                     -1.683    -0.938 r  datapath/video_inst/mmcm_adv_inst_display_clocks/inst/mmcm_adv_inst/CLKOUT1
                         net (fo=1, routed)           0.912    -0.026    datapath/video_inst/mmcm_adv_inst_display_clocks/inst/clk_out2_clk_wiz_0
    BUFGCTRL_X0Y0        BUFG (Prop_bufg_I_O)         0.026    -0.000 r  datapath/video_inst/mmcm_adv_inst_display_clocks/inst/clkout2_buf/O
                         net (fo=44, routed)          0.612     0.612    datapath/video_inst/inst_dvid/clk_out2
    SLICE_X154Y129       FDRE                                         r  datapath/video_inst/inst_dvid/shift_blue_reg[5]/C
  -------------------------------------------------------------------    -------------------
    SLICE_X154Y129       FDRE (Prop_fdre_C_Q)         0.164     0.776 r  datapath/video_inst/inst_dvid/shift_blue_reg[5]/Q
                         net (fo=1, routed)           0.219     0.995    datapath/video_inst/inst_dvid/shift_blue_reg_n_0_[5]
    SLICE_X154Y129       LUT3 (Prop_lut3_I0_O)        0.043     1.038 r  datapath/video_inst/inst_dvid/shift_blue[3]_i_1/O
                         net (fo=1, routed)           0.000     1.038    datapath/video_inst/inst_dvid/shift_blue[3]
    SLICE_X154Y129       FDRE                                         r  datapath/video_inst/inst_dvid/shift_blue_reg[3]/D
  -------------------------------------------------------------------    -------------------

                         (clock clk_out2_clk_wiz_0 rise edge)
                                                      0.000     0.000 r  
    BUFGCTRL_X0Y2        BUFG                         0.000     0.000 r  clk_IBUF_BUFG_inst/O
                         net (fo=305, routed)         1.022     1.022    datapath/video_inst/mmcm_adv_inst_display_clocks/inst/clk_in1
    MMCME2_ADV_X1Y0      MMCME2_ADV (Prop_mmcme2_adv_CLKIN1_CLKOUT1)
                                                     -2.040    -1.018 r  datapath/video_inst/mmcm_adv_inst_display_clocks/inst/mmcm_adv_inst/CLKOUT1
                         net (fo=1, routed)           0.989    -0.029    datapath/video_inst/mmcm_adv_inst_display_clocks/inst/clk_out2_clk_wiz_0
    BUFGCTRL_X0Y0        BUFG (Prop_bufg_I_O)         0.029    -0.000 r  datapath/video_inst/mmcm_adv_inst_display_clocks/inst/clkout2_buf/O
                         net (fo=44, routed)          0.882     0.882    datapath/video_inst/inst_dvid/clk_out2
    SLICE_X154Y129       FDRE                                         r  datapath/video_inst/inst_dvid/shift_blue_reg[3]/C
                         clock pessimism             -0.270     0.612    
    SLICE_X154Y129       FDRE (Hold_fdre_C_D)         0.131     0.743    datapath/video_inst/inst_dvid/shift_blue_reg[3]
  -------------------------------------------------------------------
                         required time                         -0.743    
                         arrival time                           1.038    
  -------------------------------------------------------------------
                         slack                                  0.295    





Pulse Width Checks
--------------------------------------------------------------------------------------
Clock Name:         clk_out2_clk_wiz_0
Waveform(ns):       { 0.000 4.000 }
Period(ns):         8.000
Sources:            { datapath/video_inst/mmcm_adv_inst_display_clocks/inst/mmcm_adv_inst/CLKOUT1 }

Check Type        Corner  Lib Pin             Reference Pin  Required(ns)  Actual(ns)  Slack(ns)  Location         Pin
Min Period        n/a     BUFG/I              n/a            2.155         8.000       5.845      BUFGCTRL_X0Y0    datapath/video_inst/mmcm_adv_inst_display_clocks/inst/clkout2_buf/I
Min Period        n/a     ODDR/C              n/a            1.474         8.000       6.526      OLOGIC_X1Y140    datapath/video_inst/inst_dvid/ODDR2_blue/C
Min Period        n/a     ODDR/C              n/a            1.474         8.000       6.526      OLOGIC_X1Y148    datapath/video_inst/inst_dvid/ODDR2_clock/C
Min Period        n/a     ODDR/C              n/a            1.474         8.000       6.526      OLOGIC_X1Y136    datapath/video_inst/inst_dvid/ODDR2_green/C
Min Period        n/a     ODDR/C              n/a            1.474         8.000       6.526      OLOGIC_X1Y134    datapath/video_inst/inst_dvid/ODDR2_red/C
Min Period        n/a     MMCME2_ADV/CLKOUT1  n/a            1.249         8.000       6.751      MMCME2_ADV_X1Y0  datapath/video_inst/mmcm_adv_inst_display_clocks/inst/mmcm_adv_inst/CLKOUT1
Min Period        n/a     FDRE/C              n/a            1.000         8.000       7.000      SLICE_X154Y129   datapath/video_inst/inst_dvid/shift_blue_reg[0]/C
Min Period        n/a     FDRE/C              n/a            1.000         8.000       7.000      SLICE_X154Y129   datapath/video_inst/inst_dvid/shift_blue_reg[1]/C
Min Period        n/a     FDRE/C              n/a            1.000         8.000       7.000      SLICE_X154Y129   datapath/video_inst/inst_dvid/shift_blue_reg[2]/C
Min Period        n/a     FDRE/C              n/a            1.000         8.000       7.000      SLICE_X154Y129   datapath/video_inst/inst_dvid/shift_blue_reg[3]/C
Max Period        n/a     MMCME2_ADV/CLKOUT1  n/a            213.360       8.000       205.360    MMCME2_ADV_X1Y0  datapath/video_inst/mmcm_adv_inst_display_clocks/inst/mmcm_adv_inst/CLKOUT1
Low Pulse Width   Slow    FDRE/C              n/a            0.500         4.000       3.500      SLICE_X154Y129   datapath/video_inst/inst_dvid/shift_blue_reg[0]/C
Low Pulse Width   Fast    FDRE/C              n/a            0.500         4.000       3.500      SLICE_X154Y129   datapath/video_inst/inst_dvid/shift_blue_reg[0]/C
Low Pulse Width   Slow    FDRE/C              n/a            0.500         4.000       3.500      SLICE_X154Y129   datapath/video_inst/inst_dvid/shift_blue_reg[1]/C
Low Pulse Width   Fast    FDRE/C              n/a            0.500         4.000       3.500      SLICE_X154Y129   datapath/video_inst/inst_dvid/shift_blue_reg[1]/C
Low Pulse Width   Slow    FDRE/C              n/a            0.500         4.000       3.500      SLICE_X154Y129   datapath/video_inst/inst_dvid/shift_blue_reg[2]/C
Low Pulse Width   Fast    FDRE/C              n/a            0.500         4.000       3.500      SLICE_X154Y129   datapath/video_inst/inst_dvid/shift_blue_reg[2]/C
Low Pulse Width   Slow    FDRE/C              n/a            0.500         4.000       3.500      SLICE_X154Y129   datapath/video_inst/inst_dvid/shift_blue_reg[3]/C
Low Pulse Width   Fast    FDRE/C              n/a            0.500         4.000       3.500      SLICE_X154Y129   datapath/video_inst/inst_dvid/shift_blue_reg[3]/C
Low Pulse Width   Slow    FDRE/C              n/a            0.500         4.000       3.500      SLICE_X154Y129   datapath/video_inst/inst_dvid/shift_blue_reg[4]/C
Low Pulse Width   Fast    FDRE/C              n/a            0.500         4.000       3.500      SLICE_X154Y129   datapath/video_inst/inst_dvid/shift_blue_reg[4]/C
High Pulse Width  Slow    FDRE/C              n/a            0.500         4.000       3.500      SLICE_X154Y129   datapath/video_inst/inst_dvid/shift_blue_reg[0]/C
High Pulse Width  Fast    FDRE/C              n/a            0.500         4.000       3.500      SLICE_X154Y129   datapath/video_inst/inst_dvid/shift_blue_reg[0]/C
High Pulse Width  Slow    FDRE/C              n/a            0.500         4.000       3.500      SLICE_X154Y129   datapath/video_inst/inst_dvid/shift_blue_reg[1]/C
High Pulse Width  Fast    FDRE/C              n/a            0.500         4.000       3.500      SLICE_X154Y129   datapath/video_inst/inst_dvid/shift_blue_reg[1]/C
High Pulse Width  Slow    FDRE/C              n/a            0.500         4.000       3.500      SLICE_X154Y129   datapath/video_inst/inst_dvid/shift_blue_reg[2]/C
High Pulse Width  Fast    FDRE/C              n/a            0.500         4.000       3.500      SLICE_X154Y129   datapath/video_inst/inst_dvid/shift_blue_reg[2]/C
High Pulse Width  Slow    FDRE/C              n/a            0.500         4.000       3.500      SLICE_X154Y129   datapath/video_inst/inst_dvid/shift_blue_reg[3]/C
High Pulse Width  Fast    FDRE/C              n/a            0.500         4.000       3.500      SLICE_X154Y129   datapath/video_inst/inst_dvid/shift_blue_reg[3]/C
High Pulse Width  Slow    FDRE/C              n/a            0.500         4.000       3.500      SLICE_X154Y129   datapath/video_inst/inst_dvid/shift_blue_reg[4]/C
High Pulse Width  Fast    FDRE/C              n/a            0.500         4.000       3.500      SLICE_X154Y129   datapath/video_inst/inst_dvid/shift_blue_reg[4]/C



---------------------------------------------------------------------------------------------------
From Clock:  clkfbout_clk_wiz_0
  To Clock:  clkfbout_clk_wiz_0

Setup :           NA  Failing Endpoints,  Worst Slack           NA  ,  Total Violation           NA
Hold  :           NA  Failing Endpoints,  Worst Slack           NA  ,  Total Violation           NA
PW    :            0  Failing Endpoints,  Worst Slack        7.845ns,  Total Violation        0.000ns
---------------------------------------------------------------------------------------------------


Pulse Width Checks
--------------------------------------------------------------------------------------
Clock Name:         clkfbout_clk_wiz_0
Waveform(ns):       { 0.000 5.000 }
Period(ns):         10.000
Sources:            { datapath/video_inst/mmcm_adv_inst_display_clocks/inst/mmcm_adv_inst/CLKFBOUT }

Check Type  Corner  Lib Pin              Reference Pin  Required(ns)  Actual(ns)  Slack(ns)  Location         Pin
Min Period  n/a     BUFG/I               n/a            2.155         10.000      7.845      BUFGCTRL_X0Y6    datapath/video_inst/mmcm_adv_inst_display_clocks/inst/clkf_buf/I
Min Period  n/a     MMCME2_ADV/CLKFBOUT  n/a            1.249         10.000      8.751      MMCME2_ADV_X1Y0  datapath/video_inst/mmcm_adv_inst_display_clocks/inst/mmcm_adv_inst/CLKFBOUT
Min Period  n/a     MMCME2_ADV/CLKFBIN   n/a            1.249         10.000      8.751      MMCME2_ADV_X1Y0  datapath/video_inst/mmcm_adv_inst_display_clocks/inst/mmcm_adv_inst/CLKFBIN
Max Period  n/a     MMCME2_ADV/CLKFBIN   n/a            100.000       10.000      90.000     MMCME2_ADV_X1Y0  datapath/video_inst/mmcm_adv_inst_display_clocks/inst/mmcm_adv_inst/CLKFBIN
Max Period  n/a     MMCME2_ADV/CLKFBOUT  n/a            213.360       10.000      203.360    MMCME2_ADV_X1Y0  datapath/video_inst/mmcm_adv_inst_display_clocks/inst/mmcm_adv_inst/CLKFBOUT



---------------------------------------------------------------------------------------------------
From Clock:  clk_out1_clk_wiz_0
  To Clock:  clk_out2_clk_wiz_0

Setup :            0  Failing Endpoints,  Worst Slack        4.491ns,  Total Violation        0.000ns
Hold  :            0  Failing Endpoints,  Worst Slack        0.140ns,  Total Violation        0.000ns
---------------------------------------------------------------------------------------------------


Max Delay Paths
--------------------------------------------------------------------------------------
Slack (MET) :             4.491ns  (required time - arrival time)
  Source:                 datapath/video_inst/inst_dvid/latched_red_reg[0]/C
                            (rising edge-triggered cell FDRE clocked by clk_out1_clk_wiz_0  {rise@0.000ns fall@20.000ns period=40.000ns})
  Destination:            datapath/video_inst/inst_dvid/shift_red_reg[0]/S
                            (rising edge-triggered cell FDSE clocked by clk_out2_clk_wiz_0  {rise@0.000ns fall@4.000ns period=8.000ns})
  Path Group:             clk_out2_clk_wiz_0
  Path Type:              Setup (Max at Slow Process Corner)
  Requirement:            8.000ns  (clk_out2_clk_wiz_0 rise@8.000ns - clk_out1_clk_wiz_0 rise@0.000ns)
  Data Path Delay:        2.623ns  (logic 0.580ns (22.112%)  route 2.043ns (77.888%))
  Logic Levels:           1  (LUT2=1)
  Clock Path Skew:        -0.242ns (DCD - SCD + CPR)
    Destination Clock Delay (DCD):    1.707ns = ( 9.707 - 8.000 ) 
    Source Clock Delay      (SCD):    1.821ns
    Clock Pessimism Removal (CPR):    -0.128ns
  Clock Uncertainty:      0.215ns  ((TSJ^2 + DJ^2)^1/2) / 2 + PE
    Total System Jitter     (TSJ):    0.071ns
    Discrete Jitter          (DJ):    0.175ns
    Phase Error              (PE):    0.120ns

    Location             Delay type                Incr(ns)  Path(ns)    Netlist Resource(s)
  -------------------------------------------------------------------    -------------------
                         (clock clk_out1_clk_wiz_0 rise edge)
                                                      0.000     0.000 r  
    BUFGCTRL_X0Y2        BUFG                         0.000     0.000 r  clk_IBUF_BUFG_inst/O
                         net (fo=305, routed)         2.106     2.106    datapath/video_inst/mmcm_adv_inst_display_clocks/inst/clk_in1
    MMCME2_ADV_X1Y0      MMCME2_ADV (Prop_mmcme2_adv_CLKIN1_CLKOUT0)
                                                     -4.900    -2.793 r  datapath/video_inst/mmcm_adv_inst_display_clocks/inst/mmcm_adv_inst/CLKOUT0
                         net (fo=1, routed)           2.697    -0.096    datapath/video_inst/mmcm_adv_inst_display_clocks/inst/clk_out1_clk_wiz_0
    BUFGCTRL_X0Y4        BUFG (Prop_bufg_I_O)         0.096    -0.000 r  datapath/video_inst/mmcm_adv_inst_display_clocks/inst/clkout1_buf/O
                         net (fo=87, routed)          1.821     1.821    datapath/video_inst/inst_dvid/CLK
    SLICE_X159Y132       FDRE                                         r  datapath/video_inst/inst_dvid/latched_red_reg[0]/C
  -------------------------------------------------------------------    -------------------
    SLICE_X159Y132       FDRE (Prop_fdre_C_Q)         0.456     2.277 r  datapath/video_inst/inst_dvid/latched_red_reg[0]/Q
                         net (fo=1, routed)           1.269     3.547    datapath/video_inst/inst_dvid/latched_red[0]
    SLICE_X161Y134       LUT2 (Prop_lut2_I0_O)        0.124     3.671 r  datapath/video_inst/inst_dvid/shift_red[7]_i_1/O
                         net (fo=5, routed)           0.774     4.444    datapath/video_inst/inst_dvid/shift_red[7]_i_1_n_0
    SLICE_X161Y134       FDSE                                         r  datapath/video_inst/inst_dvid/shift_red_reg[0]/S
  -------------------------------------------------------------------    -------------------

                         (clock clk_out2_clk_wiz_0 rise edge)
                                                      8.000     8.000 r  
    BUFGCTRL_X0Y2        BUFG                         0.000     8.000 r  clk_IBUF_BUFG_inst/O
                         net (fo=305, routed)         1.972     9.972    datapath/video_inst/mmcm_adv_inst_display_clocks/inst/clk_in1
    MMCME2_ADV_X1Y0      MMCME2_ADV (Prop_mmcme2_adv_CLKIN1_CLKOUT1)
                                                     -4.637     5.335 r  datapath/video_inst/mmcm_adv_inst_display_clocks/inst/mmcm_adv_inst/CLKOUT1
                         net (fo=1, routed)           2.574     7.909    datapath/video_inst/mmcm_adv_inst_display_clocks/inst/clk_out2_clk_wiz_0
    BUFGCTRL_X0Y0        BUFG (Prop_bufg_I_O)         0.091     8.000 r  datapath/video_inst/mmcm_adv_inst_display_clocks/inst/clkout2_buf/O
                         net (fo=44, routed)          1.707     9.707    datapath/video_inst/inst_dvid/clk_out2
    SLICE_X161Y134       FDSE                                         r  datapath/video_inst/inst_dvid/shift_red_reg[0]/C
                         clock pessimism             -0.128     9.579    
                         clock uncertainty           -0.215     9.365    
    SLICE_X161Y134       FDSE (Setup_fdse_C_S)       -0.429     8.936    datapath/video_inst/inst_dvid/shift_red_reg[0]
  -------------------------------------------------------------------
                         required time                          8.936    
                         arrival time                          -4.444    
  -------------------------------------------------------------------
                         slack                                  4.491    

Slack (MET) :             4.491ns  (required time - arrival time)
  Source:                 datapath/video_inst/inst_dvid/latched_red_reg[0]/C
                            (rising edge-triggered cell FDRE clocked by clk_out1_clk_wiz_0  {rise@0.000ns fall@20.000ns period=40.000ns})
  Destination:            datapath/video_inst/inst_dvid/shift_red_reg[1]/S
                            (rising edge-triggered cell FDSE clocked by clk_out2_clk_wiz_0  {rise@0.000ns fall@4.000ns period=8.000ns})
  Path Group:             clk_out2_clk_wiz_0
  Path Type:              Setup (Max at Slow Process Corner)
  Requirement:            8.000ns  (clk_out2_clk_wiz_0 rise@8.000ns - clk_out1_clk_wiz_0 rise@0.000ns)
  Data Path Delay:        2.623ns  (logic 0.580ns (22.112%)  route 2.043ns (77.888%))
  Logic Levels:           1  (LUT2=1)
  Clock Path Skew:        -0.242ns (DCD - SCD + CPR)
    Destination Clock Delay (DCD):    1.707ns = ( 9.707 - 8.000 ) 
    Source Clock Delay      (SCD):    1.821ns
    Clock Pessimism Removal (CPR):    -0.128ns
  Clock Uncertainty:      0.215ns  ((TSJ^2 + DJ^2)^1/2) / 2 + PE
    Total System Jitter     (TSJ):    0.071ns
    Discrete Jitter          (DJ):    0.175ns
    Phase Error              (PE):    0.120ns

    Location             Delay type                Incr(ns)  Path(ns)    Netlist Resource(s)
  -------------------------------------------------------------------    -------------------
                         (clock clk_out1_clk_wiz_0 rise edge)
                                                      0.000     0.000 r  
    BUFGCTRL_X0Y2        BUFG                         0.000     0.000 r  clk_IBUF_BUFG_inst/O
                         net (fo=305, routed)         2.106     2.106    datapath/video_inst/mmcm_adv_inst_display_clocks/inst/clk_in1
    MMCME2_ADV_X1Y0      MMCME2_ADV (Prop_mmcme2_adv_CLKIN1_CLKOUT0)
                                                     -4.900    -2.793 r  datapath/video_inst/mmcm_adv_inst_display_clocks/inst/mmcm_adv_inst/CLKOUT0
                         net (fo=1, routed)           2.697    -0.096    datapath/video_inst/mmcm_adv_inst_display_clocks/inst/clk_out1_clk_wiz_0
    BUFGCTRL_X0Y4        BUFG (Prop_bufg_I_O)         0.096    -0.000 r  datapath/video_inst/mmcm_adv_inst_display_clocks/inst/clkout1_buf/O
                         net (fo=87, routed)          1.821     1.821    datapath/video_inst/inst_dvid/CLK
    SLICE_X159Y132       FDRE                                         r  datapath/video_inst/inst_dvid/latched_red_reg[0]/C
  -------------------------------------------------------------------    -------------------
    SLICE_X159Y132       FDRE (Prop_fdre_C_Q)         0.456     2.277 r  datapath/video_inst/inst_dvid/latched_red_reg[0]/Q
                         net (fo=1, routed)           1.269     3.547    datapath/video_inst/inst_dvid/latched_red[0]
    SLICE_X161Y134       LUT2 (Prop_lut2_I0_O)        0.124     3.671 r  datapath/video_inst/inst_dvid/shift_red[7]_i_1/O
                         net (fo=5, routed)           0.774     4.444    datapath/video_inst/inst_dvid/shift_red[7]_i_1_n_0
    SLICE_X161Y134       FDSE                                         r  datapath/video_inst/inst_dvid/shift_red_reg[1]/S
  -------------------------------------------------------------------    -------------------

                         (clock clk_out2_clk_wiz_0 rise edge)
                                                      8.000     8.000 r  
    BUFGCTRL_X0Y2        BUFG                         0.000     8.000 r  clk_IBUF_BUFG_inst/O
                         net (fo=305, routed)         1.972     9.972    datapath/video_inst/mmcm_adv_inst_display_clocks/inst/clk_in1
    MMCME2_ADV_X1Y0      MMCME2_ADV (Prop_mmcme2_adv_CLKIN1_CLKOUT1)
                                                     -4.637     5.335 r  datapath/video_inst/mmcm_adv_inst_display_clocks/inst/mmcm_adv_inst/CLKOUT1
                         net (fo=1, routed)           2.574     7.909    datapath/video_inst/mmcm_adv_inst_display_clocks/inst/clk_out2_clk_wiz_0
    BUFGCTRL_X0Y0        BUFG (Prop_bufg_I_O)         0.091     8.000 r  datapath/video_inst/mmcm_adv_inst_display_clocks/inst/clkout2_buf/O
                         net (fo=44, routed)          1.707     9.707    datapath/video_inst/inst_dvid/clk_out2
    SLICE_X161Y134       FDSE                                         r  datapath/video_inst/inst_dvid/shift_red_reg[1]/C
                         clock pessimism             -0.128     9.579    
                         clock uncertainty           -0.215     9.365    
    SLICE_X161Y134       FDSE (Setup_fdse_C_S)       -0.429     8.936    datapath/video_inst/inst_dvid/shift_red_reg[1]
  -------------------------------------------------------------------
                         required time                          8.936    
                         arrival time                          -4.444    
  -------------------------------------------------------------------
                         slack                                  4.491    

Slack (MET) :             4.491ns  (required time - arrival time)
  Source:                 datapath/video_inst/inst_dvid/latched_red_reg[0]/C
                            (rising edge-triggered cell FDRE clocked by clk_out1_clk_wiz_0  {rise@0.000ns fall@20.000ns period=40.000ns})
  Destination:            datapath/video_inst/inst_dvid/shift_red_reg[3]/S
                            (rising edge-triggered cell FDSE clocked by clk_out2_clk_wiz_0  {rise@0.000ns fall@4.000ns period=8.000ns})
  Path Group:             clk_out2_clk_wiz_0
  Path Type:              Setup (Max at Slow Process Corner)
  Requirement:            8.000ns  (clk_out2_clk_wiz_0 rise@8.000ns - clk_out1_clk_wiz_0 rise@0.000ns)
  Data Path Delay:        2.623ns  (logic 0.580ns (22.112%)  route 2.043ns (77.888%))
  Logic Levels:           1  (LUT2=1)
  Clock Path Skew:        -0.242ns (DCD - SCD + CPR)
    Destination Clock Delay (DCD):    1.707ns = ( 9.707 - 8.000 ) 
    Source Clock Delay      (SCD):    1.821ns
    Clock Pessimism Removal (CPR):    -0.128ns
  Clock Uncertainty:      0.215ns  ((TSJ^2 + DJ^2)^1/2) / 2 + PE
    Total System Jitter     (TSJ):    0.071ns
    Discrete Jitter          (DJ):    0.175ns
    Phase Error              (PE):    0.120ns

    Location             Delay type                Incr(ns)  Path(ns)    Netlist Resource(s)
  -------------------------------------------------------------------    -------------------
                         (clock clk_out1_clk_wiz_0 rise edge)
                                                      0.000     0.000 r  
    BUFGCTRL_X0Y2        BUFG                         0.000     0.000 r  clk_IBUF_BUFG_inst/O
                         net (fo=305, routed)         2.106     2.106    datapath/video_inst/mmcm_adv_inst_display_clocks/inst/clk_in1
    MMCME2_ADV_X1Y0      MMCME2_ADV (Prop_mmcme2_adv_CLKIN1_CLKOUT0)
                                                     -4.900    -2.793 r  datapath/video_inst/mmcm_adv_inst_display_clocks/inst/mmcm_adv_inst/CLKOUT0
                         net (fo=1, routed)           2.697    -0.096    datapath/video_inst/mmcm_adv_inst_display_clocks/inst/clk_out1_clk_wiz_0
    BUFGCTRL_X0Y4        BUFG (Prop_bufg_I_O)         0.096    -0.000 r  datapath/video_inst/mmcm_adv_inst_display_clocks/inst/clkout1_buf/O
                         net (fo=87, routed)          1.821     1.821    datapath/video_inst/inst_dvid/CLK
    SLICE_X159Y132       FDRE                                         r  datapath/video_inst/inst_dvid/latched_red_reg[0]/C
  -------------------------------------------------------------------    -------------------
    SLICE_X159Y132       FDRE (Prop_fdre_C_Q)         0.456     2.277 r  datapath/video_inst/inst_dvid/latched_red_reg[0]/Q
                         net (fo=1, routed)           1.269     3.547    datapath/video_inst/inst_dvid/latched_red[0]
    SLICE_X161Y134       LUT2 (Prop_lut2_I0_O)        0.124     3.671 r  datapath/video_inst/inst_dvid/shift_red[7]_i_1/O
                         net (fo=5, routed)           0.774     4.444    datapath/video_inst/inst_dvid/shift_red[7]_i_1_n_0
    SLICE_X161Y134       FDSE                                         r  datapath/video_inst/inst_dvid/shift_red_reg[3]/S
  -------------------------------------------------------------------    -------------------

                         (clock clk_out2_clk_wiz_0 rise edge)
                                                      8.000     8.000 r  
    BUFGCTRL_X0Y2        BUFG                         0.000     8.000 r  clk_IBUF_BUFG_inst/O
                         net (fo=305, routed)         1.972     9.972    datapath/video_inst/mmcm_adv_inst_display_clocks/inst/clk_in1
    MMCME2_ADV_X1Y0      MMCME2_ADV (Prop_mmcme2_adv_CLKIN1_CLKOUT1)
                                                     -4.637     5.335 r  datapath/video_inst/mmcm_adv_inst_display_clocks/inst/mmcm_adv_inst/CLKOUT1
                         net (fo=1, routed)           2.574     7.909    datapath/video_inst/mmcm_adv_inst_display_clocks/inst/clk_out2_clk_wiz_0
    BUFGCTRL_X0Y0        BUFG (Prop_bufg_I_O)         0.091     8.000 r  datapath/video_inst/mmcm_adv_inst_display_clocks/inst/clkout2_buf/O
                         net (fo=44, routed)          1.707     9.707    datapath/video_inst/inst_dvid/clk_out2
    SLICE_X161Y134       FDSE                                         r  datapath/video_inst/inst_dvid/shift_red_reg[3]/C
                         clock pessimism             -0.128     9.579    
                         clock uncertainty           -0.215     9.365    
    SLICE_X161Y134       FDSE (Setup_fdse_C_S)       -0.429     8.936    datapath/video_inst/inst_dvid/shift_red_reg[3]
  -------------------------------------------------------------------
                         required time                          8.936    
                         arrival time                          -4.444    
  -------------------------------------------------------------------
                         slack                                  4.491    

Slack (MET) :             4.491ns  (required time - arrival time)
  Source:                 datapath/video_inst/inst_dvid/latched_red_reg[0]/C
                            (rising edge-triggered cell FDRE clocked by clk_out1_clk_wiz_0  {rise@0.000ns fall@20.000ns period=40.000ns})
  Destination:            datapath/video_inst/inst_dvid/shift_red_reg[5]/S
                            (rising edge-triggered cell FDSE clocked by clk_out2_clk_wiz_0  {rise@0.000ns fall@4.000ns period=8.000ns})
  Path Group:             clk_out2_clk_wiz_0
  Path Type:              Setup (Max at Slow Process Corner)
  Requirement:            8.000ns  (clk_out2_clk_wiz_0 rise@8.000ns - clk_out1_clk_wiz_0 rise@0.000ns)
  Data Path Delay:        2.623ns  (logic 0.580ns (22.112%)  route 2.043ns (77.888%))
  Logic Levels:           1  (LUT2=1)
  Clock Path Skew:        -0.242ns (DCD - SCD + CPR)
    Destination Clock Delay (DCD):    1.707ns = ( 9.707 - 8.000 ) 
    Source Clock Delay      (SCD):    1.821ns
    Clock Pessimism Removal (CPR):    -0.128ns
  Clock Uncertainty:      0.215ns  ((TSJ^2 + DJ^2)^1/2) / 2 + PE
    Total System Jitter     (TSJ):    0.071ns
    Discrete Jitter          (DJ):    0.175ns
    Phase Error              (PE):    0.120ns

    Location             Delay type                Incr(ns)  Path(ns)    Netlist Resource(s)
  -------------------------------------------------------------------    -------------------
                         (clock clk_out1_clk_wiz_0 rise edge)
                                                      0.000     0.000 r  
    BUFGCTRL_X0Y2        BUFG                         0.000     0.000 r  clk_IBUF_BUFG_inst/O
                         net (fo=305, routed)         2.106     2.106    datapath/video_inst/mmcm_adv_inst_display_clocks/inst/clk_in1
    MMCME2_ADV_X1Y0      MMCME2_ADV (Prop_mmcme2_adv_CLKIN1_CLKOUT0)
                                                     -4.900    -2.793 r  datapath/video_inst/mmcm_adv_inst_display_clocks/inst/mmcm_adv_inst/CLKOUT0
                         net (fo=1, routed)           2.697    -0.096    datapath/video_inst/mmcm_adv_inst_display_clocks/inst/clk_out1_clk_wiz_0
    BUFGCTRL_X0Y4        BUFG (Prop_bufg_I_O)         0.096    -0.000 r  datapath/video_inst/mmcm_adv_inst_display_clocks/inst/clkout1_buf/O
                         net (fo=87, routed)          1.821     1.821    datapath/video_inst/inst_dvid/CLK
    SLICE_X159Y132       FDRE                                         r  datapath/video_inst/inst_dvid/latched_red_reg[0]/C
  -------------------------------------------------------------------    -------------------
    SLICE_X159Y132       FDRE (Prop_fdre_C_Q)         0.456     2.277 r  datapath/video_inst/inst_dvid/latched_red_reg[0]/Q
                         net (fo=1, routed)           1.269     3.547    datapath/video_inst/inst_dvid/latched_red[0]
    SLICE_X161Y134       LUT2 (Prop_lut2_I0_O)        0.124     3.671 r  datapath/video_inst/inst_dvid/shift_red[7]_i_1/O
                         net (fo=5, routed)           0.774     4.444    datapath/video_inst/inst_dvid/shift_red[7]_i_1_n_0
    SLICE_X161Y134       FDSE                                         r  datapath/video_inst/inst_dvid/shift_red_reg[5]/S
  -------------------------------------------------------------------    -------------------

                         (clock clk_out2_clk_wiz_0 rise edge)
                                                      8.000     8.000 r  
    BUFGCTRL_X0Y2        BUFG                         0.000     8.000 r  clk_IBUF_BUFG_inst/O
                         net (fo=305, routed)         1.972     9.972    datapath/video_inst/mmcm_adv_inst_display_clocks/inst/clk_in1
    MMCME2_ADV_X1Y0      MMCME2_ADV (Prop_mmcme2_adv_CLKIN1_CLKOUT1)
                                                     -4.637     5.335 r  datapath/video_inst/mmcm_adv_inst_display_clocks/inst/mmcm_adv_inst/CLKOUT1
                         net (fo=1, routed)           2.574     7.909    datapath/video_inst/mmcm_adv_inst_display_clocks/inst/clk_out2_clk_wiz_0
    BUFGCTRL_X0Y0        BUFG (Prop_bufg_I_O)         0.091     8.000 r  datapath/video_inst/mmcm_adv_inst_display_clocks/inst/clkout2_buf/O
                         net (fo=44, routed)          1.707     9.707    datapath/video_inst/inst_dvid/clk_out2
    SLICE_X161Y134       FDSE                                         r  datapath/video_inst/inst_dvid/shift_red_reg[5]/C
                         clock pessimism             -0.128     9.579    
                         clock uncertainty           -0.215     9.365    
    SLICE_X161Y134       FDSE (Setup_fdse_C_S)       -0.429     8.936    datapath/video_inst/inst_dvid/shift_red_reg[5]
  -------------------------------------------------------------------
                         required time                          8.936    
                         arrival time                          -4.444    
  -------------------------------------------------------------------
                         slack                                  4.491    

Slack (MET) :             4.491ns  (required time - arrival time)
  Source:                 datapath/video_inst/inst_dvid/latched_red_reg[0]/C
                            (rising edge-triggered cell FDRE clocked by clk_out1_clk_wiz_0  {rise@0.000ns fall@20.000ns period=40.000ns})
  Destination:            datapath/video_inst/inst_dvid/shift_red_reg[7]/S
                            (rising edge-triggered cell FDSE clocked by clk_out2_clk_wiz_0  {rise@0.000ns fall@4.000ns period=8.000ns})
  Path Group:             clk_out2_clk_wiz_0
  Path Type:              Setup (Max at Slow Process Corner)
  Requirement:            8.000ns  (clk_out2_clk_wiz_0 rise@8.000ns - clk_out1_clk_wiz_0 rise@0.000ns)
  Data Path Delay:        2.623ns  (logic 0.580ns (22.112%)  route 2.043ns (77.888%))
  Logic Levels:           1  (LUT2=1)
  Clock Path Skew:        -0.242ns (DCD - SCD + CPR)
    Destination Clock Delay (DCD):    1.707ns = ( 9.707 - 8.000 ) 
    Source Clock Delay      (SCD):    1.821ns
    Clock Pessimism Removal (CPR):    -0.128ns
  Clock Uncertainty:      0.215ns  ((TSJ^2 + DJ^2)^1/2) / 2 + PE
    Total System Jitter     (TSJ):    0.071ns
    Discrete Jitter          (DJ):    0.175ns
    Phase Error              (PE):    0.120ns

    Location             Delay type                Incr(ns)  Path(ns)    Netlist Resource(s)
  -------------------------------------------------------------------    -------------------
                         (clock clk_out1_clk_wiz_0 rise edge)
                                                      0.000     0.000 r  
    BUFGCTRL_X0Y2        BUFG                         0.000     0.000 r  clk_IBUF_BUFG_inst/O
                         net (fo=305, routed)         2.106     2.106    datapath/video_inst/mmcm_adv_inst_display_clocks/inst/clk_in1
    MMCME2_ADV_X1Y0      MMCME2_ADV (Prop_mmcme2_adv_CLKIN1_CLKOUT0)
                                                     -4.900    -2.793 r  datapath/video_inst/mmcm_adv_inst_display_clocks/inst/mmcm_adv_inst/CLKOUT0
                         net (fo=1, routed)           2.697    -0.096    datapath/video_inst/mmcm_adv_inst_display_clocks/inst/clk_out1_clk_wiz_0
    BUFGCTRL_X0Y4        BUFG (Prop_bufg_I_O)         0.096    -0.000 r  datapath/video_inst/mmcm_adv_inst_display_clocks/inst/clkout1_buf/O
                         net (fo=87, routed)          1.821     1.821    datapath/video_inst/inst_dvid/CLK
    SLICE_X159Y132       FDRE                                         r  datapath/video_inst/inst_dvid/latched_red_reg[0]/C
  -------------------------------------------------------------------    -------------------
    SLICE_X159Y132       FDRE (Prop_fdre_C_Q)         0.456     2.277 r  datapath/video_inst/inst_dvid/latched_red_reg[0]/Q
                         net (fo=1, routed)           1.269     3.547    datapath/video_inst/inst_dvid/latched_red[0]
    SLICE_X161Y134       LUT2 (Prop_lut2_I0_O)        0.124     3.671 r  datapath/video_inst/inst_dvid/shift_red[7]_i_1/O
                         net (fo=5, routed)           0.774     4.444    datapath/video_inst/inst_dvid/shift_red[7]_i_1_n_0
    SLICE_X161Y134       FDSE                                         r  datapath/video_inst/inst_dvid/shift_red_reg[7]/S
  -------------------------------------------------------------------    -------------------

                         (clock clk_out2_clk_wiz_0 rise edge)
                                                      8.000     8.000 r  
    BUFGCTRL_X0Y2        BUFG                         0.000     8.000 r  clk_IBUF_BUFG_inst/O
                         net (fo=305, routed)         1.972     9.972    datapath/video_inst/mmcm_adv_inst_display_clocks/inst/clk_in1
    MMCME2_ADV_X1Y0      MMCME2_ADV (Prop_mmcme2_adv_CLKIN1_CLKOUT1)
                                                     -4.637     5.335 r  datapath/video_inst/mmcm_adv_inst_display_clocks/inst/mmcm_adv_inst/CLKOUT1
                         net (fo=1, routed)           2.574     7.909    datapath/video_inst/mmcm_adv_inst_display_clocks/inst/clk_out2_clk_wiz_0
    BUFGCTRL_X0Y0        BUFG (Prop_bufg_I_O)         0.091     8.000 r  datapath/video_inst/mmcm_adv_inst_display_clocks/inst/clkout2_buf/O
                         net (fo=44, routed)          1.707     9.707    datapath/video_inst/inst_dvid/clk_out2
    SLICE_X161Y134       FDSE                                         r  datapath/video_inst/inst_dvid/shift_red_reg[7]/C
                         clock pessimism             -0.128     9.579    
                         clock uncertainty           -0.215     9.365    
    SLICE_X161Y134       FDSE (Setup_fdse_C_S)       -0.429     8.936    datapath/video_inst/inst_dvid/shift_red_reg[7]
  -------------------------------------------------------------------
                         required time                          8.936    
                         arrival time                          -4.444    
  -------------------------------------------------------------------
                         slack                                  4.491    

Slack (MET) :             4.845ns  (required time - arrival time)
  Source:                 datapath/video_inst/inst_dvid/latched_green_reg[0]/C
                            (rising edge-triggered cell FDRE clocked by clk_out1_clk_wiz_0  {rise@0.000ns fall@20.000ns period=40.000ns})
  Destination:            datapath/video_inst/inst_dvid/shift_green_reg[7]/D
                            (rising edge-triggered cell FDRE clocked by clk_out2_clk_wiz_0  {rise@0.000ns fall@4.000ns period=8.000ns})
  Path Group:             clk_out2_clk_wiz_0
  Path Type:              Setup (Max at Slow Process Corner)
  Requirement:            8.000ns  (clk_out2_clk_wiz_0 rise@8.000ns - clk_out1_clk_wiz_0 rise@0.000ns)
  Data Path Delay:        2.814ns  (logic 0.811ns (28.824%)  route 2.003ns (71.176%))
  Logic Levels:           1  (LUT3=1)
  Clock Path Skew:        -0.245ns (DCD - SCD + CPR)
    Destination Clock Delay (DCD):    1.626ns = ( 9.626 - 8.000 ) 
    Source Clock Delay      (SCD):    1.743ns
    Clock Pessimism Removal (CPR):    -0.128ns
  Clock Uncertainty:      0.215ns  ((TSJ^2 + DJ^2)^1/2) / 2 + PE
    Total System Jitter     (TSJ):    0.071ns
    Discrete Jitter          (DJ):    0.175ns
    Phase Error              (PE):    0.120ns

    Location             Delay type                Incr(ns)  Path(ns)    Netlist Resource(s)
  -------------------------------------------------------------------    -------------------
                         (clock clk_out1_clk_wiz_0 rise edge)
                                                      0.000     0.000 r  
    BUFGCTRL_X0Y2        BUFG                         0.000     0.000 r  clk_IBUF_BUFG_inst/O
                         net (fo=305, routed)         2.106     2.106    datapath/video_inst/mmcm_adv_inst_display_clocks/inst/clk_in1
    MMCME2_ADV_X1Y0      MMCME2_ADV (Prop_mmcme2_adv_CLKIN1_CLKOUT0)
                                                     -4.900    -2.793 r  datapath/video_inst/mmcm_adv_inst_display_clocks/inst/mmcm_adv_inst/CLKOUT0
                         net (fo=1, routed)           2.697    -0.096    datapath/video_inst/mmcm_adv_inst_display_clocks/inst/clk_out1_clk_wiz_0
    BUFGCTRL_X0Y4        BUFG (Prop_bufg_I_O)         0.096    -0.000 r  datapath/video_inst/mmcm_adv_inst_display_clocks/inst/clkout1_buf/O
                         net (fo=87, routed)          1.743     1.743    datapath/video_inst/inst_dvid/CLK
    SLICE_X152Y129       FDRE                                         r  datapath/video_inst/inst_dvid/latched_green_reg[0]/C
  -------------------------------------------------------------------    -------------------
    SLICE_X152Y129       FDRE (Prop_fdre_C_Q)         0.478     2.221 r  datapath/video_inst/inst_dvid/latched_green_reg[0]/Q
                         net (fo=5, routed)           2.003     4.224    datapath/video_inst/inst_dvid/latched_green[0]
    SLICE_X154Y130       LUT3 (Prop_lut3_I2_O)        0.333     4.557 r  datapath/video_inst/inst_dvid/shift_green[7]_i_1/O
                         net (fo=1, routed)           0.000     4.557    datapath/video_inst/inst_dvid/shift_green[7]
    SLICE_X154Y130       FDRE                                         r  datapath/video_inst/inst_dvid/shift_green_reg[7]/D
  -------------------------------------------------------------------    -------------------

                         (clock clk_out2_clk_wiz_0 rise edge)
                                                      8.000     8.000 r  
    BUFGCTRL_X0Y2        BUFG                         0.000     8.000 r  clk_IBUF_BUFG_inst/O
                         net (fo=305, routed)         1.972     9.972    datapath/video_inst/mmcm_adv_inst_display_clocks/inst/clk_in1
    MMCME2_ADV_X1Y0      MMCME2_ADV (Prop_mmcme2_adv_CLKIN1_CLKOUT1)
                                                     -4.637     5.335 r  datapath/video_inst/mmcm_adv_inst_display_clocks/inst/mmcm_adv_inst/CLKOUT1
                         net (fo=1, routed)           2.574     7.909    datapath/video_inst/mmcm_adv_inst_display_clocks/inst/clk_out2_clk_wiz_0
    BUFGCTRL_X0Y0        BUFG (Prop_bufg_I_O)         0.091     8.000 r  datapath/video_inst/mmcm_adv_inst_display_clocks/inst/clkout2_buf/O
                         net (fo=44, routed)          1.626     9.626    datapath/video_inst/inst_dvid/clk_out2
    SLICE_X154Y130       FDRE                                         r  datapath/video_inst/inst_dvid/shift_green_reg[7]/C
                         clock pessimism             -0.128     9.498    
                         clock uncertainty           -0.215     9.284    
    SLICE_X154Y130       FDRE (Setup_fdre_C_D)        0.118     9.402    datapath/video_inst/inst_dvid/shift_green_reg[7]
  -------------------------------------------------------------------
                         required time                          9.402    
                         arrival time                          -4.557    
  -------------------------------------------------------------------
                         slack                                  4.845    

Slack (MET) :             4.851ns  (required time - arrival time)
  Source:                 datapath/video_inst/inst_dvid/latched_blue_reg[1]/C
                            (rising edge-triggered cell FDRE clocked by clk_out1_clk_wiz_0  {rise@0.000ns fall@20.000ns period=40.000ns})
  Destination:            datapath/video_inst/inst_dvid/shift_blue_reg[1]/D
                            (rising edge-triggered cell FDRE clocked by clk_out2_clk_wiz_0  {rise@0.000ns fall@4.000ns period=8.000ns})
  Path Group:             clk_out2_clk_wiz_0
  Path Type:              Setup (Max at Slow Process Corner)
  Requirement:            8.000ns  (clk_out2_clk_wiz_0 rise@8.000ns - clk_out1_clk_wiz_0 rise@0.000ns)
  Data Path Delay:        2.814ns  (logic 0.604ns (21.463%)  route 2.210ns (78.537%))
  Logic Levels:           1  (LUT3=1)
  Clock Path Skew:        -0.238ns (DCD - SCD + CPR)
    Destination Clock Delay (DCD):    1.626ns = ( 9.626 - 8.000 ) 
    Source Clock Delay      (SCD):    1.736ns
    Clock Pessimism Removal (CPR):    -0.128ns
  Clock Uncertainty:      0.215ns  ((TSJ^2 + DJ^2)^1/2) / 2 + PE
    Total System Jitter     (TSJ):    0.071ns
    Discrete Jitter          (DJ):    0.175ns
    Phase Error              (PE):    0.120ns

    Location             Delay type                Incr(ns)  Path(ns)    Netlist Resource(s)
  -------------------------------------------------------------------    -------------------
                         (clock clk_out1_clk_wiz_0 rise edge)
                                                      0.000     0.000 r  
    BUFGCTRL_X0Y2        BUFG                         0.000     0.000 r  clk_IBUF_BUFG_inst/O
                         net (fo=305, routed)         2.106     2.106    datapath/video_inst/mmcm_adv_inst_display_clocks/inst/clk_in1
    MMCME2_ADV_X1Y0      MMCME2_ADV (Prop_mmcme2_adv_CLKIN1_CLKOUT0)
                                                     -4.900    -2.793 r  datapath/video_inst/mmcm_adv_inst_display_clocks/inst/mmcm_adv_inst/CLKOUT0
                         net (fo=1, routed)           2.697    -0.096    datapath/video_inst/mmcm_adv_inst_display_clocks/inst/clk_out1_clk_wiz_0
    BUFGCTRL_X0Y4        BUFG (Prop_bufg_I_O)         0.096    -0.000 r  datapath/video_inst/mmcm_adv_inst_display_clocks/inst/clkout1_buf/O
                         net (fo=87, routed)          1.736     1.736    datapath/video_inst/inst_dvid/CLK
    SLICE_X153Y125       FDRE                                         r  datapath/video_inst/inst_dvid/latched_blue_reg[1]/C
  -------------------------------------------------------------------    -------------------
    SLICE_X153Y125       FDRE (Prop_fdre_C_Q)         0.456     2.192 r  datapath/video_inst/inst_dvid/latched_blue_reg[1]/Q
                         net (fo=4, routed)           2.210     4.403    datapath/video_inst/inst_dvid/latched_blue[1]
    SLICE_X154Y129       LUT3 (Prop_lut3_I2_O)        0.148     4.551 r  datapath/video_inst/inst_dvid/shift_blue[1]_i_1/O
                         net (fo=1, routed)           0.000     4.551    datapath/video_inst/inst_dvid/shift_blue[1]
    SLICE_X154Y129       FDRE                                         r  datapath/video_inst/inst_dvid/shift_blue_reg[1]/D
  -------------------------------------------------------------------    -------------------

                         (clock clk_out2_clk_wiz_0 rise edge)
                                                      8.000     8.000 r  
    BUFGCTRL_X0Y2        BUFG                         0.000     8.000 r  clk_IBUF_BUFG_inst/O
                         net (fo=305, routed)         1.972     9.972    datapath/video_inst/mmcm_adv_inst_display_clocks/inst/clk_in1
    MMCME2_ADV_X1Y0      MMCME2_ADV (Prop_mmcme2_adv_CLKIN1_CLKOUT1)
                                                     -4.637     5.335 r  datapath/video_inst/mmcm_adv_inst_display_clocks/inst/mmcm_adv_inst/CLKOUT1
                         net (fo=1, routed)           2.574     7.909    datapath/video_inst/mmcm_adv_inst_display_clocks/inst/clk_out2_clk_wiz_0
    BUFGCTRL_X0Y0        BUFG (Prop_bufg_I_O)         0.091     8.000 r  datapath/video_inst/mmcm_adv_inst_display_clocks/inst/clkout2_buf/O
                         net (fo=44, routed)          1.626     9.626    datapath/video_inst/inst_dvid/clk_out2
    SLICE_X154Y129       FDRE                                         r  datapath/video_inst/inst_dvid/shift_blue_reg[1]/C
                         clock pessimism             -0.128     9.498    
                         clock uncertainty           -0.215     9.284    
    SLICE_X154Y129       FDRE (Setup_fdre_C_D)        0.118     9.402    datapath/video_inst/inst_dvid/shift_blue_reg[1]
  -------------------------------------------------------------------
                         required time                          9.402    
                         arrival time                          -4.551    
  -------------------------------------------------------------------
                         slack                                  4.851    

Slack (MET) :             5.013ns  (required time - arrival time)
  Source:                 datapath/video_inst/inst_dvid/latched_green_reg[2]/C
                            (rising edge-triggered cell FDRE clocked by clk_out1_clk_wiz_0  {rise@0.000ns fall@20.000ns period=40.000ns})
  Destination:            datapath/video_inst/inst_dvid/shift_green_reg[6]/D
                            (rising edge-triggered cell FDRE clocked by clk_out2_clk_wiz_0  {rise@0.000ns fall@4.000ns period=8.000ns})
  Path Group:             clk_out2_clk_wiz_0
  Path Type:              Setup (Max at Slow Process Corner)
  Requirement:            8.000ns  (clk_out2_clk_wiz_0 rise@8.000ns - clk_out1_clk_wiz_0 rise@0.000ns)
  Data Path Delay:        2.607ns  (logic 0.774ns (29.694%)  route 1.833ns (70.306%))
  Logic Levels:           1  (LUT3=1)
  Clock Path Skew:        -0.245ns (DCD - SCD + CPR)
    Destination Clock Delay (DCD):    1.626ns = ( 9.626 - 8.000 ) 
    Source Clock Delay      (SCD):    1.743ns
    Clock Pessimism Removal (CPR):    -0.128ns
  Clock Uncertainty:      0.215ns  ((TSJ^2 + DJ^2)^1/2) / 2 + PE
    Total System Jitter     (TSJ):    0.071ns
    Discrete Jitter          (DJ):    0.175ns
    Phase Error              (PE):    0.120ns

    Location             Delay type                Incr(ns)  Path(ns)    Netlist Resource(s)
  -------------------------------------------------------------------    -------------------
                         (clock clk_out1_clk_wiz_0 rise edge)
                                                      0.000     0.000 r  
    BUFGCTRL_X0Y2        BUFG                         0.000     0.000 r  clk_IBUF_BUFG_inst/O
                         net (fo=305, routed)         2.106     2.106    datapath/video_inst/mmcm_adv_inst_display_clocks/inst/clk_in1
    MMCME2_ADV_X1Y0      MMCME2_ADV (Prop_mmcme2_adv_CLKIN1_CLKOUT0)
                                                     -4.900    -2.793 r  datapath/video_inst/mmcm_adv_inst_display_clocks/inst/mmcm_adv_inst/CLKOUT0
                         net (fo=1, routed)           2.697    -0.096    datapath/video_inst/mmcm_adv_inst_display_clocks/inst/clk_out1_clk_wiz_0
    BUFGCTRL_X0Y4        BUFG (Prop_bufg_I_O)         0.096    -0.000 r  datapath/video_inst/mmcm_adv_inst_display_clocks/inst/clkout1_buf/O
                         net (fo=87, routed)          1.743     1.743    datapath/video_inst/inst_dvid/CLK
    SLICE_X152Y129       FDRE                                         r  datapath/video_inst/inst_dvid/latched_green_reg[2]/C
  -------------------------------------------------------------------    -------------------
    SLICE_X152Y129       FDRE (Prop_fdre_C_Q)         0.478     2.221 r  datapath/video_inst/inst_dvid/latched_green_reg[2]/Q
                         net (fo=3, routed)           1.833     4.054    datapath/video_inst/inst_dvid/latched_green[2]
    SLICE_X154Y130       LUT3 (Prop_lut3_I2_O)        0.296     4.350 r  datapath/video_inst/inst_dvid/shift_green[6]_i_1/O
                         net (fo=1, routed)           0.000     4.350    datapath/video_inst/inst_dvid/shift_green[6]
    SLICE_X154Y130       FDRE                                         r  datapath/video_inst/inst_dvid/shift_green_reg[6]/D
  -------------------------------------------------------------------    -------------------

                         (clock clk_out2_clk_wiz_0 rise edge)
                                                      8.000     8.000 r  
    BUFGCTRL_X0Y2        BUFG                         0.000     8.000 r  clk_IBUF_BUFG_inst/O
                         net (fo=305, routed)         1.972     9.972    datapath/video_inst/mmcm_adv_inst_display_clocks/inst/clk_in1
    MMCME2_ADV_X1Y0      MMCME2_ADV (Prop_mmcme2_adv_CLKIN1_CLKOUT1)
                                                     -4.637     5.335 r  datapath/video_inst/mmcm_adv_inst_display_clocks/inst/mmcm_adv_inst/CLKOUT1
                         net (fo=1, routed)           2.574     7.909    datapath/video_inst/mmcm_adv_inst_display_clocks/inst/clk_out2_clk_wiz_0
    BUFGCTRL_X0Y0        BUFG (Prop_bufg_I_O)         0.091     8.000 r  datapath/video_inst/mmcm_adv_inst_display_clocks/inst/clkout2_buf/O
                         net (fo=44, routed)          1.626     9.626    datapath/video_inst/inst_dvid/clk_out2
    SLICE_X154Y130       FDRE                                         r  datapath/video_inst/inst_dvid/shift_green_reg[6]/C
                         clock pessimism             -0.128     9.498    
                         clock uncertainty           -0.215     9.284    
    SLICE_X154Y130       FDRE (Setup_fdre_C_D)        0.079     9.363    datapath/video_inst/inst_dvid/shift_green_reg[6]
  -------------------------------------------------------------------
                         required time                          9.363    
                         arrival time                          -4.350    
  -------------------------------------------------------------------
                         slack                                  5.013    

Slack (MET) :             5.072ns  (required time - arrival time)
  Source:                 datapath/video_inst/inst_dvid/latched_green_reg[0]/C
                            (rising edge-triggered cell FDRE clocked by clk_out1_clk_wiz_0  {rise@0.000ns fall@20.000ns period=40.000ns})
  Destination:            datapath/video_inst/inst_dvid/shift_green_reg[3]/D
                            (rising edge-triggered cell FDRE clocked by clk_out2_clk_wiz_0  {rise@0.000ns fall@4.000ns period=8.000ns})
  Path Group:             clk_out2_clk_wiz_0
  Path Type:              Setup (Max at Slow Process Corner)
  Requirement:            8.000ns  (clk_out2_clk_wiz_0 rise@8.000ns - clk_out1_clk_wiz_0 rise@0.000ns)
  Data Path Delay:        2.547ns  (logic 0.779ns (30.589%)  route 1.768ns (69.411%))
  Logic Levels:           1  (LUT3=1)
  Clock Path Skew:        -0.245ns (DCD - SCD + CPR)
    Destination Clock Delay (DCD):    1.626ns = ( 9.626 - 8.000 ) 
    Source Clock Delay      (SCD):    1.743ns
    Clock Pessimism Removal (CPR):    -0.128ns
  Clock Uncertainty:      0.215ns  ((TSJ^2 + DJ^2)^1/2) / 2 + PE
    Total System Jitter     (TSJ):    0.071ns
    Discrete Jitter          (DJ):    0.175ns
    Phase Error              (PE):    0.120ns

    Location             Delay type                Incr(ns)  Path(ns)    Netlist Resource(s)
  -------------------------------------------------------------------    -------------------
                         (clock clk_out1_clk_wiz_0 rise edge)
                                                      0.000     0.000 r  
    BUFGCTRL_X0Y2        BUFG                         0.000     0.000 r  clk_IBUF_BUFG_inst/O
                         net (fo=305, routed)         2.106     2.106    datapath/video_inst/mmcm_adv_inst_display_clocks/inst/clk_in1
    MMCME2_ADV_X1Y0      MMCME2_ADV (Prop_mmcme2_adv_CLKIN1_CLKOUT0)
                                                     -4.900    -2.793 r  datapath/video_inst/mmcm_adv_inst_display_clocks/inst/mmcm_adv_inst/CLKOUT0
                         net (fo=1, routed)           2.697    -0.096    datapath/video_inst/mmcm_adv_inst_display_clocks/inst/clk_out1_clk_wiz_0
    BUFGCTRL_X0Y4        BUFG (Prop_bufg_I_O)         0.096    -0.000 r  datapath/video_inst/mmcm_adv_inst_display_clocks/inst/clkout1_buf/O
                         net (fo=87, routed)          1.743     1.743    datapath/video_inst/inst_dvid/CLK
    SLICE_X152Y129       FDRE                                         r  datapath/video_inst/inst_dvid/latched_green_reg[0]/C
  -------------------------------------------------------------------    -------------------
    SLICE_X152Y129       FDRE (Prop_fdre_C_Q)         0.478     2.221 r  datapath/video_inst/inst_dvid/latched_green_reg[0]/Q
                         net (fo=5, routed)           1.768     3.989    datapath/video_inst/inst_dvid/latched_green[0]
    SLICE_X154Y130       LUT3 (Prop_lut3_I2_O)        0.301     4.290 r  datapath/video_inst/inst_dvid/shift_green[3]_i_1/O
                         net (fo=1, routed)           0.000     4.290    datapath/video_inst/inst_dvid/shift_green[3]
    SLICE_X154Y130       FDRE                                         r  datapath/video_inst/inst_dvid/shift_green_reg[3]/D
  -------------------------------------------------------------------    -------------------

                         (clock clk_out2_clk_wiz_0 rise edge)
                                                      8.000     8.000 r  
    BUFGCTRL_X0Y2        BUFG                         0.000     8.000 r  clk_IBUF_BUFG_inst/O
                         net (fo=305, routed)         1.972     9.972    datapath/video_inst/mmcm_adv_inst_display_clocks/inst/clk_in1
    MMCME2_ADV_X1Y0      MMCME2_ADV (Prop_mmcme2_adv_CLKIN1_CLKOUT1)
                                                     -4.637     5.335 r  datapath/video_inst/mmcm_adv_inst_display_clocks/inst/mmcm_adv_inst/CLKOUT1
                         net (fo=1, routed)           2.574     7.909    datapath/video_inst/mmcm_adv_inst_display_clocks/inst/clk_out2_clk_wiz_0
    BUFGCTRL_X0Y0        BUFG (Prop_bufg_I_O)         0.091     8.000 r  datapath/video_inst/mmcm_adv_inst_display_clocks/inst/clkout2_buf/O
                         net (fo=44, routed)          1.626     9.626    datapath/video_inst/inst_dvid/clk_out2
    SLICE_X154Y130       FDRE                                         r  datapath/video_inst/inst_dvid/shift_green_reg[3]/C
                         clock pessimism             -0.128     9.498    
                         clock uncertainty           -0.215     9.284    
    SLICE_X154Y130       FDRE (Setup_fdre_C_D)        0.079     9.363    datapath/video_inst/inst_dvid/shift_green_reg[3]
  -------------------------------------------------------------------
                         required time                          9.363    
                         arrival time                          -4.290    
  -------------------------------------------------------------------
                         slack                                  5.072    

Slack (MET) :             5.082ns  (required time - arrival time)
  Source:                 datapath/video_inst/inst_dvid/latched_green_reg[0]/C
                            (rising edge-triggered cell FDRE clocked by clk_out1_clk_wiz_0  {rise@0.000ns fall@20.000ns period=40.000ns})
  Destination:            datapath/video_inst/inst_dvid/shift_green_reg[5]/D
                            (rising edge-triggered cell FDRE clocked by clk_out2_clk_wiz_0  {rise@0.000ns fall@4.000ns period=8.000ns})
  Path Group:             clk_out2_clk_wiz_0
  Path Type:              Setup (Max at Slow Process Corner)
  Requirement:            8.000ns  (clk_out2_clk_wiz_0 rise@8.000ns - clk_out1_clk_wiz_0 rise@0.000ns)
  Data Path Delay:        2.576ns  (logic 0.808ns (31.370%)  route 1.768ns (68.630%))
  Logic Levels:           1  (LUT3=1)
  Clock Path Skew:        -0.245ns (DCD - SCD + CPR)
    Destination Clock Delay (DCD):    1.626ns = ( 9.626 - 8.000 ) 
    Source Clock Delay      (SCD):    1.743ns
    Clock Pessimism Removal (CPR):    -0.128ns
  Clock Uncertainty:      0.215ns  ((TSJ^2 + DJ^2)^1/2) / 2 + PE
    Total System Jitter     (TSJ):    0.071ns
    Discrete Jitter          (DJ):    0.175ns
    Phase Error              (PE):    0.120ns

    Location             Delay type                Incr(ns)  Path(ns)    Netlist Resource(s)
  -------------------------------------------------------------------    -------------------
                         (clock clk_out1_clk_wiz_0 rise edge)
                                                      0.000     0.000 r  
    BUFGCTRL_X0Y2        BUFG                         0.000     0.000 r  clk_IBUF_BUFG_inst/O
                         net (fo=305, routed)         2.106     2.106    datapath/video_inst/mmcm_adv_inst_display_clocks/inst/clk_in1
    MMCME2_ADV_X1Y0      MMCME2_ADV (Prop_mmcme2_adv_CLKIN1_CLKOUT0)
                                                     -4.900    -2.793 r  datapath/video_inst/mmcm_adv_inst_display_clocks/inst/mmcm_adv_inst/CLKOUT0
                         net (fo=1, routed)           2.697    -0.096    datapath/video_inst/mmcm_adv_inst_display_clocks/inst/clk_out1_clk_wiz_0
    BUFGCTRL_X0Y4        BUFG (Prop_bufg_I_O)         0.096    -0.000 r  datapath/video_inst/mmcm_adv_inst_display_clocks/inst/clkout1_buf/O
                         net (fo=87, routed)          1.743     1.743    datapath/video_inst/inst_dvid/CLK
    SLICE_X152Y129       FDRE                                         r  datapath/video_inst/inst_dvid/latched_green_reg[0]/C
  -------------------------------------------------------------------    -------------------
    SLICE_X152Y129       FDRE (Prop_fdre_C_Q)         0.478     2.221 r  datapath/video_inst/inst_dvid/latched_green_reg[0]/Q
                         net (fo=5, routed)           1.768     3.989    datapath/video_inst/inst_dvid/latched_green[0]
    SLICE_X154Y130       LUT3 (Prop_lut3_I2_O)        0.330     4.319 r  datapath/video_inst/inst_dvid/shift_green[5]_i_1/O
                         net (fo=1, routed)           0.000     4.319    datapath/video_inst/inst_dvid/shift_green[5]
    SLICE_X154Y130       FDRE                                         r  datapath/video_inst/inst_dvid/shift_green_reg[5]/D
  -------------------------------------------------------------------    -------------------

                         (clock clk_out2_clk_wiz_0 rise edge)
                                                      8.000     8.000 r  
    BUFGCTRL_X0Y2        BUFG                         0.000     8.000 r  clk_IBUF_BUFG_inst/O
                         net (fo=305, routed)         1.972     9.972    datapath/video_inst/mmcm_adv_inst_display_clocks/inst/clk_in1
    MMCME2_ADV_X1Y0      MMCME2_ADV (Prop_mmcme2_adv_CLKIN1_CLKOUT1)
                                                     -4.637     5.335 r  datapath/video_inst/mmcm_adv_inst_display_clocks/inst/mmcm_adv_inst/CLKOUT1
                         net (fo=1, routed)           2.574     7.909    datapath/video_inst/mmcm_adv_inst_display_clocks/inst/clk_out2_clk_wiz_0
    BUFGCTRL_X0Y0        BUFG (Prop_bufg_I_O)         0.091     8.000 r  datapath/video_inst/mmcm_adv_inst_display_clocks/inst/clkout2_buf/O
                         net (fo=44, routed)          1.626     9.626    datapath/video_inst/inst_dvid/clk_out2
    SLICE_X154Y130       FDRE                                         r  datapath/video_inst/inst_dvid/shift_green_reg[5]/C
                         clock pessimism             -0.128     9.498    
                         clock uncertainty           -0.215     9.284    
    SLICE_X154Y130       FDRE (Setup_fdre_C_D)        0.118     9.402    datapath/video_inst/inst_dvid/shift_green_reg[5]
  -------------------------------------------------------------------
                         required time                          9.402    
                         arrival time                          -4.319    
  -------------------------------------------------------------------
                         slack                                  5.082    





Min Delay Paths
--------------------------------------------------------------------------------------
Slack (MET) :             0.140ns  (arrival time - required time)
  Source:                 datapath/video_inst/inst_dvid/latched_green_reg[0]/C
                            (rising edge-triggered cell FDRE clocked by clk_out1_clk_wiz_0  {rise@0.000ns fall@20.000ns period=40.000ns})
  Destination:            datapath/video_inst/inst_dvid/shift_green_reg[1]/D
                            (rising edge-triggered cell FDRE clocked by clk_out2_clk_wiz_0  {rise@0.000ns fall@4.000ns period=8.000ns})
  Path Group:             clk_out2_clk_wiz_0
  Path Type:              Hold (Min at Fast Process Corner)
  Requirement:            0.000ns  (clk_out2_clk_wiz_0 rise@0.000ns - clk_out1_clk_wiz_0 rise@0.000ns)
  Data Path Delay:        0.837ns  (logic 0.248ns (29.625%)  route 0.589ns (70.375%))
  Logic Levels:           1  (LUT3=1)
  Clock Path Skew:        0.351ns (DCD - SCD - CPR)
    Destination Clock Delay (DCD):    0.883ns
    Source Clock Delay      (SCD):    0.612ns
    Clock Pessimism Removal (CPR):    -0.080ns
  Clock Uncertainty:      0.215ns  ((TSJ^2 + DJ^2)^1/2) / 2 + PE
    Total System Jitter     (TSJ):    0.071ns
    Discrete Jitter          (DJ):    0.175ns
    Phase Error              (PE):    0.120ns

    Location             Delay type                Incr(ns)  Path(ns)    Netlist Resource(s)
  -------------------------------------------------------------------    -------------------
                         (clock clk_out1_clk_wiz_0 rise edge)
                                                      0.000     0.000 r  
    BUFGCTRL_X0Y2        BUFG                         0.000     0.000 r  clk_IBUF_BUFG_inst/O
                         net (fo=305, routed)         0.745     0.745    datapath/video_inst/mmcm_adv_inst_display_clocks/inst/clk_in1
    MMCME2_ADV_X1Y0      MMCME2_ADV (Prop_mmcme2_adv_CLKIN1_CLKOUT0)
                                                     -1.683    -0.938 r  datapath/video_inst/mmcm_adv_inst_display_clocks/inst/mmcm_adv_inst/CLKOUT0
                         net (fo=1, routed)           0.912    -0.026    datapath/video_inst/mmcm_adv_inst_display_clocks/inst/clk_out1_clk_wiz_0
    BUFGCTRL_X0Y4        BUFG (Prop_bufg_I_O)         0.026    -0.000 r  datapath/video_inst/mmcm_adv_inst_display_clocks/inst/clkout1_buf/O
                         net (fo=87, routed)          0.612     0.612    datapath/video_inst/inst_dvid/CLK
    SLICE_X152Y129       FDRE                                         r  datapath/video_inst/inst_dvid/latched_green_reg[0]/C
  -------------------------------------------------------------------    -------------------
    SLICE_X152Y129       FDRE (Prop_fdre_C_Q)         0.148     0.760 r  datapath/video_inst/inst_dvid/latched_green_reg[0]/Q
                         net (fo=5, routed)           0.589     1.349    datapath/video_inst/inst_dvid/latched_green[0]
    SLICE_X154Y130       LUT3 (Prop_lut3_I2_O)        0.100     1.449 r  datapath/video_inst/inst_dvid/shift_green[1]_i_1/O
                         net (fo=1, routed)           0.000     1.449    datapath/video_inst/inst_dvid/shift_green[1]
    SLICE_X154Y130       FDRE                                         r  datapath/video_inst/inst_dvid/shift_green_reg[1]/D
  -------------------------------------------------------------------    -------------------

                         (clock clk_out2_clk_wiz_0 rise edge)
                                                      0.000     0.000 r  
    BUFGCTRL_X0Y2        BUFG                         0.000     0.000 r  clk_IBUF_BUFG_inst/O
                         net (fo=305, routed)         1.022     1.022    datapath/video_inst/mmcm_adv_inst_display_clocks/inst/clk_in1
    MMCME2_ADV_X1Y0      MMCME2_ADV (Prop_mmcme2_adv_CLKIN1_CLKOUT1)
                                                     -2.040    -1.018 r  datapath/video_inst/mmcm_adv_inst_display_clocks/inst/mmcm_adv_inst/CLKOUT1
                         net (fo=1, routed)           0.989    -0.029    datapath/video_inst/mmcm_adv_inst_display_clocks/inst/clk_out2_clk_wiz_0
    BUFGCTRL_X0Y0        BUFG (Prop_bufg_I_O)         0.029    -0.000 r  datapath/video_inst/mmcm_adv_inst_display_clocks/inst/clkout2_buf/O
                         net (fo=44, routed)          0.883     0.883    datapath/video_inst/inst_dvid/clk_out2
    SLICE_X154Y130       FDRE                                         r  datapath/video_inst/inst_dvid/shift_green_reg[1]/C
                         clock pessimism              0.080     0.963    
                         clock uncertainty            0.215     1.177    
    SLICE_X154Y130       FDRE (Hold_fdre_C_D)         0.131     1.308    datapath/video_inst/inst_dvid/shift_green_reg[1]
  -------------------------------------------------------------------
                         required time                         -1.308    
                         arrival time                           1.449    
  -------------------------------------------------------------------
                         slack                                  0.140    

Slack (MET) :             0.146ns  (arrival time - required time)
  Source:                 datapath/video_inst/inst_dvid/latched_blue_reg[2]/C
                            (rising edge-triggered cell FDRE clocked by clk_out1_clk_wiz_0  {rise@0.000ns fall@20.000ns period=40.000ns})
  Destination:            datapath/video_inst/inst_dvid/shift_blue_reg[2]/D
                            (rising edge-triggered cell FDRE clocked by clk_out2_clk_wiz_0  {rise@0.000ns fall@4.000ns period=8.000ns})
  Path Group:             clk_out2_clk_wiz_0
  Path Type:              Hold (Min at Fast Process Corner)
  Requirement:            0.000ns  (clk_out2_clk_wiz_0 rise@0.000ns - clk_out1_clk_wiz_0 rise@0.000ns)
  Data Path Delay:        0.835ns  (logic 0.246ns (29.444%)  route 0.589ns (70.556%))
  Logic Levels:           1  (LUT3=1)
  Clock Path Skew:        0.354ns (DCD - SCD - CPR)
    Destination Clock Delay (DCD):    0.882ns
    Source Clock Delay      (SCD):    0.608ns
    Clock Pessimism Removal (CPR):    -0.080ns
  Clock Uncertainty:      0.215ns  ((TSJ^2 + DJ^2)^1/2) / 2 + PE
    Total System Jitter     (TSJ):    0.071ns
    Discrete Jitter          (DJ):    0.175ns
    Phase Error              (PE):    0.120ns

    Location             Delay type                Incr(ns)  Path(ns)    Netlist Resource(s)
  -------------------------------------------------------------------    -------------------
                         (clock clk_out1_clk_wiz_0 rise edge)
                                                      0.000     0.000 r  
    BUFGCTRL_X0Y2        BUFG                         0.000     0.000 r  clk_IBUF_BUFG_inst/O
                         net (fo=305, routed)         0.745     0.745    datapath/video_inst/mmcm_adv_inst_display_clocks/inst/clk_in1
    MMCME2_ADV_X1Y0      MMCME2_ADV (Prop_mmcme2_adv_CLKIN1_CLKOUT0)
                                                     -1.683    -0.938 r  datapath/video_inst/mmcm_adv_inst_display_clocks/inst/mmcm_adv_inst/CLKOUT0
                         net (fo=1, routed)           0.912    -0.026    datapath/video_inst/mmcm_adv_inst_display_clocks/inst/clk_out1_clk_wiz_0
    BUFGCTRL_X0Y4        BUFG (Prop_bufg_I_O)         0.026    -0.000 r  datapath/video_inst/mmcm_adv_inst_display_clocks/inst/clkout1_buf/O
                         net (fo=87, routed)          0.608     0.608    datapath/video_inst/inst_dvid/CLK
    SLICE_X152Y125       FDRE                                         r  datapath/video_inst/inst_dvid/latched_blue_reg[2]/C
  -------------------------------------------------------------------    -------------------
    SLICE_X152Y125       FDRE (Prop_fdre_C_Q)         0.148     0.756 r  datapath/video_inst/inst_dvid/latched_blue_reg[2]/Q
                         net (fo=1, routed)           0.589     1.345    datapath/video_inst/inst_dvid/latched_blue[2]
    SLICE_X154Y129       LUT3 (Prop_lut3_I2_O)        0.098     1.443 r  datapath/video_inst/inst_dvid/shift_blue[2]_i_1/O
                         net (fo=1, routed)           0.000     1.443    datapath/video_inst/inst_dvid/shift_blue[2]
    SLICE_X154Y129       FDRE                                         r  datapath/video_inst/inst_dvid/shift_blue_reg[2]/D
  -------------------------------------------------------------------    -------------------

                         (clock clk_out2_clk_wiz_0 rise edge)
                                                      0.000     0.000 r  
    BUFGCTRL_X0Y2        BUFG                         0.000     0.000 r  clk_IBUF_BUFG_inst/O
                         net (fo=305, routed)         1.022     1.022    datapath/video_inst/mmcm_adv_inst_display_clocks/inst/clk_in1
    MMCME2_ADV_X1Y0      MMCME2_ADV (Prop_mmcme2_adv_CLKIN1_CLKOUT1)
                                                     -2.040    -1.018 r  datapath/video_inst/mmcm_adv_inst_display_clocks/inst/mmcm_adv_inst/CLKOUT1
                         net (fo=1, routed)           0.989    -0.029    datapath/video_inst/mmcm_adv_inst_display_clocks/inst/clk_out2_clk_wiz_0
    BUFGCTRL_X0Y0        BUFG (Prop_bufg_I_O)         0.029    -0.000 r  datapath/video_inst/mmcm_adv_inst_display_clocks/inst/clkout2_buf/O
                         net (fo=44, routed)          0.882     0.882    datapath/video_inst/inst_dvid/clk_out2
    SLICE_X154Y129       FDRE                                         r  datapath/video_inst/inst_dvid/shift_blue_reg[2]/C
                         clock pessimism              0.080     0.962    
                         clock uncertainty            0.215     1.176    
    SLICE_X154Y129       FDRE (Hold_fdre_C_D)         0.121     1.297    datapath/video_inst/inst_dvid/shift_blue_reg[2]
  -------------------------------------------------------------------
                         required time                         -1.297    
                         arrival time                           1.443    
  -------------------------------------------------------------------
                         slack                                  0.146    

Slack (MET) :             0.150ns  (arrival time - required time)
  Source:                 datapath/video_inst/inst_dvid/latched_green_reg[0]/C
                            (rising edge-triggered cell FDRE clocked by clk_out1_clk_wiz_0  {rise@0.000ns fall@20.000ns period=40.000ns})
  Destination:            datapath/video_inst/inst_dvid/shift_green_reg[0]/D
                            (rising edge-triggered cell FDRE clocked by clk_out2_clk_wiz_0  {rise@0.000ns fall@4.000ns period=8.000ns})
  Path Group:             clk_out2_clk_wiz_0
  Path Type:              Hold (Min at Fast Process Corner)
  Requirement:            0.000ns  (clk_out2_clk_wiz_0 rise@0.000ns - clk_out1_clk_wiz_0 rise@0.000ns)
  Data Path Delay:        0.836ns  (logic 0.247ns (29.541%)  route 0.589ns (70.459%))
  Logic Levels:           1  (LUT3=1)
  Clock Path Skew:        0.351ns (DCD - SCD - CPR)
    Destination Clock Delay (DCD):    0.883ns
    Source Clock Delay      (SCD):    0.612ns
    Clock Pessimism Removal (CPR):    -0.080ns
  Clock Uncertainty:      0.215ns  ((TSJ^2 + DJ^2)^1/2) / 2 + PE
    Total System Jitter     (TSJ):    0.071ns
    Discrete Jitter          (DJ):    0.175ns
    Phase Error              (PE):    0.120ns

    Location             Delay type                Incr(ns)  Path(ns)    Netlist Resource(s)
  -------------------------------------------------------------------    -------------------
                         (clock clk_out1_clk_wiz_0 rise edge)
                                                      0.000     0.000 r  
    BUFGCTRL_X0Y2        BUFG                         0.000     0.000 r  clk_IBUF_BUFG_inst/O
                         net (fo=305, routed)         0.745     0.745    datapath/video_inst/mmcm_adv_inst_display_clocks/inst/clk_in1
    MMCME2_ADV_X1Y0      MMCME2_ADV (Prop_mmcme2_adv_CLKIN1_CLKOUT0)
                                                     -1.683    -0.938 r  datapath/video_inst/mmcm_adv_inst_display_clocks/inst/mmcm_adv_inst/CLKOUT0
                         net (fo=1, routed)           0.912    -0.026    datapath/video_inst/mmcm_adv_inst_display_clocks/inst/clk_out1_clk_wiz_0
    BUFGCTRL_X0Y4        BUFG (Prop_bufg_I_O)         0.026    -0.000 r  datapath/video_inst/mmcm_adv_inst_display_clocks/inst/clkout1_buf/O
                         net (fo=87, routed)          0.612     0.612    datapath/video_inst/inst_dvid/CLK
    SLICE_X152Y129       FDRE                                         r  datapath/video_inst/inst_dvid/latched_green_reg[0]/C
  -------------------------------------------------------------------    -------------------
    SLICE_X152Y129       FDRE (Prop_fdre_C_Q)         0.148     0.760 r  datapath/video_inst/inst_dvid/latched_green_reg[0]/Q
                         net (fo=5, routed)           0.589     1.349    datapath/video_inst/inst_dvid/latched_green[0]
    SLICE_X154Y130       LUT3 (Prop_lut3_I2_O)        0.099     1.448 r  datapath/video_inst/inst_dvid/shift_green[0]_i_1/O
                         net (fo=1, routed)           0.000     1.448    datapath/video_inst/inst_dvid/shift_green[0]
    SLICE_X154Y130       FDRE                                         r  datapath/video_inst/inst_dvid/shift_green_reg[0]/D
  -------------------------------------------------------------------    -------------------

                         (clock clk_out2_clk_wiz_0 rise edge)
                                                      0.000     0.000 r  
    BUFGCTRL_X0Y2        BUFG                         0.000     0.000 r  clk_IBUF_BUFG_inst/O
                         net (fo=305, routed)         1.022     1.022    datapath/video_inst/mmcm_adv_inst_display_clocks/inst/clk_in1
    MMCME2_ADV_X1Y0      MMCME2_ADV (Prop_mmcme2_adv_CLKIN1_CLKOUT1)
                                                     -2.040    -1.018 r  datapath/video_inst/mmcm_adv_inst_display_clocks/inst/mmcm_adv_inst/CLKOUT1
                         net (fo=1, routed)           0.989    -0.029    datapath/video_inst/mmcm_adv_inst_display_clocks/inst/clk_out2_clk_wiz_0
    BUFGCTRL_X0Y0        BUFG (Prop_bufg_I_O)         0.029    -0.000 r  datapath/video_inst/mmcm_adv_inst_display_clocks/inst/clkout2_buf/O
                         net (fo=44, routed)          0.883     0.883    datapath/video_inst/inst_dvid/clk_out2
    SLICE_X154Y130       FDRE                                         r  datapath/video_inst/inst_dvid/shift_green_reg[0]/C
                         clock pessimism              0.080     0.963    
                         clock uncertainty            0.215     1.177    
    SLICE_X154Y130       FDRE (Hold_fdre_C_D)         0.120     1.297    datapath/video_inst/inst_dvid/shift_green_reg[0]
  -------------------------------------------------------------------
                         required time                         -1.297    
                         arrival time                           1.448    
  -------------------------------------------------------------------
                         slack                                  0.150    

Slack (MET) :             0.193ns  (arrival time - required time)
  Source:                 datapath/video_inst/inst_dvid/latched_red_reg[9]/C
                            (rising edge-triggered cell FDRE clocked by clk_out1_clk_wiz_0  {rise@0.000ns fall@20.000ns period=40.000ns})
  Destination:            datapath/video_inst/inst_dvid/shift_red_reg[9]/D
                            (rising edge-triggered cell FDRE clocked by clk_out2_clk_wiz_0  {rise@0.000ns fall@4.000ns period=8.000ns})
  Path Group:             clk_out2_clk_wiz_0
  Path Type:              Hold (Min at Fast Process Corner)
  Requirement:            0.000ns  (clk_out2_clk_wiz_0 rise@0.000ns - clk_out1_clk_wiz_0 rise@0.000ns)
  Data Path Delay:        0.758ns  (logic 0.148ns (19.531%)  route 0.610ns (80.469%))
  Logic Levels:           0  
  Clock Path Skew:        0.352ns (DCD - SCD - CPR)
    Destination Clock Delay (DCD):    0.913ns
    Source Clock Delay      (SCD):    0.641ns
    Clock Pessimism Removal (CPR):    -0.080ns
  Clock Uncertainty:      0.215ns  ((TSJ^2 + DJ^2)^1/2) / 2 + PE
    Total System Jitter     (TSJ):    0.071ns
    Discrete Jitter          (DJ):    0.175ns
    Phase Error              (PE):    0.120ns

    Location             Delay type                Incr(ns)  Path(ns)    Netlist Resource(s)
  -------------------------------------------------------------------    -------------------
                         (clock clk_out1_clk_wiz_0 rise edge)
                                                      0.000     0.000 r  
    BUFGCTRL_X0Y2        BUFG                         0.000     0.000 r  clk_IBUF_BUFG_inst/O
                         net (fo=305, routed)         0.745     0.745    datapath/video_inst/mmcm_adv_inst_display_clocks/inst/clk_in1
    MMCME2_ADV_X1Y0      MMCME2_ADV (Prop_mmcme2_adv_CLKIN1_CLKOUT0)
                                                     -1.683    -0.938 r  datapath/video_inst/mmcm_adv_inst_display_clocks/inst/mmcm_adv_inst/CLKOUT0
                         net (fo=1, routed)           0.912    -0.026    datapath/video_inst/mmcm_adv_inst_display_clocks/inst/clk_out1_clk_wiz_0
    BUFGCTRL_X0Y4        BUFG (Prop_bufg_I_O)         0.026    -0.000 r  datapath/video_inst/mmcm_adv_inst_display_clocks/inst/clkout1_buf/O
                         net (fo=87, routed)          0.641     0.641    datapath/video_inst/inst_dvid/CLK
    SLICE_X158Y132       FDRE                                         r  datapath/video_inst/inst_dvid/latched_red_reg[9]/C
  -------------------------------------------------------------------    -------------------
    SLICE_X158Y132       FDRE (Prop_fdre_C_Q)         0.148     0.789 r  datapath/video_inst/inst_dvid/latched_red_reg[9]/Q
                         net (fo=1, routed)           0.610     1.398    datapath/video_inst/inst_dvid/latched_red[9]
    SLICE_X158Y133       FDRE                                         r  datapath/video_inst/inst_dvid/shift_red_reg[9]/D
  -------------------------------------------------------------------    -------------------

                         (clock clk_out2_clk_wiz_0 rise edge)
                                                      0.000     0.000 r  
    BUFGCTRL_X0Y2        BUFG                         0.000     0.000 r  clk_IBUF_BUFG_inst/O
                         net (fo=305, routed)         1.022     1.022    datapath/video_inst/mmcm_adv_inst_display_clocks/inst/clk_in1
    MMCME2_ADV_X1Y0      MMCME2_ADV (Prop_mmcme2_adv_CLKIN1_CLKOUT1)
                                                     -2.040    -1.018 r  datapath/video_inst/mmcm_adv_inst_display_clocks/inst/mmcm_adv_inst/CLKOUT1
                         net (fo=1, routed)           0.989    -0.029    datapath/video_inst/mmcm_adv_inst_display_clocks/inst/clk_out2_clk_wiz_0
    BUFGCTRL_X0Y0        BUFG (Prop_bufg_I_O)         0.029    -0.000 r  datapath/video_inst/mmcm_adv_inst_display_clocks/inst/clkout2_buf/O
                         net (fo=44, routed)          0.913     0.913    datapath/video_inst/inst_dvid/clk_out2
    SLICE_X158Y133       FDRE                                         r  datapath/video_inst/inst_dvid/shift_red_reg[9]/C
                         clock pessimism              0.080     0.993    
                         clock uncertainty            0.215     1.207    
    SLICE_X158Y133       FDRE (Hold_fdre_C_D)        -0.002     1.205    datapath/video_inst/inst_dvid/shift_red_reg[9]
  -------------------------------------------------------------------
                         required time                         -1.205    
                         arrival time                           1.398    
  -------------------------------------------------------------------
                         slack                                  0.193    

Slack (MET) :             0.196ns  (arrival time - required time)
  Source:                 datapath/video_inst/inst_dvid/latched_red_reg[2]/C
                            (rising edge-triggered cell FDRE clocked by clk_out1_clk_wiz_0  {rise@0.000ns fall@20.000ns period=40.000ns})
  Destination:            datapath/video_inst/inst_dvid/shift_red_reg[4]/D
                            (rising edge-triggered cell FDRE clocked by clk_out2_clk_wiz_0  {rise@0.000ns fall@4.000ns period=8.000ns})
  Path Group:             clk_out2_clk_wiz_0
  Path Type:              Hold (Min at Fast Process Corner)
  Requirement:            0.000ns  (clk_out2_clk_wiz_0 rise@0.000ns - clk_out1_clk_wiz_0 rise@0.000ns)
  Data Path Delay:        0.872ns  (logic 0.187ns (21.447%)  route 0.685ns (78.553%))
  Logic Levels:           1  (LUT3=1)
  Clock Path Skew:        0.354ns (DCD - SCD - CPR)
    Destination Clock Delay (DCD):    0.915ns
    Source Clock Delay      (SCD):    0.641ns
    Clock Pessimism Removal (CPR):    -0.080ns
  Clock Uncertainty:      0.215ns  ((TSJ^2 + DJ^2)^1/2) / 2 + PE
    Total System Jitter     (TSJ):    0.071ns
    Discrete Jitter          (DJ):    0.175ns
    Phase Error              (PE):    0.120ns

    Location             Delay type                Incr(ns)  Path(ns)    Netlist Resource(s)
  -------------------------------------------------------------------    -------------------
                         (clock clk_out1_clk_wiz_0 rise edge)
                                                      0.000     0.000 r  
    BUFGCTRL_X0Y2        BUFG                         0.000     0.000 r  clk_IBUF_BUFG_inst/O
                         net (fo=305, routed)         0.745     0.745    datapath/video_inst/mmcm_adv_inst_display_clocks/inst/clk_in1
    MMCME2_ADV_X1Y0      MMCME2_ADV (Prop_mmcme2_adv_CLKIN1_CLKOUT0)
                                                     -1.683    -0.938 r  datapath/video_inst/mmcm_adv_inst_display_clocks/inst/mmcm_adv_inst/CLKOUT0
                         net (fo=1, routed)           0.912    -0.026    datapath/video_inst/mmcm_adv_inst_display_clocks/inst/clk_out1_clk_wiz_0
    BUFGCTRL_X0Y4        BUFG (Prop_bufg_I_O)         0.026    -0.000 r  datapath/video_inst/mmcm_adv_inst_display_clocks/inst/clkout1_buf/O
                         net (fo=87, routed)          0.641     0.641    datapath/video_inst/inst_dvid/CLK
    SLICE_X159Y132       FDRE                                         r  datapath/video_inst/inst_dvid/latched_red_reg[2]/C
  -------------------------------------------------------------------    -------------------
    SLICE_X159Y132       FDRE (Prop_fdre_C_Q)         0.141     0.782 r  datapath/video_inst/inst_dvid/latched_red_reg[2]/Q
                         net (fo=3, routed)           0.685     1.467    datapath/video_inst/inst_dvid/latched_red[2]
    SLICE_X160Y134       LUT3 (Prop_lut3_I2_O)        0.046     1.513 r  datapath/video_inst/inst_dvid/shift_red[4]_i_1/O
                         net (fo=1, routed)           0.000     1.513    datapath/video_inst/inst_dvid/shift_red[4]
    SLICE_X160Y134       FDRE                                         r  datapath/video_inst/inst_dvid/shift_red_reg[4]/D
  -------------------------------------------------------------------    -------------------

                         (clock clk_out2_clk_wiz_0 rise edge)
                                                      0.000     0.000 r  
    BUFGCTRL_X0Y2        BUFG                         0.000     0.000 r  clk_IBUF_BUFG_inst/O
                         net (fo=305, routed)         1.022     1.022    datapath/video_inst/mmcm_adv_inst_display_clocks/inst/clk_in1
    MMCME2_ADV_X1Y0      MMCME2_ADV (Prop_mmcme2_adv_CLKIN1_CLKOUT1)
                                                     -2.040    -1.018 r  datapath/video_inst/mmcm_adv_inst_display_clocks/inst/mmcm_adv_inst/CLKOUT1
                         net (fo=1, routed)           0.989    -0.029    datapath/video_inst/mmcm_adv_inst_display_clocks/inst/clk_out2_clk_wiz_0
    BUFGCTRL_X0Y0        BUFG (Prop_bufg_I_O)         0.029    -0.000 r  datapath/video_inst/mmcm_adv_inst_display_clocks/inst/clkout2_buf/O
                         net (fo=44, routed)          0.915     0.915    datapath/video_inst/inst_dvid/clk_out2
    SLICE_X160Y134       FDRE                                         r  datapath/video_inst/inst_dvid/shift_red_reg[4]/C
                         clock pessimism              0.080     0.995    
                         clock uncertainty            0.215     1.209    
    SLICE_X160Y134       FDRE (Hold_fdre_C_D)         0.107     1.316    datapath/video_inst/inst_dvid/shift_red_reg[4]
  -------------------------------------------------------------------
                         required time                         -1.316    
                         arrival time                           1.513    
  -------------------------------------------------------------------
                         slack                                  0.196    

Slack (MET) :             0.204ns  (arrival time - required time)
  Source:                 datapath/video_inst/inst_dvid/latched_green_reg[0]/C
                            (rising edge-triggered cell FDRE clocked by clk_out1_clk_wiz_0  {rise@0.000ns fall@20.000ns period=40.000ns})
  Destination:            datapath/video_inst/inst_dvid/shift_green_reg[5]/D
                            (rising edge-triggered cell FDRE clocked by clk_out2_clk_wiz_0  {rise@0.000ns fall@4.000ns period=8.000ns})
  Path Group:             clk_out2_clk_wiz_0
  Path Type:              Hold (Min at Fast Process Corner)
  Requirement:            0.000ns  (clk_out2_clk_wiz_0 rise@0.000ns - clk_out1_clk_wiz_0 rise@0.000ns)
  Data Path Delay:        0.901ns  (logic 0.245ns (27.201%)  route 0.656ns (72.799%))
  Logic Levels:           1  (LUT3=1)
  Clock Path Skew:        0.351ns (DCD - SCD - CPR)
    Destination Clock Delay (DCD):    0.883ns
    Source Clock Delay      (SCD):    0.612ns
    Clock Pessimism Removal (CPR):    -0.080ns
  Clock Uncertainty:      0.215ns  ((TSJ^2 + DJ^2)^1/2) / 2 + PE
    Total System Jitter     (TSJ):    0.071ns
    Discrete Jitter          (DJ):    0.175ns
    Phase Error              (PE):    0.120ns

    Location             Delay type                Incr(ns)  Path(ns)    Netlist Resource(s)
  -------------------------------------------------------------------    -------------------
                         (clock clk_out1_clk_wiz_0 rise edge)
                                                      0.000     0.000 r  
    BUFGCTRL_X0Y2        BUFG                         0.000     0.000 r  clk_IBUF_BUFG_inst/O
                         net (fo=305, routed)         0.745     0.745    datapath/video_inst/mmcm_adv_inst_display_clocks/inst/clk_in1
    MMCME2_ADV_X1Y0      MMCME2_ADV (Prop_mmcme2_adv_CLKIN1_CLKOUT0)
                                                     -1.683    -0.938 r  datapath/video_inst/mmcm_adv_inst_display_clocks/inst/mmcm_adv_inst/CLKOUT0
                         net (fo=1, routed)           0.912    -0.026    datapath/video_inst/mmcm_adv_inst_display_clocks/inst/clk_out1_clk_wiz_0
    BUFGCTRL_X0Y4        BUFG (Prop_bufg_I_O)         0.026    -0.000 r  datapath/video_inst/mmcm_adv_inst_display_clocks/inst/clkout1_buf/O
                         net (fo=87, routed)          0.612     0.612    datapath/video_inst/inst_dvid/CLK
    SLICE_X152Y129       FDRE                                         r  datapath/video_inst/inst_dvid/latched_green_reg[0]/C
  -------------------------------------------------------------------    -------------------
    SLICE_X152Y129       FDRE (Prop_fdre_C_Q)         0.148     0.760 r  datapath/video_inst/inst_dvid/latched_green_reg[0]/Q
                         net (fo=5, routed)           0.656     1.415    datapath/video_inst/inst_dvid/latched_green[0]
    SLICE_X154Y130       LUT3 (Prop_lut3_I2_O)        0.097     1.512 r  datapath/video_inst/inst_dvid/shift_green[5]_i_1/O
                         net (fo=1, routed)           0.000     1.512    datapath/video_inst/inst_dvid/shift_green[5]
    SLICE_X154Y130       FDRE                                         r  datapath/video_inst/inst_dvid/shift_green_reg[5]/D
  -------------------------------------------------------------------    -------------------

                         (clock clk_out2_clk_wiz_0 rise edge)
                                                      0.000     0.000 r  
    BUFGCTRL_X0Y2        BUFG                         0.000     0.000 r  clk_IBUF_BUFG_inst/O
                         net (fo=305, routed)         1.022     1.022    datapath/video_inst/mmcm_adv_inst_display_clocks/inst/clk_in1
    MMCME2_ADV_X1Y0      MMCME2_ADV (Prop_mmcme2_adv_CLKIN1_CLKOUT1)
                                                     -2.040    -1.018 r  datapath/video_inst/mmcm_adv_inst_display_clocks/inst/mmcm_adv_inst/CLKOUT1
                         net (fo=1, routed)           0.989    -0.029    datapath/video_inst/mmcm_adv_inst_display_clocks/inst/clk_out2_clk_wiz_0
    BUFGCTRL_X0Y0        BUFG (Prop_bufg_I_O)         0.029    -0.000 r  datapath/video_inst/mmcm_adv_inst_display_clocks/inst/clkout2_buf/O
                         net (fo=44, routed)          0.883     0.883    datapath/video_inst/inst_dvid/clk_out2
    SLICE_X154Y130       FDRE                                         r  datapath/video_inst/inst_dvid/shift_green_reg[5]/C
                         clock pessimism              0.080     0.963    
                         clock uncertainty            0.215     1.177    
    SLICE_X154Y130       FDRE (Hold_fdre_C_D)         0.131     1.308    datapath/video_inst/inst_dvid/shift_green_reg[5]
  -------------------------------------------------------------------
                         required time                         -1.308    
                         arrival time                           1.512    
  -------------------------------------------------------------------
                         slack                                  0.204    

Slack (MET) :             0.209ns  (arrival time - required time)
  Source:                 datapath/video_inst/inst_dvid/latched_green_reg[2]/C
                            (rising edge-triggered cell FDRE clocked by clk_out1_clk_wiz_0  {rise@0.000ns fall@20.000ns period=40.000ns})
  Destination:            datapath/video_inst/inst_dvid/shift_green_reg[4]/D
                            (rising edge-triggered cell FDRE clocked by clk_out2_clk_wiz_0  {rise@0.000ns fall@4.000ns period=8.000ns})
  Path Group:             clk_out2_clk_wiz_0
  Path Type:              Hold (Min at Fast Process Corner)
  Requirement:            0.000ns  (clk_out2_clk_wiz_0 rise@0.000ns - clk_out1_clk_wiz_0 rise@0.000ns)
  Data Path Delay:        0.906ns  (logic 0.244ns (26.941%)  route 0.662ns (73.059%))
  Logic Levels:           1  (LUT3=1)
  Clock Path Skew:        0.351ns (DCD - SCD - CPR)
    Destination Clock Delay (DCD):    0.883ns
    Source Clock Delay      (SCD):    0.612ns
    Clock Pessimism Removal (CPR):    -0.080ns
  Clock Uncertainty:      0.215ns  ((TSJ^2 + DJ^2)^1/2) / 2 + PE
    Total System Jitter     (TSJ):    0.071ns
    Discrete Jitter          (DJ):    0.175ns
    Phase Error              (PE):    0.120ns

    Location             Delay type                Incr(ns)  Path(ns)    Netlist Resource(s)
  -------------------------------------------------------------------    -------------------
                         (clock clk_out1_clk_wiz_0 rise edge)
                                                      0.000     0.000 r  
    BUFGCTRL_X0Y2        BUFG                         0.000     0.000 r  clk_IBUF_BUFG_inst/O
                         net (fo=305, routed)         0.745     0.745    datapath/video_inst/mmcm_adv_inst_display_clocks/inst/clk_in1
    MMCME2_ADV_X1Y0      MMCME2_ADV (Prop_mmcme2_adv_CLKIN1_CLKOUT0)
                                                     -1.683    -0.938 r  datapath/video_inst/mmcm_adv_inst_display_clocks/inst/mmcm_adv_inst/CLKOUT0
                         net (fo=1, routed)           0.912    -0.026    datapath/video_inst/mmcm_adv_inst_display_clocks/inst/clk_out1_clk_wiz_0
    BUFGCTRL_X0Y4        BUFG (Prop_bufg_I_O)         0.026    -0.000 r  datapath/video_inst/mmcm_adv_inst_display_clocks/inst/clkout1_buf/O
                         net (fo=87, routed)          0.612     0.612    datapath/video_inst/inst_dvid/CLK
    SLICE_X152Y129       FDRE                                         r  datapath/video_inst/inst_dvid/latched_green_reg[2]/C
  -------------------------------------------------------------------    -------------------
    SLICE_X152Y129       FDRE (Prop_fdre_C_Q)         0.148     0.760 r  datapath/video_inst/inst_dvid/latched_green_reg[2]/Q
                         net (fo=3, routed)           0.662     1.421    datapath/video_inst/inst_dvid/latched_green[2]
    SLICE_X154Y130       LUT3 (Prop_lut3_I2_O)        0.096     1.517 r  datapath/video_inst/inst_dvid/shift_green[4]_i_1/O
                         net (fo=1, routed)           0.000     1.517    datapath/video_inst/inst_dvid/shift_green[4]
    SLICE_X154Y130       FDRE                                         r  datapath/video_inst/inst_dvid/shift_green_reg[4]/D
  -------------------------------------------------------------------    -------------------

                         (clock clk_out2_clk_wiz_0 rise edge)
                                                      0.000     0.000 r  
    BUFGCTRL_X0Y2        BUFG                         0.000     0.000 r  clk_IBUF_BUFG_inst/O
                         net (fo=305, routed)         1.022     1.022    datapath/video_inst/mmcm_adv_inst_display_clocks/inst/clk_in1
    MMCME2_ADV_X1Y0      MMCME2_ADV (Prop_mmcme2_adv_CLKIN1_CLKOUT1)
                                                     -2.040    -1.018 r  datapath/video_inst/mmcm_adv_inst_display_clocks/inst/mmcm_adv_inst/CLKOUT1
                         net (fo=1, routed)           0.989    -0.029    datapath/video_inst/mmcm_adv_inst_display_clocks/inst/clk_out2_clk_wiz_0
    BUFGCTRL_X0Y0        BUFG (Prop_bufg_I_O)         0.029    -0.000 r  datapath/video_inst/mmcm_adv_inst_display_clocks/inst/clkout2_buf/O
                         net (fo=44, routed)          0.883     0.883    datapath/video_inst/inst_dvid/clk_out2
    SLICE_X154Y130       FDRE                                         r  datapath/video_inst/inst_dvid/shift_green_reg[4]/C
                         clock pessimism              0.080     0.963    
                         clock uncertainty            0.215     1.177    
    SLICE_X154Y130       FDRE (Hold_fdre_C_D)         0.131     1.308    datapath/video_inst/inst_dvid/shift_green_reg[4]
  -------------------------------------------------------------------
                         required time                         -1.308    
                         arrival time                           1.517    
  -------------------------------------------------------------------
                         slack                                  0.209    

Slack (MET) :             0.211ns  (arrival time - required time)
  Source:                 datapath/video_inst/inst_dvid/latched_red_reg[2]/C
                            (rising edge-triggered cell FDRE clocked by clk_out1_clk_wiz_0  {rise@0.000ns fall@20.000ns period=40.000ns})
  Destination:            datapath/video_inst/inst_dvid/shift_red_reg[2]/D
                            (rising edge-triggered cell FDRE clocked by clk_out2_clk_wiz_0  {rise@0.000ns fall@4.000ns period=8.000ns})
  Path Group:             clk_out2_clk_wiz_0
  Path Type:              Hold (Min at Fast Process Corner)
  Requirement:            0.000ns  (clk_out2_clk_wiz_0 rise@0.000ns - clk_out1_clk_wiz_0 rise@0.000ns)
  Data Path Delay:        0.871ns  (logic 0.186ns (21.357%)  route 0.685ns (78.643%))
  Logic Levels:           1  (LUT3=1)
  Clock Path Skew:        0.354ns (DCD - SCD - CPR)
    Destination Clock Delay (DCD):    0.915ns
    Source Clock Delay      (SCD):    0.641ns
    Clock Pessimism Removal (CPR):    -0.080ns
  Clock Uncertainty:      0.215ns  ((TSJ^2 + DJ^2)^1/2) / 2 + PE
    Total System Jitter     (TSJ):    0.071ns
    Discrete Jitter          (DJ):    0.175ns
    Phase Error              (PE):    0.120ns

    Location             Delay type                Incr(ns)  Path(ns)    Netlist Resource(s)
  -------------------------------------------------------------------    -------------------
                         (clock clk_out1_clk_wiz_0 rise edge)
                                                      0.000     0.000 r  
    BUFGCTRL_X0Y2        BUFG                         0.000     0.000 r  clk_IBUF_BUFG_inst/O
                         net (fo=305, routed)         0.745     0.745    datapath/video_inst/mmcm_adv_inst_display_clocks/inst/clk_in1
    MMCME2_ADV_X1Y0      MMCME2_ADV (Prop_mmcme2_adv_CLKIN1_CLKOUT0)
                                                     -1.683    -0.938 r  datapath/video_inst/mmcm_adv_inst_display_clocks/inst/mmcm_adv_inst/CLKOUT0
                         net (fo=1, routed)           0.912    -0.026    datapath/video_inst/mmcm_adv_inst_display_clocks/inst/clk_out1_clk_wiz_0
    BUFGCTRL_X0Y4        BUFG (Prop_bufg_I_O)         0.026    -0.000 r  datapath/video_inst/mmcm_adv_inst_display_clocks/inst/clkout1_buf/O
                         net (fo=87, routed)          0.641     0.641    datapath/video_inst/inst_dvid/CLK
    SLICE_X159Y132       FDRE                                         r  datapath/video_inst/inst_dvid/latched_red_reg[2]/C
  -------------------------------------------------------------------    -------------------
    SLICE_X159Y132       FDRE (Prop_fdre_C_Q)         0.141     0.782 r  datapath/video_inst/inst_dvid/latched_red_reg[2]/Q
                         net (fo=3, routed)           0.685     1.467    datapath/video_inst/inst_dvid/latched_red[2]
    SLICE_X160Y134       LUT3 (Prop_lut3_I2_O)        0.045     1.512 r  datapath/video_inst/inst_dvid/shift_red[2]_i_1/O
                         net (fo=1, routed)           0.000     1.512    datapath/video_inst/inst_dvid/shift_red[2]
    SLICE_X160Y134       FDRE                                         r  datapath/video_inst/inst_dvid/shift_red_reg[2]/D
  -------------------------------------------------------------------    -------------------

                         (clock clk_out2_clk_wiz_0 rise edge)
                                                      0.000     0.000 r  
    BUFGCTRL_X0Y2        BUFG                         0.000     0.000 r  clk_IBUF_BUFG_inst/O
                         net (fo=305, routed)         1.022     1.022    datapath/video_inst/mmcm_adv_inst_display_clocks/inst/clk_in1
    MMCME2_ADV_X1Y0      MMCME2_ADV (Prop_mmcme2_adv_CLKIN1_CLKOUT1)
                                                     -2.040    -1.018 r  datapath/video_inst/mmcm_adv_inst_display_clocks/inst/mmcm_adv_inst/CLKOUT1
                         net (fo=1, routed)           0.989    -0.029    datapath/video_inst/mmcm_adv_inst_display_clocks/inst/clk_out2_clk_wiz_0
    BUFGCTRL_X0Y0        BUFG (Prop_bufg_I_O)         0.029    -0.000 r  datapath/video_inst/mmcm_adv_inst_display_clocks/inst/clkout2_buf/O
                         net (fo=44, routed)          0.915     0.915    datapath/video_inst/inst_dvid/clk_out2
    SLICE_X160Y134       FDRE                                         r  datapath/video_inst/inst_dvid/shift_red_reg[2]/C
                         clock pessimism              0.080     0.995    
                         clock uncertainty            0.215     1.209    
    SLICE_X160Y134       FDRE (Hold_fdre_C_D)         0.091     1.300    datapath/video_inst/inst_dvid/shift_red_reg[2]
  -------------------------------------------------------------------
                         required time                         -1.300    
                         arrival time                           1.512    
  -------------------------------------------------------------------
                         slack                                  0.211    

Slack (MET) :             0.216ns  (arrival time - required time)
  Source:                 datapath/video_inst/inst_dvid/latched_green_reg[0]/C
                            (rising edge-triggered cell FDRE clocked by clk_out1_clk_wiz_0  {rise@0.000ns fall@20.000ns period=40.000ns})
  Destination:            datapath/video_inst/inst_dvid/shift_green_reg[3]/D
                            (rising edge-triggered cell FDRE clocked by clk_out2_clk_wiz_0  {rise@0.000ns fall@4.000ns period=8.000ns})
  Path Group:             clk_out2_clk_wiz_0
  Path Type:              Hold (Min at Fast Process Corner)
  Requirement:            0.000ns  (clk_out2_clk_wiz_0 rise@0.000ns - clk_out1_clk_wiz_0 rise@0.000ns)
  Data Path Delay:        0.903ns  (logic 0.247ns (27.362%)  route 0.656ns (72.638%))
  Logic Levels:           1  (LUT3=1)
  Clock Path Skew:        0.351ns (DCD - SCD - CPR)
    Destination Clock Delay (DCD):    0.883ns
    Source Clock Delay      (SCD):    0.612ns
    Clock Pessimism Removal (CPR):    -0.080ns
  Clock Uncertainty:      0.215ns  ((TSJ^2 + DJ^2)^1/2) / 2 + PE
    Total System Jitter     (TSJ):    0.071ns
    Discrete Jitter          (DJ):    0.175ns
    Phase Error              (PE):    0.120ns

    Location             Delay type                Incr(ns)  Path(ns)    Netlist Resource(s)
  -------------------------------------------------------------------    -------------------
                         (clock clk_out1_clk_wiz_0 rise edge)
                                                      0.000     0.000 r  
    BUFGCTRL_X0Y2        BUFG                         0.000     0.000 r  clk_IBUF_BUFG_inst/O
                         net (fo=305, routed)         0.745     0.745    datapath/video_inst/mmcm_adv_inst_display_clocks/inst/clk_in1
    MMCME2_ADV_X1Y0      MMCME2_ADV (Prop_mmcme2_adv_CLKIN1_CLKOUT0)
                                                     -1.683    -0.938 r  datapath/video_inst/mmcm_adv_inst_display_clocks/inst/mmcm_adv_inst/CLKOUT0
                         net (fo=1, routed)           0.912    -0.026    datapath/video_inst/mmcm_adv_inst_display_clocks/inst/clk_out1_clk_wiz_0
    BUFGCTRL_X0Y4        BUFG (Prop_bufg_I_O)         0.026    -0.000 r  datapath/video_inst/mmcm_adv_inst_display_clocks/inst/clkout1_buf/O
                         net (fo=87, routed)          0.612     0.612    datapath/video_inst/inst_dvid/CLK
    SLICE_X152Y129       FDRE                                         r  datapath/video_inst/inst_dvid/latched_green_reg[0]/C
  -------------------------------------------------------------------    -------------------
    SLICE_X152Y129       FDRE (Prop_fdre_C_Q)         0.148     0.760 r  datapath/video_inst/inst_dvid/latched_green_reg[0]/Q
                         net (fo=5, routed)           0.656     1.415    datapath/video_inst/inst_dvid/latched_green[0]
    SLICE_X154Y130       LUT3 (Prop_lut3_I2_O)        0.099     1.514 r  datapath/video_inst/inst_dvid/shift_green[3]_i_1/O
                         net (fo=1, routed)           0.000     1.514    datapath/video_inst/inst_dvid/shift_green[3]
    SLICE_X154Y130       FDRE                                         r  datapath/video_inst/inst_dvid/shift_green_reg[3]/D
  -------------------------------------------------------------------    -------------------

                         (clock clk_out2_clk_wiz_0 rise edge)
                                                      0.000     0.000 r  
    BUFGCTRL_X0Y2        BUFG                         0.000     0.000 r  clk_IBUF_BUFG_inst/O
                         net (fo=305, routed)         1.022     1.022    datapath/video_inst/mmcm_adv_inst_display_clocks/inst/clk_in1
    MMCME2_ADV_X1Y0      MMCME2_ADV (Prop_mmcme2_adv_CLKIN1_CLKOUT1)
                                                     -2.040    -1.018 r  datapath/video_inst/mmcm_adv_inst_display_clocks/inst/mmcm_adv_inst/CLKOUT1
                         net (fo=1, routed)           0.989    -0.029    datapath/video_inst/mmcm_adv_inst_display_clocks/inst/clk_out2_clk_wiz_0
    BUFGCTRL_X0Y0        BUFG (Prop_bufg_I_O)         0.029    -0.000 r  datapath/video_inst/mmcm_adv_inst_display_clocks/inst/clkout2_buf/O
                         net (fo=44, routed)          0.883     0.883    datapath/video_inst/inst_dvid/clk_out2
    SLICE_X154Y130       FDRE                                         r  datapath/video_inst/inst_dvid/shift_green_reg[3]/C
                         clock pessimism              0.080     0.963    
                         clock uncertainty            0.215     1.177    
    SLICE_X154Y130       FDRE (Hold_fdre_C_D)         0.121     1.298    datapath/video_inst/inst_dvid/shift_green_reg[3]
  -------------------------------------------------------------------
                         required time                         -1.298    
                         arrival time                           1.514    
  -------------------------------------------------------------------
                         slack                                  0.216    

Slack (MET) :             0.221ns  (arrival time - required time)
  Source:                 datapath/video_inst/inst_dvid/latched_green_reg[2]/C
                            (rising edge-triggered cell FDRE clocked by clk_out1_clk_wiz_0  {rise@0.000ns fall@20.000ns period=40.000ns})
  Destination:            datapath/video_inst/inst_dvid/shift_green_reg[2]/D
                            (rising edge-triggered cell FDRE clocked by clk_out2_clk_wiz_0  {rise@0.000ns fall@4.000ns period=8.000ns})
  Path Group:             clk_out2_clk_wiz_0
  Path Type:              Hold (Min at Fast Process Corner)
  Requirement:            0.000ns  (clk_out2_clk_wiz_0 rise@0.000ns - clk_out1_clk_wiz_0 rise@0.000ns)
  Data Path Delay:        0.908ns  (logic 0.246ns (27.102%)  route 0.662ns (72.898%))
  Logic Levels:           1  (LUT3=1)
  Clock Path Skew:        0.351ns (DCD - SCD - CPR)
    Destination Clock Delay (DCD):    0.883ns
    Source Clock Delay      (SCD):    0.612ns
    Clock Pessimism Removal (CPR):    -0.080ns
  Clock Uncertainty:      0.215ns  ((TSJ^2 + DJ^2)^1/2) / 2 + PE
    Total System Jitter     (TSJ):    0.071ns
    Discrete Jitter          (DJ):    0.175ns
    Phase Error              (PE):    0.120ns

    Location             Delay type                Incr(ns)  Path(ns)    Netlist Resource(s)
  -------------------------------------------------------------------    -------------------
                         (clock clk_out1_clk_wiz_0 rise edge)
                                                      0.000     0.000 r  
    BUFGCTRL_X0Y2        BUFG                         0.000     0.000 r  clk_IBUF_BUFG_inst/O
                         net (fo=305, routed)         0.745     0.745    datapath/video_inst/mmcm_adv_inst_display_clocks/inst/clk_in1
    MMCME2_ADV_X1Y0      MMCME2_ADV (Prop_mmcme2_adv_CLKIN1_CLKOUT0)
                                                     -1.683    -0.938 r  datapath/video_inst/mmcm_adv_inst_display_clocks/inst/mmcm_adv_inst/CLKOUT0
                         net (fo=1, routed)           0.912    -0.026    datapath/video_inst/mmcm_adv_inst_display_clocks/inst/clk_out1_clk_wiz_0
    BUFGCTRL_X0Y4        BUFG (Prop_bufg_I_O)         0.026    -0.000 r  datapath/video_inst/mmcm_adv_inst_display_clocks/inst/clkout1_buf/O
                         net (fo=87, routed)          0.612     0.612    datapath/video_inst/inst_dvid/CLK
    SLICE_X152Y129       FDRE                                         r  datapath/video_inst/inst_dvid/latched_green_reg[2]/C
  -------------------------------------------------------------------    -------------------
    SLICE_X152Y129       FDRE (Prop_fdre_C_Q)         0.148     0.760 r  datapath/video_inst/inst_dvid/latched_green_reg[2]/Q
                         net (fo=3, routed)           0.662     1.421    datapath/video_inst/inst_dvid/latched_green[2]
    SLICE_X154Y130       LUT3 (Prop_lut3_I2_O)        0.098     1.519 r  datapath/video_inst/inst_dvid/shift_green[2]_i_1/O
                         net (fo=1, routed)           0.000     1.519    datapath/video_inst/inst_dvid/shift_green[2]
    SLICE_X154Y130       FDRE                                         r  datapath/video_inst/inst_dvid/shift_green_reg[2]/D
  -------------------------------------------------------------------    -------------------

                         (clock clk_out2_clk_wiz_0 rise edge)
                                                      0.000     0.000 r  
    BUFGCTRL_X0Y2        BUFG                         0.000     0.000 r  clk_IBUF_BUFG_inst/O
                         net (fo=305, routed)         1.022     1.022    datapath/video_inst/mmcm_adv_inst_display_clocks/inst/clk_in1
    MMCME2_ADV_X1Y0      MMCME2_ADV (Prop_mmcme2_adv_CLKIN1_CLKOUT1)
                                                     -2.040    -1.018 r  datapath/video_inst/mmcm_adv_inst_display_clocks/inst/mmcm_adv_inst/CLKOUT1
                         net (fo=1, routed)           0.989    -0.029    datapath/video_inst/mmcm_adv_inst_display_clocks/inst/clk_out2_clk_wiz_0
    BUFGCTRL_X0Y0        BUFG (Prop_bufg_I_O)         0.029    -0.000 r  datapath/video_inst/mmcm_adv_inst_display_clocks/inst/clkout2_buf/O
                         net (fo=44, routed)          0.883     0.883    datapath/video_inst/inst_dvid/clk_out2
    SLICE_X154Y130       FDRE                                         r  datapath/video_inst/inst_dvid/shift_green_reg[2]/C
                         clock pessimism              0.080     0.963    
                         clock uncertainty            0.215     1.177    
    SLICE_X154Y130       FDRE (Hold_fdre_C_D)         0.121     1.298    datapath/video_inst/inst_dvid/shift_green_reg[2]
  -------------------------------------------------------------------
                         required time                         -1.298    
                         arrival time                           1.519    
  -------------------------------------------------------------------
                         slack                                  0.221    





--------------------------------------------------------------------------------------
Path Group:  (none)
From Clock:  
  To Clock:  

Max Delay           842 Endpoints
Min Delay           842 Endpoints
--------------------------------------------------------------------------------------


Max Delay Paths
--------------------------------------------------------------------------------------
Slack:                    inf
  Source:                 btn[3]
                            (input port)
  Destination:            datapath/triggerT_stepper/process_q_reg[1]/CE
  Path Group:             (none)
  Path Type:              Max at Slow Process Corner
  Data Path Delay:        12.227ns  (logic 1.333ns (10.899%)  route 10.894ns (89.101%))
  Logic Levels:           3  (IBUF=1 LUT2=1 LUT6=1)

    Location             Delay type                Incr(ns)  Path(ns)    Netlist Resource(s)
  -------------------------------------------------------------------    -------------------
    D14                                               0.000     0.000 r  btn[3] (IN)
                         net (fo=0)                   0.000     0.000    btn[3]
    D14                  IBUF (Prop_ibuf_I_O)         1.085     1.085 r  btn_IBUF[3]_inst/O
                         net (fo=4, routed)           9.309    10.394    datapath/triggerT_stepper/btn_IBUF[1]
    SLICE_X147Y118       LUT2 (Prop_lut2_I1_O)        0.124    10.518 r  datapath/triggerT_stepper/process_q[10]_i_4__0/O
                         net (fo=1, routed)           0.809    11.326    datapath/triggerT_stepper/debouncer/process_q_reg[1]
    SLICE_X150Y118       LUT6 (Prop_lut6_I1_O)        0.124    11.450 r  datapath/triggerT_stepper/debouncer/process_q[10]_i_1__0/O
                         net (fo=10, routed)          0.776    12.227    datapath/triggerT_stepper/debouncer_n_0
    SLICE_X148Y118       FDRE                                         r  datapath/triggerT_stepper/process_q_reg[1]/CE
  -------------------------------------------------------------------    -------------------

Slack:                    inf
  Source:                 btn[0]
                            (input port)
  Destination:            datapath/triggerV_stepper/process_q_reg[9]/CE
  Path Group:             (none)
  Path Type:              Max at Slow Process Corner
  Data Path Delay:        12.137ns  (logic 1.545ns (12.733%)  route 10.591ns (87.267%))
  Logic Levels:           3  (IBUF=1 LUT3=1 LUT6=1)

    Location             Delay type                Incr(ns)  Path(ns)    Netlist Resource(s)
  -------------------------------------------------------------------    -------------------
    F15                                               0.000     0.000 r  btn[0] (IN)
                         net (fo=0)                   0.000     0.000    btn[0]
    F15                  IBUF (Prop_ibuf_I_O)         1.069     1.069 r  btn_IBUF[0]_inst/O
                         net (fo=4, routed)           9.170    10.239    datapath/triggerV_stepper/btn_IBUF[0]
    SLICE_X130Y122       LUT3 (Prop_lut3_I0_O)        0.150    10.389 r  datapath/triggerV_stepper/process_q[10]_i_8/O
                         net (fo=1, routed)           0.803    11.192    datapath/triggerV_stepper/debouncer/process_q_reg[1]_2
    SLICE_X132Y122       LUT6 (Prop_lut6_I4_O)        0.326    11.518 r  datapath/triggerV_stepper/debouncer/process_q[10]_i_2/O
                         net (fo=10, routed)          0.618    12.137    datapath/triggerV_stepper/debouncer_n_0
    SLICE_X132Y122       FDRE                                         r  datapath/triggerV_stepper/process_q_reg[9]/CE
  -------------------------------------------------------------------    -------------------

Slack:                    inf
  Source:                 btn[3]
                            (input port)
  Destination:            datapath/triggerT_stepper/process_q_reg[3]/CE
  Path Group:             (none)
  Path Type:              Max at Slow Process Corner
  Data Path Delay:        12.093ns  (logic 1.333ns (11.020%)  route 10.760ns (88.980%))
  Logic Levels:           3  (IBUF=1 LUT2=1 LUT6=1)

    Location             Delay type                Incr(ns)  Path(ns)    Netlist Resource(s)
  -------------------------------------------------------------------    -------------------
    D14                                               0.000     0.000 r  btn[3] (IN)
                         net (fo=0)                   0.000     0.000    btn[3]
    D14                  IBUF (Prop_ibuf_I_O)         1.085     1.085 r  btn_IBUF[3]_inst/O
                         net (fo=4, routed)           9.309    10.394    datapath/triggerT_stepper/btn_IBUF[1]
    SLICE_X147Y118       LUT2 (Prop_lut2_I1_O)        0.124    10.518 r  datapath/triggerT_stepper/process_q[10]_i_4__0/O
                         net (fo=1, routed)           0.809    11.326    datapath/triggerT_stepper/debouncer/process_q_reg[1]
    SLICE_X150Y118       LUT6 (Prop_lut6_I1_O)        0.124    11.450 r  datapath/triggerT_stepper/debouncer/process_q[10]_i_1__0/O
                         net (fo=10, routed)          0.643    12.093    datapath/triggerT_stepper/debouncer_n_0
    SLICE_X147Y118       FDRE                                         r  datapath/triggerT_stepper/process_q_reg[3]/CE
  -------------------------------------------------------------------    -------------------

Slack:                    inf
  Source:                 btn[3]
                            (input port)
  Destination:            datapath/triggerT_stepper/process_q_reg[5]/CE
  Path Group:             (none)
  Path Type:              Max at Slow Process Corner
  Data Path Delay:        12.093ns  (logic 1.333ns (11.020%)  route 10.760ns (88.980%))
  Logic Levels:           3  (IBUF=1 LUT2=1 LUT6=1)

    Location             Delay type                Incr(ns)  Path(ns)    Netlist Resource(s)
  -------------------------------------------------------------------    -------------------
    D14                                               0.000     0.000 r  btn[3] (IN)
                         net (fo=0)                   0.000     0.000    btn[3]
    D14                  IBUF (Prop_ibuf_I_O)         1.085     1.085 r  btn_IBUF[3]_inst/O
                         net (fo=4, routed)           9.309    10.394    datapath/triggerT_stepper/btn_IBUF[1]
    SLICE_X147Y118       LUT2 (Prop_lut2_I1_O)        0.124    10.518 r  datapath/triggerT_stepper/process_q[10]_i_4__0/O
                         net (fo=1, routed)           0.809    11.326    datapath/triggerT_stepper/debouncer/process_q_reg[1]
    SLICE_X150Y118       LUT6 (Prop_lut6_I1_O)        0.124    11.450 r  datapath/triggerT_stepper/debouncer/process_q[10]_i_1__0/O
                         net (fo=10, routed)          0.643    12.093    datapath/triggerT_stepper/debouncer_n_0
    SLICE_X147Y118       FDRE                                         r  datapath/triggerT_stepper/process_q_reg[5]/CE
  -------------------------------------------------------------------    -------------------

Slack:                    inf
  Source:                 btn[3]
                            (input port)
  Destination:            datapath/triggerT_stepper/process_q_reg[7]/CE
  Path Group:             (none)
  Path Type:              Max at Slow Process Corner
  Data Path Delay:        12.092ns  (logic 1.333ns (11.021%)  route 10.759ns (88.979%))
  Logic Levels:           3  (IBUF=1 LUT2=1 LUT6=1)

    Location             Delay type                Incr(ns)  Path(ns)    Netlist Resource(s)
  -------------------------------------------------------------------    -------------------
    D14                                               0.000     0.000 r  btn[3] (IN)
                         net (fo=0)                   0.000     0.000    btn[3]
    D14                  IBUF (Prop_ibuf_I_O)         1.085     1.085 r  btn_IBUF[3]_inst/O
                         net (fo=4, routed)           9.309    10.394    datapath/triggerT_stepper/btn_IBUF[1]
    SLICE_X147Y118       LUT2 (Prop_lut2_I1_O)        0.124    10.518 r  datapath/triggerT_stepper/process_q[10]_i_4__0/O
                         net (fo=1, routed)           0.809    11.326    datapath/triggerT_stepper/debouncer/process_q_reg[1]
    SLICE_X150Y118       LUT6 (Prop_lut6_I1_O)        0.124    11.450 r  datapath/triggerT_stepper/debouncer/process_q[10]_i_1__0/O
                         net (fo=10, routed)          0.641    12.091    datapath/triggerT_stepper/debouncer_n_0
    SLICE_X150Y115       FDRE                                         r  datapath/triggerT_stepper/process_q_reg[7]/CE
  -------------------------------------------------------------------    -------------------

Slack:                    inf
  Source:                 btn[3]
                            (input port)
  Destination:            datapath/triggerT_stepper/process_q_reg[8]/CE
  Path Group:             (none)
  Path Type:              Max at Slow Process Corner
  Data Path Delay:        12.092ns  (logic 1.333ns (11.021%)  route 10.759ns (88.979%))
  Logic Levels:           3  (IBUF=1 LUT2=1 LUT6=1)

    Location             Delay type                Incr(ns)  Path(ns)    Netlist Resource(s)
  -------------------------------------------------------------------    -------------------
    D14                                               0.000     0.000 r  btn[3] (IN)
                         net (fo=0)                   0.000     0.000    btn[3]
    D14                  IBUF (Prop_ibuf_I_O)         1.085     1.085 r  btn_IBUF[3]_inst/O
                         net (fo=4, routed)           9.309    10.394    datapath/triggerT_stepper/btn_IBUF[1]
    SLICE_X147Y118       LUT2 (Prop_lut2_I1_O)        0.124    10.518 r  datapath/triggerT_stepper/process_q[10]_i_4__0/O
                         net (fo=1, routed)           0.809    11.326    datapath/triggerT_stepper/debouncer/process_q_reg[1]
    SLICE_X150Y118       LUT6 (Prop_lut6_I1_O)        0.124    11.450 r  datapath/triggerT_stepper/debouncer/process_q[10]_i_1__0/O
                         net (fo=10, routed)          0.641    12.091    datapath/triggerT_stepper/debouncer_n_0
    SLICE_X150Y115       FDRE                                         r  datapath/triggerT_stepper/process_q_reg[8]/CE
  -------------------------------------------------------------------    -------------------

Slack:                    inf
  Source:                 btn[3]
                            (input port)
  Destination:            datapath/triggerT_stepper/process_q_reg[9]/CE
  Path Group:             (none)
  Path Type:              Max at Slow Process Corner
  Data Path Delay:        12.092ns  (logic 1.333ns (11.021%)  route 10.759ns (88.979%))
  Logic Levels:           3  (IBUF=1 LUT2=1 LUT6=1)

    Location             Delay type                Incr(ns)  Path(ns)    Netlist Resource(s)
  -------------------------------------------------------------------    -------------------
    D14                                               0.000     0.000 r  btn[3] (IN)
                         net (fo=0)                   0.000     0.000    btn[3]
    D14                  IBUF (Prop_ibuf_I_O)         1.085     1.085 r  btn_IBUF[3]_inst/O
                         net (fo=4, routed)           9.309    10.394    datapath/triggerT_stepper/btn_IBUF[1]
    SLICE_X147Y118       LUT2 (Prop_lut2_I1_O)        0.124    10.518 r  datapath/triggerT_stepper/process_q[10]_i_4__0/O
                         net (fo=1, routed)           0.809    11.326    datapath/triggerT_stepper/debouncer/process_q_reg[1]
    SLICE_X150Y118       LUT6 (Prop_lut6_I1_O)        0.124    11.450 r  datapath/triggerT_stepper/debouncer/process_q[10]_i_1__0/O
                         net (fo=10, routed)          0.641    12.091    datapath/triggerT_stepper/debouncer_n_0
    SLICE_X150Y115       FDRE                                         r  datapath/triggerT_stepper/process_q_reg[9]/CE
  -------------------------------------------------------------------    -------------------

Slack:                    inf
  Source:                 btn[0]
                            (input port)
  Destination:            datapath/triggerV_stepper/process_q_reg[2]/CE
  Path Group:             (none)
  Path Type:              Max at Slow Process Corner
  Data Path Delay:        12.058ns  (logic 1.545ns (12.817%)  route 10.512ns (87.183%))
  Logic Levels:           3  (IBUF=1 LUT3=1 LUT6=1)

    Location             Delay type                Incr(ns)  Path(ns)    Netlist Resource(s)
  -------------------------------------------------------------------    -------------------
    F15                                               0.000     0.000 r  btn[0] (IN)
                         net (fo=0)                   0.000     0.000    btn[0]
    F15                  IBUF (Prop_ibuf_I_O)         1.069     1.069 r  btn_IBUF[0]_inst/O
                         net (fo=4, routed)           9.170    10.239    datapath/triggerV_stepper/btn_IBUF[0]
    SLICE_X130Y122       LUT3 (Prop_lut3_I0_O)        0.150    10.389 r  datapath/triggerV_stepper/process_q[10]_i_8/O
                         net (fo=1, routed)           0.803    11.192    datapath/triggerV_stepper/debouncer/process_q_reg[1]_2
    SLICE_X132Y122       LUT6 (Prop_lut6_I4_O)        0.326    11.518 r  datapath/triggerV_stepper/debouncer/process_q[10]_i_2/O
                         net (fo=10, routed)          0.540    12.058    datapath/triggerV_stepper/debouncer_n_0
    SLICE_X132Y121       FDSE                                         r  datapath/triggerV_stepper/process_q_reg[2]/CE
  -------------------------------------------------------------------    -------------------

Slack:                    inf
  Source:                 btn[0]
                            (input port)
  Destination:            datapath/triggerV_stepper/process_q_reg[3]/CE
  Path Group:             (none)
  Path Type:              Max at Slow Process Corner
  Data Path Delay:        12.058ns  (logic 1.545ns (12.817%)  route 10.512ns (87.183%))
  Logic Levels:           3  (IBUF=1 LUT3=1 LUT6=1)

    Location             Delay type                Incr(ns)  Path(ns)    Netlist Resource(s)
  -------------------------------------------------------------------    -------------------
    F15                                               0.000     0.000 r  btn[0] (IN)
                         net (fo=0)                   0.000     0.000    btn[0]
    F15                  IBUF (Prop_ibuf_I_O)         1.069     1.069 r  btn_IBUF[0]_inst/O
                         net (fo=4, routed)           9.170    10.239    datapath/triggerV_stepper/btn_IBUF[0]
    SLICE_X130Y122       LUT3 (Prop_lut3_I0_O)        0.150    10.389 r  datapath/triggerV_stepper/process_q[10]_i_8/O
                         net (fo=1, routed)           0.803    11.192    datapath/triggerV_stepper/debouncer/process_q_reg[1]_2
    SLICE_X132Y122       LUT6 (Prop_lut6_I4_O)        0.326    11.518 r  datapath/triggerV_stepper/debouncer/process_q[10]_i_2/O
                         net (fo=10, routed)          0.540    12.058    datapath/triggerV_stepper/debouncer_n_0
    SLICE_X132Y121       FDRE                                         r  datapath/triggerV_stepper/process_q_reg[3]/CE
  -------------------------------------------------------------------    -------------------

Slack:                    inf
  Source:                 btn[0]
                            (input port)
  Destination:            datapath/triggerV_stepper/process_q_reg[4]/CE
  Path Group:             (none)
  Path Type:              Max at Slow Process Corner
  Data Path Delay:        12.058ns  (logic 1.545ns (12.817%)  route 10.512ns (87.183%))
  Logic Levels:           3  (IBUF=1 LUT3=1 LUT6=1)

    Location             Delay type                Incr(ns)  Path(ns)    Netlist Resource(s)
  -------------------------------------------------------------------    -------------------
    F15                                               0.000     0.000 r  btn[0] (IN)
                         net (fo=0)                   0.000     0.000    btn[0]
    F15                  IBUF (Prop_ibuf_I_O)         1.069     1.069 r  btn_IBUF[0]_inst/O
                         net (fo=4, routed)           9.170    10.239    datapath/triggerV_stepper/btn_IBUF[0]
    SLICE_X130Y122       LUT3 (Prop_lut3_I0_O)        0.150    10.389 r  datapath/triggerV_stepper/process_q[10]_i_8/O
                         net (fo=1, routed)           0.803    11.192    datapath/triggerV_stepper/debouncer/process_q_reg[1]_2
    SLICE_X132Y122       LUT6 (Prop_lut6_I4_O)        0.326    11.518 r  datapath/triggerV_stepper/debouncer/process_q[10]_i_2/O
                         net (fo=10, routed)          0.540    12.058    datapath/triggerV_stepper/debouncer_n_0
    SLICE_X132Y121       FDSE                                         r  datapath/triggerV_stepper/process_q_reg[4]/CE
  -------------------------------------------------------------------    -------------------





Min Delay Paths
--------------------------------------------------------------------------------------
Slack:                    inf
  Source:                 datapath/Audio_Codec/audio_inout/Data_In_int_reg[5]/C
                            (rising edge-triggered cell FDRE)
  Destination:            datapath/Audio_Codec/audio_inout/Data_In_int_reg[6]/D
  Path Group:             (none)
  Path Type:              Min at Fast Process Corner
  Data Path Delay:        0.253ns  (logic 0.141ns (55.730%)  route 0.112ns (44.270%))
  Logic Levels:           1  (FDRE=1)

    Location             Delay type                Incr(ns)  Path(ns)    Netlist Resource(s)
  -------------------------------------------------------------------    -------------------
    SLICE_X133Y123       FDRE                         0.000     0.000 r  datapath/Audio_Codec/audio_inout/Data_In_int_reg[5]/C
    SLICE_X133Y123       FDRE (Prop_fdre_C_Q)         0.141     0.141 r  datapath/Audio_Codec/audio_inout/Data_In_int_reg[5]/Q
                         net (fo=1, routed)           0.112     0.253    datapath/Audio_Codec/audio_inout/Data_In_int[5]
    SLICE_X132Y123       FDRE                                         r  datapath/Audio_Codec/audio_inout/Data_In_int_reg[6]/D
  -------------------------------------------------------------------    -------------------

Slack:                    inf
  Source:                 datapath/triggerV_stepper/process_q_reg[10]/C
                            (rising edge-triggered cell FDRE)
  Destination:            datapath/triggerV_stepper/q_reg[10]/D
  Path Group:             (none)
  Path Type:              Min at Fast Process Corner
  Data Path Delay:        0.254ns  (logic 0.141ns (55.481%)  route 0.113ns (44.519%))
  Logic Levels:           1  (FDRE=1)

    Location             Delay type                Incr(ns)  Path(ns)    Netlist Resource(s)
  -------------------------------------------------------------------    -------------------
    SLICE_X133Y122       FDRE                         0.000     0.000 r  datapath/triggerV_stepper/process_q_reg[10]/C
    SLICE_X133Y122       FDRE (Prop_fdre_C_Q)         0.141     0.141 r  datapath/triggerV_stepper/process_q_reg[10]/Q
                         net (fo=4, routed)           0.113     0.254    datapath/triggerV_stepper/process_q_reg[10]
    SLICE_X135Y122       FDRE                                         r  datapath/triggerV_stepper/q_reg[10]/D
  -------------------------------------------------------------------    -------------------

Slack:                    inf
  Source:                 datapath/triggerV_stepper/process_q_reg[8]/C
                            (rising edge-triggered cell FDRE)
  Destination:            datapath/triggerV_stepper/q_reg[8]/D
  Path Group:             (none)
  Path Type:              Min at Fast Process Corner
  Data Path Delay:        0.256ns  (logic 0.128ns (49.983%)  route 0.128ns (50.017%))
  Logic Levels:           1  (FDRE=1)

    Location             Delay type                Incr(ns)  Path(ns)    Netlist Resource(s)
  -------------------------------------------------------------------    -------------------
    SLICE_X133Y121       FDRE                         0.000     0.000 r  datapath/triggerV_stepper/process_q_reg[8]/C
    SLICE_X133Y121       FDRE (Prop_fdre_C_Q)         0.128     0.128 r  datapath/triggerV_stepper/process_q_reg[8]/Q
                         net (fo=7, routed)           0.128     0.256    datapath/triggerV_stepper/process_q_reg[8]
    SLICE_X135Y122       FDRE                                         r  datapath/triggerV_stepper/q_reg[8]/D
  -------------------------------------------------------------------    -------------------

Slack:                    inf
  Source:                 datapath/Audio_Codec/audio_inout/Data_In_int_reg[22]/C
                            (rising edge-triggered cell FDRE)
  Destination:            datapath/Audio_Codec/audio_inout/D_R_O_int_reg[14]/D
  Path Group:             (none)
  Path Type:              Min at Fast Process Corner
  Data Path Delay:        0.257ns  (logic 0.141ns (54.815%)  route 0.116ns (45.185%))
  Logic Levels:           1  (FDRE=1)

    Location             Delay type                Incr(ns)  Path(ns)    Netlist Resource(s)
  -------------------------------------------------------------------    -------------------
    SLICE_X138Y120       FDRE                         0.000     0.000 r  datapath/Audio_Codec/audio_inout/Data_In_int_reg[22]/C
    SLICE_X138Y120       FDRE (Prop_fdre_C_Q)         0.141     0.141 r  datapath/Audio_Codec/audio_inout/Data_In_int_reg[22]/Q
                         net (fo=3, routed)           0.116     0.257    datapath/Audio_Codec/audio_inout/Data_In_int[22]
    SLICE_X137Y121       FDRE                                         r  datapath/Audio_Codec/audio_inout/D_R_O_int_reg[14]/D
  -------------------------------------------------------------------    -------------------

Slack:                    inf
  Source:                 datapath/Audio_Codec/audio_inout/Data_In_int_reg[30]/C
                            (rising edge-triggered cell FDRE)
  Destination:            datapath/Audio_Codec/audio_inout/D_L_O_int_reg[22]/D
  Path Group:             (none)
  Path Type:              Min at Fast Process Corner
  Data Path Delay:        0.260ns  (logic 0.128ns (49.246%)  route 0.132ns (50.754%))
  Logic Levels:           1  (FDRE=1)

    Location             Delay type                Incr(ns)  Path(ns)    Netlist Resource(s)
  -------------------------------------------------------------------    -------------------
    SLICE_X137Y118       FDRE                         0.000     0.000 r  datapath/Audio_Codec/audio_inout/Data_In_int_reg[30]/C
    SLICE_X137Y118       FDRE (Prop_fdre_C_Q)         0.128     0.128 r  datapath/Audio_Codec/audio_inout/Data_In_int_reg[30]/Q
                         net (fo=3, routed)           0.132     0.260    datapath/Audio_Codec/audio_inout/Data_In_int[30]
    SLICE_X136Y117       FDRE                                         r  datapath/Audio_Codec/audio_inout/D_L_O_int_reg[22]/D
  -------------------------------------------------------------------    -------------------

Slack:                    inf
  Source:                 datapath/Audio_Codec/audio_inout/Data_In_int_reg[20]/C
                            (rising edge-triggered cell FDRE)
  Destination:            datapath/Audio_Codec/audio_inout/D_R_O_int_reg[12]/D
  Path Group:             (none)
  Path Type:              Min at Fast Process Corner
  Data Path Delay:        0.263ns  (logic 0.141ns (53.712%)  route 0.122ns (46.288%))
  Logic Levels:           1  (FDRE=1)

    Location             Delay type                Incr(ns)  Path(ns)    Netlist Resource(s)
  -------------------------------------------------------------------    -------------------
    SLICE_X137Y118       FDRE                         0.000     0.000 r  datapath/Audio_Codec/audio_inout/Data_In_int_reg[20]/C
    SLICE_X137Y118       FDRE (Prop_fdre_C_Q)         0.141     0.141 r  datapath/Audio_Codec/audio_inout/Data_In_int_reg[20]/Q
                         net (fo=3, routed)           0.122     0.263    datapath/Audio_Codec/audio_inout/Data_In_int[20]
    SLICE_X138Y119       FDRE                                         r  datapath/Audio_Codec/audio_inout/D_R_O_int_reg[12]/D
  -------------------------------------------------------------------    -------------------

Slack:                    inf
  Source:                 datapath/Audio_Codec/audio_inout/Data_In_int_reg[31]/C
                            (rising edge-triggered cell FDRE)
  Destination:            datapath/Audio_Codec/audio_inout/D_L_O_int_reg[23]/D
  Path Group:             (none)
  Path Type:              Min at Fast Process Corner
  Data Path Delay:        0.263ns  (logic 0.141ns (53.571%)  route 0.122ns (46.429%))
  Logic Levels:           1  (FDRE=1)

    Location             Delay type                Incr(ns)  Path(ns)    Netlist Resource(s)
  -------------------------------------------------------------------    -------------------
    SLICE_X137Y122       FDRE                         0.000     0.000 r  datapath/Audio_Codec/audio_inout/Data_In_int_reg[31]/C
    SLICE_X137Y122       FDRE (Prop_fdre_C_Q)         0.141     0.141 r  datapath/Audio_Codec/audio_inout/Data_In_int_reg[31]/Q
                         net (fo=2, routed)           0.122     0.263    datapath/Audio_Codec/audio_inout/Data_In_int[31]
    SLICE_X136Y121       FDRE                                         r  datapath/Audio_Codec/audio_inout/D_L_O_int_reg[23]/D
  -------------------------------------------------------------------    -------------------

Slack:                    inf
  Source:                 datapath/Audio_Codec/audio_inout/Data_In_int_reg[29]/C
                            (rising edge-triggered cell FDRE)
  Destination:            datapath/Audio_Codec/audio_inout/D_R_O_int_reg[21]/D
  Path Group:             (none)
  Path Type:              Min at Fast Process Corner
  Data Path Delay:        0.266ns  (logic 0.128ns (48.179%)  route 0.138ns (51.821%))
  Logic Levels:           1  (FDRE=1)

    Location             Delay type                Incr(ns)  Path(ns)    Netlist Resource(s)
  -------------------------------------------------------------------    -------------------
    SLICE_X138Y120       FDRE                         0.000     0.000 r  datapath/Audio_Codec/audio_inout/Data_In_int_reg[29]/C
    SLICE_X138Y120       FDRE (Prop_fdre_C_Q)         0.128     0.128 r  datapath/Audio_Codec/audio_inout/Data_In_int_reg[29]/Q
                         net (fo=3, routed)           0.138     0.266    datapath/Audio_Codec/audio_inout/Data_In_int[29]
    SLICE_X138Y119       FDRE                                         r  datapath/Audio_Codec/audio_inout/D_R_O_int_reg[21]/D
  -------------------------------------------------------------------    -------------------

Slack:                    inf
  Source:                 datapath/Audio_Codec/audio_inout/Data_In_int_reg[19]/C
                            (rising edge-triggered cell FDRE)
  Destination:            datapath/Audio_Codec/audio_inout/Data_In_int_reg[20]/D
  Path Group:             (none)
  Path Type:              Min at Fast Process Corner
  Data Path Delay:        0.267ns  (logic 0.141ns (52.760%)  route 0.126ns (47.240%))
  Logic Levels:           1  (FDRE=1)

    Location             Delay type                Incr(ns)  Path(ns)    Netlist Resource(s)
  -------------------------------------------------------------------    -------------------
    SLICE_X137Y118       FDRE                         0.000     0.000 r  datapath/Audio_Codec/audio_inout/Data_In_int_reg[19]/C
    SLICE_X137Y118       FDRE (Prop_fdre_C_Q)         0.141     0.141 r  datapath/Audio_Codec/audio_inout/Data_In_int_reg[19]/Q
                         net (fo=3, routed)           0.126     0.267    datapath/Audio_Codec/audio_inout/Data_In_int[19]
    SLICE_X137Y118       FDRE                                         r  datapath/Audio_Codec/audio_inout/Data_In_int_reg[20]/D
  -------------------------------------------------------------------    -------------------

Slack:                    inf
  Source:                 datapath/Audio_Codec/audio_inout/Data_In_int_reg[18]/C
                            (rising edge-triggered cell FDRE)
  Destination:            datapath/Audio_Codec/audio_inout/D_R_O_int_reg[10]/D
  Path Group:             (none)
  Path Type:              Min at Fast Process Corner
  Data Path Delay:        0.269ns  (logic 0.141ns (52.472%)  route 0.128ns (47.528%))
  Logic Levels:           1  (FDRE=1)

    Location             Delay type                Incr(ns)  Path(ns)    Netlist Resource(s)
  -------------------------------------------------------------------    -------------------
    SLICE_X134Y118       FDRE                         0.000     0.000 r  datapath/Audio_Codec/audio_inout/Data_In_int_reg[18]/C
    SLICE_X134Y118       FDRE (Prop_fdre_C_Q)         0.141     0.141 r  datapath/Audio_Codec/audio_inout/Data_In_int_reg[18]/Q
                         net (fo=3, routed)           0.128     0.269    datapath/Audio_Codec/audio_inout/Data_In_int[18]
    SLICE_X135Y119       FDRE                                         r  datapath/Audio_Codec/audio_inout/D_R_O_int_reg[10]/D
  -------------------------------------------------------------------    -------------------





--------------------------------------------------------------------------------------
Path Group:  (none)
From Clock:  clk_out1_clk_wiz_0
  To Clock:  

Max Delay            20 Endpoints
Min Delay            20 Endpoints
--------------------------------------------------------------------------------------


Max Delay Paths
--------------------------------------------------------------------------------------
Slack:                    inf
  Source:                 datapath/video_inst/Inst_vga/vga_signal_gen/position_reg[col][8]/C
                            (rising edge-triggered cell FDRE clocked by clk_out1_clk_wiz_0  {rise@0.000ns fall@20.000ns period=40.000ns})
  Destination:            datapath/leftChannelMemory/sdp_bl.ramb18_dp_bl.ram18_bl/ADDRARDADDR[12]
  Path Group:             (none)
  Path Type:              Max at Slow Process Corner
  Data Path Delay:        2.797ns  (logic 0.518ns (18.519%)  route 2.279ns (81.481%))
  Logic Levels:           0  
  Clock Uncertainty:      0.190ns  ((TSJ^2 + DJ^2)^1/2) / 2 + PE
    Total System Jitter     (TSJ):    0.050ns
    Discrete Jitter          (DJ):    0.175ns
    Phase Error              (PE):    0.099ns

    Location             Delay type                Incr(ns)  Path(ns)    Netlist Resource(s)
  -------------------------------------------------------------------    -------------------
                         (clock clk_out1_clk_wiz_0 rise edge)
                                                      0.000     0.000 r  
    BUFGCTRL_X0Y2        BUFG                         0.000     0.000 r  clk_IBUF_BUFG_inst/O
                         net (fo=305, routed)         2.106     2.106    datapath/video_inst/mmcm_adv_inst_display_clocks/inst/clk_in1
    MMCME2_ADV_X1Y0      MMCME2_ADV (Prop_mmcme2_adv_CLKIN1_CLKOUT0)
                                                     -4.900    -2.793 r  datapath/video_inst/mmcm_adv_inst_display_clocks/inst/mmcm_adv_inst/CLKOUT0
                         net (fo=1, routed)           2.697    -0.096    datapath/video_inst/mmcm_adv_inst_display_clocks/inst/clk_out1_clk_wiz_0
    BUFGCTRL_X0Y4        BUFG (Prop_bufg_I_O)         0.096    -0.000 r  datapath/video_inst/mmcm_adv_inst_display_clocks/inst/clkout1_buf/O
                         net (fo=87, routed)          1.736     1.736    datapath/video_inst/Inst_vga/vga_signal_gen/CLK
    SLICE_X150Y125       FDRE                                         r  datapath/video_inst/Inst_vga/vga_signal_gen/position_reg[col][8]/C
  -------------------------------------------------------------------    -------------------
    SLICE_X150Y125       FDRE (Prop_fdre_C_Q)         0.518     2.254 r  datapath/video_inst/Inst_vga/vga_signal_gen/position_reg[col][8]/Q
                         net (fo=20, routed)          2.279     4.534    datapath/leftChannelMemory/position[col][8]
    RAMB18_X7Y48         RAMB18E1                                     r  datapath/leftChannelMemory/sdp_bl.ramb18_dp_bl.ram18_bl/ADDRARDADDR[12]
  -------------------------------------------------------------------    -------------------

Slack:                    inf
  Source:                 datapath/video_inst/Inst_vga/vga_signal_gen/position_reg[col][8]/C
                            (rising edge-triggered cell FDRE clocked by clk_out1_clk_wiz_0  {rise@0.000ns fall@20.000ns period=40.000ns})
  Destination:            datapath/rightChannelMemory/sdp_bl.ramb18_dp_bl.ram18_bl/ADDRARDADDR[12]
  Path Group:             (none)
  Path Type:              Max at Slow Process Corner
  Data Path Delay:        2.797ns  (logic 0.518ns (18.519%)  route 2.279ns (81.481%))
  Logic Levels:           0  
  Clock Uncertainty:      0.190ns  ((TSJ^2 + DJ^2)^1/2) / 2 + PE
    Total System Jitter     (TSJ):    0.050ns
    Discrete Jitter          (DJ):    0.175ns
    Phase Error              (PE):    0.099ns

    Location             Delay type                Incr(ns)  Path(ns)    Netlist Resource(s)
  -------------------------------------------------------------------    -------------------
                         (clock clk_out1_clk_wiz_0 rise edge)
                                                      0.000     0.000 r  
    BUFGCTRL_X0Y2        BUFG                         0.000     0.000 r  clk_IBUF_BUFG_inst/O
                         net (fo=305, routed)         2.106     2.106    datapath/video_inst/mmcm_adv_inst_display_clocks/inst/clk_in1
    MMCME2_ADV_X1Y0      MMCME2_ADV (Prop_mmcme2_adv_CLKIN1_CLKOUT0)
                                                     -4.900    -2.793 r  datapath/video_inst/mmcm_adv_inst_display_clocks/inst/mmcm_adv_inst/CLKOUT0
                         net (fo=1, routed)           2.697    -0.096    datapath/video_inst/mmcm_adv_inst_display_clocks/inst/clk_out1_clk_wiz_0
    BUFGCTRL_X0Y4        BUFG (Prop_bufg_I_O)         0.096    -0.000 r  datapath/video_inst/mmcm_adv_inst_display_clocks/inst/clkout1_buf/O
                         net (fo=87, routed)          1.736     1.736    datapath/video_inst/Inst_vga/vga_signal_gen/CLK
    SLICE_X150Y125       FDRE                                         r  datapath/video_inst/Inst_vga/vga_signal_gen/position_reg[col][8]/C
  -------------------------------------------------------------------    -------------------
    SLICE_X150Y125       FDRE (Prop_fdre_C_Q)         0.518     2.254 r  datapath/video_inst/Inst_vga/vga_signal_gen/position_reg[col][8]/Q
                         net (fo=20, routed)          2.279     4.534    datapath/rightChannelMemory/Q[8]
    RAMB18_X7Y49         RAMB18E1                                     r  datapath/rightChannelMemory/sdp_bl.ramb18_dp_bl.ram18_bl/ADDRARDADDR[12]
  -------------------------------------------------------------------    -------------------

Slack:                    inf
  Source:                 datapath/video_inst/Inst_vga/vga_signal_gen/position_reg[col][4]/C
                            (rising edge-triggered cell FDRE clocked by clk_out1_clk_wiz_0  {rise@0.000ns fall@20.000ns period=40.000ns})
  Destination:            datapath/leftChannelMemory/sdp_bl.ramb18_dp_bl.ram18_bl/ADDRARDADDR[8]
  Path Group:             (none)
  Path Type:              Max at Slow Process Corner
  Data Path Delay:        2.385ns  (logic 0.456ns (19.119%)  route 1.929ns (80.881%))
  Logic Levels:           0  
  Clock Uncertainty:      0.190ns  ((TSJ^2 + DJ^2)^1/2) / 2 + PE
    Total System Jitter     (TSJ):    0.050ns
    Discrete Jitter          (DJ):    0.175ns
    Phase Error              (PE):    0.099ns

    Location             Delay type                Incr(ns)  Path(ns)    Netlist Resource(s)
  -------------------------------------------------------------------    -------------------
                         (clock clk_out1_clk_wiz_0 rise edge)
                                                      0.000     0.000 r  
    BUFGCTRL_X0Y2        BUFG                         0.000     0.000 r  clk_IBUF_BUFG_inst/O
                         net (fo=305, routed)         2.106     2.106    datapath/video_inst/mmcm_adv_inst_display_clocks/inst/clk_in1
    MMCME2_ADV_X1Y0      MMCME2_ADV (Prop_mmcme2_adv_CLKIN1_CLKOUT0)
                                                     -4.900    -2.793 r  datapath/video_inst/mmcm_adv_inst_display_clocks/inst/mmcm_adv_inst/CLKOUT0
                         net (fo=1, routed)           2.697    -0.096    datapath/video_inst/mmcm_adv_inst_display_clocks/inst/clk_out1_clk_wiz_0
    BUFGCTRL_X0Y4        BUFG (Prop_bufg_I_O)         0.096    -0.000 r  datapath/video_inst/mmcm_adv_inst_display_clocks/inst/clkout1_buf/O
                         net (fo=87, routed)          1.736     1.736    datapath/video_inst/Inst_vga/vga_signal_gen/CLK
    SLICE_X149Y124       FDRE                                         r  datapath/video_inst/Inst_vga/vga_signal_gen/position_reg[col][4]/C
  -------------------------------------------------------------------    -------------------
    SLICE_X149Y124       FDRE (Prop_fdre_C_Q)         0.456     2.192 r  datapath/video_inst/Inst_vga/vga_signal_gen/position_reg[col][4]/Q
                         net (fo=34, routed)          1.929     4.122    datapath/leftChannelMemory/position[col][4]
    RAMB18_X7Y48         RAMB18E1                                     r  datapath/leftChannelMemory/sdp_bl.ramb18_dp_bl.ram18_bl/ADDRARDADDR[8]
  -------------------------------------------------------------------    -------------------

Slack:                    inf
  Source:                 datapath/video_inst/Inst_vga/vga_signal_gen/position_reg[col][4]/C
                            (rising edge-triggered cell FDRE clocked by clk_out1_clk_wiz_0  {rise@0.000ns fall@20.000ns period=40.000ns})
  Destination:            datapath/rightChannelMemory/sdp_bl.ramb18_dp_bl.ram18_bl/ADDRARDADDR[8]
  Path Group:             (none)
  Path Type:              Max at Slow Process Corner
  Data Path Delay:        2.385ns  (logic 0.456ns (19.119%)  route 1.929ns (80.881%))
  Logic Levels:           0  
  Clock Uncertainty:      0.190ns  ((TSJ^2 + DJ^2)^1/2) / 2 + PE
    Total System Jitter     (TSJ):    0.050ns
    Discrete Jitter          (DJ):    0.175ns
    Phase Error              (PE):    0.099ns

    Location             Delay type                Incr(ns)  Path(ns)    Netlist Resource(s)
  -------------------------------------------------------------------    -------------------
                         (clock clk_out1_clk_wiz_0 rise edge)
                                                      0.000     0.000 r  
    BUFGCTRL_X0Y2        BUFG                         0.000     0.000 r  clk_IBUF_BUFG_inst/O
                         net (fo=305, routed)         2.106     2.106    datapath/video_inst/mmcm_adv_inst_display_clocks/inst/clk_in1
    MMCME2_ADV_X1Y0      MMCME2_ADV (Prop_mmcme2_adv_CLKIN1_CLKOUT0)
                                                     -4.900    -2.793 r  datapath/video_inst/mmcm_adv_inst_display_clocks/inst/mmcm_adv_inst/CLKOUT0
                         net (fo=1, routed)           2.697    -0.096    datapath/video_inst/mmcm_adv_inst_display_clocks/inst/clk_out1_clk_wiz_0
    BUFGCTRL_X0Y4        BUFG (Prop_bufg_I_O)         0.096    -0.000 r  datapath/video_inst/mmcm_adv_inst_display_clocks/inst/clkout1_buf/O
                         net (fo=87, routed)          1.736     1.736    datapath/video_inst/Inst_vga/vga_signal_gen/CLK
    SLICE_X149Y124       FDRE                                         r  datapath/video_inst/Inst_vga/vga_signal_gen/position_reg[col][4]/C
  -------------------------------------------------------------------    -------------------
    SLICE_X149Y124       FDRE (Prop_fdre_C_Q)         0.456     2.192 r  datapath/video_inst/Inst_vga/vga_signal_gen/position_reg[col][4]/Q
                         net (fo=34, routed)          1.929     4.122    datapath/rightChannelMemory/Q[4]
    RAMB18_X7Y49         RAMB18E1                                     r  datapath/rightChannelMemory/sdp_bl.ramb18_dp_bl.ram18_bl/ADDRARDADDR[8]
  -------------------------------------------------------------------    -------------------

Slack:                    inf
  Source:                 datapath/video_inst/Inst_vga/vga_signal_gen/position_reg[col][3]/C
                            (rising edge-triggered cell FDRE clocked by clk_out1_clk_wiz_0  {rise@0.000ns fall@20.000ns period=40.000ns})
  Destination:            datapath/leftChannelMemory/sdp_bl.ramb18_dp_bl.ram18_bl/ADDRARDADDR[7]
  Path Group:             (none)
  Path Type:              Max at Slow Process Corner
  Data Path Delay:        2.213ns  (logic 0.456ns (20.605%)  route 1.757ns (79.395%))
  Logic Levels:           0  
  Clock Uncertainty:      0.190ns  ((TSJ^2 + DJ^2)^1/2) / 2 + PE
    Total System Jitter     (TSJ):    0.050ns
    Discrete Jitter          (DJ):    0.175ns
    Phase Error              (PE):    0.099ns

    Location             Delay type                Incr(ns)  Path(ns)    Netlist Resource(s)
  -------------------------------------------------------------------    -------------------
                         (clock clk_out1_clk_wiz_0 rise edge)
                                                      0.000     0.000 r  
    BUFGCTRL_X0Y2        BUFG                         0.000     0.000 r  clk_IBUF_BUFG_inst/O
                         net (fo=305, routed)         2.106     2.106    datapath/video_inst/mmcm_adv_inst_display_clocks/inst/clk_in1
    MMCME2_ADV_X1Y0      MMCME2_ADV (Prop_mmcme2_adv_CLKIN1_CLKOUT0)
                                                     -4.900    -2.793 r  datapath/video_inst/mmcm_adv_inst_display_clocks/inst/mmcm_adv_inst/CLKOUT0
                         net (fo=1, routed)           2.697    -0.096    datapath/video_inst/mmcm_adv_inst_display_clocks/inst/clk_out1_clk_wiz_0
    BUFGCTRL_X0Y4        BUFG (Prop_bufg_I_O)         0.096    -0.000 r  datapath/video_inst/mmcm_adv_inst_display_clocks/inst/clkout1_buf/O
                         net (fo=87, routed)          1.738     1.738    datapath/video_inst/Inst_vga/vga_signal_gen/CLK
    SLICE_X151Y123       FDRE                                         r  datapath/video_inst/Inst_vga/vga_signal_gen/position_reg[col][3]/C
  -------------------------------------------------------------------    -------------------
    SLICE_X151Y123       FDRE (Prop_fdre_C_Q)         0.456     2.194 r  datapath/video_inst/Inst_vga/vga_signal_gen/position_reg[col][3]/Q
                         net (fo=45, routed)          1.757     3.951    datapath/leftChannelMemory/position[col][3]
    RAMB18_X7Y48         RAMB18E1                                     r  datapath/leftChannelMemory/sdp_bl.ramb18_dp_bl.ram18_bl/ADDRARDADDR[7]
  -------------------------------------------------------------------    -------------------

Slack:                    inf
  Source:                 datapath/video_inst/Inst_vga/vga_signal_gen/position_reg[col][3]/C
                            (rising edge-triggered cell FDRE clocked by clk_out1_clk_wiz_0  {rise@0.000ns fall@20.000ns period=40.000ns})
  Destination:            datapath/rightChannelMemory/sdp_bl.ramb18_dp_bl.ram18_bl/ADDRARDADDR[7]
  Path Group:             (none)
  Path Type:              Max at Slow Process Corner
  Data Path Delay:        2.213ns  (logic 0.456ns (20.605%)  route 1.757ns (79.395%))
  Logic Levels:           0  
  Clock Uncertainty:      0.190ns  ((TSJ^2 + DJ^2)^1/2) / 2 + PE
    Total System Jitter     (TSJ):    0.050ns
    Discrete Jitter          (DJ):    0.175ns
    Phase Error              (PE):    0.099ns

    Location             Delay type                Incr(ns)  Path(ns)    Netlist Resource(s)
  -------------------------------------------------------------------    -------------------
                         (clock clk_out1_clk_wiz_0 rise edge)
                                                      0.000     0.000 r  
    BUFGCTRL_X0Y2        BUFG                         0.000     0.000 r  clk_IBUF_BUFG_inst/O
                         net (fo=305, routed)         2.106     2.106    datapath/video_inst/mmcm_adv_inst_display_clocks/inst/clk_in1
    MMCME2_ADV_X1Y0      MMCME2_ADV (Prop_mmcme2_adv_CLKIN1_CLKOUT0)
                                                     -4.900    -2.793 r  datapath/video_inst/mmcm_adv_inst_display_clocks/inst/mmcm_adv_inst/CLKOUT0
                         net (fo=1, routed)           2.697    -0.096    datapath/video_inst/mmcm_adv_inst_display_clocks/inst/clk_out1_clk_wiz_0
    BUFGCTRL_X0Y4        BUFG (Prop_bufg_I_O)         0.096    -0.000 r  datapath/video_inst/mmcm_adv_inst_display_clocks/inst/clkout1_buf/O
                         net (fo=87, routed)          1.738     1.738    datapath/video_inst/Inst_vga/vga_signal_gen/CLK
    SLICE_X151Y123       FDRE                                         r  datapath/video_inst/Inst_vga/vga_signal_gen/position_reg[col][3]/C
  -------------------------------------------------------------------    -------------------
    SLICE_X151Y123       FDRE (Prop_fdre_C_Q)         0.456     2.194 r  datapath/video_inst/Inst_vga/vga_signal_gen/position_reg[col][3]/Q
                         net (fo=45, routed)          1.757     3.951    datapath/rightChannelMemory/Q[3]
    RAMB18_X7Y49         RAMB18E1                                     r  datapath/rightChannelMemory/sdp_bl.ramb18_dp_bl.ram18_bl/ADDRARDADDR[7]
  -------------------------------------------------------------------    -------------------

Slack:                    inf
  Source:                 datapath/video_inst/Inst_vga/vga_signal_gen/position_reg[col][6]/C
                            (rising edge-triggered cell FDRE clocked by clk_out1_clk_wiz_0  {rise@0.000ns fall@20.000ns period=40.000ns})
  Destination:            datapath/leftChannelMemory/sdp_bl.ramb18_dp_bl.ram18_bl/ADDRARDADDR[10]
  Path Group:             (none)
  Path Type:              Max at Slow Process Corner
  Data Path Delay:        2.198ns  (logic 0.518ns (23.569%)  route 1.680ns (76.431%))
  Logic Levels:           0  
  Clock Uncertainty:      0.190ns  ((TSJ^2 + DJ^2)^1/2) / 2 + PE
    Total System Jitter     (TSJ):    0.050ns
    Discrete Jitter          (DJ):    0.175ns
    Phase Error              (PE):    0.099ns

    Location             Delay type                Incr(ns)  Path(ns)    Netlist Resource(s)
  -------------------------------------------------------------------    -------------------
                         (clock clk_out1_clk_wiz_0 rise edge)
                                                      0.000     0.000 r  
    BUFGCTRL_X0Y2        BUFG                         0.000     0.000 r  clk_IBUF_BUFG_inst/O
                         net (fo=305, routed)         2.106     2.106    datapath/video_inst/mmcm_adv_inst_display_clocks/inst/clk_in1
    MMCME2_ADV_X1Y0      MMCME2_ADV (Prop_mmcme2_adv_CLKIN1_CLKOUT0)
                                                     -4.900    -2.793 r  datapath/video_inst/mmcm_adv_inst_display_clocks/inst/mmcm_adv_inst/CLKOUT0
                         net (fo=1, routed)           2.697    -0.096    datapath/video_inst/mmcm_adv_inst_display_clocks/inst/clk_out1_clk_wiz_0
    BUFGCTRL_X0Y4        BUFG (Prop_bufg_I_O)         0.096    -0.000 r  datapath/video_inst/mmcm_adv_inst_display_clocks/inst/clkout1_buf/O
                         net (fo=87, routed)          1.736     1.736    datapath/video_inst/Inst_vga/vga_signal_gen/CLK
    SLICE_X150Y125       FDRE                                         r  datapath/video_inst/Inst_vga/vga_signal_gen/position_reg[col][6]/C
  -------------------------------------------------------------------    -------------------
    SLICE_X150Y125       FDRE (Prop_fdre_C_Q)         0.518     2.254 r  datapath/video_inst/Inst_vga/vga_signal_gen/position_reg[col][6]/Q
                         net (fo=29, routed)          1.680     3.934    datapath/leftChannelMemory/position[col][6]
    RAMB18_X7Y48         RAMB18E1                                     r  datapath/leftChannelMemory/sdp_bl.ramb18_dp_bl.ram18_bl/ADDRARDADDR[10]
  -------------------------------------------------------------------    -------------------

Slack:                    inf
  Source:                 datapath/video_inst/Inst_vga/vga_signal_gen/position_reg[col][6]/C
                            (rising edge-triggered cell FDRE clocked by clk_out1_clk_wiz_0  {rise@0.000ns fall@20.000ns period=40.000ns})
  Destination:            datapath/rightChannelMemory/sdp_bl.ramb18_dp_bl.ram18_bl/ADDRARDADDR[10]
  Path Group:             (none)
  Path Type:              Max at Slow Process Corner
  Data Path Delay:        2.198ns  (logic 0.518ns (23.569%)  route 1.680ns (76.431%))
  Logic Levels:           0  
  Clock Uncertainty:      0.190ns  ((TSJ^2 + DJ^2)^1/2) / 2 + PE
    Total System Jitter     (TSJ):    0.050ns
    Discrete Jitter          (DJ):    0.175ns
    Phase Error              (PE):    0.099ns

    Location             Delay type                Incr(ns)  Path(ns)    Netlist Resource(s)
  -------------------------------------------------------------------    -------------------
                         (clock clk_out1_clk_wiz_0 rise edge)
                                                      0.000     0.000 r  
    BUFGCTRL_X0Y2        BUFG                         0.000     0.000 r  clk_IBUF_BUFG_inst/O
                         net (fo=305, routed)         2.106     2.106    datapath/video_inst/mmcm_adv_inst_display_clocks/inst/clk_in1
    MMCME2_ADV_X1Y0      MMCME2_ADV (Prop_mmcme2_adv_CLKIN1_CLKOUT0)
                                                     -4.900    -2.793 r  datapath/video_inst/mmcm_adv_inst_display_clocks/inst/mmcm_adv_inst/CLKOUT0
                         net (fo=1, routed)           2.697    -0.096    datapath/video_inst/mmcm_adv_inst_display_clocks/inst/clk_out1_clk_wiz_0
    BUFGCTRL_X0Y4        BUFG (Prop_bufg_I_O)         0.096    -0.000 r  datapath/video_inst/mmcm_adv_inst_display_clocks/inst/clkout1_buf/O
                         net (fo=87, routed)          1.736     1.736    datapath/video_inst/Inst_vga/vga_signal_gen/CLK
    SLICE_X150Y125       FDRE                                         r  datapath/video_inst/Inst_vga/vga_signal_gen/position_reg[col][6]/C
  -------------------------------------------------------------------    -------------------
    SLICE_X150Y125       FDRE (Prop_fdre_C_Q)         0.518     2.254 r  datapath/video_inst/Inst_vga/vga_signal_gen/position_reg[col][6]/Q
                         net (fo=29, routed)          1.680     3.934    datapath/rightChannelMemory/Q[6]
    RAMB18_X7Y49         RAMB18E1                                     r  datapath/rightChannelMemory/sdp_bl.ramb18_dp_bl.ram18_bl/ADDRARDADDR[10]
  -------------------------------------------------------------------    -------------------

Slack:                    inf
  Source:                 datapath/video_inst/Inst_vga/vga_signal_gen/position_reg[col][1]/C
                            (rising edge-triggered cell FDRE clocked by clk_out1_clk_wiz_0  {rise@0.000ns fall@20.000ns period=40.000ns})
  Destination:            datapath/leftChannelMemory/sdp_bl.ramb18_dp_bl.ram18_bl/ADDRARDADDR[5]
  Path Group:             (none)
  Path Type:              Max at Slow Process Corner
  Data Path Delay:        2.149ns  (logic 0.518ns (24.100%)  route 1.631ns (75.900%))
  Logic Levels:           0  
  Clock Uncertainty:      0.190ns  ((TSJ^2 + DJ^2)^1/2) / 2 + PE
    Total System Jitter     (TSJ):    0.050ns
    Discrete Jitter          (DJ):    0.175ns
    Phase Error              (PE):    0.099ns

    Location             Delay type                Incr(ns)  Path(ns)    Netlist Resource(s)
  -------------------------------------------------------------------    -------------------
                         (clock clk_out1_clk_wiz_0 rise edge)
                                                      0.000     0.000 r  
    BUFGCTRL_X0Y2        BUFG                         0.000     0.000 r  clk_IBUF_BUFG_inst/O
                         net (fo=305, routed)         2.106     2.106    datapath/video_inst/mmcm_adv_inst_display_clocks/inst/clk_in1
    MMCME2_ADV_X1Y0      MMCME2_ADV (Prop_mmcme2_adv_CLKIN1_CLKOUT0)
                                                     -4.900    -2.793 r  datapath/video_inst/mmcm_adv_inst_display_clocks/inst/mmcm_adv_inst/CLKOUT0
                         net (fo=1, routed)           2.697    -0.096    datapath/video_inst/mmcm_adv_inst_display_clocks/inst/clk_out1_clk_wiz_0
    BUFGCTRL_X0Y4        BUFG (Prop_bufg_I_O)         0.096    -0.000 r  datapath/video_inst/mmcm_adv_inst_display_clocks/inst/clkout1_buf/O
                         net (fo=87, routed)          1.736     1.736    datapath/video_inst/Inst_vga/vga_signal_gen/CLK
    SLICE_X148Y124       FDRE                                         r  datapath/video_inst/Inst_vga/vga_signal_gen/position_reg[col][1]/C
  -------------------------------------------------------------------    -------------------
    SLICE_X148Y124       FDRE (Prop_fdre_C_Q)         0.518     2.254 r  datapath/video_inst/Inst_vga/vga_signal_gen/position_reg[col][1]/Q
                         net (fo=22, routed)          1.631     3.886    datapath/leftChannelMemory/position[col][1]
    RAMB18_X7Y48         RAMB18E1                                     r  datapath/leftChannelMemory/sdp_bl.ramb18_dp_bl.ram18_bl/ADDRARDADDR[5]
  -------------------------------------------------------------------    -------------------

Slack:                    inf
  Source:                 datapath/video_inst/Inst_vga/vga_signal_gen/position_reg[col][1]/C
                            (rising edge-triggered cell FDRE clocked by clk_out1_clk_wiz_0  {rise@0.000ns fall@20.000ns period=40.000ns})
  Destination:            datapath/rightChannelMemory/sdp_bl.ramb18_dp_bl.ram18_bl/ADDRARDADDR[5]
  Path Group:             (none)
  Path Type:              Max at Slow Process Corner
  Data Path Delay:        2.149ns  (logic 0.518ns (24.100%)  route 1.631ns (75.900%))
  Logic Levels:           0  
  Clock Uncertainty:      0.190ns  ((TSJ^2 + DJ^2)^1/2) / 2 + PE
    Total System Jitter     (TSJ):    0.050ns
    Discrete Jitter          (DJ):    0.175ns
    Phase Error              (PE):    0.099ns

    Location             Delay type                Incr(ns)  Path(ns)    Netlist Resource(s)
  -------------------------------------------------------------------    -------------------
                         (clock clk_out1_clk_wiz_0 rise edge)
                                                      0.000     0.000 r  
    BUFGCTRL_X0Y2        BUFG                         0.000     0.000 r  clk_IBUF_BUFG_inst/O
                         net (fo=305, routed)         2.106     2.106    datapath/video_inst/mmcm_adv_inst_display_clocks/inst/clk_in1
    MMCME2_ADV_X1Y0      MMCME2_ADV (Prop_mmcme2_adv_CLKIN1_CLKOUT0)
                                                     -4.900    -2.793 r  datapath/video_inst/mmcm_adv_inst_display_clocks/inst/mmcm_adv_inst/CLKOUT0
                         net (fo=1, routed)           2.697    -0.096    datapath/video_inst/mmcm_adv_inst_display_clocks/inst/clk_out1_clk_wiz_0
    BUFGCTRL_X0Y4        BUFG (Prop_bufg_I_O)         0.096    -0.000 r  datapath/video_inst/mmcm_adv_inst_display_clocks/inst/clkout1_buf/O
                         net (fo=87, routed)          1.736     1.736    datapath/video_inst/Inst_vga/vga_signal_gen/CLK
    SLICE_X148Y124       FDRE                                         r  datapath/video_inst/Inst_vga/vga_signal_gen/position_reg[col][1]/C
  -------------------------------------------------------------------    -------------------
    SLICE_X148Y124       FDRE (Prop_fdre_C_Q)         0.518     2.254 r  datapath/video_inst/Inst_vga/vga_signal_gen/position_reg[col][1]/Q
                         net (fo=22, routed)          1.631     3.886    datapath/rightChannelMemory/Q[1]
    RAMB18_X7Y49         RAMB18E1                                     r  datapath/rightChannelMemory/sdp_bl.ramb18_dp_bl.ram18_bl/ADDRARDADDR[5]
  -------------------------------------------------------------------    -------------------





Min Delay Paths
--------------------------------------------------------------------------------------
Slack:                    inf
  Source:                 datapath/video_inst/Inst_vga/vga_signal_gen/position_reg[col][7]/C
                            (rising edge-triggered cell FDRE clocked by clk_out1_clk_wiz_0  {rise@0.000ns fall@20.000ns period=40.000ns})
  Destination:            datapath/leftChannelMemory/sdp_bl.ramb18_dp_bl.ram18_bl/ADDRARDADDR[11]
  Path Group:             (none)
  Path Type:              Min at Fast Process Corner
  Data Path Delay:        0.614ns  (logic 0.164ns (26.730%)  route 0.450ns (73.271%))
  Logic Levels:           0  
  Clock Uncertainty:      0.190ns  ((TSJ^2 + DJ^2)^1/2) / 2 + PE
    Total System Jitter     (TSJ):    0.050ns
    Discrete Jitter          (DJ):    0.175ns
    Phase Error              (PE):    0.099ns

    Location             Delay type                Incr(ns)  Path(ns)    Netlist Resource(s)
  -------------------------------------------------------------------    -------------------
                         (clock clk_out1_clk_wiz_0 rise edge)
                                                      0.000     0.000 r  
    BUFGCTRL_X0Y2        BUFG                         0.000     0.000 r  clk_IBUF_BUFG_inst/O
                         net (fo=305, routed)         0.745     0.745    datapath/video_inst/mmcm_adv_inst_display_clocks/inst/clk_in1
    MMCME2_ADV_X1Y0      MMCME2_ADV (Prop_mmcme2_adv_CLKIN1_CLKOUT0)
                                                     -1.683    -0.938 r  datapath/video_inst/mmcm_adv_inst_display_clocks/inst/mmcm_adv_inst/CLKOUT0
                         net (fo=1, routed)           0.912    -0.026    datapath/video_inst/mmcm_adv_inst_display_clocks/inst/clk_out1_clk_wiz_0
    BUFGCTRL_X0Y4        BUFG (Prop_bufg_I_O)         0.026    -0.000 r  datapath/video_inst/mmcm_adv_inst_display_clocks/inst/clkout1_buf/O
                         net (fo=87, routed)          0.607     0.607    datapath/video_inst/Inst_vga/vga_signal_gen/CLK
    SLICE_X150Y125       FDRE                                         r  datapath/video_inst/Inst_vga/vga_signal_gen/position_reg[col][7]/C
  -------------------------------------------------------------------    -------------------
    SLICE_X150Y125       FDRE (Prop_fdre_C_Q)         0.164     0.771 r  datapath/video_inst/Inst_vga/vga_signal_gen/position_reg[col][7]/Q
                         net (fo=25, routed)          0.450     1.220    datapath/leftChannelMemory/position[col][7]
    RAMB18_X7Y48         RAMB18E1                                     r  datapath/leftChannelMemory/sdp_bl.ramb18_dp_bl.ram18_bl/ADDRARDADDR[11]
  -------------------------------------------------------------------    -------------------

Slack:                    inf
  Source:                 datapath/video_inst/Inst_vga/vga_signal_gen/position_reg[col][7]/C
                            (rising edge-triggered cell FDRE clocked by clk_out1_clk_wiz_0  {rise@0.000ns fall@20.000ns period=40.000ns})
  Destination:            datapath/rightChannelMemory/sdp_bl.ramb18_dp_bl.ram18_bl/ADDRARDADDR[11]
  Path Group:             (none)
  Path Type:              Min at Fast Process Corner
  Data Path Delay:        0.614ns  (logic 0.164ns (26.730%)  route 0.450ns (73.271%))
  Logic Levels:           0  
  Clock Uncertainty:      0.190ns  ((TSJ^2 + DJ^2)^1/2) / 2 + PE
    Total System Jitter     (TSJ):    0.050ns
    Discrete Jitter          (DJ):    0.175ns
    Phase Error              (PE):    0.099ns

    Location             Delay type                Incr(ns)  Path(ns)    Netlist Resource(s)
  -------------------------------------------------------------------    -------------------
                         (clock clk_out1_clk_wiz_0 rise edge)
                                                      0.000     0.000 r  
    BUFGCTRL_X0Y2        BUFG                         0.000     0.000 r  clk_IBUF_BUFG_inst/O
                         net (fo=305, routed)         0.745     0.745    datapath/video_inst/mmcm_adv_inst_display_clocks/inst/clk_in1
    MMCME2_ADV_X1Y0      MMCME2_ADV (Prop_mmcme2_adv_CLKIN1_CLKOUT0)
                                                     -1.683    -0.938 r  datapath/video_inst/mmcm_adv_inst_display_clocks/inst/mmcm_adv_inst/CLKOUT0
                         net (fo=1, routed)           0.912    -0.026    datapath/video_inst/mmcm_adv_inst_display_clocks/inst/clk_out1_clk_wiz_0
    BUFGCTRL_X0Y4        BUFG (Prop_bufg_I_O)         0.026    -0.000 r  datapath/video_inst/mmcm_adv_inst_display_clocks/inst/clkout1_buf/O
                         net (fo=87, routed)          0.607     0.607    datapath/video_inst/Inst_vga/vga_signal_gen/CLK
    SLICE_X150Y125       FDRE                                         r  datapath/video_inst/Inst_vga/vga_signal_gen/position_reg[col][7]/C
  -------------------------------------------------------------------    -------------------
    SLICE_X150Y125       FDRE (Prop_fdre_C_Q)         0.164     0.771 r  datapath/video_inst/Inst_vga/vga_signal_gen/position_reg[col][7]/Q
                         net (fo=25, routed)          0.450     1.220    datapath/rightChannelMemory/Q[7]
    RAMB18_X7Y49         RAMB18E1                                     r  datapath/rightChannelMemory/sdp_bl.ramb18_dp_bl.ram18_bl/ADDRARDADDR[11]
  -------------------------------------------------------------------    -------------------

Slack:                    inf
  Source:                 datapath/video_inst/Inst_vga/vga_signal_gen/position_reg[col][9]/C
                            (rising edge-triggered cell FDRE clocked by clk_out1_clk_wiz_0  {rise@0.000ns fall@20.000ns period=40.000ns})
  Destination:            datapath/leftChannelMemory/sdp_bl.ramb18_dp_bl.ram18_bl/ADDRARDADDR[13]
  Path Group:             (none)
  Path Type:              Min at Fast Process Corner
  Data Path Delay:        0.735ns  (logic 0.141ns (19.193%)  route 0.594ns (80.807%))
  Logic Levels:           0  
  Clock Uncertainty:      0.190ns  ((TSJ^2 + DJ^2)^1/2) / 2 + PE
    Total System Jitter     (TSJ):    0.050ns
    Discrete Jitter          (DJ):    0.175ns
    Phase Error              (PE):    0.099ns

    Location             Delay type                Incr(ns)  Path(ns)    Netlist Resource(s)
  -------------------------------------------------------------------    -------------------
                         (clock clk_out1_clk_wiz_0 rise edge)
                                                      0.000     0.000 r  
    BUFGCTRL_X0Y2        BUFG                         0.000     0.000 r  clk_IBUF_BUFG_inst/O
                         net (fo=305, routed)         0.745     0.745    datapath/video_inst/mmcm_adv_inst_display_clocks/inst/clk_in1
    MMCME2_ADV_X1Y0      MMCME2_ADV (Prop_mmcme2_adv_CLKIN1_CLKOUT0)
                                                     -1.683    -0.938 r  datapath/video_inst/mmcm_adv_inst_display_clocks/inst/mmcm_adv_inst/CLKOUT0
                         net (fo=1, routed)           0.912    -0.026    datapath/video_inst/mmcm_adv_inst_display_clocks/inst/clk_out1_clk_wiz_0
    BUFGCTRL_X0Y4        BUFG (Prop_bufg_I_O)         0.026    -0.000 r  datapath/video_inst/mmcm_adv_inst_display_clocks/inst/clkout1_buf/O
                         net (fo=87, routed)          0.607     0.607    datapath/video_inst/Inst_vga/vga_signal_gen/CLK
    SLICE_X149Y124       FDRE                                         r  datapath/video_inst/Inst_vga/vga_signal_gen/position_reg[col][9]/C
  -------------------------------------------------------------------    -------------------
    SLICE_X149Y124       FDRE (Prop_fdre_C_Q)         0.141     0.748 r  datapath/video_inst/Inst_vga/vga_signal_gen/position_reg[col][9]/Q
                         net (fo=18, routed)          0.594     1.341    datapath/leftChannelMemory/position[col][9]
    RAMB18_X7Y48         RAMB18E1                                     r  datapath/leftChannelMemory/sdp_bl.ramb18_dp_bl.ram18_bl/ADDRARDADDR[13]
  -------------------------------------------------------------------    -------------------

Slack:                    inf
  Source:                 datapath/video_inst/Inst_vga/vga_signal_gen/position_reg[col][9]/C
                            (rising edge-triggered cell FDRE clocked by clk_out1_clk_wiz_0  {rise@0.000ns fall@20.000ns period=40.000ns})
  Destination:            datapath/rightChannelMemory/sdp_bl.ramb18_dp_bl.ram18_bl/ADDRARDADDR[13]
  Path Group:             (none)
  Path Type:              Min at Fast Process Corner
  Data Path Delay:        0.735ns  (logic 0.141ns (19.193%)  route 0.594ns (80.807%))
  Logic Levels:           0  
  Clock Uncertainty:      0.190ns  ((TSJ^2 + DJ^2)^1/2) / 2 + PE
    Total System Jitter     (TSJ):    0.050ns
    Discrete Jitter          (DJ):    0.175ns
    Phase Error              (PE):    0.099ns

    Location             Delay type                Incr(ns)  Path(ns)    Netlist Resource(s)
  -------------------------------------------------------------------    -------------------
                         (clock clk_out1_clk_wiz_0 rise edge)
                                                      0.000     0.000 r  
    BUFGCTRL_X0Y2        BUFG                         0.000     0.000 r  clk_IBUF_BUFG_inst/O
                         net (fo=305, routed)         0.745     0.745    datapath/video_inst/mmcm_adv_inst_display_clocks/inst/clk_in1
    MMCME2_ADV_X1Y0      MMCME2_ADV (Prop_mmcme2_adv_CLKIN1_CLKOUT0)
                                                     -1.683    -0.938 r  datapath/video_inst/mmcm_adv_inst_display_clocks/inst/mmcm_adv_inst/CLKOUT0
                         net (fo=1, routed)           0.912    -0.026    datapath/video_inst/mmcm_adv_inst_display_clocks/inst/clk_out1_clk_wiz_0
    BUFGCTRL_X0Y4        BUFG (Prop_bufg_I_O)         0.026    -0.000 r  datapath/video_inst/mmcm_adv_inst_display_clocks/inst/clkout1_buf/O
                         net (fo=87, routed)          0.607     0.607    datapath/video_inst/Inst_vga/vga_signal_gen/CLK
    SLICE_X149Y124       FDRE                                         r  datapath/video_inst/Inst_vga/vga_signal_gen/position_reg[col][9]/C
  -------------------------------------------------------------------    -------------------
    SLICE_X149Y124       FDRE (Prop_fdre_C_Q)         0.141     0.748 r  datapath/video_inst/Inst_vga/vga_signal_gen/position_reg[col][9]/Q
                         net (fo=18, routed)          0.594     1.341    datapath/rightChannelMemory/Q[9]
    RAMB18_X7Y49         RAMB18E1                                     r  datapath/rightChannelMemory/sdp_bl.ramb18_dp_bl.ram18_bl/ADDRARDADDR[13]
  -------------------------------------------------------------------    -------------------

Slack:                    inf
  Source:                 datapath/video_inst/Inst_vga/vga_signal_gen/position_reg[col][2]/C
                            (rising edge-triggered cell FDRE clocked by clk_out1_clk_wiz_0  {rise@0.000ns fall@20.000ns period=40.000ns})
  Destination:            datapath/leftChannelMemory/sdp_bl.ramb18_dp_bl.ram18_bl/ADDRARDADDR[6]
  Path Group:             (none)
  Path Type:              Min at Fast Process Corner
  Data Path Delay:        0.811ns  (logic 0.141ns (17.381%)  route 0.670ns (82.619%))
  Logic Levels:           0  
  Clock Uncertainty:      0.190ns  ((TSJ^2 + DJ^2)^1/2) / 2 + PE
    Total System Jitter     (TSJ):    0.050ns
    Discrete Jitter          (DJ):    0.175ns
    Phase Error              (PE):    0.099ns

    Location             Delay type                Incr(ns)  Path(ns)    Netlist Resource(s)
  -------------------------------------------------------------------    -------------------
                         (clock clk_out1_clk_wiz_0 rise edge)
                                                      0.000     0.000 r  
    BUFGCTRL_X0Y2        BUFG                         0.000     0.000 r  clk_IBUF_BUFG_inst/O
                         net (fo=305, routed)         0.745     0.745    datapath/video_inst/mmcm_adv_inst_display_clocks/inst/clk_in1
    MMCME2_ADV_X1Y0      MMCME2_ADV (Prop_mmcme2_adv_CLKIN1_CLKOUT0)
                                                     -1.683    -0.938 r  datapath/video_inst/mmcm_adv_inst_display_clocks/inst/mmcm_adv_inst/CLKOUT0
                         net (fo=1, routed)           0.912    -0.026    datapath/video_inst/mmcm_adv_inst_display_clocks/inst/clk_out1_clk_wiz_0
    BUFGCTRL_X0Y4        BUFG (Prop_bufg_I_O)         0.026    -0.000 r  datapath/video_inst/mmcm_adv_inst_display_clocks/inst/clkout1_buf/O
                         net (fo=87, routed)          0.607     0.607    datapath/video_inst/Inst_vga/vga_signal_gen/CLK
    SLICE_X149Y124       FDRE                                         r  datapath/video_inst/Inst_vga/vga_signal_gen/position_reg[col][2]/C
  -------------------------------------------------------------------    -------------------
    SLICE_X149Y124       FDRE (Prop_fdre_C_Q)         0.141     0.748 r  datapath/video_inst/Inst_vga/vga_signal_gen/position_reg[col][2]/Q
                         net (fo=51, routed)          0.670     1.418    datapath/leftChannelMemory/position[col][2]
    RAMB18_X7Y48         RAMB18E1                                     r  datapath/leftChannelMemory/sdp_bl.ramb18_dp_bl.ram18_bl/ADDRARDADDR[6]
  -------------------------------------------------------------------    -------------------

Slack:                    inf
  Source:                 datapath/video_inst/Inst_vga/vga_signal_gen/position_reg[col][2]/C
                            (rising edge-triggered cell FDRE clocked by clk_out1_clk_wiz_0  {rise@0.000ns fall@20.000ns period=40.000ns})
  Destination:            datapath/rightChannelMemory/sdp_bl.ramb18_dp_bl.ram18_bl/ADDRARDADDR[6]
  Path Group:             (none)
  Path Type:              Min at Fast Process Corner
  Data Path Delay:        0.811ns  (logic 0.141ns (17.381%)  route 0.670ns (82.619%))
  Logic Levels:           0  
  Clock Uncertainty:      0.190ns  ((TSJ^2 + DJ^2)^1/2) / 2 + PE
    Total System Jitter     (TSJ):    0.050ns
    Discrete Jitter          (DJ):    0.175ns
    Phase Error              (PE):    0.099ns

    Location             Delay type                Incr(ns)  Path(ns)    Netlist Resource(s)
  -------------------------------------------------------------------    -------------------
                         (clock clk_out1_clk_wiz_0 rise edge)
                                                      0.000     0.000 r  
    BUFGCTRL_X0Y2        BUFG                         0.000     0.000 r  clk_IBUF_BUFG_inst/O
                         net (fo=305, routed)         0.745     0.745    datapath/video_inst/mmcm_adv_inst_display_clocks/inst/clk_in1
    MMCME2_ADV_X1Y0      MMCME2_ADV (Prop_mmcme2_adv_CLKIN1_CLKOUT0)
                                                     -1.683    -0.938 r  datapath/video_inst/mmcm_adv_inst_display_clocks/inst/mmcm_adv_inst/CLKOUT0
                         net (fo=1, routed)           0.912    -0.026    datapath/video_inst/mmcm_adv_inst_display_clocks/inst/clk_out1_clk_wiz_0
    BUFGCTRL_X0Y4        BUFG (Prop_bufg_I_O)         0.026    -0.000 r  datapath/video_inst/mmcm_adv_inst_display_clocks/inst/clkout1_buf/O
                         net (fo=87, routed)          0.607     0.607    datapath/video_inst/Inst_vga/vga_signal_gen/CLK
    SLICE_X149Y124       FDRE                                         r  datapath/video_inst/Inst_vga/vga_signal_gen/position_reg[col][2]/C
  -------------------------------------------------------------------    -------------------
    SLICE_X149Y124       FDRE (Prop_fdre_C_Q)         0.141     0.748 r  datapath/video_inst/Inst_vga/vga_signal_gen/position_reg[col][2]/Q
                         net (fo=51, routed)          0.670     1.418    datapath/rightChannelMemory/Q[2]
    RAMB18_X7Y49         RAMB18E1                                     r  datapath/rightChannelMemory/sdp_bl.ramb18_dp_bl.ram18_bl/ADDRARDADDR[6]
  -------------------------------------------------------------------    -------------------

Slack:                    inf
  Source:                 datapath/video_inst/Inst_vga/vga_signal_gen/position_reg[col][1]/C
                            (rising edge-triggered cell FDRE clocked by clk_out1_clk_wiz_0  {rise@0.000ns fall@20.000ns period=40.000ns})
  Destination:            datapath/leftChannelMemory/sdp_bl.ramb18_dp_bl.ram18_bl/ADDRARDADDR[5]
  Path Group:             (none)
  Path Type:              Min at Fast Process Corner
  Data Path Delay:        0.821ns  (logic 0.164ns (19.966%)  route 0.657ns (80.034%))
  Logic Levels:           0  
  Clock Uncertainty:      0.190ns  ((TSJ^2 + DJ^2)^1/2) / 2 + PE
    Total System Jitter     (TSJ):    0.050ns
    Discrete Jitter          (DJ):    0.175ns
    Phase Error              (PE):    0.099ns

    Location             Delay type                Incr(ns)  Path(ns)    Netlist Resource(s)
  -------------------------------------------------------------------    -------------------
                         (clock clk_out1_clk_wiz_0 rise edge)
                                                      0.000     0.000 r  
    BUFGCTRL_X0Y2        BUFG                         0.000     0.000 r  clk_IBUF_BUFG_inst/O
                         net (fo=305, routed)         0.745     0.745    datapath/video_inst/mmcm_adv_inst_display_clocks/inst/clk_in1
    MMCME2_ADV_X1Y0      MMCME2_ADV (Prop_mmcme2_adv_CLKIN1_CLKOUT0)
                                                     -1.683    -0.938 r  datapath/video_inst/mmcm_adv_inst_display_clocks/inst/mmcm_adv_inst/CLKOUT0
                         net (fo=1, routed)           0.912    -0.026    datapath/video_inst/mmcm_adv_inst_display_clocks/inst/clk_out1_clk_wiz_0
    BUFGCTRL_X0Y4        BUFG (Prop_bufg_I_O)         0.026    -0.000 r  datapath/video_inst/mmcm_adv_inst_display_clocks/inst/clkout1_buf/O
                         net (fo=87, routed)          0.607     0.607    datapath/video_inst/Inst_vga/vga_signal_gen/CLK
    SLICE_X148Y124       FDRE                                         r  datapath/video_inst/Inst_vga/vga_signal_gen/position_reg[col][1]/C
  -------------------------------------------------------------------    -------------------
    SLICE_X148Y124       FDRE (Prop_fdre_C_Q)         0.164     0.771 r  datapath/video_inst/Inst_vga/vga_signal_gen/position_reg[col][1]/Q
                         net (fo=22, routed)          0.657     1.428    datapath/leftChannelMemory/position[col][1]
    RAMB18_X7Y48         RAMB18E1                                     r  datapath/leftChannelMemory/sdp_bl.ramb18_dp_bl.ram18_bl/ADDRARDADDR[5]
  -------------------------------------------------------------------    -------------------

Slack:                    inf
  Source:                 datapath/video_inst/Inst_vga/vga_signal_gen/position_reg[col][1]/C
                            (rising edge-triggered cell FDRE clocked by clk_out1_clk_wiz_0  {rise@0.000ns fall@20.000ns period=40.000ns})
  Destination:            datapath/rightChannelMemory/sdp_bl.ramb18_dp_bl.ram18_bl/ADDRARDADDR[5]
  Path Group:             (none)
  Path Type:              Min at Fast Process Corner
  Data Path Delay:        0.821ns  (logic 0.164ns (19.966%)  route 0.657ns (80.034%))
  Logic Levels:           0  
  Clock Uncertainty:      0.190ns  ((TSJ^2 + DJ^2)^1/2) / 2 + PE
    Total System Jitter     (TSJ):    0.050ns
    Discrete Jitter          (DJ):    0.175ns
    Phase Error              (PE):    0.099ns

    Location             Delay type                Incr(ns)  Path(ns)    Netlist Resource(s)
  -------------------------------------------------------------------    -------------------
                         (clock clk_out1_clk_wiz_0 rise edge)
                                                      0.000     0.000 r  
    BUFGCTRL_X0Y2        BUFG                         0.000     0.000 r  clk_IBUF_BUFG_inst/O
                         net (fo=305, routed)         0.745     0.745    datapath/video_inst/mmcm_adv_inst_display_clocks/inst/clk_in1
    MMCME2_ADV_X1Y0      MMCME2_ADV (Prop_mmcme2_adv_CLKIN1_CLKOUT0)
                                                     -1.683    -0.938 r  datapath/video_inst/mmcm_adv_inst_display_clocks/inst/mmcm_adv_inst/CLKOUT0
                         net (fo=1, routed)           0.912    -0.026    datapath/video_inst/mmcm_adv_inst_display_clocks/inst/clk_out1_clk_wiz_0
    BUFGCTRL_X0Y4        BUFG (Prop_bufg_I_O)         0.026    -0.000 r  datapath/video_inst/mmcm_adv_inst_display_clocks/inst/clkout1_buf/O
                         net (fo=87, routed)          0.607     0.607    datapath/video_inst/Inst_vga/vga_signal_gen/CLK
    SLICE_X148Y124       FDRE                                         r  datapath/video_inst/Inst_vga/vga_signal_gen/position_reg[col][1]/C
  -------------------------------------------------------------------    -------------------
    SLICE_X148Y124       FDRE (Prop_fdre_C_Q)         0.164     0.771 r  datapath/video_inst/Inst_vga/vga_signal_gen/position_reg[col][1]/Q
                         net (fo=22, routed)          0.657     1.428    datapath/rightChannelMemory/Q[1]
    RAMB18_X7Y49         RAMB18E1                                     r  datapath/rightChannelMemory/sdp_bl.ramb18_dp_bl.ram18_bl/ADDRARDADDR[5]
  -------------------------------------------------------------------    -------------------

Slack:                    inf
  Source:                 datapath/video_inst/Inst_vga/vga_signal_gen/position_reg[col][0]/C
                            (rising edge-triggered cell FDRE clocked by clk_out1_clk_wiz_0  {rise@0.000ns fall@20.000ns period=40.000ns})
  Destination:            datapath/leftChannelMemory/sdp_bl.ramb18_dp_bl.ram18_bl/ADDRARDADDR[4]
  Path Group:             (none)
  Path Type:              Min at Fast Process Corner
  Data Path Delay:        0.823ns  (logic 0.141ns (17.138%)  route 0.682ns (82.862%))
  Logic Levels:           0  
  Clock Uncertainty:      0.190ns  ((TSJ^2 + DJ^2)^1/2) / 2 + PE
    Total System Jitter     (TSJ):    0.050ns
    Discrete Jitter          (DJ):    0.175ns
    Phase Error              (PE):    0.099ns

    Location             Delay type                Incr(ns)  Path(ns)    Netlist Resource(s)
  -------------------------------------------------------------------    -------------------
                         (clock clk_out1_clk_wiz_0 rise edge)
                                                      0.000     0.000 r  
    BUFGCTRL_X0Y2        BUFG                         0.000     0.000 r  clk_IBUF_BUFG_inst/O
                         net (fo=305, routed)         0.745     0.745    datapath/video_inst/mmcm_adv_inst_display_clocks/inst/clk_in1
    MMCME2_ADV_X1Y0      MMCME2_ADV (Prop_mmcme2_adv_CLKIN1_CLKOUT0)
                                                     -1.683    -0.938 r  datapath/video_inst/mmcm_adv_inst_display_clocks/inst/mmcm_adv_inst/CLKOUT0
                         net (fo=1, routed)           0.912    -0.026    datapath/video_inst/mmcm_adv_inst_display_clocks/inst/clk_out1_clk_wiz_0
    BUFGCTRL_X0Y4        BUFG (Prop_bufg_I_O)         0.026    -0.000 r  datapath/video_inst/mmcm_adv_inst_display_clocks/inst/clkout1_buf/O
                         net (fo=87, routed)          0.607     0.607    datapath/video_inst/Inst_vga/vga_signal_gen/CLK
    SLICE_X149Y124       FDRE                                         r  datapath/video_inst/Inst_vga/vga_signal_gen/position_reg[col][0]/C
  -------------------------------------------------------------------    -------------------
    SLICE_X149Y124       FDRE (Prop_fdre_C_Q)         0.141     0.748 r  datapath/video_inst/Inst_vga/vga_signal_gen/position_reg[col][0]/Q
                         net (fo=20, routed)          0.682     1.429    datapath/leftChannelMemory/position[col][0]
    RAMB18_X7Y48         RAMB18E1                                     r  datapath/leftChannelMemory/sdp_bl.ramb18_dp_bl.ram18_bl/ADDRARDADDR[4]
  -------------------------------------------------------------------    -------------------

Slack:                    inf
  Source:                 datapath/video_inst/Inst_vga/vga_signal_gen/position_reg[col][0]/C
                            (rising edge-triggered cell FDRE clocked by clk_out1_clk_wiz_0  {rise@0.000ns fall@20.000ns period=40.000ns})
  Destination:            datapath/rightChannelMemory/sdp_bl.ramb18_dp_bl.ram18_bl/ADDRARDADDR[4]
  Path Group:             (none)
  Path Type:              Min at Fast Process Corner
  Data Path Delay:        0.823ns  (logic 0.141ns (17.138%)  route 0.682ns (82.862%))
  Logic Levels:           0  
  Clock Uncertainty:      0.190ns  ((TSJ^2 + DJ^2)^1/2) / 2 + PE
    Total System Jitter     (TSJ):    0.050ns
    Discrete Jitter          (DJ):    0.175ns
    Phase Error              (PE):    0.099ns

    Location             Delay type                Incr(ns)  Path(ns)    Netlist Resource(s)
  -------------------------------------------------------------------    -------------------
                         (clock clk_out1_clk_wiz_0 rise edge)
                                                      0.000     0.000 r  
    BUFGCTRL_X0Y2        BUFG                         0.000     0.000 r  clk_IBUF_BUFG_inst/O
                         net (fo=305, routed)         0.745     0.745    datapath/video_inst/mmcm_adv_inst_display_clocks/inst/clk_in1
    MMCME2_ADV_X1Y0      MMCME2_ADV (Prop_mmcme2_adv_CLKIN1_CLKOUT0)
                                                     -1.683    -0.938 r  datapath/video_inst/mmcm_adv_inst_display_clocks/inst/mmcm_adv_inst/CLKOUT0
                         net (fo=1, routed)           0.912    -0.026    datapath/video_inst/mmcm_adv_inst_display_clocks/inst/clk_out1_clk_wiz_0
    BUFGCTRL_X0Y4        BUFG (Prop_bufg_I_O)         0.026    -0.000 r  datapath/video_inst/mmcm_adv_inst_display_clocks/inst/clkout1_buf/O
                         net (fo=87, routed)          0.607     0.607    datapath/video_inst/Inst_vga/vga_signal_gen/CLK
    SLICE_X149Y124       FDRE                                         r  datapath/video_inst/Inst_vga/vga_signal_gen/position_reg[col][0]/C
  -------------------------------------------------------------------    -------------------
    SLICE_X149Y124       FDRE (Prop_fdre_C_Q)         0.141     0.748 r  datapath/video_inst/Inst_vga/vga_signal_gen/position_reg[col][0]/Q
                         net (fo=20, routed)          0.682     1.429    datapath/rightChannelMemory/Q[0]
    RAMB18_X7Y49         RAMB18E1                                     r  datapath/rightChannelMemory/sdp_bl.ramb18_dp_bl.ram18_bl/ADDRARDADDR[4]
  -------------------------------------------------------------------    -------------------





--------------------------------------------------------------------------------------
Path Group:  (none)
From Clock:  clk_out1_clk_wiz_1
  To Clock:  

Max Delay             1 Endpoint
Min Delay             1 Endpoint
--------------------------------------------------------------------------------------


Max Delay Paths
--------------------------------------------------------------------------------------
Slack:                    inf
  Source:                 datapath/Audio_Codec/audiocodec_master_clock/inst/mmcm_adv_inst/CLKOUT0
                            (clock source 'clk_out1_clk_wiz_1'  {rise@0.000ns fall@40.688ns period=81.375ns})
  Destination:            ac_mclk
                            (output port)
  Path Group:             (none)
  Path Type:              Max at Slow Process Corner
  Data Path Delay:        8.601ns  (logic 3.632ns (42.233%)  route 4.969ns (57.767%))
  Logic Levels:           2  (BUFG=1 OBUF=1)
  Clock Uncertainty:      0.202ns  ((TSJ^2 + DJ^2)^1/2) / 2 + PE
    Total System Jitter     (TSJ):    0.050ns
    Discrete Jitter          (DJ):    0.201ns
    Phase Error              (PE):    0.099ns

    Location             Delay type                Incr(ns)  Path(ns)    Netlist Resource(s)
  -------------------------------------------------------------------    -------------------
                         (clock clk_out1_clk_wiz_1 fall edge)
                                                     40.688    40.688 f  
    BUFGCTRL_X0Y2        BUFG                         0.000    40.688 f  clk_IBUF_BUFG_inst/O
                         net (fo=305, routed)         1.761    42.449    datapath/Audio_Codec/audiocodec_master_clock/inst/clk_in1
  -------------------------------------------------------------------    -------------------
    MMCME2_ADV_X0Y2      MMCME2_ADV (Prop_mmcme2_adv_CLKIN1_CLKOUT0)
                                                     -3.701    38.748 f  datapath/Audio_Codec/audiocodec_master_clock/inst/mmcm_adv_inst/CLKOUT0
                         net (fo=1, routed)           1.843    40.591    datapath/Audio_Codec/audiocodec_master_clock/inst/clk_out1_clk_wiz_1
    BUFGCTRL_X0Y1        BUFG (Prop_bufg_I_O)         0.096    40.687 f  datapath/Audio_Codec/audiocodec_master_clock/inst/clkout1_buf/O
                         net (fo=1, routed)           3.125    43.813    ac_mclk_OBUF
    U6                   OBUF (Prop_obuf_I_O)         3.536    47.349 f  ac_mclk_OBUF_inst/O
                         net (fo=0)                   0.000    47.349    ac_mclk
    U6                                                                f  ac_mclk (OUT)
  -------------------------------------------------------------------    -------------------





Min Delay Paths
--------------------------------------------------------------------------------------
Slack:                    inf
  Source:                 datapath/Audio_Codec/audiocodec_master_clock/inst/mmcm_adv_inst/CLKOUT0
                            (clock source 'clk_out1_clk_wiz_1'  {rise@0.000ns fall@40.688ns period=81.375ns})
  Destination:            ac_mclk
                            (output port)
  Path Group:             (none)
  Path Type:              Min at Fast Process Corner
  Data Path Delay:        2.605ns  (logic 1.263ns (48.503%)  route 1.341ns (51.497%))
  Logic Levels:           2  (BUFG=1 OBUF=1)
  Clock Uncertainty:      0.202ns  ((TSJ^2 + DJ^2)^1/2) / 2 + PE
    Total System Jitter     (TSJ):    0.050ns
    Discrete Jitter          (DJ):    0.201ns
    Phase Error              (PE):    0.099ns

    Location             Delay type                Incr(ns)  Path(ns)    Netlist Resource(s)
  -------------------------------------------------------------------    -------------------
                         (clock clk_out1_clk_wiz_1 rise edge)
                                                      0.000     0.000 r  
    BUFGCTRL_X0Y2        BUFG                         0.000     0.000 r  clk_IBUF_BUFG_inst/O
                         net (fo=305, routed)         0.610     0.610    datapath/Audio_Codec/audiocodec_master_clock/inst/clk_in1
  -------------------------------------------------------------------    -------------------
    MMCME2_ADV_X0Y2      MMCME2_ADV (Prop_mmcme2_adv_CLKIN1_CLKOUT0)
                                                     -1.180    -0.571 r  datapath/Audio_Codec/audiocodec_master_clock/inst/mmcm_adv_inst/CLKOUT0
                         net (fo=1, routed)           0.545    -0.026    datapath/Audio_Codec/audiocodec_master_clock/inst/clk_out1_clk_wiz_1
    BUFGCTRL_X0Y1        BUFG (Prop_bufg_I_O)         0.026     0.000 r  datapath/Audio_Codec/audiocodec_master_clock/inst/clkout1_buf/O
                         net (fo=1, routed)           0.796     0.796    ac_mclk_OBUF
    U6                   OBUF (Prop_obuf_I_O)         1.237     2.034 r  ac_mclk_OBUF_inst/O
                         net (fo=0)                   0.000     2.034    ac_mclk
    U6                                                                r  ac_mclk (OUT)
  -------------------------------------------------------------------    -------------------





--------------------------------------------------------------------------------------
Path Group:  (none)
From Clock:  clk_out2_clk_wiz_0
  To Clock:  

Max Delay             8 Endpoints
Min Delay             8 Endpoints
--------------------------------------------------------------------------------------


Max Delay Paths
--------------------------------------------------------------------------------------
Slack:                    inf
  Source:                 datapath/video_inst/inst_dvid/ODDR2_red/C
                            (falling edge-triggered cell ODDR clocked by clk_out2_clk_wiz_0  {rise@0.000ns fall@4.000ns period=8.000ns})
  Destination:            tmdsb[2]
                            (output port)
  Path Group:             (none)
  Path Type:              Max at Slow Process Corner
  Data Path Delay:        2.370ns  (logic 2.369ns (99.958%)  route 0.001ns (0.042%))
  Logic Levels:           1  (OBUFDS=1)
  Clock Uncertainty:      0.166ns  ((TSJ^2 + DJ^2)^1/2) / 2 + PE
    Total System Jitter     (TSJ):    0.050ns
    Discrete Jitter          (DJ):    0.125ns
    Phase Error              (PE):    0.099ns

    Location             Delay type                Incr(ns)  Path(ns)    Netlist Resource(s)
  -------------------------------------------------------------------    -------------------
                         (clock clk_out2_clk_wiz_0 fall edge)
                                                      4.000     4.000 f  
    BUFGCTRL_X0Y2        BUFG                         0.000     4.000 f  clk_IBUF_BUFG_inst/O
                         net (fo=305, routed)         2.106     6.106    datapath/video_inst/mmcm_adv_inst_display_clocks/inst/clk_in1
    MMCME2_ADV_X1Y0      MMCME2_ADV (Prop_mmcme2_adv_CLKIN1_CLKOUT1)
                                                     -4.900     1.207 f  datapath/video_inst/mmcm_adv_inst_display_clocks/inst/mmcm_adv_inst/CLKOUT1
                         net (fo=1, routed)           2.697     3.904    datapath/video_inst/mmcm_adv_inst_display_clocks/inst/clk_out2_clk_wiz_0
    BUFGCTRL_X0Y0        BUFG (Prop_bufg_I_O)         0.096     4.000 f  datapath/video_inst/mmcm_adv_inst_display_clocks/inst/clkout2_buf/O
                         net (fo=44, routed)          1.831     5.831    datapath/video_inst/inst_dvid/clk_out2
    OLOGIC_X1Y134        ODDR                                         f  datapath/video_inst/inst_dvid/ODDR2_red/C
  -------------------------------------------------------------------    -------------------
    OLOGIC_X1Y134        ODDR (Prop_oddr_C_Q)         0.472     6.303 r  datapath/video_inst/inst_dvid/ODDR2_red/Q
                         net (fo=1, routed)           0.001     6.304    datapath/video_inst/red_s
    AB3                  OBUFDS (Prop_obufds_I_OB)    1.897     8.201 r  datapath/video_inst/OBUFDS_green/OB
                         net (fo=0)                   0.000     8.201    tmdsb[2]
    AB2                                                               r  tmdsb[2] (OUT)
  -------------------------------------------------------------------    -------------------

Slack:                    inf
  Source:                 datapath/video_inst/inst_dvid/ODDR2_green/C
                            (falling edge-triggered cell ODDR clocked by clk_out2_clk_wiz_0  {rise@0.000ns fall@4.000ns period=8.000ns})
  Destination:            tmdsb[1]
                            (output port)
  Path Group:             (none)
  Path Type:              Max at Slow Process Corner
  Data Path Delay:        2.369ns  (logic 2.368ns (99.958%)  route 0.001ns (0.042%))
  Logic Levels:           1  (OBUFDS=1)
  Clock Uncertainty:      0.166ns  ((TSJ^2 + DJ^2)^1/2) / 2 + PE
    Total System Jitter     (TSJ):    0.050ns
    Discrete Jitter          (DJ):    0.125ns
    Phase Error              (PE):    0.099ns

    Location             Delay type                Incr(ns)  Path(ns)    Netlist Resource(s)
  -------------------------------------------------------------------    -------------------
                         (clock clk_out2_clk_wiz_0 fall edge)
                                                      4.000     4.000 f  
    BUFGCTRL_X0Y2        BUFG                         0.000     4.000 f  clk_IBUF_BUFG_inst/O
                         net (fo=305, routed)         2.106     6.106    datapath/video_inst/mmcm_adv_inst_display_clocks/inst/clk_in1
    MMCME2_ADV_X1Y0      MMCME2_ADV (Prop_mmcme2_adv_CLKIN1_CLKOUT1)
                                                     -4.900     1.207 f  datapath/video_inst/mmcm_adv_inst_display_clocks/inst/mmcm_adv_inst/CLKOUT1
                         net (fo=1, routed)           2.697     3.904    datapath/video_inst/mmcm_adv_inst_display_clocks/inst/clk_out2_clk_wiz_0
    BUFGCTRL_X0Y0        BUFG (Prop_bufg_I_O)         0.096     4.000 f  datapath/video_inst/mmcm_adv_inst_display_clocks/inst/clkout2_buf/O
                         net (fo=44, routed)          1.832     5.832    datapath/video_inst/inst_dvid/clk_out2
    OLOGIC_X1Y136        ODDR                                         f  datapath/video_inst/inst_dvid/ODDR2_green/C
  -------------------------------------------------------------------    -------------------
    OLOGIC_X1Y136        ODDR (Prop_oddr_C_Q)         0.472     6.304 r  datapath/video_inst/inst_dvid/ODDR2_green/Q
                         net (fo=1, routed)           0.001     6.305    datapath/video_inst/green_s
    AA1                  OBUFDS (Prop_obufds_I_OB)    1.896     8.201 r  datapath/video_inst/OBUFDS_red/OB
                         net (fo=0)                   0.000     8.201    tmdsb[1]
    AB1                                                               r  tmdsb[1] (OUT)
  -------------------------------------------------------------------    -------------------

Slack:                    inf
  Source:                 datapath/video_inst/inst_dvid/ODDR2_red/C
                            (falling edge-triggered cell ODDR clocked by clk_out2_clk_wiz_0  {rise@0.000ns fall@4.000ns period=8.000ns})
  Destination:            tmds[2]
                            (output port)
  Path Group:             (none)
  Path Type:              Max at Slow Process Corner
  Data Path Delay:        2.369ns  (logic 2.368ns (99.958%)  route 0.001ns (0.042%))
  Logic Levels:           1  (OBUFDS=1)
  Clock Uncertainty:      0.166ns  ((TSJ^2 + DJ^2)^1/2) / 2 + PE
    Total System Jitter     (TSJ):    0.050ns
    Discrete Jitter          (DJ):    0.125ns
    Phase Error              (PE):    0.099ns

    Location             Delay type                Incr(ns)  Path(ns)    Netlist Resource(s)
  -------------------------------------------------------------------    -------------------
                         (clock clk_out2_clk_wiz_0 fall edge)
                                                      4.000     4.000 f  
    BUFGCTRL_X0Y2        BUFG                         0.000     4.000 f  clk_IBUF_BUFG_inst/O
                         net (fo=305, routed)         2.106     6.106    datapath/video_inst/mmcm_adv_inst_display_clocks/inst/clk_in1
    MMCME2_ADV_X1Y0      MMCME2_ADV (Prop_mmcme2_adv_CLKIN1_CLKOUT1)
                                                     -4.900     1.207 f  datapath/video_inst/mmcm_adv_inst_display_clocks/inst/mmcm_adv_inst/CLKOUT1
                         net (fo=1, routed)           2.697     3.904    datapath/video_inst/mmcm_adv_inst_display_clocks/inst/clk_out2_clk_wiz_0
    BUFGCTRL_X0Y0        BUFG (Prop_bufg_I_O)         0.096     4.000 f  datapath/video_inst/mmcm_adv_inst_display_clocks/inst/clkout2_buf/O
                         net (fo=44, routed)          1.831     5.831    datapath/video_inst/inst_dvid/clk_out2
    OLOGIC_X1Y134        ODDR                                         f  datapath/video_inst/inst_dvid/ODDR2_red/C
  -------------------------------------------------------------------    -------------------
    OLOGIC_X1Y134        ODDR (Prop_oddr_C_Q)         0.472     6.303 r  datapath/video_inst/inst_dvid/ODDR2_red/Q
                         net (fo=1, routed)           0.001     6.304    datapath/video_inst/red_s
    AB3                  OBUFDS (Prop_obufds_I_O)     1.896     8.200 r  datapath/video_inst/OBUFDS_green/O
                         net (fo=0)                   0.000     8.200    tmds[2]
    AB3                                                               r  tmds[2] (OUT)
  -------------------------------------------------------------------    -------------------

Slack:                    inf
  Source:                 datapath/video_inst/inst_dvid/ODDR2_green/C
                            (falling edge-triggered cell ODDR clocked by clk_out2_clk_wiz_0  {rise@0.000ns fall@4.000ns period=8.000ns})
  Destination:            tmds[1]
                            (output port)
  Path Group:             (none)
  Path Type:              Max at Slow Process Corner
  Data Path Delay:        2.368ns  (logic 2.367ns (99.958%)  route 0.001ns (0.042%))
  Logic Levels:           1  (OBUFDS=1)
  Clock Uncertainty:      0.166ns  ((TSJ^2 + DJ^2)^1/2) / 2 + PE
    Total System Jitter     (TSJ):    0.050ns
    Discrete Jitter          (DJ):    0.125ns
    Phase Error              (PE):    0.099ns

    Location             Delay type                Incr(ns)  Path(ns)    Netlist Resource(s)
  -------------------------------------------------------------------    -------------------
                         (clock clk_out2_clk_wiz_0 fall edge)
                                                      4.000     4.000 f  
    BUFGCTRL_X0Y2        BUFG                         0.000     4.000 f  clk_IBUF_BUFG_inst/O
                         net (fo=305, routed)         2.106     6.106    datapath/video_inst/mmcm_adv_inst_display_clocks/inst/clk_in1
    MMCME2_ADV_X1Y0      MMCME2_ADV (Prop_mmcme2_adv_CLKIN1_CLKOUT1)
                                                     -4.900     1.207 f  datapath/video_inst/mmcm_adv_inst_display_clocks/inst/mmcm_adv_inst/CLKOUT1
                         net (fo=1, routed)           2.697     3.904    datapath/video_inst/mmcm_adv_inst_display_clocks/inst/clk_out2_clk_wiz_0
    BUFGCTRL_X0Y0        BUFG (Prop_bufg_I_O)         0.096     4.000 f  datapath/video_inst/mmcm_adv_inst_display_clocks/inst/clkout2_buf/O
                         net (fo=44, routed)          1.832     5.832    datapath/video_inst/inst_dvid/clk_out2
    OLOGIC_X1Y136        ODDR                                         f  datapath/video_inst/inst_dvid/ODDR2_green/C
  -------------------------------------------------------------------    -------------------
    OLOGIC_X1Y136        ODDR (Prop_oddr_C_Q)         0.472     6.304 r  datapath/video_inst/inst_dvid/ODDR2_green/Q
                         net (fo=1, routed)           0.001     6.305    datapath/video_inst/green_s
    AA1                  OBUFDS (Prop_obufds_I_O)     1.895     8.200 r  datapath/video_inst/OBUFDS_red/O
                         net (fo=0)                   0.000     8.200    tmds[1]
    AA1                                                               r  tmds[1] (OUT)
  -------------------------------------------------------------------    -------------------

Slack:                    inf
  Source:                 datapath/video_inst/inst_dvid/ODDR2_blue/C
                            (falling edge-triggered cell ODDR clocked by clk_out2_clk_wiz_0  {rise@0.000ns fall@4.000ns period=8.000ns})
  Destination:            tmdsb[0]
                            (output port)
  Path Group:             (none)
  Path Type:              Max at Slow Process Corner
  Data Path Delay:        2.358ns  (logic 2.357ns (99.958%)  route 0.001ns (0.042%))
  Logic Levels:           1  (OBUFDS=1)
  Clock Uncertainty:      0.166ns  ((TSJ^2 + DJ^2)^1/2) / 2 + PE
    Total System Jitter     (TSJ):    0.050ns
    Discrete Jitter          (DJ):    0.125ns
    Phase Error              (PE):    0.099ns

    Location             Delay type                Incr(ns)  Path(ns)    Netlist Resource(s)
  -------------------------------------------------------------------    -------------------
                         (clock clk_out2_clk_wiz_0 fall edge)
                                                      4.000     4.000 f  
    BUFGCTRL_X0Y2        BUFG                         0.000     4.000 f  clk_IBUF_BUFG_inst/O
                         net (fo=305, routed)         2.106     6.106    datapath/video_inst/mmcm_adv_inst_display_clocks/inst/clk_in1
    MMCME2_ADV_X1Y0      MMCME2_ADV (Prop_mmcme2_adv_CLKIN1_CLKOUT1)
                                                     -4.900     1.207 f  datapath/video_inst/mmcm_adv_inst_display_clocks/inst/mmcm_adv_inst/CLKOUT1
                         net (fo=1, routed)           2.697     3.904    datapath/video_inst/mmcm_adv_inst_display_clocks/inst/clk_out2_clk_wiz_0
    BUFGCTRL_X0Y0        BUFG (Prop_bufg_I_O)         0.096     4.000 f  datapath/video_inst/mmcm_adv_inst_display_clocks/inst/clkout2_buf/O
                         net (fo=44, routed)          1.835     5.835    datapath/video_inst/inst_dvid/clk_out2
    OLOGIC_X1Y140        ODDR                                         f  datapath/video_inst/inst_dvid/ODDR2_blue/C
  -------------------------------------------------------------------    -------------------
    OLOGIC_X1Y140        ODDR (Prop_oddr_C_Q)         0.472     6.307 r  datapath/video_inst/inst_dvid/ODDR2_blue/Q
                         net (fo=1, routed)           0.001     6.308    datapath/video_inst/blue_s
    W1                   OBUFDS (Prop_obufds_I_OB)    1.885     8.193 r  datapath/video_inst/OBUFDS_blue/OB
                         net (fo=0)                   0.000     8.193    tmdsb[0]
    Y1                                                                r  tmdsb[0] (OUT)
  -------------------------------------------------------------------    -------------------

Slack:                    inf
  Source:                 datapath/video_inst/inst_dvid/ODDR2_blue/C
                            (falling edge-triggered cell ODDR clocked by clk_out2_clk_wiz_0  {rise@0.000ns fall@4.000ns period=8.000ns})
  Destination:            tmds[0]
                            (output port)
  Path Group:             (none)
  Path Type:              Max at Slow Process Corner
  Data Path Delay:        2.357ns  (logic 2.356ns (99.958%)  route 0.001ns (0.042%))
  Logic Levels:           1  (OBUFDS=1)
  Clock Uncertainty:      0.166ns  ((TSJ^2 + DJ^2)^1/2) / 2 + PE
    Total System Jitter     (TSJ):    0.050ns
    Discrete Jitter          (DJ):    0.125ns
    Phase Error              (PE):    0.099ns

    Location             Delay type                Incr(ns)  Path(ns)    Netlist Resource(s)
  -------------------------------------------------------------------    -------------------
                         (clock clk_out2_clk_wiz_0 fall edge)
                                                      4.000     4.000 f  
    BUFGCTRL_X0Y2        BUFG                         0.000     4.000 f  clk_IBUF_BUFG_inst/O
                         net (fo=305, routed)         2.106     6.106    datapath/video_inst/mmcm_adv_inst_display_clocks/inst/clk_in1
    MMCME2_ADV_X1Y0      MMCME2_ADV (Prop_mmcme2_adv_CLKIN1_CLKOUT1)
                                                     -4.900     1.207 f  datapath/video_inst/mmcm_adv_inst_display_clocks/inst/mmcm_adv_inst/CLKOUT1
                         net (fo=1, routed)           2.697     3.904    datapath/video_inst/mmcm_adv_inst_display_clocks/inst/clk_out2_clk_wiz_0
    BUFGCTRL_X0Y0        BUFG (Prop_bufg_I_O)         0.096     4.000 f  datapath/video_inst/mmcm_adv_inst_display_clocks/inst/clkout2_buf/O
                         net (fo=44, routed)          1.835     5.835    datapath/video_inst/inst_dvid/clk_out2
    OLOGIC_X1Y140        ODDR                                         f  datapath/video_inst/inst_dvid/ODDR2_blue/C
  -------------------------------------------------------------------    -------------------
    OLOGIC_X1Y140        ODDR (Prop_oddr_C_Q)         0.472     6.307 r  datapath/video_inst/inst_dvid/ODDR2_blue/Q
                         net (fo=1, routed)           0.001     6.308    datapath/video_inst/blue_s
    W1                   OBUFDS (Prop_obufds_I_O)     1.884     8.192 r  datapath/video_inst/OBUFDS_blue/O
                         net (fo=0)                   0.000     8.192    tmds[0]
    W1                                                                r  tmds[0] (OUT)
  -------------------------------------------------------------------    -------------------

Slack:                    inf
  Source:                 datapath/video_inst/inst_dvid/ODDR2_clock/C
                            (falling edge-triggered cell ODDR clocked by clk_out2_clk_wiz_0  {rise@0.000ns fall@4.000ns period=8.000ns})
  Destination:            tmdsb[3]
                            (output port)
  Path Group:             (none)
  Path Type:              Max at Slow Process Corner
  Data Path Delay:        2.341ns  (logic 2.340ns (99.957%)  route 0.001ns (0.043%))
  Logic Levels:           1  (OBUFDS=1)
  Clock Uncertainty:      0.166ns  ((TSJ^2 + DJ^2)^1/2) / 2 + PE
    Total System Jitter     (TSJ):    0.050ns
    Discrete Jitter          (DJ):    0.125ns
    Phase Error              (PE):    0.099ns

    Location             Delay type                Incr(ns)  Path(ns)    Netlist Resource(s)
  -------------------------------------------------------------------    -------------------
                         (clock clk_out2_clk_wiz_0 fall edge)
                                                      4.000     4.000 f  
    BUFGCTRL_X0Y2        BUFG                         0.000     4.000 f  clk_IBUF_BUFG_inst/O
                         net (fo=305, routed)         2.106     6.106    datapath/video_inst/mmcm_adv_inst_display_clocks/inst/clk_in1
    MMCME2_ADV_X1Y0      MMCME2_ADV (Prop_mmcme2_adv_CLKIN1_CLKOUT1)
                                                     -4.900     1.207 f  datapath/video_inst/mmcm_adv_inst_display_clocks/inst/mmcm_adv_inst/CLKOUT1
                         net (fo=1, routed)           2.697     3.904    datapath/video_inst/mmcm_adv_inst_display_clocks/inst/clk_out2_clk_wiz_0
    BUFGCTRL_X0Y0        BUFG (Prop_bufg_I_O)         0.096     4.000 f  datapath/video_inst/mmcm_adv_inst_display_clocks/inst/clkout2_buf/O
                         net (fo=44, routed)          1.838     5.838    datapath/video_inst/inst_dvid/clk_out2
    OLOGIC_X1Y148        ODDR                                         f  datapath/video_inst/inst_dvid/ODDR2_clock/C
  -------------------------------------------------------------------    -------------------
    OLOGIC_X1Y148        ODDR (Prop_oddr_C_Q)         0.472     6.310 r  datapath/video_inst/inst_dvid/ODDR2_clock/Q
                         net (fo=1, routed)           0.001     6.311    datapath/video_inst/clock_s
    T1                   OBUFDS (Prop_obufds_I_OB)    1.868     8.179 r  datapath/video_inst/OBUFDS_clock/OB
                         net (fo=0)                   0.000     8.179    tmdsb[3]
    U1                                                                r  tmdsb[3] (OUT)
  -------------------------------------------------------------------    -------------------

Slack:                    inf
  Source:                 datapath/video_inst/inst_dvid/ODDR2_clock/C
                            (falling edge-triggered cell ODDR clocked by clk_out2_clk_wiz_0  {rise@0.000ns fall@4.000ns period=8.000ns})
  Destination:            tmds[3]
                            (output port)
  Path Group:             (none)
  Path Type:              Max at Slow Process Corner
  Data Path Delay:        2.340ns  (logic 2.339ns (99.957%)  route 0.001ns (0.043%))
  Logic Levels:           1  (OBUFDS=1)
  Clock Uncertainty:      0.166ns  ((TSJ^2 + DJ^2)^1/2) / 2 + PE
    Total System Jitter     (TSJ):    0.050ns
    Discrete Jitter          (DJ):    0.125ns
    Phase Error              (PE):    0.099ns

    Location             Delay type                Incr(ns)  Path(ns)    Netlist Resource(s)
  -------------------------------------------------------------------    -------------------
                         (clock clk_out2_clk_wiz_0 fall edge)
                                                      4.000     4.000 f  
    BUFGCTRL_X0Y2        BUFG                         0.000     4.000 f  clk_IBUF_BUFG_inst/O
                         net (fo=305, routed)         2.106     6.106    datapath/video_inst/mmcm_adv_inst_display_clocks/inst/clk_in1
    MMCME2_ADV_X1Y0      MMCME2_ADV (Prop_mmcme2_adv_CLKIN1_CLKOUT1)
                                                     -4.900     1.207 f  datapath/video_inst/mmcm_adv_inst_display_clocks/inst/mmcm_adv_inst/CLKOUT1
                         net (fo=1, routed)           2.697     3.904    datapath/video_inst/mmcm_adv_inst_display_clocks/inst/clk_out2_clk_wiz_0
    BUFGCTRL_X0Y0        BUFG (Prop_bufg_I_O)         0.096     4.000 f  datapath/video_inst/mmcm_adv_inst_display_clocks/inst/clkout2_buf/O
                         net (fo=44, routed)          1.838     5.838    datapath/video_inst/inst_dvid/clk_out2
    OLOGIC_X1Y148        ODDR                                         f  datapath/video_inst/inst_dvid/ODDR2_clock/C
  -------------------------------------------------------------------    -------------------
    OLOGIC_X1Y148        ODDR (Prop_oddr_C_Q)         0.472     6.310 r  datapath/video_inst/inst_dvid/ODDR2_clock/Q
                         net (fo=1, routed)           0.001     6.311    datapath/video_inst/clock_s
    T1                   OBUFDS (Prop_obufds_I_O)     1.867     8.178 r  datapath/video_inst/OBUFDS_clock/O
                         net (fo=0)                   0.000     8.178    tmds[3]
    T1                                                                r  tmds[3] (OUT)
  -------------------------------------------------------------------    -------------------





Min Delay Paths
--------------------------------------------------------------------------------------
Slack:                    inf
  Source:                 datapath/video_inst/inst_dvid/ODDR2_clock/C
                            (rising edge-triggered cell ODDR clocked by clk_out2_clk_wiz_0  {rise@0.000ns fall@4.000ns period=8.000ns})
  Destination:            tmds[3]
                            (output port)
  Path Group:             (none)
  Path Type:              Min at Fast Process Corner
  Data Path Delay:        0.994ns  (logic 0.993ns (99.899%)  route 0.001ns (0.101%))
  Logic Levels:           1  (OBUFDS=1)
  Clock Uncertainty:      0.166ns  ((TSJ^2 + DJ^2)^1/2) / 2 + PE
    Total System Jitter     (TSJ):    0.050ns
    Discrete Jitter          (DJ):    0.125ns
    Phase Error              (PE):    0.099ns

    Location             Delay type                Incr(ns)  Path(ns)    Netlist Resource(s)
  -------------------------------------------------------------------    -------------------
                         (clock clk_out2_clk_wiz_0 rise edge)
                                                      0.000     0.000 r  
    BUFGCTRL_X0Y2        BUFG                         0.000     0.000 r  clk_IBUF_BUFG_inst/O
                         net (fo=305, routed)         0.745     0.745    datapath/video_inst/mmcm_adv_inst_display_clocks/inst/clk_in1
    MMCME2_ADV_X1Y0      MMCME2_ADV (Prop_mmcme2_adv_CLKIN1_CLKOUT1)
                                                     -1.683    -0.938 r  datapath/video_inst/mmcm_adv_inst_display_clocks/inst/mmcm_adv_inst/CLKOUT1
                         net (fo=1, routed)           0.912    -0.026    datapath/video_inst/mmcm_adv_inst_display_clocks/inst/clk_out2_clk_wiz_0
    BUFGCTRL_X0Y0        BUFG (Prop_bufg_I_O)         0.026    -0.000 r  datapath/video_inst/mmcm_adv_inst_display_clocks/inst/clkout2_buf/O
                         net (fo=44, routed)          0.640     0.640    datapath/video_inst/inst_dvid/clk_out2
    OLOGIC_X1Y148        ODDR                                         r  datapath/video_inst/inst_dvid/ODDR2_clock/C
  -------------------------------------------------------------------    -------------------
    OLOGIC_X1Y148        ODDR (Prop_oddr_C_Q)         0.177     0.817 r  datapath/video_inst/inst_dvid/ODDR2_clock/Q
                         net (fo=1, routed)           0.001     0.818    datapath/video_inst/clock_s
    T1                   OBUFDS (Prop_obufds_I_O)     0.816     1.634 r  datapath/video_inst/OBUFDS_clock/O
                         net (fo=0)                   0.000     1.634    tmds[3]
    T1                                                                r  tmds[3] (OUT)
  -------------------------------------------------------------------    -------------------

Slack:                    inf
  Source:                 datapath/video_inst/inst_dvid/ODDR2_clock/C
                            (rising edge-triggered cell ODDR clocked by clk_out2_clk_wiz_0  {rise@0.000ns fall@4.000ns period=8.000ns})
  Destination:            tmdsb[3]
                            (output port)
  Path Group:             (none)
  Path Type:              Min at Fast Process Corner
  Data Path Delay:        0.995ns  (logic 0.994ns (99.899%)  route 0.001ns (0.101%))
  Logic Levels:           1  (OBUFDS=1)
  Clock Uncertainty:      0.166ns  ((TSJ^2 + DJ^2)^1/2) / 2 + PE
    Total System Jitter     (TSJ):    0.050ns
    Discrete Jitter          (DJ):    0.125ns
    Phase Error              (PE):    0.099ns

    Location             Delay type                Incr(ns)  Path(ns)    Netlist Resource(s)
  -------------------------------------------------------------------    -------------------
                         (clock clk_out2_clk_wiz_0 rise edge)
                                                      0.000     0.000 r  
    BUFGCTRL_X0Y2        BUFG                         0.000     0.000 r  clk_IBUF_BUFG_inst/O
                         net (fo=305, routed)         0.745     0.745    datapath/video_inst/mmcm_adv_inst_display_clocks/inst/clk_in1
    MMCME2_ADV_X1Y0      MMCME2_ADV (Prop_mmcme2_adv_CLKIN1_CLKOUT1)
                                                     -1.683    -0.938 r  datapath/video_inst/mmcm_adv_inst_display_clocks/inst/mmcm_adv_inst/CLKOUT1
                         net (fo=1, routed)           0.912    -0.026    datapath/video_inst/mmcm_adv_inst_display_clocks/inst/clk_out2_clk_wiz_0
    BUFGCTRL_X0Y0        BUFG (Prop_bufg_I_O)         0.026    -0.000 r  datapath/video_inst/mmcm_adv_inst_display_clocks/inst/clkout2_buf/O
                         net (fo=44, routed)          0.640     0.640    datapath/video_inst/inst_dvid/clk_out2
    OLOGIC_X1Y148        ODDR                                         r  datapath/video_inst/inst_dvid/ODDR2_clock/C
  -------------------------------------------------------------------    -------------------
    OLOGIC_X1Y148        ODDR (Prop_oddr_C_Q)         0.177     0.817 r  datapath/video_inst/inst_dvid/ODDR2_clock/Q
                         net (fo=1, routed)           0.001     0.818    datapath/video_inst/clock_s
    T1                   OBUFDS (Prop_obufds_I_OB)    0.817     1.635 r  datapath/video_inst/OBUFDS_clock/OB
                         net (fo=0)                   0.000     1.635    tmdsb[3]
    U1                                                                r  tmdsb[3] (OUT)
  -------------------------------------------------------------------    -------------------

Slack:                    inf
  Source:                 datapath/video_inst/inst_dvid/ODDR2_blue/C
                            (rising edge-triggered cell ODDR clocked by clk_out2_clk_wiz_0  {rise@0.000ns fall@4.000ns period=8.000ns})
  Destination:            tmds[0]
                            (output port)
  Path Group:             (none)
  Path Type:              Min at Fast Process Corner
  Data Path Delay:        1.010ns  (logic 1.009ns (99.901%)  route 0.001ns (0.099%))
  Logic Levels:           1  (OBUFDS=1)
  Clock Uncertainty:      0.166ns  ((TSJ^2 + DJ^2)^1/2) / 2 + PE
    Total System Jitter     (TSJ):    0.050ns
    Discrete Jitter          (DJ):    0.125ns
    Phase Error              (PE):    0.099ns

    Location             Delay type                Incr(ns)  Path(ns)    Netlist Resource(s)
  -------------------------------------------------------------------    -------------------
                         (clock clk_out2_clk_wiz_0 rise edge)
                                                      0.000     0.000 r  
    BUFGCTRL_X0Y2        BUFG                         0.000     0.000 r  clk_IBUF_BUFG_inst/O
                         net (fo=305, routed)         0.745     0.745    datapath/video_inst/mmcm_adv_inst_display_clocks/inst/clk_in1
    MMCME2_ADV_X1Y0      MMCME2_ADV (Prop_mmcme2_adv_CLKIN1_CLKOUT1)
                                                     -1.683    -0.938 r  datapath/video_inst/mmcm_adv_inst_display_clocks/inst/mmcm_adv_inst/CLKOUT1
                         net (fo=1, routed)           0.912    -0.026    datapath/video_inst/mmcm_adv_inst_display_clocks/inst/clk_out2_clk_wiz_0
    BUFGCTRL_X0Y0        BUFG (Prop_bufg_I_O)         0.026    -0.000 r  datapath/video_inst/mmcm_adv_inst_display_clocks/inst/clkout2_buf/O
                         net (fo=44, routed)          0.638     0.638    datapath/video_inst/inst_dvid/clk_out2
    OLOGIC_X1Y140        ODDR                                         r  datapath/video_inst/inst_dvid/ODDR2_blue/C
  -------------------------------------------------------------------    -------------------
    OLOGIC_X1Y140        ODDR (Prop_oddr_C_Q)         0.177     0.815 r  datapath/video_inst/inst_dvid/ODDR2_blue/Q
                         net (fo=1, routed)           0.001     0.816    datapath/video_inst/blue_s
    W1                   OBUFDS (Prop_obufds_I_O)     0.832     1.648 r  datapath/video_inst/OBUFDS_blue/O
                         net (fo=0)                   0.000     1.648    tmds[0]
    W1                                                                r  tmds[0] (OUT)
  -------------------------------------------------------------------    -------------------

Slack:                    inf
  Source:                 datapath/video_inst/inst_dvid/ODDR2_blue/C
                            (rising edge-triggered cell ODDR clocked by clk_out2_clk_wiz_0  {rise@0.000ns fall@4.000ns period=8.000ns})
  Destination:            tmdsb[0]
                            (output port)
  Path Group:             (none)
  Path Type:              Min at Fast Process Corner
  Data Path Delay:        1.011ns  (logic 1.010ns (99.901%)  route 0.001ns (0.099%))
  Logic Levels:           1  (OBUFDS=1)
  Clock Uncertainty:      0.166ns  ((TSJ^2 + DJ^2)^1/2) / 2 + PE
    Total System Jitter     (TSJ):    0.050ns
    Discrete Jitter          (DJ):    0.125ns
    Phase Error              (PE):    0.099ns

    Location             Delay type                Incr(ns)  Path(ns)    Netlist Resource(s)
  -------------------------------------------------------------------    -------------------
                         (clock clk_out2_clk_wiz_0 rise edge)
                                                      0.000     0.000 r  
    BUFGCTRL_X0Y2        BUFG                         0.000     0.000 r  clk_IBUF_BUFG_inst/O
                         net (fo=305, routed)         0.745     0.745    datapath/video_inst/mmcm_adv_inst_display_clocks/inst/clk_in1
    MMCME2_ADV_X1Y0      MMCME2_ADV (Prop_mmcme2_adv_CLKIN1_CLKOUT1)
                                                     -1.683    -0.938 r  datapath/video_inst/mmcm_adv_inst_display_clocks/inst/mmcm_adv_inst/CLKOUT1
                         net (fo=1, routed)           0.912    -0.026    datapath/video_inst/mmcm_adv_inst_display_clocks/inst/clk_out2_clk_wiz_0
    BUFGCTRL_X0Y0        BUFG (Prop_bufg_I_O)         0.026    -0.000 r  datapath/video_inst/mmcm_adv_inst_display_clocks/inst/clkout2_buf/O
                         net (fo=44, routed)          0.638     0.638    datapath/video_inst/inst_dvid/clk_out2
    OLOGIC_X1Y140        ODDR                                         r  datapath/video_inst/inst_dvid/ODDR2_blue/C
  -------------------------------------------------------------------    -------------------
    OLOGIC_X1Y140        ODDR (Prop_oddr_C_Q)         0.177     0.815 r  datapath/video_inst/inst_dvid/ODDR2_blue/Q
                         net (fo=1, routed)           0.001     0.816    datapath/video_inst/blue_s
    W1                   OBUFDS (Prop_obufds_I_OB)    0.833     1.649 r  datapath/video_inst/OBUFDS_blue/OB
                         net (fo=0)                   0.000     1.649    tmdsb[0]
    Y1                                                                r  tmdsb[0] (OUT)
  -------------------------------------------------------------------    -------------------

Slack:                    inf
  Source:                 datapath/video_inst/inst_dvid/ODDR2_green/C
                            (rising edge-triggered cell ODDR clocked by clk_out2_clk_wiz_0  {rise@0.000ns fall@4.000ns period=8.000ns})
  Destination:            tmds[1]
                            (output port)
  Path Group:             (none)
  Path Type:              Min at Fast Process Corner
  Data Path Delay:        1.022ns  (logic 1.021ns (99.902%)  route 0.001ns (0.098%))
  Logic Levels:           1  (OBUFDS=1)
  Clock Uncertainty:      0.166ns  ((TSJ^2 + DJ^2)^1/2) / 2 + PE
    Total System Jitter     (TSJ):    0.050ns
    Discrete Jitter          (DJ):    0.125ns
    Phase Error              (PE):    0.099ns

    Location             Delay type                Incr(ns)  Path(ns)    Netlist Resource(s)
  -------------------------------------------------------------------    -------------------
                         (clock clk_out2_clk_wiz_0 rise edge)
                                                      0.000     0.000 r  
    BUFGCTRL_X0Y2        BUFG                         0.000     0.000 r  clk_IBUF_BUFG_inst/O
                         net (fo=305, routed)         0.745     0.745    datapath/video_inst/mmcm_adv_inst_display_clocks/inst/clk_in1
    MMCME2_ADV_X1Y0      MMCME2_ADV (Prop_mmcme2_adv_CLKIN1_CLKOUT1)
                                                     -1.683    -0.938 r  datapath/video_inst/mmcm_adv_inst_display_clocks/inst/mmcm_adv_inst/CLKOUT1
                         net (fo=1, routed)           0.912    -0.026    datapath/video_inst/mmcm_adv_inst_display_clocks/inst/clk_out2_clk_wiz_0
    BUFGCTRL_X0Y0        BUFG (Prop_bufg_I_O)         0.026    -0.000 r  datapath/video_inst/mmcm_adv_inst_display_clocks/inst/clkout2_buf/O
                         net (fo=44, routed)          0.636     0.636    datapath/video_inst/inst_dvid/clk_out2
    OLOGIC_X1Y136        ODDR                                         r  datapath/video_inst/inst_dvid/ODDR2_green/C
  -------------------------------------------------------------------    -------------------
    OLOGIC_X1Y136        ODDR (Prop_oddr_C_Q)         0.177     0.813 r  datapath/video_inst/inst_dvid/ODDR2_green/Q
                         net (fo=1, routed)           0.001     0.814    datapath/video_inst/green_s
    AA1                  OBUFDS (Prop_obufds_I_O)     0.844     1.657 r  datapath/video_inst/OBUFDS_red/O
                         net (fo=0)                   0.000     1.657    tmds[1]
    AA1                                                               r  tmds[1] (OUT)
  -------------------------------------------------------------------    -------------------

Slack:                    inf
  Source:                 datapath/video_inst/inst_dvid/ODDR2_green/C
                            (rising edge-triggered cell ODDR clocked by clk_out2_clk_wiz_0  {rise@0.000ns fall@4.000ns period=8.000ns})
  Destination:            tmdsb[1]
                            (output port)
  Path Group:             (none)
  Path Type:              Min at Fast Process Corner
  Data Path Delay:        1.023ns  (logic 1.022ns (99.902%)  route 0.001ns (0.098%))
  Logic Levels:           1  (OBUFDS=1)
  Clock Uncertainty:      0.166ns  ((TSJ^2 + DJ^2)^1/2) / 2 + PE
    Total System Jitter     (TSJ):    0.050ns
    Discrete Jitter          (DJ):    0.125ns
    Phase Error              (PE):    0.099ns

    Location             Delay type                Incr(ns)  Path(ns)    Netlist Resource(s)
  -------------------------------------------------------------------    -------------------
                         (clock clk_out2_clk_wiz_0 rise edge)
                                                      0.000     0.000 r  
    BUFGCTRL_X0Y2        BUFG                         0.000     0.000 r  clk_IBUF_BUFG_inst/O
                         net (fo=305, routed)         0.745     0.745    datapath/video_inst/mmcm_adv_inst_display_clocks/inst/clk_in1
    MMCME2_ADV_X1Y0      MMCME2_ADV (Prop_mmcme2_adv_CLKIN1_CLKOUT1)
                                                     -1.683    -0.938 r  datapath/video_inst/mmcm_adv_inst_display_clocks/inst/mmcm_adv_inst/CLKOUT1
                         net (fo=1, routed)           0.912    -0.026    datapath/video_inst/mmcm_adv_inst_display_clocks/inst/clk_out2_clk_wiz_0
    BUFGCTRL_X0Y0        BUFG (Prop_bufg_I_O)         0.026    -0.000 r  datapath/video_inst/mmcm_adv_inst_display_clocks/inst/clkout2_buf/O
                         net (fo=44, routed)          0.636     0.636    datapath/video_inst/inst_dvid/clk_out2
    OLOGIC_X1Y136        ODDR                                         r  datapath/video_inst/inst_dvid/ODDR2_green/C
  -------------------------------------------------------------------    -------------------
    OLOGIC_X1Y136        ODDR (Prop_oddr_C_Q)         0.177     0.813 r  datapath/video_inst/inst_dvid/ODDR2_green/Q
                         net (fo=1, routed)           0.001     0.814    datapath/video_inst/green_s
    AA1                  OBUFDS (Prop_obufds_I_OB)    0.845     1.658 r  datapath/video_inst/OBUFDS_red/OB
                         net (fo=0)                   0.000     1.658    tmdsb[1]
    AB1                                                               r  tmdsb[1] (OUT)
  -------------------------------------------------------------------    -------------------

Slack:                    inf
  Source:                 datapath/video_inst/inst_dvid/ODDR2_red/C
                            (rising edge-triggered cell ODDR clocked by clk_out2_clk_wiz_0  {rise@0.000ns fall@4.000ns period=8.000ns})
  Destination:            tmds[2]
                            (output port)
  Path Group:             (none)
  Path Type:              Min at Fast Process Corner
  Data Path Delay:        1.023ns  (logic 1.022ns (99.902%)  route 0.001ns (0.098%))
  Logic Levels:           1  (OBUFDS=1)
  Clock Uncertainty:      0.166ns  ((TSJ^2 + DJ^2)^1/2) / 2 + PE
    Total System Jitter     (TSJ):    0.050ns
    Discrete Jitter          (DJ):    0.125ns
    Phase Error              (PE):    0.099ns

    Location             Delay type                Incr(ns)  Path(ns)    Netlist Resource(s)
  -------------------------------------------------------------------    -------------------
                         (clock clk_out2_clk_wiz_0 rise edge)
                                                      0.000     0.000 r  
    BUFGCTRL_X0Y2        BUFG                         0.000     0.000 r  clk_IBUF_BUFG_inst/O
                         net (fo=305, routed)         0.745     0.745    datapath/video_inst/mmcm_adv_inst_display_clocks/inst/clk_in1
    MMCME2_ADV_X1Y0      MMCME2_ADV (Prop_mmcme2_adv_CLKIN1_CLKOUT1)
                                                     -1.683    -0.938 r  datapath/video_inst/mmcm_adv_inst_display_clocks/inst/mmcm_adv_inst/CLKOUT1
                         net (fo=1, routed)           0.912    -0.026    datapath/video_inst/mmcm_adv_inst_display_clocks/inst/clk_out2_clk_wiz_0
    BUFGCTRL_X0Y0        BUFG (Prop_bufg_I_O)         0.026    -0.000 r  datapath/video_inst/mmcm_adv_inst_display_clocks/inst/clkout2_buf/O
                         net (fo=44, routed)          0.636     0.636    datapath/video_inst/inst_dvid/clk_out2
    OLOGIC_X1Y134        ODDR                                         r  datapath/video_inst/inst_dvid/ODDR2_red/C
  -------------------------------------------------------------------    -------------------
    OLOGIC_X1Y134        ODDR (Prop_oddr_C_Q)         0.177     0.813 r  datapath/video_inst/inst_dvid/ODDR2_red/Q
                         net (fo=1, routed)           0.001     0.814    datapath/video_inst/red_s
    AB3                  OBUFDS (Prop_obufds_I_O)     0.845     1.659 r  datapath/video_inst/OBUFDS_green/O
                         net (fo=0)                   0.000     1.659    tmds[2]
    AB3                                                               r  tmds[2] (OUT)
  -------------------------------------------------------------------    -------------------

Slack:                    inf
  Source:                 datapath/video_inst/inst_dvid/ODDR2_red/C
                            (rising edge-triggered cell ODDR clocked by clk_out2_clk_wiz_0  {rise@0.000ns fall@4.000ns period=8.000ns})
  Destination:            tmdsb[2]
                            (output port)
  Path Group:             (none)
  Path Type:              Min at Fast Process Corner
  Data Path Delay:        1.024ns  (logic 1.023ns (99.902%)  route 0.001ns (0.098%))
  Logic Levels:           1  (OBUFDS=1)
  Clock Uncertainty:      0.166ns  ((TSJ^2 + DJ^2)^1/2) / 2 + PE
    Total System Jitter     (TSJ):    0.050ns
    Discrete Jitter          (DJ):    0.125ns
    Phase Error              (PE):    0.099ns

    Location             Delay type                Incr(ns)  Path(ns)    Netlist Resource(s)
  -------------------------------------------------------------------    -------------------
                         (clock clk_out2_clk_wiz_0 rise edge)
                                                      0.000     0.000 r  
    BUFGCTRL_X0Y2        BUFG                         0.000     0.000 r  clk_IBUF_BUFG_inst/O
                         net (fo=305, routed)         0.745     0.745    datapath/video_inst/mmcm_adv_inst_display_clocks/inst/clk_in1
    MMCME2_ADV_X1Y0      MMCME2_ADV (Prop_mmcme2_adv_CLKIN1_CLKOUT1)
                                                     -1.683    -0.938 r  datapath/video_inst/mmcm_adv_inst_display_clocks/inst/mmcm_adv_inst/CLKOUT1
                         net (fo=1, routed)           0.912    -0.026    datapath/video_inst/mmcm_adv_inst_display_clocks/inst/clk_out2_clk_wiz_0
    BUFGCTRL_X0Y0        BUFG (Prop_bufg_I_O)         0.026    -0.000 r  datapath/video_inst/mmcm_adv_inst_display_clocks/inst/clkout2_buf/O
                         net (fo=44, routed)          0.636     0.636    datapath/video_inst/inst_dvid/clk_out2
    OLOGIC_X1Y134        ODDR                                         r  datapath/video_inst/inst_dvid/ODDR2_red/C
  -------------------------------------------------------------------    -------------------
    OLOGIC_X1Y134        ODDR (Prop_oddr_C_Q)         0.177     0.813 r  datapath/video_inst/inst_dvid/ODDR2_red/Q
                         net (fo=1, routed)           0.001     0.814    datapath/video_inst/red_s
    AB3                  OBUFDS (Prop_obufds_I_OB)    0.846     1.660 r  datapath/video_inst/OBUFDS_green/OB
                         net (fo=0)                   0.000     1.660    tmdsb[2]
    AB2                                                               r  tmdsb[2] (OUT)
  -------------------------------------------------------------------    -------------------





--------------------------------------------------------------------------------------
Path Group:  (none)
From Clock:  clk_out2_clk_wiz_1
  To Clock:  

Max Delay             2 Endpoints
Min Delay             2 Endpoints
--------------------------------------------------------------------------------------


Max Delay Paths
--------------------------------------------------------------------------------------
Slack:                    inf
  Source:                 datapath/Audio_Codec/initialize_audio/twi_controller/rScl_reg/C
                            (rising edge-triggered cell FDRE clocked by clk_out2_clk_wiz_1  {rise@0.000ns fall@10.000ns period=20.000ns})
  Destination:            scl
                            (output port)
  Path Group:             (none)
  Path Type:              Max at Slow Process Corner
  Data Path Delay:        5.854ns  (logic 4.083ns (69.748%)  route 1.771ns (30.252%))
  Logic Levels:           1  (OBUFT=1)
  Clock Uncertainty:      0.178ns  ((TSJ^2 + DJ^2)^1/2) / 2 + PE
    Total System Jitter     (TSJ):    0.050ns
    Discrete Jitter          (DJ):    0.152ns
    Phase Error              (PE):    0.099ns

    Location             Delay type                Incr(ns)  Path(ns)    Netlist Resource(s)
  -------------------------------------------------------------------    -------------------
                         (clock clk_out2_clk_wiz_1 rise edge)
                                                      0.000     0.000 r  
    BUFGCTRL_X0Y2        BUFG                         0.000     0.000 r  clk_IBUF_BUFG_inst/O
                         net (fo=305, routed)         1.761     1.761    datapath/Audio_Codec/audiocodec_master_clock/inst/clk_in1
    MMCME2_ADV_X0Y2      MMCME2_ADV (Prop_mmcme2_adv_CLKIN1_CLKOUT1)
                                                     -3.701    -1.939 r  datapath/Audio_Codec/audiocodec_master_clock/inst/mmcm_adv_inst/CLKOUT1
                         net (fo=1, routed)           1.843    -0.096    datapath/Audio_Codec/audiocodec_master_clock/inst/clk_out2_clk_wiz_1
    BUFGCTRL_X0Y3        BUFG (Prop_bufg_I_O)         0.096    -0.000 r  datapath/Audio_Codec/audiocodec_master_clock/inst/clkout2_buf/O
                         net (fo=115, routed)         1.818     1.818    datapath/Audio_Codec/initialize_audio/twi_controller/CLK
    SLICE_X162Y121       FDRE                                         r  datapath/Audio_Codec/initialize_audio/twi_controller/rScl_reg/C
  -------------------------------------------------------------------    -------------------
    SLICE_X162Y121       FDRE (Prop_fdre_C_Q)         0.518     2.336 f  datapath/Audio_Codec/initialize_audio/twi_controller/rScl_reg/Q
                         net (fo=3, routed)           1.771     4.107    scl_IOBUF_inst/T
    W5                   OBUFT (TriStatE_obuft_T_O)
                                                      3.565     7.672 r  scl_IOBUF_inst/OBUFT/O
                         net (fo=1, unset)            0.000     7.672    scl
    W5                                                                r  scl (INOUT)
  -------------------------------------------------------------------    -------------------

Slack:                    inf
  Source:                 datapath/Audio_Codec/initialize_audio/twi_controller/rSda_reg/C
                            (rising edge-triggered cell FDRE clocked by clk_out2_clk_wiz_1  {rise@0.000ns fall@10.000ns period=20.000ns})
  Destination:            sda
                            (output port)
  Path Group:             (none)
  Path Type:              Max at Slow Process Corner
  Data Path Delay:        5.684ns  (logic 4.004ns (70.437%)  route 1.680ns (29.563%))
  Logic Levels:           1  (OBUFT=1)
  Clock Uncertainty:      0.178ns  ((TSJ^2 + DJ^2)^1/2) / 2 + PE
    Total System Jitter     (TSJ):    0.050ns
    Discrete Jitter          (DJ):    0.152ns
    Phase Error              (PE):    0.099ns

    Location             Delay type                Incr(ns)  Path(ns)    Netlist Resource(s)
  -------------------------------------------------------------------    -------------------
                         (clock clk_out2_clk_wiz_1 rise edge)
                                                      0.000     0.000 r  
    BUFGCTRL_X0Y2        BUFG                         0.000     0.000 r  clk_IBUF_BUFG_inst/O
                         net (fo=305, routed)         1.761     1.761    datapath/Audio_Codec/audiocodec_master_clock/inst/clk_in1
    MMCME2_ADV_X0Y2      MMCME2_ADV (Prop_mmcme2_adv_CLKIN1_CLKOUT1)
                                                     -3.701    -1.939 r  datapath/Audio_Codec/audiocodec_master_clock/inst/mmcm_adv_inst/CLKOUT1
                         net (fo=1, routed)           1.843    -0.096    datapath/Audio_Codec/audiocodec_master_clock/inst/clk_out2_clk_wiz_1
    BUFGCTRL_X0Y3        BUFG (Prop_bufg_I_O)         0.096    -0.000 r  datapath/Audio_Codec/audiocodec_master_clock/inst/clkout2_buf/O
                         net (fo=115, routed)         1.815     1.815    datapath/Audio_Codec/initialize_audio/twi_controller/CLK
    SLICE_X163Y122       FDRE                                         r  datapath/Audio_Codec/initialize_audio/twi_controller/rSda_reg/C
  -------------------------------------------------------------------    -------------------
    SLICE_X163Y122       FDRE (Prop_fdre_C_Q)         0.456     2.271 f  datapath/Audio_Codec/initialize_audio/twi_controller/rSda_reg/Q
                         net (fo=3, routed)           1.680     3.952    sda_IOBUF_inst/T
    V5                   OBUFT (TriStatE_obuft_T_O)
                                                      3.548     7.500 r  sda_IOBUF_inst/OBUFT/O
                         net (fo=1, unset)            0.000     7.500    sda
    V5                                                                r  sda (INOUT)
  -------------------------------------------------------------------    -------------------





Min Delay Paths
--------------------------------------------------------------------------------------
Slack:                    inf
  Source:                 datapath/Audio_Codec/initialize_audio/twi_controller/rSda_reg/C
                            (rising edge-triggered cell FDRE clocked by clk_out2_clk_wiz_1  {rise@0.000ns fall@10.000ns period=20.000ns})
  Destination:            sda
                            (output port)
  Path Group:             (none)
  Path Type:              Min at Fast Process Corner
  Data Path Delay:        1.591ns  (logic 0.965ns (60.638%)  route 0.626ns (39.362%))
  Logic Levels:           1  (OBUFT=1)
  Clock Uncertainty:      0.178ns  ((TSJ^2 + DJ^2)^1/2) / 2 + PE
    Total System Jitter     (TSJ):    0.050ns
    Discrete Jitter          (DJ):    0.152ns
    Phase Error              (PE):    0.099ns

    Location             Delay type                Incr(ns)  Path(ns)    Netlist Resource(s)
  -------------------------------------------------------------------    -------------------
                         (clock clk_out2_clk_wiz_1 rise edge)
                                                      0.000     0.000 r  
    BUFGCTRL_X0Y2        BUFG                         0.000     0.000 r  clk_IBUF_BUFG_inst/O
                         net (fo=305, routed)         0.610     0.610    datapath/Audio_Codec/audiocodec_master_clock/inst/clk_in1
    MMCME2_ADV_X0Y2      MMCME2_ADV (Prop_mmcme2_adv_CLKIN1_CLKOUT1)
                                                     -1.180    -0.571 r  datapath/Audio_Codec/audiocodec_master_clock/inst/mmcm_adv_inst/CLKOUT1
                         net (fo=1, routed)           0.545    -0.026    datapath/Audio_Codec/audiocodec_master_clock/inst/clk_out2_clk_wiz_1
    BUFGCTRL_X0Y3        BUFG (Prop_bufg_I_O)         0.026     0.000 r  datapath/Audio_Codec/audiocodec_master_clock/inst/clkout2_buf/O
                         net (fo=115, routed)         0.638     0.638    datapath/Audio_Codec/initialize_audio/twi_controller/CLK
    SLICE_X163Y122       FDRE                                         r  datapath/Audio_Codec/initialize_audio/twi_controller/rSda_reg/C
  -------------------------------------------------------------------    -------------------
    SLICE_X163Y122       FDRE (Prop_fdre_C_Q)         0.141     0.779 r  datapath/Audio_Codec/initialize_audio/twi_controller/rSda_reg/Q
                         net (fo=3, routed)           0.626     1.405    sda_IOBUF_inst/T
    V5                   OBUFT (TriStatD_obuft_T_O)
                                                      0.824     2.229 r  sda_IOBUF_inst/OBUFT/O
                         net (fo=1, unset)            0.000     2.229    sda
    V5                                                                r  sda (INOUT)
  -------------------------------------------------------------------    -------------------

Slack:                    inf
  Source:                 datapath/Audio_Codec/initialize_audio/twi_controller/rScl_reg/C
                            (rising edge-triggered cell FDRE clocked by clk_out2_clk_wiz_1  {rise@0.000ns fall@10.000ns period=20.000ns})
  Destination:            scl
                            (output port)
  Path Group:             (none)
  Path Type:              Min at Fast Process Corner
  Data Path Delay:        1.651ns  (logic 0.988ns (59.845%)  route 0.663ns (40.155%))
  Logic Levels:           1  (OBUFT=1)
  Clock Uncertainty:      0.178ns  ((TSJ^2 + DJ^2)^1/2) / 2 + PE
    Total System Jitter     (TSJ):    0.050ns
    Discrete Jitter          (DJ):    0.152ns
    Phase Error              (PE):    0.099ns

    Location             Delay type                Incr(ns)  Path(ns)    Netlist Resource(s)
  -------------------------------------------------------------------    -------------------
                         (clock clk_out2_clk_wiz_1 rise edge)
                                                      0.000     0.000 r  
    BUFGCTRL_X0Y2        BUFG                         0.000     0.000 r  clk_IBUF_BUFG_inst/O
                         net (fo=305, routed)         0.610     0.610    datapath/Audio_Codec/audiocodec_master_clock/inst/clk_in1
    MMCME2_ADV_X0Y2      MMCME2_ADV (Prop_mmcme2_adv_CLKIN1_CLKOUT1)
                                                     -1.180    -0.571 r  datapath/Audio_Codec/audiocodec_master_clock/inst/mmcm_adv_inst/CLKOUT1
                         net (fo=1, routed)           0.545    -0.026    datapath/Audio_Codec/audiocodec_master_clock/inst/clk_out2_clk_wiz_1
    BUFGCTRL_X0Y3        BUFG (Prop_bufg_I_O)         0.026     0.000 r  datapath/Audio_Codec/audiocodec_master_clock/inst/clkout2_buf/O
                         net (fo=115, routed)         0.638     0.638    datapath/Audio_Codec/initialize_audio/twi_controller/CLK
    SLICE_X162Y121       FDRE                                         r  datapath/Audio_Codec/initialize_audio/twi_controller/rScl_reg/C
  -------------------------------------------------------------------    -------------------
    SLICE_X162Y121       FDRE (Prop_fdre_C_Q)         0.164     0.802 r  datapath/Audio_Codec/initialize_audio/twi_controller/rScl_reg/Q
                         net (fo=3, routed)           0.663     1.465    scl_IOBUF_inst/T
    W5                   OBUFT (TriStatD_obuft_T_O)
                                                      0.824     2.289 r  scl_IOBUF_inst/OBUFT/O
                         net (fo=1, unset)            0.000     2.289    scl
    W5                                                                r  scl (INOUT)
  -------------------------------------------------------------------    -------------------





--------------------------------------------------------------------------------------
Path Group:  (none)
From Clock:  clkfbout_clk_wiz_0
  To Clock:  

Max Delay             1 Endpoint
Min Delay             1 Endpoint
--------------------------------------------------------------------------------------


Max Delay Paths
--------------------------------------------------------------------------------------
Slack:                    inf
  Source:                 datapath/video_inst/mmcm_adv_inst_display_clocks/inst/mmcm_adv_inst/CLKFBOUT
                            (clock source 'clkfbout_clk_wiz_0'  {rise@0.000ns fall@5.000ns period=10.000ns})
  Destination:            datapath/video_inst/mmcm_adv_inst_display_clocks/inst/mmcm_adv_inst/CLKFBIN
  Path Group:             (none)
  Path Type:              Max at Slow Process Corner
  Data Path Delay:        4.900ns  (logic 0.096ns (1.959%)  route 4.804ns (98.041%))
  Logic Levels:           1  (BUFG=1)
  Clock Uncertainty:      0.148ns  ((TSJ^2 + DJ^2)^1/2) / 2 + PE
    Total System Jitter     (TSJ):    0.050ns
    Discrete Jitter          (DJ):    0.086ns
    Phase Error              (PE):    0.099ns

    Location             Delay type                Incr(ns)  Path(ns)    Netlist Resource(s)
  -------------------------------------------------------------------    -------------------
                         (clock clkfbout_clk_wiz_0 fall edge)
                                                      5.000     5.000 f  
    BUFGCTRL_X0Y2        BUFG                         0.000     5.000 f  clk_IBUF_BUFG_inst/O
                         net (fo=305, routed)         2.106     7.106    datapath/video_inst/mmcm_adv_inst_display_clocks/inst/clk_in1
  -------------------------------------------------------------------    -------------------
    MMCME2_ADV_X1Y0      MMCME2_ADV (Prop_mmcme2_adv_CLKIN1_CLKFBOUT)
                                                     -4.900     2.207 f  datapath/video_inst/mmcm_adv_inst_display_clocks/inst/mmcm_adv_inst/CLKFBOUT
                         net (fo=1, routed)           2.697     4.904    datapath/video_inst/mmcm_adv_inst_display_clocks/inst/clkfbout_clk_wiz_0
    BUFGCTRL_X0Y6        BUFG (Prop_bufg_I_O)         0.096     5.000 f  datapath/video_inst/mmcm_adv_inst_display_clocks/inst/clkf_buf/O
                         net (fo=1, routed)           2.106     7.106    datapath/video_inst/mmcm_adv_inst_display_clocks/inst/clkfbout_buf_clk_wiz_0
    MMCME2_ADV_X1Y0      MMCME2_ADV                                   f  datapath/video_inst/mmcm_adv_inst_display_clocks/inst/mmcm_adv_inst/CLKFBIN
  -------------------------------------------------------------------    -------------------





Min Delay Paths
--------------------------------------------------------------------------------------
Slack:                    inf
  Source:                 datapath/video_inst/mmcm_adv_inst_display_clocks/inst/mmcm_adv_inst/CLKFBOUT
                            (clock source 'clkfbout_clk_wiz_0'  {rise@0.000ns fall@5.000ns period=10.000ns})
  Destination:            datapath/video_inst/mmcm_adv_inst_display_clocks/inst/mmcm_adv_inst/CLKFBIN
  Path Group:             (none)
  Path Type:              Min at Fast Process Corner
  Data Path Delay:        1.683ns  (logic 0.026ns (1.545%)  route 1.657ns (98.455%))
  Logic Levels:           1  (BUFG=1)
  Clock Uncertainty:      0.148ns  ((TSJ^2 + DJ^2)^1/2) / 2 + PE
    Total System Jitter     (TSJ):    0.050ns
    Discrete Jitter          (DJ):    0.086ns
    Phase Error              (PE):    0.099ns

    Location             Delay type                Incr(ns)  Path(ns)    Netlist Resource(s)
  -------------------------------------------------------------------    -------------------
                         (clock clkfbout_clk_wiz_0 rise edge)
                                                      0.000     0.000 r  
    BUFGCTRL_X0Y2        BUFG                         0.000     0.000 r  clk_IBUF_BUFG_inst/O
                         net (fo=305, routed)         0.745     0.745    datapath/video_inst/mmcm_adv_inst_display_clocks/inst/clk_in1
  -------------------------------------------------------------------    -------------------
    MMCME2_ADV_X1Y0      MMCME2_ADV (Prop_mmcme2_adv_CLKIN1_CLKFBOUT)
                                                     -1.683    -0.938 r  datapath/video_inst/mmcm_adv_inst_display_clocks/inst/mmcm_adv_inst/CLKFBOUT
                         net (fo=1, routed)           0.912    -0.026    datapath/video_inst/mmcm_adv_inst_display_clocks/inst/clkfbout_clk_wiz_0
    BUFGCTRL_X0Y6        BUFG (Prop_bufg_I_O)         0.026    -0.000 r  datapath/video_inst/mmcm_adv_inst_display_clocks/inst/clkf_buf/O
                         net (fo=1, routed)           0.745     0.745    datapath/video_inst/mmcm_adv_inst_display_clocks/inst/clkfbout_buf_clk_wiz_0
    MMCME2_ADV_X1Y0      MMCME2_ADV                                   r  datapath/video_inst/mmcm_adv_inst_display_clocks/inst/mmcm_adv_inst/CLKFBIN
  -------------------------------------------------------------------    -------------------





--------------------------------------------------------------------------------------
Path Group:  (none)
From Clock:  clkfbout_clk_wiz_1
  To Clock:  

Max Delay             1 Endpoint
Min Delay             1 Endpoint
--------------------------------------------------------------------------------------


Max Delay Paths
--------------------------------------------------------------------------------------
Slack:                    inf
  Source:                 datapath/Audio_Codec/audiocodec_master_clock/inst/mmcm_adv_inst/CLKFBOUT
                            (clock source 'clkfbout_clk_wiz_1'  {rise@0.000ns fall@5.000ns period=10.000ns})
  Destination:            datapath/Audio_Codec/audiocodec_master_clock/inst/mmcm_adv_inst/CLKFBIN
  Path Group:             (none)
  Path Type:              Max at Slow Process Corner
  Data Path Delay:        3.701ns  (logic 0.096ns (2.594%)  route 3.605ns (97.406%))
  Logic Levels:           1  (BUFG=1)
  Clock Uncertainty:      0.148ns  ((TSJ^2 + DJ^2)^1/2) / 2 + PE
    Total System Jitter     (TSJ):    0.050ns
    Discrete Jitter          (DJ):    0.086ns
    Phase Error              (PE):    0.099ns

    Location             Delay type                Incr(ns)  Path(ns)    Netlist Resource(s)
  -------------------------------------------------------------------    -------------------
                         (clock clkfbout_clk_wiz_1 fall edge)
                                                      5.000     5.000 f  
    BUFGCTRL_X0Y2        BUFG                         0.000     5.000 f  clk_IBUF_BUFG_inst/O
                         net (fo=305, routed)         1.761     6.761    datapath/Audio_Codec/audiocodec_master_clock/inst/clk_in1
  -------------------------------------------------------------------    -------------------
    MMCME2_ADV_X0Y2      MMCME2_ADV (Prop_mmcme2_adv_CLKIN1_CLKFBOUT)
                                                     -3.701     3.061 f  datapath/Audio_Codec/audiocodec_master_clock/inst/mmcm_adv_inst/CLKFBOUT
                         net (fo=1, routed)           1.843     4.904    datapath/Audio_Codec/audiocodec_master_clock/inst/clkfbout_clk_wiz_1
    BUFGCTRL_X0Y5        BUFG (Prop_bufg_I_O)         0.096     5.000 f  datapath/Audio_Codec/audiocodec_master_clock/inst/clkf_buf/O
                         net (fo=1, routed)           1.761     6.761    datapath/Audio_Codec/audiocodec_master_clock/inst/clkfbout_buf_clk_wiz_1
    MMCME2_ADV_X0Y2      MMCME2_ADV                                   f  datapath/Audio_Codec/audiocodec_master_clock/inst/mmcm_adv_inst/CLKFBIN
  -------------------------------------------------------------------    -------------------





Min Delay Paths
--------------------------------------------------------------------------------------
Slack:                    inf
  Source:                 datapath/Audio_Codec/audiocodec_master_clock/inst/mmcm_adv_inst/CLKFBOUT
                            (clock source 'clkfbout_clk_wiz_1'  {rise@0.000ns fall@5.000ns period=10.000ns})
  Destination:            datapath/Audio_Codec/audiocodec_master_clock/inst/mmcm_adv_inst/CLKFBIN
  Path Group:             (none)
  Path Type:              Min at Fast Process Corner
  Data Path Delay:        1.180ns  (logic 0.026ns (2.202%)  route 1.155ns (97.798%))
  Logic Levels:           1  (BUFG=1)
  Clock Uncertainty:      0.148ns  ((TSJ^2 + DJ^2)^1/2) / 2 + PE
    Total System Jitter     (TSJ):    0.050ns
    Discrete Jitter          (DJ):    0.086ns
    Phase Error              (PE):    0.099ns

    Location             Delay type                Incr(ns)  Path(ns)    Netlist Resource(s)
  -------------------------------------------------------------------    -------------------
                         (clock clkfbout_clk_wiz_1 rise edge)
                                                      0.000     0.000 r  
    BUFGCTRL_X0Y2        BUFG                         0.000     0.000 r  clk_IBUF_BUFG_inst/O
                         net (fo=305, routed)         0.610     0.610    datapath/Audio_Codec/audiocodec_master_clock/inst/clk_in1
  -------------------------------------------------------------------    -------------------
    MMCME2_ADV_X0Y2      MMCME2_ADV (Prop_mmcme2_adv_CLKIN1_CLKFBOUT)
                                                     -1.180    -0.571 r  datapath/Audio_Codec/audiocodec_master_clock/inst/mmcm_adv_inst/CLKFBOUT
                         net (fo=1, routed)           0.545    -0.026    datapath/Audio_Codec/audiocodec_master_clock/inst/clkfbout_clk_wiz_1
    BUFGCTRL_X0Y5        BUFG (Prop_bufg_I_O)         0.026     0.000 r  datapath/Audio_Codec/audiocodec_master_clock/inst/clkf_buf/O
                         net (fo=1, routed)           0.610     0.610    datapath/Audio_Codec/audiocodec_master_clock/inst/clkfbout_buf_clk_wiz_1
    MMCME2_ADV_X0Y2      MMCME2_ADV                                   r  datapath/Audio_Codec/audiocodec_master_clock/inst/mmcm_adv_inst/CLKFBIN
  -------------------------------------------------------------------    -------------------





--------------------------------------------------------------------------------------
Path Group:  (none)
From Clock:  
  To Clock:  clk_out1_clk_wiz_0

Max Delay            43 Endpoints
Min Delay            43 Endpoints
--------------------------------------------------------------------------------------


Max Delay Paths
--------------------------------------------------------------------------------------
Slack:                    inf
  Source:                 datapath/triggerV_stepper/q_reg[1]/C
                            (rising edge-triggered cell FDRE)
  Destination:            datapath/video_inst/inst_dvid/TDMS_encoder_blue/dc_bias_reg[3]/D
                            (rising edge-triggered cell FDRE clocked by clk_out1_clk_wiz_0  {rise@0.000ns fall@20.000ns period=40.000ns})
  Path Group:             (none)
  Path Type:              Setup (Max at Slow Process Corner)
  Data Path Delay:        12.608ns  (logic 3.566ns (28.284%)  route 9.042ns (71.716%))
  Logic Levels:           14  (CARRY4=5 FDRE=1 LUT2=1 LUT3=1 LUT4=1 LUT6=5)
  Clock Uncertainty:      0.190ns  ((TSJ^2 + DJ^2)^1/2) / 2 + PE
    Total System Jitter     (TSJ):    0.050ns
    Discrete Jitter          (DJ):    0.175ns
    Phase Error              (PE):    0.099ns

    Location             Delay type                Incr(ns)  Path(ns)    Netlist Resource(s)
  -------------------------------------------------------------------    -------------------
    SLICE_X135Y121       FDRE                         0.000     0.000 r  datapath/triggerV_stepper/q_reg[1]/C
    SLICE_X135Y121       FDRE (Prop_fdre_C_Q)         0.456     0.456 r  datapath/triggerV_stepper/q_reg[1]/Q
                         net (fo=5, routed)           1.330     1.786    datapath/video_inst/Inst_vga/vga_signal_gen/is_trigger_volt1_carry_i_19_0[0]
    SLICE_X140Y120       LUT2 (Prop_lut2_I1_O)        0.124     1.910 r  datapath/video_inst/Inst_vga/vga_signal_gen/is_trigger_volt1_carry_i_28/O
                         net (fo=1, routed)           0.000     1.910    datapath/video_inst/Inst_vga/vga_signal_gen/is_trigger_volt1_carry_i_28_n_0
    SLICE_X140Y120       CARRY4 (Prop_carry4_S[1]_CO[3])
                                                      0.533     2.443 r  datapath/video_inst/Inst_vga/vga_signal_gen/is_trigger_volt1_carry_i_18/CO[3]
                         net (fo=1, routed)           0.000     2.443    datapath/video_inst/Inst_vga/vga_signal_gen/is_trigger_volt1_carry_i_18_n_0
    SLICE_X140Y121       CARRY4 (Prop_carry4_CI_O[0])
                                                      0.219     2.662 r  datapath/video_inst/Inst_vga/vga_signal_gen/is_trigger_volt1_carry_i_24/O[0]
                         net (fo=5, routed)           1.058     3.720    datapath/video_inst/Inst_vga/vga_signal_gen/is_trigger_volt1_carry_i_24_n_7
    SLICE_X142Y119       LUT6 (Prop_lut6_I0_O)        0.295     4.015 f  datapath/video_inst/Inst_vga/vga_signal_gen/is_trigger_volt1_carry__0_i_15/O
                         net (fo=4, routed)           1.277     5.292    datapath/video_inst/Inst_vga/vga_signal_gen/is_trigger_volt1_carry__0_i_15_n_0
    SLICE_X143Y122       LUT4 (Prop_lut4_I2_O)        0.152     5.444 r  datapath/video_inst/Inst_vga/vga_signal_gen/is_trigger_volt1_carry__0_i_12/O
                         net (fo=12, routed)          0.468     5.912    datapath/video_inst/Inst_vga/vga_signal_gen/is_trigger_volt1_carry__0_i_12_n_0
    SLICE_X143Y122       LUT6 (Prop_lut6_I2_O)        0.326     6.238 r  datapath/video_inst/Inst_vga/vga_signal_gen/is_trigger_volt1_carry__0_i_7/O
                         net (fo=11, routed)          0.680     6.918    datapath/video_inst/Inst_vga/color_map/is_trigger_volt1_carry__1_0[1]
    SLICE_X141Y120       CARRY4 (Prop_carry4_DI[1]_CO[3])
                                                      0.507     7.425 r  datapath/video_inst/Inst_vga/color_map/is_trigger_volt1_carry__0/CO[3]
                         net (fo=1, routed)           0.000     7.425    datapath/video_inst/Inst_vga/color_map/is_trigger_volt1_carry__0_n_0
    SLICE_X141Y121       CARRY4 (Prop_carry4_CI_CO[3])
                                                      0.114     7.539 r  datapath/video_inst/Inst_vga/color_map/is_trigger_volt1_carry__1/CO[3]
                         net (fo=1, routed)           0.000     7.539    datapath/video_inst/Inst_vga/color_map/is_trigger_volt1_carry__1_n_0
    SLICE_X141Y122       CARRY4 (Prop_carry4_CI_CO[3])
                                                      0.114     7.653 f  datapath/video_inst/Inst_vga/color_map/is_trigger_volt1_carry__2/CO[3]
                         net (fo=1, routed)           0.733     8.386    datapath/video_inst/Inst_vga/vga_signal_gen/dc_bias[3]_i_5__0_0[0]
    SLICE_X143Y123       LUT6 (Prop_lut6_I2_O)        0.124     8.510 r  datapath/video_inst/Inst_vga/vga_signal_gen/dc_bias[3]_i_15__0/O
                         net (fo=1, routed)           1.104     9.613    datapath/video_inst/Inst_vga/vga_signal_gen/dc_bias[3]_i_15__0_n_0
    SLICE_X149Y123       LUT6 (Prop_lut6_I0_O)        0.124     9.737 f  datapath/video_inst/Inst_vga/vga_signal_gen/dc_bias[3]_i_5__0/O
                         net (fo=11, routed)          1.484    11.221    datapath/video_inst/Inst_vga/vga_signal_gen/position_reg[row][9]_1
    SLICE_X152Y127       LUT3 (Prop_lut3_I1_O)        0.150    11.371 f  datapath/video_inst/Inst_vga/vga_signal_gen/dc_bias[3]_i_3__0/O
                         net (fo=8, routed)           0.908    12.280    datapath/video_inst/inst_dvid/TDMS_encoder_blue/dc_bias_reg[3]_0
    SLICE_X152Y126       LUT6 (Prop_lut6_I2_O)        0.328    12.608 r  datapath/video_inst/inst_dvid/TDMS_encoder_blue/dc_bias[3]_i_1__0/O
                         net (fo=1, routed)           0.000    12.608    datapath/video_inst/inst_dvid/TDMS_encoder_blue/dc_bias[3]_i_1__0_n_0
    SLICE_X152Y126       FDRE                                         r  datapath/video_inst/inst_dvid/TDMS_encoder_blue/dc_bias_reg[3]/D
  -------------------------------------------------------------------    -------------------

                         (clock clk_out1_clk_wiz_0 rise edge)
                                                      0.000     0.000 r  
    BUFGCTRL_X0Y2        BUFG                         0.000     0.000 r  clk_IBUF_BUFG_inst/O
                         net (fo=305, routed)         1.972     1.972    datapath/video_inst/mmcm_adv_inst_display_clocks/inst/clk_in1
    MMCME2_ADV_X1Y0      MMCME2_ADV (Prop_mmcme2_adv_CLKIN1_CLKOUT0)
                                                     -4.637    -2.665 r  datapath/video_inst/mmcm_adv_inst_display_clocks/inst/mmcm_adv_inst/CLKOUT0
                         net (fo=1, routed)           2.574    -0.091    datapath/video_inst/mmcm_adv_inst_display_clocks/inst/clk_out1_clk_wiz_0
    BUFGCTRL_X0Y4        BUFG (Prop_bufg_I_O)         0.091     0.000 r  datapath/video_inst/mmcm_adv_inst_display_clocks/inst/clkout1_buf/O
                         net (fo=87, routed)          1.621     1.621    datapath/video_inst/inst_dvid/TDMS_encoder_blue/CLK
    SLICE_X152Y126       FDRE                                         r  datapath/video_inst/inst_dvid/TDMS_encoder_blue/dc_bias_reg[3]/C

Slack:                    inf
  Source:                 datapath/triggerV_stepper/q_reg[1]/C
                            (rising edge-triggered cell FDRE)
  Destination:            datapath/video_inst/inst_dvid/TDMS_encoder_blue/dc_bias_reg[0]/D
                            (rising edge-triggered cell FDRE clocked by clk_out1_clk_wiz_0  {rise@0.000ns fall@20.000ns period=40.000ns})
  Path Group:             (none)
  Path Type:              Setup (Max at Slow Process Corner)
  Data Path Delay:        12.597ns  (logic 3.566ns (28.307%)  route 9.031ns (71.693%))
  Logic Levels:           14  (CARRY4=5 FDRE=1 LUT2=1 LUT3=1 LUT4=1 LUT6=5)
  Clock Uncertainty:      0.190ns  ((TSJ^2 + DJ^2)^1/2) / 2 + PE
    Total System Jitter     (TSJ):    0.050ns
    Discrete Jitter          (DJ):    0.175ns
    Phase Error              (PE):    0.099ns

    Location             Delay type                Incr(ns)  Path(ns)    Netlist Resource(s)
  -------------------------------------------------------------------    -------------------
    SLICE_X135Y121       FDRE                         0.000     0.000 r  datapath/triggerV_stepper/q_reg[1]/C
    SLICE_X135Y121       FDRE (Prop_fdre_C_Q)         0.456     0.456 r  datapath/triggerV_stepper/q_reg[1]/Q
                         net (fo=5, routed)           1.330     1.786    datapath/video_inst/Inst_vga/vga_signal_gen/is_trigger_volt1_carry_i_19_0[0]
    SLICE_X140Y120       LUT2 (Prop_lut2_I1_O)        0.124     1.910 r  datapath/video_inst/Inst_vga/vga_signal_gen/is_trigger_volt1_carry_i_28/O
                         net (fo=1, routed)           0.000     1.910    datapath/video_inst/Inst_vga/vga_signal_gen/is_trigger_volt1_carry_i_28_n_0
    SLICE_X140Y120       CARRY4 (Prop_carry4_S[1]_CO[3])
                                                      0.533     2.443 r  datapath/video_inst/Inst_vga/vga_signal_gen/is_trigger_volt1_carry_i_18/CO[3]
                         net (fo=1, routed)           0.000     2.443    datapath/video_inst/Inst_vga/vga_signal_gen/is_trigger_volt1_carry_i_18_n_0
    SLICE_X140Y121       CARRY4 (Prop_carry4_CI_O[0])
                                                      0.219     2.662 r  datapath/video_inst/Inst_vga/vga_signal_gen/is_trigger_volt1_carry_i_24/O[0]
                         net (fo=5, routed)           1.058     3.720    datapath/video_inst/Inst_vga/vga_signal_gen/is_trigger_volt1_carry_i_24_n_7
    SLICE_X142Y119       LUT6 (Prop_lut6_I0_O)        0.295     4.015 f  datapath/video_inst/Inst_vga/vga_signal_gen/is_trigger_volt1_carry__0_i_15/O
                         net (fo=4, routed)           1.277     5.292    datapath/video_inst/Inst_vga/vga_signal_gen/is_trigger_volt1_carry__0_i_15_n_0
    SLICE_X143Y122       LUT4 (Prop_lut4_I2_O)        0.152     5.444 r  datapath/video_inst/Inst_vga/vga_signal_gen/is_trigger_volt1_carry__0_i_12/O
                         net (fo=12, routed)          0.468     5.912    datapath/video_inst/Inst_vga/vga_signal_gen/is_trigger_volt1_carry__0_i_12_n_0
    SLICE_X143Y122       LUT6 (Prop_lut6_I2_O)        0.326     6.238 r  datapath/video_inst/Inst_vga/vga_signal_gen/is_trigger_volt1_carry__0_i_7/O
                         net (fo=11, routed)          0.680     6.918    datapath/video_inst/Inst_vga/color_map/is_trigger_volt1_carry__1_0[1]
    SLICE_X141Y120       CARRY4 (Prop_carry4_DI[1]_CO[3])
                                                      0.507     7.425 r  datapath/video_inst/Inst_vga/color_map/is_trigger_volt1_carry__0/CO[3]
                         net (fo=1, routed)           0.000     7.425    datapath/video_inst/Inst_vga/color_map/is_trigger_volt1_carry__0_n_0
    SLICE_X141Y121       CARRY4 (Prop_carry4_CI_CO[3])
                                                      0.114     7.539 r  datapath/video_inst/Inst_vga/color_map/is_trigger_volt1_carry__1/CO[3]
                         net (fo=1, routed)           0.000     7.539    datapath/video_inst/Inst_vga/color_map/is_trigger_volt1_carry__1_n_0
    SLICE_X141Y122       CARRY4 (Prop_carry4_CI_CO[3])
                                                      0.114     7.653 r  datapath/video_inst/Inst_vga/color_map/is_trigger_volt1_carry__2/CO[3]
                         net (fo=1, routed)           0.733     8.386    datapath/video_inst/Inst_vga/vga_signal_gen/dc_bias[3]_i_5__0_0[0]
    SLICE_X143Y123       LUT6 (Prop_lut6_I2_O)        0.124     8.510 f  datapath/video_inst/Inst_vga/vga_signal_gen/dc_bias[3]_i_15__0/O
                         net (fo=1, routed)           1.104     9.613    datapath/video_inst/Inst_vga/vga_signal_gen/dc_bias[3]_i_15__0_n_0
    SLICE_X149Y123       LUT6 (Prop_lut6_I0_O)        0.124     9.737 r  datapath/video_inst/Inst_vga/vga_signal_gen/dc_bias[3]_i_5__0/O
                         net (fo=11, routed)          1.484    11.221    datapath/video_inst/Inst_vga/vga_signal_gen/position_reg[row][9]_1
    SLICE_X152Y127       LUT3 (Prop_lut3_I1_O)        0.150    11.371 r  datapath/video_inst/Inst_vga/vga_signal_gen/dc_bias[3]_i_3__0/O
                         net (fo=8, routed)           0.898    12.269    datapath/video_inst/inst_dvid/TDMS_encoder_blue/dc_bias_reg[3]_0
    SLICE_X153Y127       LUT6 (Prop_lut6_I0_O)        0.328    12.597 r  datapath/video_inst/inst_dvid/TDMS_encoder_blue/dc_bias[0]_i_1/O
                         net (fo=1, routed)           0.000    12.597    datapath/video_inst/inst_dvid/TDMS_encoder_blue/dc_bias[0]_i_1_n_0
    SLICE_X153Y127       FDRE                                         r  datapath/video_inst/inst_dvid/TDMS_encoder_blue/dc_bias_reg[0]/D
  -------------------------------------------------------------------    -------------------

                         (clock clk_out1_clk_wiz_0 rise edge)
                                                      0.000     0.000 r  
    BUFGCTRL_X0Y2        BUFG                         0.000     0.000 r  clk_IBUF_BUFG_inst/O
                         net (fo=305, routed)         1.972     1.972    datapath/video_inst/mmcm_adv_inst_display_clocks/inst/clk_in1
    MMCME2_ADV_X1Y0      MMCME2_ADV (Prop_mmcme2_adv_CLKIN1_CLKOUT0)
                                                     -4.637    -2.665 r  datapath/video_inst/mmcm_adv_inst_display_clocks/inst/mmcm_adv_inst/CLKOUT0
                         net (fo=1, routed)           2.574    -0.091    datapath/video_inst/mmcm_adv_inst_display_clocks/inst/clk_out1_clk_wiz_0
    BUFGCTRL_X0Y4        BUFG (Prop_bufg_I_O)         0.091     0.000 r  datapath/video_inst/mmcm_adv_inst_display_clocks/inst/clkout1_buf/O
                         net (fo=87, routed)          1.622     1.622    datapath/video_inst/inst_dvid/TDMS_encoder_blue/CLK
    SLICE_X153Y127       FDRE                                         r  datapath/video_inst/inst_dvid/TDMS_encoder_blue/dc_bias_reg[0]/C

Slack:                    inf
  Source:                 datapath/triggerV_stepper/q_reg[1]/C
                            (rising edge-triggered cell FDRE)
  Destination:            datapath/video_inst/inst_dvid/TDMS_encoder_blue/dc_bias_reg[2]/D
                            (rising edge-triggered cell FDRE clocked by clk_out1_clk_wiz_0  {rise@0.000ns fall@20.000ns period=40.000ns})
  Path Group:             (none)
  Path Type:              Setup (Max at Slow Process Corner)
  Data Path Delay:        12.595ns  (logic 3.566ns (28.312%)  route 9.029ns (71.688%))
  Logic Levels:           14  (CARRY4=5 FDRE=1 LUT2=1 LUT3=1 LUT4=1 LUT6=5)
  Clock Uncertainty:      0.190ns  ((TSJ^2 + DJ^2)^1/2) / 2 + PE
    Total System Jitter     (TSJ):    0.050ns
    Discrete Jitter          (DJ):    0.175ns
    Phase Error              (PE):    0.099ns

    Location             Delay type                Incr(ns)  Path(ns)    Netlist Resource(s)
  -------------------------------------------------------------------    -------------------
    SLICE_X135Y121       FDRE                         0.000     0.000 r  datapath/triggerV_stepper/q_reg[1]/C
    SLICE_X135Y121       FDRE (Prop_fdre_C_Q)         0.456     0.456 r  datapath/triggerV_stepper/q_reg[1]/Q
                         net (fo=5, routed)           1.330     1.786    datapath/video_inst/Inst_vga/vga_signal_gen/is_trigger_volt1_carry_i_19_0[0]
    SLICE_X140Y120       LUT2 (Prop_lut2_I1_O)        0.124     1.910 r  datapath/video_inst/Inst_vga/vga_signal_gen/is_trigger_volt1_carry_i_28/O
                         net (fo=1, routed)           0.000     1.910    datapath/video_inst/Inst_vga/vga_signal_gen/is_trigger_volt1_carry_i_28_n_0
    SLICE_X140Y120       CARRY4 (Prop_carry4_S[1]_CO[3])
                                                      0.533     2.443 r  datapath/video_inst/Inst_vga/vga_signal_gen/is_trigger_volt1_carry_i_18/CO[3]
                         net (fo=1, routed)           0.000     2.443    datapath/video_inst/Inst_vga/vga_signal_gen/is_trigger_volt1_carry_i_18_n_0
    SLICE_X140Y121       CARRY4 (Prop_carry4_CI_O[0])
                                                      0.219     2.662 r  datapath/video_inst/Inst_vga/vga_signal_gen/is_trigger_volt1_carry_i_24/O[0]
                         net (fo=5, routed)           1.058     3.720    datapath/video_inst/Inst_vga/vga_signal_gen/is_trigger_volt1_carry_i_24_n_7
    SLICE_X142Y119       LUT6 (Prop_lut6_I0_O)        0.295     4.015 f  datapath/video_inst/Inst_vga/vga_signal_gen/is_trigger_volt1_carry__0_i_15/O
                         net (fo=4, routed)           1.277     5.292    datapath/video_inst/Inst_vga/vga_signal_gen/is_trigger_volt1_carry__0_i_15_n_0
    SLICE_X143Y122       LUT4 (Prop_lut4_I2_O)        0.152     5.444 r  datapath/video_inst/Inst_vga/vga_signal_gen/is_trigger_volt1_carry__0_i_12/O
                         net (fo=12, routed)          0.468     5.912    datapath/video_inst/Inst_vga/vga_signal_gen/is_trigger_volt1_carry__0_i_12_n_0
    SLICE_X143Y122       LUT6 (Prop_lut6_I2_O)        0.326     6.238 r  datapath/video_inst/Inst_vga/vga_signal_gen/is_trigger_volt1_carry__0_i_7/O
                         net (fo=11, routed)          0.680     6.918    datapath/video_inst/Inst_vga/color_map/is_trigger_volt1_carry__1_0[1]
    SLICE_X141Y120       CARRY4 (Prop_carry4_DI[1]_CO[3])
                                                      0.507     7.425 r  datapath/video_inst/Inst_vga/color_map/is_trigger_volt1_carry__0/CO[3]
                         net (fo=1, routed)           0.000     7.425    datapath/video_inst/Inst_vga/color_map/is_trigger_volt1_carry__0_n_0
    SLICE_X141Y121       CARRY4 (Prop_carry4_CI_CO[3])
                                                      0.114     7.539 r  datapath/video_inst/Inst_vga/color_map/is_trigger_volt1_carry__1/CO[3]
                         net (fo=1, routed)           0.000     7.539    datapath/video_inst/Inst_vga/color_map/is_trigger_volt1_carry__1_n_0
    SLICE_X141Y122       CARRY4 (Prop_carry4_CI_CO[3])
                                                      0.114     7.653 r  datapath/video_inst/Inst_vga/color_map/is_trigger_volt1_carry__2/CO[3]
                         net (fo=1, routed)           0.733     8.386    datapath/video_inst/Inst_vga/vga_signal_gen/dc_bias[3]_i_5__0_0[0]
    SLICE_X143Y123       LUT6 (Prop_lut6_I2_O)        0.124     8.510 f  datapath/video_inst/Inst_vga/vga_signal_gen/dc_bias[3]_i_15__0/O
                         net (fo=1, routed)           1.104     9.613    datapath/video_inst/Inst_vga/vga_signal_gen/dc_bias[3]_i_15__0_n_0
    SLICE_X149Y123       LUT6 (Prop_lut6_I0_O)        0.124     9.737 r  datapath/video_inst/Inst_vga/vga_signal_gen/dc_bias[3]_i_5__0/O
                         net (fo=11, routed)          1.484    11.221    datapath/video_inst/Inst_vga/vga_signal_gen/position_reg[row][9]_1
    SLICE_X152Y127       LUT3 (Prop_lut3_I1_O)        0.150    11.371 r  datapath/video_inst/Inst_vga/vga_signal_gen/dc_bias[3]_i_3__0/O
                         net (fo=8, routed)           0.896    12.267    datapath/video_inst/inst_dvid/TDMS_encoder_blue/dc_bias_reg[3]_0
    SLICE_X153Y127       LUT6 (Prop_lut6_I1_O)        0.328    12.595 r  datapath/video_inst/inst_dvid/TDMS_encoder_blue/dc_bias[2]_i_1/O
                         net (fo=1, routed)           0.000    12.595    datapath/video_inst/inst_dvid/TDMS_encoder_blue/dc_bias[2]_i_1_n_0
    SLICE_X153Y127       FDRE                                         r  datapath/video_inst/inst_dvid/TDMS_encoder_blue/dc_bias_reg[2]/D
  -------------------------------------------------------------------    -------------------

                         (clock clk_out1_clk_wiz_0 rise edge)
                                                      0.000     0.000 r  
    BUFGCTRL_X0Y2        BUFG                         0.000     0.000 r  clk_IBUF_BUFG_inst/O
                         net (fo=305, routed)         1.972     1.972    datapath/video_inst/mmcm_adv_inst_display_clocks/inst/clk_in1
    MMCME2_ADV_X1Y0      MMCME2_ADV (Prop_mmcme2_adv_CLKIN1_CLKOUT0)
                                                     -4.637    -2.665 r  datapath/video_inst/mmcm_adv_inst_display_clocks/inst/mmcm_adv_inst/CLKOUT0
                         net (fo=1, routed)           2.574    -0.091    datapath/video_inst/mmcm_adv_inst_display_clocks/inst/clk_out1_clk_wiz_0
    BUFGCTRL_X0Y4        BUFG (Prop_bufg_I_O)         0.091     0.000 r  datapath/video_inst/mmcm_adv_inst_display_clocks/inst/clkout1_buf/O
                         net (fo=87, routed)          1.622     1.622    datapath/video_inst/inst_dvid/TDMS_encoder_blue/CLK
    SLICE_X153Y127       FDRE                                         r  datapath/video_inst/inst_dvid/TDMS_encoder_blue/dc_bias_reg[2]/C

Slack:                    inf
  Source:                 datapath/triggerV_stepper/q_reg[1]/C
                            (rising edge-triggered cell FDRE)
  Destination:            datapath/video_inst/inst_dvid/TDMS_encoder_green/encoded_reg[9]/D
                            (rising edge-triggered cell FDRE clocked by clk_out1_clk_wiz_0  {rise@0.000ns fall@20.000ns period=40.000ns})
  Path Group:             (none)
  Path Type:              Setup (Max at Slow Process Corner)
  Data Path Delay:        12.581ns  (logic 3.614ns (28.726%)  route 8.967ns (71.274%))
  Logic Levels:           14  (CARRY4=5 FDRE=1 LUT2=1 LUT4=2 LUT5=1 LUT6=4)
  Clock Uncertainty:      0.190ns  ((TSJ^2 + DJ^2)^1/2) / 2 + PE
    Total System Jitter     (TSJ):    0.050ns
    Discrete Jitter          (DJ):    0.175ns
    Phase Error              (PE):    0.099ns

    Location             Delay type                Incr(ns)  Path(ns)    Netlist Resource(s)
  -------------------------------------------------------------------    -------------------
    SLICE_X135Y121       FDRE                         0.000     0.000 r  datapath/triggerV_stepper/q_reg[1]/C
    SLICE_X135Y121       FDRE (Prop_fdre_C_Q)         0.456     0.456 r  datapath/triggerV_stepper/q_reg[1]/Q
                         net (fo=5, routed)           1.330     1.786    datapath/video_inst/Inst_vga/vga_signal_gen/is_trigger_volt1_carry_i_19_0[0]
    SLICE_X140Y120       LUT2 (Prop_lut2_I1_O)        0.124     1.910 r  datapath/video_inst/Inst_vga/vga_signal_gen/is_trigger_volt1_carry_i_28/O
                         net (fo=1, routed)           0.000     1.910    datapath/video_inst/Inst_vga/vga_signal_gen/is_trigger_volt1_carry_i_28_n_0
    SLICE_X140Y120       CARRY4 (Prop_carry4_S[1]_CO[3])
                                                      0.533     2.443 r  datapath/video_inst/Inst_vga/vga_signal_gen/is_trigger_volt1_carry_i_18/CO[3]
                         net (fo=1, routed)           0.000     2.443    datapath/video_inst/Inst_vga/vga_signal_gen/is_trigger_volt1_carry_i_18_n_0
    SLICE_X140Y121       CARRY4 (Prop_carry4_CI_O[0])
                                                      0.219     2.662 r  datapath/video_inst/Inst_vga/vga_signal_gen/is_trigger_volt1_carry_i_24/O[0]
                         net (fo=5, routed)           1.058     3.720    datapath/video_inst/Inst_vga/vga_signal_gen/is_trigger_volt1_carry_i_24_n_7
    SLICE_X142Y119       LUT6 (Prop_lut6_I0_O)        0.295     4.015 f  datapath/video_inst/Inst_vga/vga_signal_gen/is_trigger_volt1_carry__0_i_15/O
                         net (fo=4, routed)           1.277     5.292    datapath/video_inst/Inst_vga/vga_signal_gen/is_trigger_volt1_carry__0_i_15_n_0
    SLICE_X143Y122       LUT4 (Prop_lut4_I2_O)        0.152     5.444 r  datapath/video_inst/Inst_vga/vga_signal_gen/is_trigger_volt1_carry__0_i_12/O
                         net (fo=12, routed)          0.468     5.912    datapath/video_inst/Inst_vga/vga_signal_gen/is_trigger_volt1_carry__0_i_12_n_0
    SLICE_X143Y122       LUT6 (Prop_lut6_I2_O)        0.326     6.238 r  datapath/video_inst/Inst_vga/vga_signal_gen/is_trigger_volt1_carry__0_i_7/O
                         net (fo=11, routed)          0.680     6.918    datapath/video_inst/Inst_vga/color_map/is_trigger_volt1_carry__1_0[1]
    SLICE_X141Y120       CARRY4 (Prop_carry4_DI[1]_CO[3])
                                                      0.507     7.425 r  datapath/video_inst/Inst_vga/color_map/is_trigger_volt1_carry__0/CO[3]
                         net (fo=1, routed)           0.000     7.425    datapath/video_inst/Inst_vga/color_map/is_trigger_volt1_carry__0_n_0
    SLICE_X141Y121       CARRY4 (Prop_carry4_CI_CO[3])
                                                      0.114     7.539 r  datapath/video_inst/Inst_vga/color_map/is_trigger_volt1_carry__1/CO[3]
                         net (fo=1, routed)           0.000     7.539    datapath/video_inst/Inst_vga/color_map/is_trigger_volt1_carry__1_n_0
    SLICE_X141Y122       CARRY4 (Prop_carry4_CI_CO[3])
                                                      0.114     7.653 r  datapath/video_inst/Inst_vga/color_map/is_trigger_volt1_carry__2/CO[3]
                         net (fo=1, routed)           0.733     8.386    datapath/video_inst/Inst_vga/vga_signal_gen/dc_bias[3]_i_5__0_0[0]
    SLICE_X143Y123       LUT6 (Prop_lut6_I2_O)        0.124     8.510 f  datapath/video_inst/Inst_vga/vga_signal_gen/dc_bias[3]_i_15__0/O
                         net (fo=1, routed)           1.104     9.613    datapath/video_inst/Inst_vga/vga_signal_gen/dc_bias[3]_i_15__0_n_0
    SLICE_X149Y123       LUT6 (Prop_lut6_I0_O)        0.124     9.737 r  datapath/video_inst/Inst_vga/vga_signal_gen/dc_bias[3]_i_5__0/O
                         net (fo=11, routed)          1.474    11.211    datapath/video_inst/Inst_vga/vga_signal_gen/position_reg[row][9]_1
    SLICE_X152Y127       LUT5 (Prop_lut5_I2_O)        0.152    11.363 r  datapath/video_inst/Inst_vga/vga_signal_gen/dc_bias[3]_i_5__1/O
                         net (fo=4, routed)           0.844    12.207    datapath/video_inst/Inst_vga/vga_signal_gen/dc_bias_reg[3]
    SLICE_X152Y129       LUT4 (Prop_lut4_I0_O)        0.374    12.581 r  datapath/video_inst/Inst_vga/vga_signal_gen/TDMS_encoder_green/encoded[9]_i_1/O
                         net (fo=1, routed)           0.000    12.581    datapath/video_inst/inst_dvid/TDMS_encoder_green/encoded_reg[9]_0
    SLICE_X152Y129       FDRE                                         r  datapath/video_inst/inst_dvid/TDMS_encoder_green/encoded_reg[9]/D
  -------------------------------------------------------------------    -------------------

                         (clock clk_out1_clk_wiz_0 rise edge)
                                                      0.000     0.000 r  
    BUFGCTRL_X0Y2        BUFG                         0.000     0.000 r  clk_IBUF_BUFG_inst/O
                         net (fo=305, routed)         1.972     1.972    datapath/video_inst/mmcm_adv_inst_display_clocks/inst/clk_in1
    MMCME2_ADV_X1Y0      MMCME2_ADV (Prop_mmcme2_adv_CLKIN1_CLKOUT0)
                                                     -4.637    -2.665 r  datapath/video_inst/mmcm_adv_inst_display_clocks/inst/mmcm_adv_inst/CLKOUT0
                         net (fo=1, routed)           2.574    -0.091    datapath/video_inst/mmcm_adv_inst_display_clocks/inst/clk_out1_clk_wiz_0
    BUFGCTRL_X0Y4        BUFG (Prop_bufg_I_O)         0.091     0.000 r  datapath/video_inst/mmcm_adv_inst_display_clocks/inst/clkout1_buf/O
                         net (fo=87, routed)          1.625     1.625    datapath/video_inst/inst_dvid/TDMS_encoder_green/CLK
    SLICE_X152Y129       FDRE                                         r  datapath/video_inst/inst_dvid/TDMS_encoder_green/encoded_reg[9]/C

Slack:                    inf
  Source:                 datapath/triggerV_stepper/q_reg[1]/C
                            (rising edge-triggered cell FDRE)
  Destination:            datapath/video_inst/inst_dvid/TDMS_encoder_red/encoded_reg[8]/D
                            (rising edge-triggered cell FDRE clocked by clk_out1_clk_wiz_0  {rise@0.000ns fall@20.000ns period=40.000ns})
  Path Group:             (none)
  Path Type:              Setup (Max at Slow Process Corner)
  Data Path Delay:        12.507ns  (logic 3.336ns (26.674%)  route 9.171ns (73.326%))
  Logic Levels:           14  (CARRY4=5 FDRE=1 LUT2=2 LUT4=2 LUT6=4)
  Clock Uncertainty:      0.190ns  ((TSJ^2 + DJ^2)^1/2) / 2 + PE
    Total System Jitter     (TSJ):    0.050ns
    Discrete Jitter          (DJ):    0.175ns
    Phase Error              (PE):    0.099ns

    Location             Delay type                Incr(ns)  Path(ns)    Netlist Resource(s)
  -------------------------------------------------------------------    -------------------
    SLICE_X135Y121       FDRE                         0.000     0.000 r  datapath/triggerV_stepper/q_reg[1]/C
    SLICE_X135Y121       FDRE (Prop_fdre_C_Q)         0.456     0.456 r  datapath/triggerV_stepper/q_reg[1]/Q
                         net (fo=5, routed)           1.330     1.786    datapath/video_inst/Inst_vga/vga_signal_gen/is_trigger_volt1_carry_i_19_0[0]
    SLICE_X140Y120       LUT2 (Prop_lut2_I1_O)        0.124     1.910 r  datapath/video_inst/Inst_vga/vga_signal_gen/is_trigger_volt1_carry_i_28/O
                         net (fo=1, routed)           0.000     1.910    datapath/video_inst/Inst_vga/vga_signal_gen/is_trigger_volt1_carry_i_28_n_0
    SLICE_X140Y120       CARRY4 (Prop_carry4_S[1]_CO[3])
                                                      0.533     2.443 r  datapath/video_inst/Inst_vga/vga_signal_gen/is_trigger_volt1_carry_i_18/CO[3]
                         net (fo=1, routed)           0.000     2.443    datapath/video_inst/Inst_vga/vga_signal_gen/is_trigger_volt1_carry_i_18_n_0
    SLICE_X140Y121       CARRY4 (Prop_carry4_CI_O[0])
                                                      0.219     2.662 r  datapath/video_inst/Inst_vga/vga_signal_gen/is_trigger_volt1_carry_i_24/O[0]
                         net (fo=5, routed)           1.058     3.720    datapath/video_inst/Inst_vga/vga_signal_gen/is_trigger_volt1_carry_i_24_n_7
    SLICE_X142Y119       LUT6 (Prop_lut6_I0_O)        0.295     4.015 f  datapath/video_inst/Inst_vga/vga_signal_gen/is_trigger_volt1_carry__0_i_15/O
                         net (fo=4, routed)           1.277     5.292    datapath/video_inst/Inst_vga/vga_signal_gen/is_trigger_volt1_carry__0_i_15_n_0
    SLICE_X143Y122       LUT4 (Prop_lut4_I2_O)        0.152     5.444 r  datapath/video_inst/Inst_vga/vga_signal_gen/is_trigger_volt1_carry__0_i_12/O
                         net (fo=12, routed)          0.468     5.912    datapath/video_inst/Inst_vga/vga_signal_gen/is_trigger_volt1_carry__0_i_12_n_0
    SLICE_X143Y122       LUT6 (Prop_lut6_I2_O)        0.326     6.238 r  datapath/video_inst/Inst_vga/vga_signal_gen/is_trigger_volt1_carry__0_i_7/O
                         net (fo=11, routed)          0.680     6.918    datapath/video_inst/Inst_vga/color_map/is_trigger_volt1_carry__1_0[1]
    SLICE_X141Y120       CARRY4 (Prop_carry4_DI[1]_CO[3])
                                                      0.507     7.425 r  datapath/video_inst/Inst_vga/color_map/is_trigger_volt1_carry__0/CO[3]
                         net (fo=1, routed)           0.000     7.425    datapath/video_inst/Inst_vga/color_map/is_trigger_volt1_carry__0_n_0
    SLICE_X141Y121       CARRY4 (Prop_carry4_CI_CO[3])
                                                      0.114     7.539 r  datapath/video_inst/Inst_vga/color_map/is_trigger_volt1_carry__1/CO[3]
                         net (fo=1, routed)           0.000     7.539    datapath/video_inst/Inst_vga/color_map/is_trigger_volt1_carry__1_n_0
    SLICE_X141Y122       CARRY4 (Prop_carry4_CI_CO[3])
                                                      0.114     7.653 f  datapath/video_inst/Inst_vga/color_map/is_trigger_volt1_carry__2/CO[3]
                         net (fo=1, routed)           0.733     8.386    datapath/video_inst/Inst_vga/vga_signal_gen/dc_bias[3]_i_5__0_0[0]
    SLICE_X143Y123       LUT6 (Prop_lut6_I2_O)        0.124     8.510 r  datapath/video_inst/Inst_vga/vga_signal_gen/dc_bias[3]_i_15__0/O
                         net (fo=1, routed)           1.104     9.613    datapath/video_inst/Inst_vga/vga_signal_gen/dc_bias[3]_i_15__0_n_0
    SLICE_X149Y123       LUT6 (Prop_lut6_I0_O)        0.124     9.737 f  datapath/video_inst/Inst_vga/vga_signal_gen/dc_bias[3]_i_5__0/O
                         net (fo=11, routed)          1.474    11.211    datapath/video_inst/Inst_vga/vga_signal_gen/position_reg[row][9]_1
    SLICE_X152Y127       LUT4 (Prop_lut4_I2_O)        0.124    11.335 r  datapath/video_inst/Inst_vga/vga_signal_gen/dc_bias[3]_i_2/O
                         net (fo=12, routed)          1.047    12.383    datapath/video_inst/Inst_vga/vga_signal_gen/dc_bias[3]_i_6_0
    SLICE_X158Y132       LUT2 (Prop_lut2_I1_O)        0.124    12.507 r  datapath/video_inst/Inst_vga/vga_signal_gen/TDMS_encoder_red/encoded[8]_i_1/O
                         net (fo=1, routed)           0.000    12.507    datapath/video_inst/inst_dvid/TDMS_encoder_red/encoded_reg[8]_0
    SLICE_X158Y132       FDRE                                         r  datapath/video_inst/inst_dvid/TDMS_encoder_red/encoded_reg[8]/D
  -------------------------------------------------------------------    -------------------

                         (clock clk_out1_clk_wiz_0 rise edge)
                                                      0.000     0.000 r  
    BUFGCTRL_X0Y2        BUFG                         0.000     0.000 r  clk_IBUF_BUFG_inst/O
                         net (fo=305, routed)         1.972     1.972    datapath/video_inst/mmcm_adv_inst_display_clocks/inst/clk_in1
    MMCME2_ADV_X1Y0      MMCME2_ADV (Prop_mmcme2_adv_CLKIN1_CLKOUT0)
                                                     -4.637    -2.665 r  datapath/video_inst/mmcm_adv_inst_display_clocks/inst/mmcm_adv_inst/CLKOUT0
                         net (fo=1, routed)           2.574    -0.091    datapath/video_inst/mmcm_adv_inst_display_clocks/inst/clk_out1_clk_wiz_0
    BUFGCTRL_X0Y4        BUFG (Prop_bufg_I_O)         0.091     0.000 r  datapath/video_inst/mmcm_adv_inst_display_clocks/inst/clkout1_buf/O
                         net (fo=87, routed)          1.703     1.703    datapath/video_inst/inst_dvid/TDMS_encoder_red/CLK
    SLICE_X158Y132       FDRE                                         r  datapath/video_inst/inst_dvid/TDMS_encoder_red/encoded_reg[8]/C

Slack:                    inf
  Source:                 datapath/triggerV_stepper/q_reg[1]/C
                            (rising edge-triggered cell FDRE)
  Destination:            datapath/video_inst/inst_dvid/TDMS_encoder_blue/encoded_reg[2]/D
                            (rising edge-triggered cell FDRE clocked by clk_out1_clk_wiz_0  {rise@0.000ns fall@20.000ns period=40.000ns})
  Path Group:             (none)
  Path Type:              Setup (Max at Slow Process Corner)
  Data Path Delay:        12.501ns  (logic 3.566ns (28.525%)  route 8.935ns (71.475%))
  Logic Levels:           14  (CARRY4=5 FDRE=1 LUT2=1 LUT3=1 LUT4=1 LUT6=5)
  Clock Uncertainty:      0.190ns  ((TSJ^2 + DJ^2)^1/2) / 2 + PE
    Total System Jitter     (TSJ):    0.050ns
    Discrete Jitter          (DJ):    0.175ns
    Phase Error              (PE):    0.099ns

    Location             Delay type                Incr(ns)  Path(ns)    Netlist Resource(s)
  -------------------------------------------------------------------    -------------------
    SLICE_X135Y121       FDRE                         0.000     0.000 r  datapath/triggerV_stepper/q_reg[1]/C
    SLICE_X135Y121       FDRE (Prop_fdre_C_Q)         0.456     0.456 r  datapath/triggerV_stepper/q_reg[1]/Q
                         net (fo=5, routed)           1.330     1.786    datapath/video_inst/Inst_vga/vga_signal_gen/is_trigger_volt1_carry_i_19_0[0]
    SLICE_X140Y120       LUT2 (Prop_lut2_I1_O)        0.124     1.910 r  datapath/video_inst/Inst_vga/vga_signal_gen/is_trigger_volt1_carry_i_28/O
                         net (fo=1, routed)           0.000     1.910    datapath/video_inst/Inst_vga/vga_signal_gen/is_trigger_volt1_carry_i_28_n_0
    SLICE_X140Y120       CARRY4 (Prop_carry4_S[1]_CO[3])
                                                      0.533     2.443 r  datapath/video_inst/Inst_vga/vga_signal_gen/is_trigger_volt1_carry_i_18/CO[3]
                         net (fo=1, routed)           0.000     2.443    datapath/video_inst/Inst_vga/vga_signal_gen/is_trigger_volt1_carry_i_18_n_0
    SLICE_X140Y121       CARRY4 (Prop_carry4_CI_O[0])
                                                      0.219     2.662 r  datapath/video_inst/Inst_vga/vga_signal_gen/is_trigger_volt1_carry_i_24/O[0]
                         net (fo=5, routed)           1.058     3.720    datapath/video_inst/Inst_vga/vga_signal_gen/is_trigger_volt1_carry_i_24_n_7
    SLICE_X142Y119       LUT6 (Prop_lut6_I0_O)        0.295     4.015 f  datapath/video_inst/Inst_vga/vga_signal_gen/is_trigger_volt1_carry__0_i_15/O
                         net (fo=4, routed)           1.277     5.292    datapath/video_inst/Inst_vga/vga_signal_gen/is_trigger_volt1_carry__0_i_15_n_0
    SLICE_X143Y122       LUT4 (Prop_lut4_I2_O)        0.152     5.444 r  datapath/video_inst/Inst_vga/vga_signal_gen/is_trigger_volt1_carry__0_i_12/O
                         net (fo=12, routed)          0.468     5.912    datapath/video_inst/Inst_vga/vga_signal_gen/is_trigger_volt1_carry__0_i_12_n_0
    SLICE_X143Y122       LUT6 (Prop_lut6_I2_O)        0.326     6.238 r  datapath/video_inst/Inst_vga/vga_signal_gen/is_trigger_volt1_carry__0_i_7/O
                         net (fo=11, routed)          0.680     6.918    datapath/video_inst/Inst_vga/color_map/is_trigger_volt1_carry__1_0[1]
    SLICE_X141Y120       CARRY4 (Prop_carry4_DI[1]_CO[3])
                                                      0.507     7.425 r  datapath/video_inst/Inst_vga/color_map/is_trigger_volt1_carry__0/CO[3]
                         net (fo=1, routed)           0.000     7.425    datapath/video_inst/Inst_vga/color_map/is_trigger_volt1_carry__0_n_0
    SLICE_X141Y121       CARRY4 (Prop_carry4_CI_CO[3])
                                                      0.114     7.539 r  datapath/video_inst/Inst_vga/color_map/is_trigger_volt1_carry__1/CO[3]
                         net (fo=1, routed)           0.000     7.539    datapath/video_inst/Inst_vga/color_map/is_trigger_volt1_carry__1_n_0
    SLICE_X141Y122       CARRY4 (Prop_carry4_CI_CO[3])
                                                      0.114     7.653 r  datapath/video_inst/Inst_vga/color_map/is_trigger_volt1_carry__2/CO[3]
                         net (fo=1, routed)           0.733     8.386    datapath/video_inst/Inst_vga/vga_signal_gen/dc_bias[3]_i_5__0_0[0]
    SLICE_X143Y123       LUT6 (Prop_lut6_I2_O)        0.124     8.510 f  datapath/video_inst/Inst_vga/vga_signal_gen/dc_bias[3]_i_15__0/O
                         net (fo=1, routed)           1.104     9.613    datapath/video_inst/Inst_vga/vga_signal_gen/dc_bias[3]_i_15__0_n_0
    SLICE_X149Y123       LUT6 (Prop_lut6_I0_O)        0.124     9.737 r  datapath/video_inst/Inst_vga/vga_signal_gen/dc_bias[3]_i_5__0/O
                         net (fo=11, routed)          1.484    11.221    datapath/video_inst/Inst_vga/vga_signal_gen/position_reg[row][9]_1
    SLICE_X152Y127       LUT3 (Prop_lut3_I1_O)        0.150    11.371 r  datapath/video_inst/Inst_vga/vga_signal_gen/dc_bias[3]_i_3__0/O
                         net (fo=8, routed)           0.802    12.173    datapath/video_inst/Inst_vga/vga_signal_gen/dc_bias[3]_i_4__0_0
    SLICE_X152Y125       LUT6 (Prop_lut6_I3_O)        0.328    12.501 r  datapath/video_inst/Inst_vga/vga_signal_gen/encoded[2]_i_1/O
                         net (fo=1, routed)           0.000    12.501    datapath/video_inst/inst_dvid/TDMS_encoder_blue/encoded_reg[2]_0
    SLICE_X152Y125       FDRE                                         r  datapath/video_inst/inst_dvid/TDMS_encoder_blue/encoded_reg[2]/D
  -------------------------------------------------------------------    -------------------

                         (clock clk_out1_clk_wiz_0 rise edge)
                                                      0.000     0.000 r  
    BUFGCTRL_X0Y2        BUFG                         0.000     0.000 r  clk_IBUF_BUFG_inst/O
                         net (fo=305, routed)         1.972     1.972    datapath/video_inst/mmcm_adv_inst_display_clocks/inst/clk_in1
    MMCME2_ADV_X1Y0      MMCME2_ADV (Prop_mmcme2_adv_CLKIN1_CLKOUT0)
                                                     -4.637    -2.665 r  datapath/video_inst/mmcm_adv_inst_display_clocks/inst/mmcm_adv_inst/CLKOUT0
                         net (fo=1, routed)           2.574    -0.091    datapath/video_inst/mmcm_adv_inst_display_clocks/inst/clk_out1_clk_wiz_0
    BUFGCTRL_X0Y4        BUFG (Prop_bufg_I_O)         0.091     0.000 r  datapath/video_inst/mmcm_adv_inst_display_clocks/inst/clkout1_buf/O
                         net (fo=87, routed)          1.619     1.619    datapath/video_inst/inst_dvid/TDMS_encoder_blue/CLK
    SLICE_X152Y125       FDRE                                         r  datapath/video_inst/inst_dvid/TDMS_encoder_blue/encoded_reg[2]/C

Slack:                    inf
  Source:                 datapath/triggerV_stepper/q_reg[1]/C
                            (rising edge-triggered cell FDRE)
  Destination:            datapath/video_inst/inst_dvid/TDMS_encoder_red/encoded_reg[9]/D
                            (rising edge-triggered cell FDRE clocked by clk_out1_clk_wiz_0  {rise@0.000ns fall@20.000ns period=40.000ns})
  Path Group:             (none)
  Path Type:              Setup (Max at Slow Process Corner)
  Data Path Delay:        12.499ns  (logic 3.328ns (26.627%)  route 9.171ns (73.373%))
  Logic Levels:           14  (CARRY4=5 FDRE=1 LUT2=1 LUT3=1 LUT4=2 LUT6=4)
  Clock Uncertainty:      0.190ns  ((TSJ^2 + DJ^2)^1/2) / 2 + PE
    Total System Jitter     (TSJ):    0.050ns
    Discrete Jitter          (DJ):    0.175ns
    Phase Error              (PE):    0.099ns

    Location             Delay type                Incr(ns)  Path(ns)    Netlist Resource(s)
  -------------------------------------------------------------------    -------------------
    SLICE_X135Y121       FDRE                         0.000     0.000 r  datapath/triggerV_stepper/q_reg[1]/C
    SLICE_X135Y121       FDRE (Prop_fdre_C_Q)         0.456     0.456 r  datapath/triggerV_stepper/q_reg[1]/Q
                         net (fo=5, routed)           1.330     1.786    datapath/video_inst/Inst_vga/vga_signal_gen/is_trigger_volt1_carry_i_19_0[0]
    SLICE_X140Y120       LUT2 (Prop_lut2_I1_O)        0.124     1.910 r  datapath/video_inst/Inst_vga/vga_signal_gen/is_trigger_volt1_carry_i_28/O
                         net (fo=1, routed)           0.000     1.910    datapath/video_inst/Inst_vga/vga_signal_gen/is_trigger_volt1_carry_i_28_n_0
    SLICE_X140Y120       CARRY4 (Prop_carry4_S[1]_CO[3])
                                                      0.533     2.443 r  datapath/video_inst/Inst_vga/vga_signal_gen/is_trigger_volt1_carry_i_18/CO[3]
                         net (fo=1, routed)           0.000     2.443    datapath/video_inst/Inst_vga/vga_signal_gen/is_trigger_volt1_carry_i_18_n_0
    SLICE_X140Y121       CARRY4 (Prop_carry4_CI_O[0])
                                                      0.219     2.662 r  datapath/video_inst/Inst_vga/vga_signal_gen/is_trigger_volt1_carry_i_24/O[0]
                         net (fo=5, routed)           1.058     3.720    datapath/video_inst/Inst_vga/vga_signal_gen/is_trigger_volt1_carry_i_24_n_7
    SLICE_X142Y119       LUT6 (Prop_lut6_I0_O)        0.295     4.015 f  datapath/video_inst/Inst_vga/vga_signal_gen/is_trigger_volt1_carry__0_i_15/O
                         net (fo=4, routed)           1.277     5.292    datapath/video_inst/Inst_vga/vga_signal_gen/is_trigger_volt1_carry__0_i_15_n_0
    SLICE_X143Y122       LUT4 (Prop_lut4_I2_O)        0.152     5.444 r  datapath/video_inst/Inst_vga/vga_signal_gen/is_trigger_volt1_carry__0_i_12/O
                         net (fo=12, routed)          0.468     5.912    datapath/video_inst/Inst_vga/vga_signal_gen/is_trigger_volt1_carry__0_i_12_n_0
    SLICE_X143Y122       LUT6 (Prop_lut6_I2_O)        0.326     6.238 r  datapath/video_inst/Inst_vga/vga_signal_gen/is_trigger_volt1_carry__0_i_7/O
                         net (fo=11, routed)          0.680     6.918    datapath/video_inst/Inst_vga/color_map/is_trigger_volt1_carry__1_0[1]
    SLICE_X141Y120       CARRY4 (Prop_carry4_DI[1]_CO[3])
                                                      0.507     7.425 r  datapath/video_inst/Inst_vga/color_map/is_trigger_volt1_carry__0/CO[3]
                         net (fo=1, routed)           0.000     7.425    datapath/video_inst/Inst_vga/color_map/is_trigger_volt1_carry__0_n_0
    SLICE_X141Y121       CARRY4 (Prop_carry4_CI_CO[3])
                                                      0.114     7.539 r  datapath/video_inst/Inst_vga/color_map/is_trigger_volt1_carry__1/CO[3]
                         net (fo=1, routed)           0.000     7.539    datapath/video_inst/Inst_vga/color_map/is_trigger_volt1_carry__1_n_0
    SLICE_X141Y122       CARRY4 (Prop_carry4_CI_CO[3])
                                                      0.114     7.653 f  datapath/video_inst/Inst_vga/color_map/is_trigger_volt1_carry__2/CO[3]
                         net (fo=1, routed)           0.733     8.386    datapath/video_inst/Inst_vga/vga_signal_gen/dc_bias[3]_i_5__0_0[0]
    SLICE_X143Y123       LUT6 (Prop_lut6_I2_O)        0.124     8.510 r  datapath/video_inst/Inst_vga/vga_signal_gen/dc_bias[3]_i_15__0/O
                         net (fo=1, routed)           1.104     9.613    datapath/video_inst/Inst_vga/vga_signal_gen/dc_bias[3]_i_15__0_n_0
    SLICE_X149Y123       LUT6 (Prop_lut6_I0_O)        0.124     9.737 f  datapath/video_inst/Inst_vga/vga_signal_gen/dc_bias[3]_i_5__0/O
                         net (fo=11, routed)          1.474    11.211    datapath/video_inst/Inst_vga/vga_signal_gen/position_reg[row][9]_1
    SLICE_X152Y127       LUT4 (Prop_lut4_I2_O)        0.124    11.335 r  datapath/video_inst/Inst_vga/vga_signal_gen/dc_bias[3]_i_2/O
                         net (fo=12, routed)          1.047    12.383    datapath/video_inst/Inst_vga/vga_signal_gen/dc_bias[3]_i_6_0
    SLICE_X158Y132       LUT3 (Prop_lut3_I2_O)        0.116    12.499 r  datapath/video_inst/Inst_vga/vga_signal_gen/TDMS_encoder_red/encoded[9]_i_1/O
                         net (fo=1, routed)           0.000    12.499    datapath/video_inst/inst_dvid/TDMS_encoder_red/encoded_reg[9]_0
    SLICE_X158Y132       FDRE                                         r  datapath/video_inst/inst_dvid/TDMS_encoder_red/encoded_reg[9]/D
  -------------------------------------------------------------------    -------------------

                         (clock clk_out1_clk_wiz_0 rise edge)
                                                      0.000     0.000 r  
    BUFGCTRL_X0Y2        BUFG                         0.000     0.000 r  clk_IBUF_BUFG_inst/O
                         net (fo=305, routed)         1.972     1.972    datapath/video_inst/mmcm_adv_inst_display_clocks/inst/clk_in1
    MMCME2_ADV_X1Y0      MMCME2_ADV (Prop_mmcme2_adv_CLKIN1_CLKOUT0)
                                                     -4.637    -2.665 r  datapath/video_inst/mmcm_adv_inst_display_clocks/inst/mmcm_adv_inst/CLKOUT0
                         net (fo=1, routed)           2.574    -0.091    datapath/video_inst/mmcm_adv_inst_display_clocks/inst/clk_out1_clk_wiz_0
    BUFGCTRL_X0Y4        BUFG (Prop_bufg_I_O)         0.091     0.000 r  datapath/video_inst/mmcm_adv_inst_display_clocks/inst/clkout1_buf/O
                         net (fo=87, routed)          1.703     1.703    datapath/video_inst/inst_dvid/TDMS_encoder_red/CLK
    SLICE_X158Y132       FDRE                                         r  datapath/video_inst/inst_dvid/TDMS_encoder_red/encoded_reg[9]/C

Slack:                    inf
  Source:                 datapath/triggerV_stepper/q_reg[1]/C
                            (rising edge-triggered cell FDRE)
  Destination:            datapath/video_inst/inst_dvid/TDMS_encoder_green/dc_bias_reg[3]/D
                            (rising edge-triggered cell FDRE clocked by clk_out1_clk_wiz_0  {rise@0.000ns fall@20.000ns period=40.000ns})
  Path Group:             (none)
  Path Type:              Setup (Max at Slow Process Corner)
  Data Path Delay:        12.484ns  (logic 3.460ns (27.715%)  route 9.024ns (72.285%))
  Logic Levels:           15  (CARRY4=5 FDRE=1 LUT2=1 LUT4=1 LUT6=7)
  Clock Uncertainty:      0.190ns  ((TSJ^2 + DJ^2)^1/2) / 2 + PE
    Total System Jitter     (TSJ):    0.050ns
    Discrete Jitter          (DJ):    0.175ns
    Phase Error              (PE):    0.099ns

    Location             Delay type                Incr(ns)  Path(ns)    Netlist Resource(s)
  -------------------------------------------------------------------    -------------------
    SLICE_X135Y121       FDRE                         0.000     0.000 r  datapath/triggerV_stepper/q_reg[1]/C
    SLICE_X135Y121       FDRE (Prop_fdre_C_Q)         0.456     0.456 r  datapath/triggerV_stepper/q_reg[1]/Q
                         net (fo=5, routed)           1.330     1.786    datapath/video_inst/Inst_vga/vga_signal_gen/is_trigger_volt1_carry_i_19_0[0]
    SLICE_X140Y120       LUT2 (Prop_lut2_I1_O)        0.124     1.910 r  datapath/video_inst/Inst_vga/vga_signal_gen/is_trigger_volt1_carry_i_28/O
                         net (fo=1, routed)           0.000     1.910    datapath/video_inst/Inst_vga/vga_signal_gen/is_trigger_volt1_carry_i_28_n_0
    SLICE_X140Y120       CARRY4 (Prop_carry4_S[1]_CO[3])
                                                      0.533     2.443 r  datapath/video_inst/Inst_vga/vga_signal_gen/is_trigger_volt1_carry_i_18/CO[3]
                         net (fo=1, routed)           0.000     2.443    datapath/video_inst/Inst_vga/vga_signal_gen/is_trigger_volt1_carry_i_18_n_0
    SLICE_X140Y121       CARRY4 (Prop_carry4_CI_O[0])
                                                      0.219     2.662 r  datapath/video_inst/Inst_vga/vga_signal_gen/is_trigger_volt1_carry_i_24/O[0]
                         net (fo=5, routed)           1.058     3.720    datapath/video_inst/Inst_vga/vga_signal_gen/is_trigger_volt1_carry_i_24_n_7
    SLICE_X142Y119       LUT6 (Prop_lut6_I0_O)        0.295     4.015 f  datapath/video_inst/Inst_vga/vga_signal_gen/is_trigger_volt1_carry__0_i_15/O
                         net (fo=4, routed)           1.277     5.292    datapath/video_inst/Inst_vga/vga_signal_gen/is_trigger_volt1_carry__0_i_15_n_0
    SLICE_X143Y122       LUT4 (Prop_lut4_I2_O)        0.152     5.444 r  datapath/video_inst/Inst_vga/vga_signal_gen/is_trigger_volt1_carry__0_i_12/O
                         net (fo=12, routed)          0.468     5.912    datapath/video_inst/Inst_vga/vga_signal_gen/is_trigger_volt1_carry__0_i_12_n_0
    SLICE_X143Y122       LUT6 (Prop_lut6_I2_O)        0.326     6.238 r  datapath/video_inst/Inst_vga/vga_signal_gen/is_trigger_volt1_carry__0_i_7/O
                         net (fo=11, routed)          0.680     6.918    datapath/video_inst/Inst_vga/color_map/is_trigger_volt1_carry__1_0[1]
    SLICE_X141Y120       CARRY4 (Prop_carry4_DI[1]_CO[3])
                                                      0.507     7.425 r  datapath/video_inst/Inst_vga/color_map/is_trigger_volt1_carry__0/CO[3]
                         net (fo=1, routed)           0.000     7.425    datapath/video_inst/Inst_vga/color_map/is_trigger_volt1_carry__0_n_0
    SLICE_X141Y121       CARRY4 (Prop_carry4_CI_CO[3])
                                                      0.114     7.539 r  datapath/video_inst/Inst_vga/color_map/is_trigger_volt1_carry__1/CO[3]
                         net (fo=1, routed)           0.000     7.539    datapath/video_inst/Inst_vga/color_map/is_trigger_volt1_carry__1_n_0
    SLICE_X141Y122       CARRY4 (Prop_carry4_CI_CO[3])
                                                      0.114     7.653 f  datapath/video_inst/Inst_vga/color_map/is_trigger_volt1_carry__2/CO[3]
                         net (fo=1, routed)           0.733     8.386    datapath/video_inst/Inst_vga/vga_signal_gen/dc_bias[3]_i_5__0_0[0]
    SLICE_X143Y123       LUT6 (Prop_lut6_I2_O)        0.124     8.510 r  datapath/video_inst/Inst_vga/vga_signal_gen/dc_bias[3]_i_15__0/O
                         net (fo=1, routed)           1.104     9.613    datapath/video_inst/Inst_vga/vga_signal_gen/dc_bias[3]_i_15__0_n_0
    SLICE_X149Y123       LUT6 (Prop_lut6_I0_O)        0.124     9.737 f  datapath/video_inst/Inst_vga/vga_signal_gen/dc_bias[3]_i_5__0/O
                         net (fo=11, routed)          0.605    10.342    datapath/video_inst/Inst_vga/vga_signal_gen/position_reg[row][9]_1
    SLICE_X148Y124       LUT6 (Prop_lut6_I5_O)        0.124    10.466 r  datapath/video_inst/Inst_vga/vga_signal_gen/dc_bias[3]_i_9/O
                         net (fo=2, routed)           1.042    11.508    datapath/video_inst/inst_dvid/TDMS_encoder_green/dc_bias_reg[3]_2
    SLICE_X153Y128       LUT6 (Prop_lut6_I3_O)        0.124    11.632 r  datapath/video_inst/inst_dvid/TDMS_encoder_green/dc_bias[3]_i_2__1/O
                         net (fo=1, routed)           0.729    12.360    datapath/video_inst/inst_dvid/TDMS_encoder_green/dc_bias[3]_i_2__1_n_0
    SLICE_X152Y128       LUT6 (Prop_lut6_I0_O)        0.124    12.484 r  datapath/video_inst/inst_dvid/TDMS_encoder_green/dc_bias[3]_i_1/O
                         net (fo=1, routed)           0.000    12.484    datapath/video_inst/inst_dvid/TDMS_encoder_green/dc_bias[3]_i_1_n_0
    SLICE_X152Y128       FDRE                                         r  datapath/video_inst/inst_dvid/TDMS_encoder_green/dc_bias_reg[3]/D
  -------------------------------------------------------------------    -------------------

                         (clock clk_out1_clk_wiz_0 rise edge)
                                                      0.000     0.000 r  
    BUFGCTRL_X0Y2        BUFG                         0.000     0.000 r  clk_IBUF_BUFG_inst/O
                         net (fo=305, routed)         1.972     1.972    datapath/video_inst/mmcm_adv_inst_display_clocks/inst/clk_in1
    MMCME2_ADV_X1Y0      MMCME2_ADV (Prop_mmcme2_adv_CLKIN1_CLKOUT0)
                                                     -4.637    -2.665 r  datapath/video_inst/mmcm_adv_inst_display_clocks/inst/mmcm_adv_inst/CLKOUT0
                         net (fo=1, routed)           2.574    -0.091    datapath/video_inst/mmcm_adv_inst_display_clocks/inst/clk_out1_clk_wiz_0
    BUFGCTRL_X0Y4        BUFG (Prop_bufg_I_O)         0.091     0.000 r  datapath/video_inst/mmcm_adv_inst_display_clocks/inst/clkout1_buf/O
                         net (fo=87, routed)          1.624     1.624    datapath/video_inst/inst_dvid/TDMS_encoder_green/CLK
    SLICE_X152Y128       FDRE                                         r  datapath/video_inst/inst_dvid/TDMS_encoder_green/dc_bias_reg[3]/C

Slack:                    inf
  Source:                 datapath/triggerV_stepper/q_reg[1]/C
                            (rising edge-triggered cell FDRE)
  Destination:            datapath/video_inst/inst_dvid/TDMS_encoder_red/dc_bias_reg[1]/D
                            (rising edge-triggered cell FDRE clocked by clk_out1_clk_wiz_0  {rise@0.000ns fall@20.000ns period=40.000ns})
  Path Group:             (none)
  Path Type:              Setup (Max at Slow Process Corner)
  Data Path Delay:        12.419ns  (logic 3.362ns (27.072%)  route 9.057ns (72.928%))
  Logic Levels:           14  (CARRY4=5 FDRE=1 LUT2=1 LUT4=3 LUT6=4)
  Clock Uncertainty:      0.190ns  ((TSJ^2 + DJ^2)^1/2) / 2 + PE
    Total System Jitter     (TSJ):    0.050ns
    Discrete Jitter          (DJ):    0.175ns
    Phase Error              (PE):    0.099ns

    Location             Delay type                Incr(ns)  Path(ns)    Netlist Resource(s)
  -------------------------------------------------------------------    -------------------
    SLICE_X135Y121       FDRE                         0.000     0.000 r  datapath/triggerV_stepper/q_reg[1]/C
    SLICE_X135Y121       FDRE (Prop_fdre_C_Q)         0.456     0.456 r  datapath/triggerV_stepper/q_reg[1]/Q
                         net (fo=5, routed)           1.330     1.786    datapath/video_inst/Inst_vga/vga_signal_gen/is_trigger_volt1_carry_i_19_0[0]
    SLICE_X140Y120       LUT2 (Prop_lut2_I1_O)        0.124     1.910 r  datapath/video_inst/Inst_vga/vga_signal_gen/is_trigger_volt1_carry_i_28/O
                         net (fo=1, routed)           0.000     1.910    datapath/video_inst/Inst_vga/vga_signal_gen/is_trigger_volt1_carry_i_28_n_0
    SLICE_X140Y120       CARRY4 (Prop_carry4_S[1]_CO[3])
                                                      0.533     2.443 r  datapath/video_inst/Inst_vga/vga_signal_gen/is_trigger_volt1_carry_i_18/CO[3]
                         net (fo=1, routed)           0.000     2.443    datapath/video_inst/Inst_vga/vga_signal_gen/is_trigger_volt1_carry_i_18_n_0
    SLICE_X140Y121       CARRY4 (Prop_carry4_CI_O[0])
                                                      0.219     2.662 r  datapath/video_inst/Inst_vga/vga_signal_gen/is_trigger_volt1_carry_i_24/O[0]
                         net (fo=5, routed)           1.058     3.720    datapath/video_inst/Inst_vga/vga_signal_gen/is_trigger_volt1_carry_i_24_n_7
    SLICE_X142Y119       LUT6 (Prop_lut6_I0_O)        0.295     4.015 f  datapath/video_inst/Inst_vga/vga_signal_gen/is_trigger_volt1_carry__0_i_15/O
                         net (fo=4, routed)           1.277     5.292    datapath/video_inst/Inst_vga/vga_signal_gen/is_trigger_volt1_carry__0_i_15_n_0
    SLICE_X143Y122       LUT4 (Prop_lut4_I2_O)        0.152     5.444 r  datapath/video_inst/Inst_vga/vga_signal_gen/is_trigger_volt1_carry__0_i_12/O
                         net (fo=12, routed)          0.468     5.912    datapath/video_inst/Inst_vga/vga_signal_gen/is_trigger_volt1_carry__0_i_12_n_0
    SLICE_X143Y122       LUT6 (Prop_lut6_I2_O)        0.326     6.238 r  datapath/video_inst/Inst_vga/vga_signal_gen/is_trigger_volt1_carry__0_i_7/O
                         net (fo=11, routed)          0.680     6.918    datapath/video_inst/Inst_vga/color_map/is_trigger_volt1_carry__1_0[1]
    SLICE_X141Y120       CARRY4 (Prop_carry4_DI[1]_CO[3])
                                                      0.507     7.425 r  datapath/video_inst/Inst_vga/color_map/is_trigger_volt1_carry__0/CO[3]
                         net (fo=1, routed)           0.000     7.425    datapath/video_inst/Inst_vga/color_map/is_trigger_volt1_carry__0_n_0
    SLICE_X141Y121       CARRY4 (Prop_carry4_CI_CO[3])
                                                      0.114     7.539 r  datapath/video_inst/Inst_vga/color_map/is_trigger_volt1_carry__1/CO[3]
                         net (fo=1, routed)           0.000     7.539    datapath/video_inst/Inst_vga/color_map/is_trigger_volt1_carry__1_n_0
    SLICE_X141Y122       CARRY4 (Prop_carry4_CI_CO[3])
                                                      0.114     7.653 f  datapath/video_inst/Inst_vga/color_map/is_trigger_volt1_carry__2/CO[3]
                         net (fo=1, routed)           0.733     8.386    datapath/video_inst/Inst_vga/vga_signal_gen/dc_bias[3]_i_5__0_0[0]
    SLICE_X143Y123       LUT6 (Prop_lut6_I2_O)        0.124     8.510 r  datapath/video_inst/Inst_vga/vga_signal_gen/dc_bias[3]_i_15__0/O
                         net (fo=1, routed)           1.104     9.613    datapath/video_inst/Inst_vga/vga_signal_gen/dc_bias[3]_i_15__0_n_0
    SLICE_X149Y123       LUT6 (Prop_lut6_I0_O)        0.124     9.737 f  datapath/video_inst/Inst_vga/vga_signal_gen/dc_bias[3]_i_5__0/O
                         net (fo=11, routed)          1.474    11.211    datapath/video_inst/Inst_vga/vga_signal_gen/position_reg[row][9]_1
    SLICE_X152Y127       LUT4 (Prop_lut4_I2_O)        0.124    11.335 r  datapath/video_inst/Inst_vga/vga_signal_gen/dc_bias[3]_i_2/O
                         net (fo=12, routed)          0.933    12.269    datapath/video_inst/inst_dvid/TDMS_encoder_red/dc_bias_reg[3]_0
    SLICE_X156Y130       LUT4 (Prop_lut4_I2_O)        0.150    12.419 r  datapath/video_inst/inst_dvid/TDMS_encoder_red/dc_bias[1]_i_1__0/O
                         net (fo=1, routed)           0.000    12.419    datapath/video_inst/inst_dvid/TDMS_encoder_red/dc_bias[1]_i_1__0_n_0
    SLICE_X156Y130       FDRE                                         r  datapath/video_inst/inst_dvid/TDMS_encoder_red/dc_bias_reg[1]/D
  -------------------------------------------------------------------    -------------------

                         (clock clk_out1_clk_wiz_0 rise edge)
                                                      0.000     0.000 r  
    BUFGCTRL_X0Y2        BUFG                         0.000     0.000 r  clk_IBUF_BUFG_inst/O
                         net (fo=305, routed)         1.972     1.972    datapath/video_inst/mmcm_adv_inst_display_clocks/inst/clk_in1
    MMCME2_ADV_X1Y0      MMCME2_ADV (Prop_mmcme2_adv_CLKIN1_CLKOUT0)
                                                     -4.637    -2.665 r  datapath/video_inst/mmcm_adv_inst_display_clocks/inst/mmcm_adv_inst/CLKOUT0
                         net (fo=1, routed)           2.574    -0.091    datapath/video_inst/mmcm_adv_inst_display_clocks/inst/clk_out1_clk_wiz_0
    BUFGCTRL_X0Y4        BUFG (Prop_bufg_I_O)         0.091     0.000 r  datapath/video_inst/mmcm_adv_inst_display_clocks/inst/clkout1_buf/O
                         net (fo=87, routed)          1.700     1.700    datapath/video_inst/inst_dvid/TDMS_encoder_red/CLK
    SLICE_X156Y130       FDRE                                         r  datapath/video_inst/inst_dvid/TDMS_encoder_red/dc_bias_reg[1]/C

Slack:                    inf
  Source:                 datapath/triggerV_stepper/q_reg[1]/C
                            (rising edge-triggered cell FDRE)
  Destination:            datapath/video_inst/inst_dvid/TDMS_encoder_red/dc_bias_reg[3]/D
                            (rising edge-triggered cell FDRE clocked by clk_out1_clk_wiz_0  {rise@0.000ns fall@20.000ns period=40.000ns})
  Path Group:             (none)
  Path Type:              Setup (Max at Slow Process Corner)
  Data Path Delay:        12.407ns  (logic 3.362ns (27.097%)  route 9.045ns (72.903%))
  Logic Levels:           14  (CARRY4=5 FDRE=1 LUT2=1 LUT4=2 LUT5=1 LUT6=4)
  Clock Uncertainty:      0.190ns  ((TSJ^2 + DJ^2)^1/2) / 2 + PE
    Total System Jitter     (TSJ):    0.050ns
    Discrete Jitter          (DJ):    0.175ns
    Phase Error              (PE):    0.099ns

    Location             Delay type                Incr(ns)  Path(ns)    Netlist Resource(s)
  -------------------------------------------------------------------    -------------------
    SLICE_X135Y121       FDRE                         0.000     0.000 r  datapath/triggerV_stepper/q_reg[1]/C
    SLICE_X135Y121       FDRE (Prop_fdre_C_Q)         0.456     0.456 r  datapath/triggerV_stepper/q_reg[1]/Q
                         net (fo=5, routed)           1.330     1.786    datapath/video_inst/Inst_vga/vga_signal_gen/is_trigger_volt1_carry_i_19_0[0]
    SLICE_X140Y120       LUT2 (Prop_lut2_I1_O)        0.124     1.910 r  datapath/video_inst/Inst_vga/vga_signal_gen/is_trigger_volt1_carry_i_28/O
                         net (fo=1, routed)           0.000     1.910    datapath/video_inst/Inst_vga/vga_signal_gen/is_trigger_volt1_carry_i_28_n_0
    SLICE_X140Y120       CARRY4 (Prop_carry4_S[1]_CO[3])
                                                      0.533     2.443 r  datapath/video_inst/Inst_vga/vga_signal_gen/is_trigger_volt1_carry_i_18/CO[3]
                         net (fo=1, routed)           0.000     2.443    datapath/video_inst/Inst_vga/vga_signal_gen/is_trigger_volt1_carry_i_18_n_0
    SLICE_X140Y121       CARRY4 (Prop_carry4_CI_O[0])
                                                      0.219     2.662 r  datapath/video_inst/Inst_vga/vga_signal_gen/is_trigger_volt1_carry_i_24/O[0]
                         net (fo=5, routed)           1.058     3.720    datapath/video_inst/Inst_vga/vga_signal_gen/is_trigger_volt1_carry_i_24_n_7
    SLICE_X142Y119       LUT6 (Prop_lut6_I0_O)        0.295     4.015 f  datapath/video_inst/Inst_vga/vga_signal_gen/is_trigger_volt1_carry__0_i_15/O
                         net (fo=4, routed)           1.277     5.292    datapath/video_inst/Inst_vga/vga_signal_gen/is_trigger_volt1_carry__0_i_15_n_0
    SLICE_X143Y122       LUT4 (Prop_lut4_I2_O)        0.152     5.444 r  datapath/video_inst/Inst_vga/vga_signal_gen/is_trigger_volt1_carry__0_i_12/O
                         net (fo=12, routed)          0.468     5.912    datapath/video_inst/Inst_vga/vga_signal_gen/is_trigger_volt1_carry__0_i_12_n_0
    SLICE_X143Y122       LUT6 (Prop_lut6_I2_O)        0.326     6.238 r  datapath/video_inst/Inst_vga/vga_signal_gen/is_trigger_volt1_carry__0_i_7/O
                         net (fo=11, routed)          0.680     6.918    datapath/video_inst/Inst_vga/color_map/is_trigger_volt1_carry__1_0[1]
    SLICE_X141Y120       CARRY4 (Prop_carry4_DI[1]_CO[3])
                                                      0.507     7.425 r  datapath/video_inst/Inst_vga/color_map/is_trigger_volt1_carry__0/CO[3]
                         net (fo=1, routed)           0.000     7.425    datapath/video_inst/Inst_vga/color_map/is_trigger_volt1_carry__0_n_0
    SLICE_X141Y121       CARRY4 (Prop_carry4_CI_CO[3])
                                                      0.114     7.539 r  datapath/video_inst/Inst_vga/color_map/is_trigger_volt1_carry__1/CO[3]
                         net (fo=1, routed)           0.000     7.539    datapath/video_inst/Inst_vga/color_map/is_trigger_volt1_carry__1_n_0
    SLICE_X141Y122       CARRY4 (Prop_carry4_CI_CO[3])
                                                      0.114     7.653 r  datapath/video_inst/Inst_vga/color_map/is_trigger_volt1_carry__2/CO[3]
                         net (fo=1, routed)           0.733     8.386    datapath/video_inst/Inst_vga/vga_signal_gen/dc_bias[3]_i_5__0_0[0]
    SLICE_X143Y123       LUT6 (Prop_lut6_I2_O)        0.124     8.510 f  datapath/video_inst/Inst_vga/vga_signal_gen/dc_bias[3]_i_15__0/O
                         net (fo=1, routed)           1.104     9.613    datapath/video_inst/Inst_vga/vga_signal_gen/dc_bias[3]_i_15__0_n_0
    SLICE_X149Y123       LUT6 (Prop_lut6_I0_O)        0.124     9.737 r  datapath/video_inst/Inst_vga/vga_signal_gen/dc_bias[3]_i_5__0/O
                         net (fo=11, routed)          1.474    11.211    datapath/video_inst/Inst_vga/vga_signal_gen/position_reg[row][9]_1
    SLICE_X152Y127       LUT4 (Prop_lut4_I2_O)        0.124    11.335 f  datapath/video_inst/Inst_vga/vga_signal_gen/dc_bias[3]_i_2/O
                         net (fo=12, routed)          0.922    12.257    datapath/video_inst/inst_dvid/TDMS_encoder_red/dc_bias_reg[3]_0
    SLICE_X156Y130       LUT5 (Prop_lut5_I1_O)        0.150    12.407 r  datapath/video_inst/inst_dvid/TDMS_encoder_red/dc_bias[3]_i_1__1/O
                         net (fo=1, routed)           0.000    12.407    datapath/video_inst/inst_dvid/TDMS_encoder_red/dc_bias[3]_i_1__1_n_0
    SLICE_X156Y130       FDRE                                         r  datapath/video_inst/inst_dvid/TDMS_encoder_red/dc_bias_reg[3]/D
  -------------------------------------------------------------------    -------------------

                         (clock clk_out1_clk_wiz_0 rise edge)
                                                      0.000     0.000 r  
    BUFGCTRL_X0Y2        BUFG                         0.000     0.000 r  clk_IBUF_BUFG_inst/O
                         net (fo=305, routed)         1.972     1.972    datapath/video_inst/mmcm_adv_inst_display_clocks/inst/clk_in1
    MMCME2_ADV_X1Y0      MMCME2_ADV (Prop_mmcme2_adv_CLKIN1_CLKOUT0)
                                                     -4.637    -2.665 r  datapath/video_inst/mmcm_adv_inst_display_clocks/inst/mmcm_adv_inst/CLKOUT0
                         net (fo=1, routed)           2.574    -0.091    datapath/video_inst/mmcm_adv_inst_display_clocks/inst/clk_out1_clk_wiz_0
    BUFGCTRL_X0Y4        BUFG (Prop_bufg_I_O)         0.091     0.000 r  datapath/video_inst/mmcm_adv_inst_display_clocks/inst/clkout1_buf/O
                         net (fo=87, routed)          1.700     1.700    datapath/video_inst/inst_dvid/TDMS_encoder_red/CLK
    SLICE_X156Y130       FDRE                                         r  datapath/video_inst/inst_dvid/TDMS_encoder_red/dc_bias_reg[3]/C





Min Delay Paths
--------------------------------------------------------------------------------------
Slack:                    inf
  Source:                 datapath/triggerT_stepper/q_reg[6]/C
                            (rising edge-triggered cell FDRE)
  Destination:            datapath/video_inst/inst_dvid/TDMS_encoder_blue/dc_bias_reg[3]/D
                            (rising edge-triggered cell FDRE clocked by clk_out1_clk_wiz_0  {rise@0.000ns fall@20.000ns period=40.000ns})
  Path Group:             (none)
  Path Type:              Hold (Min at Fast Process Corner)
  Data Path Delay:        1.734ns  (logic 0.634ns (36.562%)  route 1.100ns (63.438%))
  Logic Levels:           8  (CARRY4=2 FDRE=1 LUT2=1 LUT4=1 LUT6=3)
  Clock Uncertainty:      0.190ns  ((TSJ^2 + DJ^2)^1/2) / 2 + PE
    Total System Jitter     (TSJ):    0.050ns
    Discrete Jitter          (DJ):    0.175ns
    Phase Error              (PE):    0.099ns

    Location             Delay type                Incr(ns)  Path(ns)    Netlist Resource(s)
  -------------------------------------------------------------------    -------------------
    SLICE_X149Y118       FDRE                         0.000     0.000 r  datapath/triggerT_stepper/q_reg[6]/C
    SLICE_X149Y118       FDRE (Prop_fdre_C_Q)         0.141     0.141 r  datapath/triggerT_stepper/q_reg[6]/Q
                         net (fo=1, routed)           0.105     0.246    datapath/video_inst/Inst_vga/vga_signal_gen/is_trigger_time1_carry_i_23_0[5]
    SLICE_X149Y119       LUT2 (Prop_lut2_I1_O)        0.045     0.291 r  datapath/video_inst/Inst_vga/vga_signal_gen/is_trigger_time1_carry_i_38/O
                         net (fo=1, routed)           0.000     0.291    datapath/video_inst/Inst_vga/vga_signal_gen/is_trigger_time1_carry_i_38_n_0
    SLICE_X149Y119       CARRY4 (Prop_carry4_S[2]_CO[3])
                                                      0.115     0.406 r  datapath/video_inst/Inst_vga/vga_signal_gen/is_trigger_time1_carry_i_27/CO[3]
                         net (fo=1, routed)           0.000     0.406    datapath/video_inst/Inst_vga/vga_signal_gen/is_trigger_time1_carry_i_27_n_0
    SLICE_X149Y120       CARRY4 (Prop_carry4_CI_O[1])
                                                      0.091     0.497 r  datapath/video_inst/Inst_vga/vga_signal_gen/is_trigger_time1_carry_i_23/O[1]
                         net (fo=13, routed)          0.201     0.698    datapath/video_inst/Inst_vga/vga_signal_gen/is_trigger_time1_carry_i_23_n_6
    SLICE_X150Y121       LUT6 (Prop_lut6_I1_O)        0.107     0.805 f  datapath/video_inst/Inst_vga/vga_signal_gen/is_trigger_time1_carry__0_i_7/O
                         net (fo=2, routed)           0.383     1.188    datapath/video_inst/Inst_vga/vga_signal_gen/is_trigger_time1_carry__0_i_7_0[1]
    SLICE_X149Y123       LUT6 (Prop_lut6_I5_O)        0.045     1.233 r  datapath/video_inst/Inst_vga/vga_signal_gen/dc_bias[3]_i_5__0/O
                         net (fo=11, routed)          0.355     1.588    datapath/video_inst/Inst_vga/vga_signal_gen/position_reg[row][9]_1
    SLICE_X152Y126       LUT4 (Prop_lut4_I0_O)        0.045     1.633 f  datapath/video_inst/Inst_vga/vga_signal_gen/dc_bias[3]_i_5/O
                         net (fo=1, routed)           0.056     1.689    datapath/video_inst/inst_dvid/TDMS_encoder_blue/dc_bias_reg[3]_2
    SLICE_X152Y126       LUT6 (Prop_lut6_I5_O)        0.045     1.734 r  datapath/video_inst/inst_dvid/TDMS_encoder_blue/dc_bias[3]_i_1__0/O
                         net (fo=1, routed)           0.000     1.734    datapath/video_inst/inst_dvid/TDMS_encoder_blue/dc_bias[3]_i_1__0_n_0
    SLICE_X152Y126       FDRE                                         r  datapath/video_inst/inst_dvid/TDMS_encoder_blue/dc_bias_reg[3]/D
  -------------------------------------------------------------------    -------------------

                         (clock clk_out1_clk_wiz_0 rise edge)
                                                      0.000     0.000 r  
    BUFGCTRL_X0Y2        BUFG                         0.000     0.000 r  clk_IBUF_BUFG_inst/O
                         net (fo=305, routed)         1.022     1.022    datapath/video_inst/mmcm_adv_inst_display_clocks/inst/clk_in1
    MMCME2_ADV_X1Y0      MMCME2_ADV (Prop_mmcme2_adv_CLKIN1_CLKOUT0)
                                                     -2.040    -1.018 r  datapath/video_inst/mmcm_adv_inst_display_clocks/inst/mmcm_adv_inst/CLKOUT0
                         net (fo=1, routed)           0.989    -0.029    datapath/video_inst/mmcm_adv_inst_display_clocks/inst/clk_out1_clk_wiz_0
    BUFGCTRL_X0Y4        BUFG (Prop_bufg_I_O)         0.029    -0.000 r  datapath/video_inst/mmcm_adv_inst_display_clocks/inst/clkout1_buf/O
                         net (fo=87, routed)          0.878     0.878    datapath/video_inst/inst_dvid/TDMS_encoder_blue/CLK
    SLICE_X152Y126       FDRE                                         r  datapath/video_inst/inst_dvid/TDMS_encoder_blue/dc_bias_reg[3]/C

Slack:                    inf
  Source:                 datapath/triggerT_stepper/q_reg[6]/C
                            (rising edge-triggered cell FDRE)
  Destination:            datapath/video_inst/inst_dvid/TDMS_encoder_green/dc_bias_reg[3]/D
                            (rising edge-triggered cell FDRE clocked by clk_out1_clk_wiz_0  {rise@0.000ns fall@20.000ns period=40.000ns})
  Path Group:             (none)
  Path Type:              Hold (Min at Fast Process Corner)
  Data Path Delay:        1.761ns  (logic 0.634ns (35.997%)  route 1.127ns (64.003%))
  Logic Levels:           8  (CARRY4=2 FDRE=1 LUT2=1 LUT4=1 LUT6=3)
  Clock Uncertainty:      0.190ns  ((TSJ^2 + DJ^2)^1/2) / 2 + PE
    Total System Jitter     (TSJ):    0.050ns
    Discrete Jitter          (DJ):    0.175ns
    Phase Error              (PE):    0.099ns

    Location             Delay type                Incr(ns)  Path(ns)    Netlist Resource(s)
  -------------------------------------------------------------------    -------------------
    SLICE_X149Y118       FDRE                         0.000     0.000 r  datapath/triggerT_stepper/q_reg[6]/C
    SLICE_X149Y118       FDRE (Prop_fdre_C_Q)         0.141     0.141 r  datapath/triggerT_stepper/q_reg[6]/Q
                         net (fo=1, routed)           0.105     0.246    datapath/video_inst/Inst_vga/vga_signal_gen/is_trigger_time1_carry_i_23_0[5]
    SLICE_X149Y119       LUT2 (Prop_lut2_I1_O)        0.045     0.291 r  datapath/video_inst/Inst_vga/vga_signal_gen/is_trigger_time1_carry_i_38/O
                         net (fo=1, routed)           0.000     0.291    datapath/video_inst/Inst_vga/vga_signal_gen/is_trigger_time1_carry_i_38_n_0
    SLICE_X149Y119       CARRY4 (Prop_carry4_S[2]_CO[3])
                                                      0.115     0.406 r  datapath/video_inst/Inst_vga/vga_signal_gen/is_trigger_time1_carry_i_27/CO[3]
                         net (fo=1, routed)           0.000     0.406    datapath/video_inst/Inst_vga/vga_signal_gen/is_trigger_time1_carry_i_27_n_0
    SLICE_X149Y120       CARRY4 (Prop_carry4_CI_O[1])
                                                      0.091     0.497 r  datapath/video_inst/Inst_vga/vga_signal_gen/is_trigger_time1_carry_i_23/O[1]
                         net (fo=13, routed)          0.201     0.698    datapath/video_inst/Inst_vga/vga_signal_gen/is_trigger_time1_carry_i_23_n_6
    SLICE_X150Y121       LUT6 (Prop_lut6_I1_O)        0.107     0.805 r  datapath/video_inst/Inst_vga/vga_signal_gen/is_trigger_time1_carry__0_i_7/O
                         net (fo=2, routed)           0.383     1.188    datapath/video_inst/Inst_vga/vga_signal_gen/is_trigger_time1_carry__0_i_7_0[1]
    SLICE_X149Y123       LUT6 (Prop_lut6_I5_O)        0.045     1.233 f  datapath/video_inst/Inst_vga/vga_signal_gen/dc_bias[3]_i_5__0/O
                         net (fo=11, routed)          0.349     1.582    datapath/video_inst/Inst_vga/vga_signal_gen/position_reg[row][9]_1
    SLICE_X152Y128       LUT4 (Prop_lut4_I3_O)        0.045     1.627 f  datapath/video_inst/Inst_vga/vga_signal_gen/dc_bias[3]_i_7__0/O
                         net (fo=1, routed)           0.089     1.716    datapath/video_inst/inst_dvid/TDMS_encoder_green/dc_bias_reg[3]_8
    SLICE_X152Y128       LUT6 (Prop_lut6_I5_O)        0.045     1.761 r  datapath/video_inst/inst_dvid/TDMS_encoder_green/dc_bias[3]_i_1/O
                         net (fo=1, routed)           0.000     1.761    datapath/video_inst/inst_dvid/TDMS_encoder_green/dc_bias[3]_i_1_n_0
    SLICE_X152Y128       FDRE                                         r  datapath/video_inst/inst_dvid/TDMS_encoder_green/dc_bias_reg[3]/D
  -------------------------------------------------------------------    -------------------

                         (clock clk_out1_clk_wiz_0 rise edge)
                                                      0.000     0.000 r  
    BUFGCTRL_X0Y2        BUFG                         0.000     0.000 r  clk_IBUF_BUFG_inst/O
                         net (fo=305, routed)         1.022     1.022    datapath/video_inst/mmcm_adv_inst_display_clocks/inst/clk_in1
    MMCME2_ADV_X1Y0      MMCME2_ADV (Prop_mmcme2_adv_CLKIN1_CLKOUT0)
                                                     -2.040    -1.018 r  datapath/video_inst/mmcm_adv_inst_display_clocks/inst/mmcm_adv_inst/CLKOUT0
                         net (fo=1, routed)           0.989    -0.029    datapath/video_inst/mmcm_adv_inst_display_clocks/inst/clk_out1_clk_wiz_0
    BUFGCTRL_X0Y4        BUFG (Prop_bufg_I_O)         0.029    -0.000 r  datapath/video_inst/mmcm_adv_inst_display_clocks/inst/clkout1_buf/O
                         net (fo=87, routed)          0.881     0.881    datapath/video_inst/inst_dvid/TDMS_encoder_green/CLK
    SLICE_X152Y128       FDRE                                         r  datapath/video_inst/inst_dvid/TDMS_encoder_green/dc_bias_reg[3]/C

Slack:                    inf
  Source:                 datapath/triggerT_stepper/q_reg[6]/C
                            (rising edge-triggered cell FDRE)
  Destination:            datapath/video_inst/inst_dvid/TDMS_encoder_green/dc_bias_reg[2]/D
                            (rising edge-triggered cell FDRE clocked by clk_out1_clk_wiz_0  {rise@0.000ns fall@20.000ns period=40.000ns})
  Path Group:             (none)
  Path Type:              Hold (Min at Fast Process Corner)
  Data Path Delay:        1.980ns  (logic 0.634ns (32.022%)  route 1.346ns (67.978%))
  Logic Levels:           8  (CARRY4=2 FDRE=1 LUT2=1 LUT4=1 LUT6=3)
  Clock Uncertainty:      0.190ns  ((TSJ^2 + DJ^2)^1/2) / 2 + PE
    Total System Jitter     (TSJ):    0.050ns
    Discrete Jitter          (DJ):    0.175ns
    Phase Error              (PE):    0.099ns

    Location             Delay type                Incr(ns)  Path(ns)    Netlist Resource(s)
  -------------------------------------------------------------------    -------------------
    SLICE_X149Y118       FDRE                         0.000     0.000 r  datapath/triggerT_stepper/q_reg[6]/C
    SLICE_X149Y118       FDRE (Prop_fdre_C_Q)         0.141     0.141 r  datapath/triggerT_stepper/q_reg[6]/Q
                         net (fo=1, routed)           0.105     0.246    datapath/video_inst/Inst_vga/vga_signal_gen/is_trigger_time1_carry_i_23_0[5]
    SLICE_X149Y119       LUT2 (Prop_lut2_I1_O)        0.045     0.291 r  datapath/video_inst/Inst_vga/vga_signal_gen/is_trigger_time1_carry_i_38/O
                         net (fo=1, routed)           0.000     0.291    datapath/video_inst/Inst_vga/vga_signal_gen/is_trigger_time1_carry_i_38_n_0
    SLICE_X149Y119       CARRY4 (Prop_carry4_S[2]_CO[3])
                                                      0.115     0.406 r  datapath/video_inst/Inst_vga/vga_signal_gen/is_trigger_time1_carry_i_27/CO[3]
                         net (fo=1, routed)           0.000     0.406    datapath/video_inst/Inst_vga/vga_signal_gen/is_trigger_time1_carry_i_27_n_0
    SLICE_X149Y120       CARRY4 (Prop_carry4_CI_O[1])
                                                      0.091     0.497 r  datapath/video_inst/Inst_vga/vga_signal_gen/is_trigger_time1_carry_i_23/O[1]
                         net (fo=13, routed)          0.201     0.698    datapath/video_inst/Inst_vga/vga_signal_gen/is_trigger_time1_carry_i_23_n_6
    SLICE_X150Y121       LUT6 (Prop_lut6_I1_O)        0.107     0.805 f  datapath/video_inst/Inst_vga/vga_signal_gen/is_trigger_time1_carry__0_i_7/O
                         net (fo=2, routed)           0.383     1.188    datapath/video_inst/Inst_vga/vga_signal_gen/is_trigger_time1_carry__0_i_7_0[1]
    SLICE_X149Y123       LUT6 (Prop_lut6_I5_O)        0.045     1.233 r  datapath/video_inst/Inst_vga/vga_signal_gen/dc_bias[3]_i_5__0/O
                         net (fo=11, routed)          0.463     1.696    datapath/video_inst/Inst_vga/vga_signal_gen/position_reg[row][9]_1
    SLICE_X151Y127       LUT4 (Prop_lut4_I2_O)        0.045     1.741 r  datapath/video_inst/Inst_vga/vga_signal_gen/dc_bias[2]_i_3/O
                         net (fo=1, routed)           0.193     1.935    datapath/video_inst/inst_dvid/TDMS_encoder_green/dc_bias_reg[2]_0
    SLICE_X153Y127       LUT6 (Prop_lut6_I4_O)        0.045     1.980 r  datapath/video_inst/inst_dvid/TDMS_encoder_green/dc_bias[2]_i_1__0/O
                         net (fo=1, routed)           0.000     1.980    datapath/video_inst/inst_dvid/TDMS_encoder_green/dc_bias[2]_i_1__0_n_0
    SLICE_X153Y127       FDRE                                         r  datapath/video_inst/inst_dvid/TDMS_encoder_green/dc_bias_reg[2]/D
  -------------------------------------------------------------------    -------------------

                         (clock clk_out1_clk_wiz_0 rise edge)
                                                      0.000     0.000 r  
    BUFGCTRL_X0Y2        BUFG                         0.000     0.000 r  clk_IBUF_BUFG_inst/O
                         net (fo=305, routed)         1.022     1.022    datapath/video_inst/mmcm_adv_inst_display_clocks/inst/clk_in1
    MMCME2_ADV_X1Y0      MMCME2_ADV (Prop_mmcme2_adv_CLKIN1_CLKOUT0)
                                                     -2.040    -1.018 r  datapath/video_inst/mmcm_adv_inst_display_clocks/inst/mmcm_adv_inst/CLKOUT0
                         net (fo=1, routed)           0.989    -0.029    datapath/video_inst/mmcm_adv_inst_display_clocks/inst/clk_out1_clk_wiz_0
    BUFGCTRL_X0Y4        BUFG (Prop_bufg_I_O)         0.029    -0.000 r  datapath/video_inst/mmcm_adv_inst_display_clocks/inst/clkout1_buf/O
                         net (fo=87, routed)          0.880     0.880    datapath/video_inst/inst_dvid/TDMS_encoder_green/CLK
    SLICE_X153Y127       FDRE                                         r  datapath/video_inst/inst_dvid/TDMS_encoder_green/dc_bias_reg[2]/C

Slack:                    inf
  Source:                 datapath/rightChannelMemory/sdp_bl.ramb18_dp_bl.ram18_bl/CLKARDCLK
                            (rising edge-triggered cell RAMB18E1)
  Destination:            datapath/video_inst/inst_dvid/TDMS_encoder_green/encoded_reg[8]/D
                            (rising edge-triggered cell FDRE clocked by clk_out1_clk_wiz_0  {rise@0.000ns fall@20.000ns period=40.000ns})
  Path Group:             (none)
  Path Type:              Hold (Min at Fast Process Corner)
  Data Path Delay:        2.021ns  (logic 0.910ns (45.036%)  route 1.111ns (54.964%))
  Logic Levels:           6  (CARRY4=1 LUT2=1 LUT3=1 LUT5=1 LUT6=1 RAMB18E1=1)
  Clock Uncertainty:      0.190ns  ((TSJ^2 + DJ^2)^1/2) / 2 + PE
    Total System Jitter     (TSJ):    0.050ns
    Discrete Jitter          (DJ):    0.175ns
    Phase Error              (PE):    0.099ns

    Location             Delay type                Incr(ns)  Path(ns)    Netlist Resource(s)
  -------------------------------------------------------------------    -------------------
    RAMB18_X7Y49         RAMB18E1                     0.000     0.000 r  datapath/rightChannelMemory/sdp_bl.ramb18_dp_bl.ram18_bl/CLKARDCLK
    RAMB18_X7Y49         RAMB18E1 (Prop_ramb18e1_CLKARDCLK_DOADO[7])
                                                      0.585     0.585 r  datapath/rightChannelMemory/sdp_bl.ramb18_dp_bl.ram18_bl/DOADO[7]
                         net (fo=1, routed)           0.184     0.769    datapath/rightChannelMemory/ch2[from_bram][7]
    SLICE_X140Y124       LUT6 (Prop_lut6_I0_O)        0.045     0.814 r  datapath/rightChannelMemory/dc_bias[3]_i_27/O
                         net (fo=1, routed)           0.000     0.814    datapath/rightChannelMemory/dc_bias[3]_i_27_n_0
    SLICE_X140Y124       CARRY4 (Prop_carry4_S[0]_CO[3])
                                                      0.145     0.959 f  datapath/rightChannelMemory/dc_bias_reg[3]_i_8/CO[3]
                         net (fo=2, routed)           0.402     1.361    datapath/rightChannelMemory/CO[0]
    SLICE_X142Y126       LUT5 (Prop_lut5_I1_O)        0.045     1.406 f  datapath/rightChannelMemory/dc_bias[3]_i_11__0/O
                         net (fo=3, routed)           0.353     1.759    datapath/video_inst/Inst_vga/vga_signal_gen/encoded_reg[8]
    SLICE_X152Y127       LUT3 (Prop_lut3_I2_O)        0.045     1.804 r  datapath/video_inst/Inst_vga/vga_signal_gen/dc_bias[2]_i_2/O
                         net (fo=5, routed)           0.171     1.976    datapath/video_inst/Inst_vga/vga_signal_gen/dc_bias[3]_i_11__0
    SLICE_X152Y129       LUT2 (Prop_lut2_I1_O)        0.045     2.021 r  datapath/video_inst/Inst_vga/vga_signal_gen/TDMS_encoder_green/encoded[8]_i_1/O
                         net (fo=1, routed)           0.000     2.021    datapath/video_inst/inst_dvid/TDMS_encoder_green/encoded_reg[8]_0
    SLICE_X152Y129       FDRE                                         r  datapath/video_inst/inst_dvid/TDMS_encoder_green/encoded_reg[8]/D
  -------------------------------------------------------------------    -------------------

                         (clock clk_out1_clk_wiz_0 rise edge)
                                                      0.000     0.000 r  
    BUFGCTRL_X0Y2        BUFG                         0.000     0.000 r  clk_IBUF_BUFG_inst/O
                         net (fo=305, routed)         1.022     1.022    datapath/video_inst/mmcm_adv_inst_display_clocks/inst/clk_in1
    MMCME2_ADV_X1Y0      MMCME2_ADV (Prop_mmcme2_adv_CLKIN1_CLKOUT0)
                                                     -2.040    -1.018 r  datapath/video_inst/mmcm_adv_inst_display_clocks/inst/mmcm_adv_inst/CLKOUT0
                         net (fo=1, routed)           0.989    -0.029    datapath/video_inst/mmcm_adv_inst_display_clocks/inst/clk_out1_clk_wiz_0
    BUFGCTRL_X0Y4        BUFG (Prop_bufg_I_O)         0.029    -0.000 r  datapath/video_inst/mmcm_adv_inst_display_clocks/inst/clkout1_buf/O
                         net (fo=87, routed)          0.882     0.882    datapath/video_inst/inst_dvid/TDMS_encoder_green/CLK
    SLICE_X152Y129       FDRE                                         r  datapath/video_inst/inst_dvid/TDMS_encoder_green/encoded_reg[8]/C

Slack:                    inf
  Source:                 datapath/rightChannelMemory/sdp_bl.ramb18_dp_bl.ram18_bl/CLKARDCLK
                            (rising edge-triggered cell RAMB18E1)
  Destination:            datapath/video_inst/inst_dvid/TDMS_encoder_green/encoded_reg[9]/D
                            (rising edge-triggered cell FDRE clocked by clk_out1_clk_wiz_0  {rise@0.000ns fall@20.000ns period=40.000ns})
  Path Group:             (none)
  Path Type:              Hold (Min at Fast Process Corner)
  Data Path Delay:        2.024ns  (logic 0.913ns (45.117%)  route 1.111ns (54.883%))
  Logic Levels:           6  (CARRY4=1 LUT3=1 LUT4=1 LUT5=1 LUT6=1 RAMB18E1=1)
  Clock Uncertainty:      0.190ns  ((TSJ^2 + DJ^2)^1/2) / 2 + PE
    Total System Jitter     (TSJ):    0.050ns
    Discrete Jitter          (DJ):    0.175ns
    Phase Error              (PE):    0.099ns

    Location             Delay type                Incr(ns)  Path(ns)    Netlist Resource(s)
  -------------------------------------------------------------------    -------------------
    RAMB18_X7Y49         RAMB18E1                     0.000     0.000 r  datapath/rightChannelMemory/sdp_bl.ramb18_dp_bl.ram18_bl/CLKARDCLK
    RAMB18_X7Y49         RAMB18E1 (Prop_ramb18e1_CLKARDCLK_DOADO[7])
                                                      0.585     0.585 r  datapath/rightChannelMemory/sdp_bl.ramb18_dp_bl.ram18_bl/DOADO[7]
                         net (fo=1, routed)           0.184     0.769    datapath/rightChannelMemory/ch2[from_bram][7]
    SLICE_X140Y124       LUT6 (Prop_lut6_I0_O)        0.045     0.814 r  datapath/rightChannelMemory/dc_bias[3]_i_27/O
                         net (fo=1, routed)           0.000     0.814    datapath/rightChannelMemory/dc_bias[3]_i_27_n_0
    SLICE_X140Y124       CARRY4 (Prop_carry4_S[0]_CO[3])
                                                      0.145     0.959 r  datapath/rightChannelMemory/dc_bias_reg[3]_i_8/CO[3]
                         net (fo=2, routed)           0.402     1.361    datapath/rightChannelMemory/CO[0]
    SLICE_X142Y126       LUT5 (Prop_lut5_I1_O)        0.045     1.406 r  datapath/rightChannelMemory/dc_bias[3]_i_11__0/O
                         net (fo=3, routed)           0.353     1.759    datapath/video_inst/Inst_vga/vga_signal_gen/encoded_reg[8]
    SLICE_X152Y127       LUT3 (Prop_lut3_I2_O)        0.045     1.804 f  datapath/video_inst/Inst_vga/vga_signal_gen/dc_bias[2]_i_2/O
                         net (fo=5, routed)           0.171     1.976    datapath/video_inst/Inst_vga/vga_signal_gen/dc_bias[3]_i_11__0
    SLICE_X152Y129       LUT4 (Prop_lut4_I3_O)        0.048     2.024 r  datapath/video_inst/Inst_vga/vga_signal_gen/TDMS_encoder_green/encoded[9]_i_1/O
                         net (fo=1, routed)           0.000     2.024    datapath/video_inst/inst_dvid/TDMS_encoder_green/encoded_reg[9]_0
    SLICE_X152Y129       FDRE                                         r  datapath/video_inst/inst_dvid/TDMS_encoder_green/encoded_reg[9]/D
  -------------------------------------------------------------------    -------------------

                         (clock clk_out1_clk_wiz_0 rise edge)
                                                      0.000     0.000 r  
    BUFGCTRL_X0Y2        BUFG                         0.000     0.000 r  clk_IBUF_BUFG_inst/O
                         net (fo=305, routed)         1.022     1.022    datapath/video_inst/mmcm_adv_inst_display_clocks/inst/clk_in1
    MMCME2_ADV_X1Y0      MMCME2_ADV (Prop_mmcme2_adv_CLKIN1_CLKOUT0)
                                                     -2.040    -1.018 r  datapath/video_inst/mmcm_adv_inst_display_clocks/inst/mmcm_adv_inst/CLKOUT0
                         net (fo=1, routed)           0.989    -0.029    datapath/video_inst/mmcm_adv_inst_display_clocks/inst/clk_out1_clk_wiz_0
    BUFGCTRL_X0Y4        BUFG (Prop_bufg_I_O)         0.029    -0.000 r  datapath/video_inst/mmcm_adv_inst_display_clocks/inst/clkout1_buf/O
                         net (fo=87, routed)          0.882     0.882    datapath/video_inst/inst_dvid/TDMS_encoder_green/CLK
    SLICE_X152Y129       FDRE                                         r  datapath/video_inst/inst_dvid/TDMS_encoder_green/encoded_reg[9]/C

Slack:                    inf
  Source:                 datapath/rightChannelMemory/sdp_bl.ramb18_dp_bl.ram18_bl/CLKARDCLK
                            (rising edge-triggered cell RAMB18E1)
  Destination:            datapath/video_inst/inst_dvid/TDMS_encoder_green/dc_bias_reg[0]/D
                            (rising edge-triggered cell FDRE clocked by clk_out1_clk_wiz_0  {rise@0.000ns fall@20.000ns period=40.000ns})
  Path Group:             (none)
  Path Type:              Hold (Min at Fast Process Corner)
  Data Path Delay:        2.025ns  (logic 0.910ns (44.928%)  route 1.115ns (55.072%))
  Logic Levels:           6  (CARRY4=1 LUT3=1 LUT5=1 LUT6=2 RAMB18E1=1)
  Clock Uncertainty:      0.190ns  ((TSJ^2 + DJ^2)^1/2) / 2 + PE
    Total System Jitter     (TSJ):    0.050ns
    Discrete Jitter          (DJ):    0.175ns
    Phase Error              (PE):    0.099ns

    Location             Delay type                Incr(ns)  Path(ns)    Netlist Resource(s)
  -------------------------------------------------------------------    -------------------
    RAMB18_X7Y49         RAMB18E1                     0.000     0.000 r  datapath/rightChannelMemory/sdp_bl.ramb18_dp_bl.ram18_bl/CLKARDCLK
    RAMB18_X7Y49         RAMB18E1 (Prop_ramb18e1_CLKARDCLK_DOADO[7])
                                                      0.585     0.585 r  datapath/rightChannelMemory/sdp_bl.ramb18_dp_bl.ram18_bl/DOADO[7]
                         net (fo=1, routed)           0.184     0.769    datapath/rightChannelMemory/ch2[from_bram][7]
    SLICE_X140Y124       LUT6 (Prop_lut6_I0_O)        0.045     0.814 r  datapath/rightChannelMemory/dc_bias[3]_i_27/O
                         net (fo=1, routed)           0.000     0.814    datapath/rightChannelMemory/dc_bias[3]_i_27_n_0
    SLICE_X140Y124       CARRY4 (Prop_carry4_S[0]_CO[3])
                                                      0.145     0.959 f  datapath/rightChannelMemory/dc_bias_reg[3]_i_8/CO[3]
                         net (fo=2, routed)           0.402     1.361    datapath/rightChannelMemory/CO[0]
    SLICE_X142Y126       LUT5 (Prop_lut5_I1_O)        0.045     1.406 f  datapath/rightChannelMemory/dc_bias[3]_i_11__0/O
                         net (fo=3, routed)           0.353     1.759    datapath/video_inst/Inst_vga/vga_signal_gen/encoded_reg[8]
    SLICE_X152Y127       LUT3 (Prop_lut3_I2_O)        0.045     1.804 r  datapath/video_inst/Inst_vga/vga_signal_gen/dc_bias[2]_i_2/O
                         net (fo=5, routed)           0.176     1.980    datapath/video_inst/inst_dvid/TDMS_encoder_green/dc_bias_reg[0]_0
    SLICE_X152Y128       LUT6 (Prop_lut6_I4_O)        0.045     2.025 r  datapath/video_inst/inst_dvid/TDMS_encoder_green/dc_bias[0]_i_1__1/O
                         net (fo=1, routed)           0.000     2.025    datapath/video_inst/inst_dvid/TDMS_encoder_green/dc_bias[0]_i_1__1_n_0
    SLICE_X152Y128       FDRE                                         r  datapath/video_inst/inst_dvid/TDMS_encoder_green/dc_bias_reg[0]/D
  -------------------------------------------------------------------    -------------------

                         (clock clk_out1_clk_wiz_0 rise edge)
                                                      0.000     0.000 r  
    BUFGCTRL_X0Y2        BUFG                         0.000     0.000 r  clk_IBUF_BUFG_inst/O
                         net (fo=305, routed)         1.022     1.022    datapath/video_inst/mmcm_adv_inst_display_clocks/inst/clk_in1
    MMCME2_ADV_X1Y0      MMCME2_ADV (Prop_mmcme2_adv_CLKIN1_CLKOUT0)
                                                     -2.040    -1.018 r  datapath/video_inst/mmcm_adv_inst_display_clocks/inst/mmcm_adv_inst/CLKOUT0
                         net (fo=1, routed)           0.989    -0.029    datapath/video_inst/mmcm_adv_inst_display_clocks/inst/clk_out1_clk_wiz_0
    BUFGCTRL_X0Y4        BUFG (Prop_bufg_I_O)         0.029    -0.000 r  datapath/video_inst/mmcm_adv_inst_display_clocks/inst/clkout1_buf/O
                         net (fo=87, routed)          0.881     0.881    datapath/video_inst/inst_dvid/TDMS_encoder_green/CLK
    SLICE_X152Y128       FDRE                                         r  datapath/video_inst/inst_dvid/TDMS_encoder_green/dc_bias_reg[0]/C

Slack:                    inf
  Source:                 datapath/rightChannelMemory/sdp_bl.ramb18_dp_bl.ram18_bl/CLKARDCLK
                            (rising edge-triggered cell RAMB18E1)
  Destination:            datapath/video_inst/inst_dvid/TDMS_encoder_green/dc_bias_reg[1]/D
                            (rising edge-triggered cell FDRE clocked by clk_out1_clk_wiz_0  {rise@0.000ns fall@20.000ns period=40.000ns})
  Path Group:             (none)
  Path Type:              Hold (Min at Fast Process Corner)
  Data Path Delay:        2.029ns  (logic 0.910ns (44.839%)  route 1.119ns (55.161%))
  Logic Levels:           6  (CARRY4=1 LUT3=1 LUT5=1 LUT6=2 RAMB18E1=1)
  Clock Uncertainty:      0.190ns  ((TSJ^2 + DJ^2)^1/2) / 2 + PE
    Total System Jitter     (TSJ):    0.050ns
    Discrete Jitter          (DJ):    0.175ns
    Phase Error              (PE):    0.099ns

    Location             Delay type                Incr(ns)  Path(ns)    Netlist Resource(s)
  -------------------------------------------------------------------    -------------------
    RAMB18_X7Y49         RAMB18E1                     0.000     0.000 r  datapath/rightChannelMemory/sdp_bl.ramb18_dp_bl.ram18_bl/CLKARDCLK
    RAMB18_X7Y49         RAMB18E1 (Prop_ramb18e1_CLKARDCLK_DOADO[7])
                                                      0.585     0.585 r  datapath/rightChannelMemory/sdp_bl.ramb18_dp_bl.ram18_bl/DOADO[7]
                         net (fo=1, routed)           0.184     0.769    datapath/rightChannelMemory/ch2[from_bram][7]
    SLICE_X140Y124       LUT6 (Prop_lut6_I0_O)        0.045     0.814 r  datapath/rightChannelMemory/dc_bias[3]_i_27/O
                         net (fo=1, routed)           0.000     0.814    datapath/rightChannelMemory/dc_bias[3]_i_27_n_0
    SLICE_X140Y124       CARRY4 (Prop_carry4_S[0]_CO[3])
                                                      0.145     0.959 f  datapath/rightChannelMemory/dc_bias_reg[3]_i_8/CO[3]
                         net (fo=2, routed)           0.402     1.361    datapath/rightChannelMemory/CO[0]
    SLICE_X142Y126       LUT5 (Prop_lut5_I1_O)        0.045     1.406 f  datapath/rightChannelMemory/dc_bias[3]_i_11__0/O
                         net (fo=3, routed)           0.353     1.759    datapath/video_inst/Inst_vga/vga_signal_gen/encoded_reg[8]
    SLICE_X152Y127       LUT3 (Prop_lut3_I2_O)        0.045     1.804 r  datapath/video_inst/Inst_vga/vga_signal_gen/dc_bias[2]_i_2/O
                         net (fo=5, routed)           0.180     1.984    datapath/video_inst/inst_dvid/TDMS_encoder_green/dc_bias_reg[0]_0
    SLICE_X152Y128       LUT6 (Prop_lut6_I3_O)        0.045     2.029 r  datapath/video_inst/inst_dvid/TDMS_encoder_green/dc_bias[1]_i_1__1/O
                         net (fo=1, routed)           0.000     2.029    datapath/video_inst/inst_dvid/TDMS_encoder_green/dc_bias[1]_i_1__1_n_0
    SLICE_X152Y128       FDRE                                         r  datapath/video_inst/inst_dvid/TDMS_encoder_green/dc_bias_reg[1]/D
  -------------------------------------------------------------------    -------------------

                         (clock clk_out1_clk_wiz_0 rise edge)
                                                      0.000     0.000 r  
    BUFGCTRL_X0Y2        BUFG                         0.000     0.000 r  clk_IBUF_BUFG_inst/O
                         net (fo=305, routed)         1.022     1.022    datapath/video_inst/mmcm_adv_inst_display_clocks/inst/clk_in1
    MMCME2_ADV_X1Y0      MMCME2_ADV (Prop_mmcme2_adv_CLKIN1_CLKOUT0)
                                                     -2.040    -1.018 r  datapath/video_inst/mmcm_adv_inst_display_clocks/inst/mmcm_adv_inst/CLKOUT0
                         net (fo=1, routed)           0.989    -0.029    datapath/video_inst/mmcm_adv_inst_display_clocks/inst/clk_out1_clk_wiz_0
    BUFGCTRL_X0Y4        BUFG (Prop_bufg_I_O)         0.029    -0.000 r  datapath/video_inst/mmcm_adv_inst_display_clocks/inst/clkout1_buf/O
                         net (fo=87, routed)          0.881     0.881    datapath/video_inst/inst_dvid/TDMS_encoder_green/CLK
    SLICE_X152Y128       FDRE                                         r  datapath/video_inst/inst_dvid/TDMS_encoder_green/dc_bias_reg[1]/C

Slack:                    inf
  Source:                 datapath/rightChannelMemory/sdp_bl.ramb18_dp_bl.ram18_bl/CLKARDCLK
                            (rising edge-triggered cell RAMB18E1)
  Destination:            datapath/video_inst/inst_dvid/TDMS_encoder_blue/encoded_reg[2]/D
                            (rising edge-triggered cell FDRE clocked by clk_out1_clk_wiz_0  {rise@0.000ns fall@20.000ns period=40.000ns})
  Path Group:             (none)
  Path Type:              Hold (Min at Fast Process Corner)
  Data Path Delay:        2.056ns  (logic 0.910ns (44.264%)  route 1.146ns (55.736%))
  Logic Levels:           6  (CARRY4=1 LUT3=1 LUT4=1 LUT6=2 RAMB18E1=1)
  Clock Uncertainty:      0.190ns  ((TSJ^2 + DJ^2)^1/2) / 2 + PE
    Total System Jitter     (TSJ):    0.050ns
    Discrete Jitter          (DJ):    0.175ns
    Phase Error              (PE):    0.099ns

    Location             Delay type                Incr(ns)  Path(ns)    Netlist Resource(s)
  -------------------------------------------------------------------    -------------------
    RAMB18_X7Y49         RAMB18E1                     0.000     0.000 r  datapath/rightChannelMemory/sdp_bl.ramb18_dp_bl.ram18_bl/CLKARDCLK
    RAMB18_X7Y49         RAMB18E1 (Prop_ramb18e1_CLKARDCLK_DOADO[7])
                                                      0.585     0.585 r  datapath/rightChannelMemory/sdp_bl.ramb18_dp_bl.ram18_bl/DOADO[7]
                         net (fo=1, routed)           0.184     0.769    datapath/rightChannelMemory/ch2[from_bram][7]
    SLICE_X140Y124       LUT6 (Prop_lut6_I0_O)        0.045     0.814 r  datapath/rightChannelMemory/dc_bias[3]_i_27/O
                         net (fo=1, routed)           0.000     0.814    datapath/rightChannelMemory/dc_bias[3]_i_27_n_0
    SLICE_X140Y124       CARRY4 (Prop_carry4_S[0]_CO[3])
                                                      0.145     0.959 r  datapath/rightChannelMemory/dc_bias_reg[3]_i_8/CO[3]
                         net (fo=2, routed)           0.486     1.445    datapath/video_inst/Inst_vga/vga_signal_gen/dc_bias[3]_i_4[0]
    SLICE_X142Y126       LUT3 (Prop_lut3_I1_O)        0.045     1.490 r  datapath/video_inst/Inst_vga/vga_signal_gen/dc_bias[3]_i_3__1/O
                         net (fo=8, routed)           0.325     1.815    datapath/video_inst/Inst_vga/vga_signal_gen/position_reg[row][9]_0
    SLICE_X152Y127       LUT4 (Prop_lut4_I0_O)        0.045     1.860 r  datapath/video_inst/Inst_vga/vga_signal_gen/dc_bias[3]_i_2/O
                         net (fo=12, routed)          0.151     2.011    datapath/video_inst/Inst_vga/vga_signal_gen/dc_bias[3]_i_6_0
    SLICE_X152Y125       LUT6 (Prop_lut6_I4_O)        0.045     2.056 r  datapath/video_inst/Inst_vga/vga_signal_gen/encoded[2]_i_1/O
                         net (fo=1, routed)           0.000     2.056    datapath/video_inst/inst_dvid/TDMS_encoder_blue/encoded_reg[2]_0
    SLICE_X152Y125       FDRE                                         r  datapath/video_inst/inst_dvid/TDMS_encoder_blue/encoded_reg[2]/D
  -------------------------------------------------------------------    -------------------

                         (clock clk_out1_clk_wiz_0 rise edge)
                                                      0.000     0.000 r  
    BUFGCTRL_X0Y2        BUFG                         0.000     0.000 r  clk_IBUF_BUFG_inst/O
                         net (fo=305, routed)         1.022     1.022    datapath/video_inst/mmcm_adv_inst_display_clocks/inst/clk_in1
    MMCME2_ADV_X1Y0      MMCME2_ADV (Prop_mmcme2_adv_CLKIN1_CLKOUT0)
                                                     -2.040    -1.018 r  datapath/video_inst/mmcm_adv_inst_display_clocks/inst/mmcm_adv_inst/CLKOUT0
                         net (fo=1, routed)           0.989    -0.029    datapath/video_inst/mmcm_adv_inst_display_clocks/inst/clk_out1_clk_wiz_0
    BUFGCTRL_X0Y4        BUFG (Prop_bufg_I_O)         0.029    -0.000 r  datapath/video_inst/mmcm_adv_inst_display_clocks/inst/clkout1_buf/O
                         net (fo=87, routed)          0.877     0.877    datapath/video_inst/inst_dvid/TDMS_encoder_blue/CLK
    SLICE_X152Y125       FDRE                                         r  datapath/video_inst/inst_dvid/TDMS_encoder_blue/encoded_reg[2]/C

Slack:                    inf
  Source:                 datapath/triggerT_stepper/q_reg[6]/C
                            (rising edge-triggered cell FDRE)
  Destination:            datapath/video_inst/inst_dvid/TDMS_encoder_green/encoded_reg[0]/D
                            (rising edge-triggered cell FDRE clocked by clk_out1_clk_wiz_0  {rise@0.000ns fall@20.000ns period=40.000ns})
  Path Group:             (none)
  Path Type:              Hold (Min at Fast Process Corner)
  Data Path Delay:        2.061ns  (logic 0.695ns (33.721%)  route 1.366ns (66.279%))
  Logic Levels:           8  (CARRY4=2 FDRE=1 LUT2=1 LUT3=1 LUT6=3)
  Clock Uncertainty:      0.190ns  ((TSJ^2 + DJ^2)^1/2) / 2 + PE
    Total System Jitter     (TSJ):    0.050ns
    Discrete Jitter          (DJ):    0.175ns
    Phase Error              (PE):    0.099ns

    Location             Delay type                Incr(ns)  Path(ns)    Netlist Resource(s)
  -------------------------------------------------------------------    -------------------
    SLICE_X149Y118       FDRE                         0.000     0.000 r  datapath/triggerT_stepper/q_reg[6]/C
    SLICE_X149Y118       FDRE (Prop_fdre_C_Q)         0.141     0.141 r  datapath/triggerT_stepper/q_reg[6]/Q
                         net (fo=1, routed)           0.105     0.246    datapath/video_inst/Inst_vga/vga_signal_gen/is_trigger_time1_carry_i_23_0[5]
    SLICE_X149Y119       LUT2 (Prop_lut2_I1_O)        0.045     0.291 r  datapath/video_inst/Inst_vga/vga_signal_gen/is_trigger_time1_carry_i_38/O
                         net (fo=1, routed)           0.000     0.291    datapath/video_inst/Inst_vga/vga_signal_gen/is_trigger_time1_carry_i_38_n_0
    SLICE_X149Y119       CARRY4 (Prop_carry4_S[2]_CO[3])
                                                      0.115     0.406 r  datapath/video_inst/Inst_vga/vga_signal_gen/is_trigger_time1_carry_i_27/CO[3]
                         net (fo=1, routed)           0.000     0.406    datapath/video_inst/Inst_vga/vga_signal_gen/is_trigger_time1_carry_i_27_n_0
    SLICE_X149Y120       CARRY4 (Prop_carry4_CI_O[1])
                                                      0.091     0.497 r  datapath/video_inst/Inst_vga/vga_signal_gen/is_trigger_time1_carry_i_23/O[1]
                         net (fo=13, routed)          0.201     0.698    datapath/video_inst/Inst_vga/vga_signal_gen/is_trigger_time1_carry_i_23_n_6
    SLICE_X150Y121       LUT6 (Prop_lut6_I1_O)        0.107     0.805 f  datapath/video_inst/Inst_vga/vga_signal_gen/is_trigger_time1_carry__0_i_7/O
                         net (fo=2, routed)           0.383     1.188    datapath/video_inst/Inst_vga/vga_signal_gen/is_trigger_time1_carry__0_i_7_0[1]
    SLICE_X149Y123       LUT6 (Prop_lut6_I5_O)        0.045     1.233 r  datapath/video_inst/Inst_vga/vga_signal_gen/dc_bias[3]_i_5__0/O
                         net (fo=11, routed)          0.463     1.696    datapath/video_inst/Inst_vga/vga_signal_gen/position_reg[row][9]_1
    SLICE_X151Y127       LUT3 (Prop_lut3_I0_O)        0.044     1.740 f  datapath/video_inst/Inst_vga/vga_signal_gen/encoded[2]_i_2/O
                         net (fo=4, routed)           0.214     1.954    datapath/video_inst/inst_dvid/TDMS_encoder_green/encoded_reg[0]_0
    SLICE_X152Y129       LUT6 (Prop_lut6_I5_O)        0.107     2.061 r  datapath/video_inst/inst_dvid/TDMS_encoder_green/encoded[0]_i_1__0/O
                         net (fo=1, routed)           0.000     2.061    datapath/video_inst/inst_dvid/TDMS_encoder_green/encoded[0]_i_1__0_n_0
    SLICE_X152Y129       FDRE                                         r  datapath/video_inst/inst_dvid/TDMS_encoder_green/encoded_reg[0]/D
  -------------------------------------------------------------------    -------------------

                         (clock clk_out1_clk_wiz_0 rise edge)
                                                      0.000     0.000 r  
    BUFGCTRL_X0Y2        BUFG                         0.000     0.000 r  clk_IBUF_BUFG_inst/O
                         net (fo=305, routed)         1.022     1.022    datapath/video_inst/mmcm_adv_inst_display_clocks/inst/clk_in1
    MMCME2_ADV_X1Y0      MMCME2_ADV (Prop_mmcme2_adv_CLKIN1_CLKOUT0)
                                                     -2.040    -1.018 r  datapath/video_inst/mmcm_adv_inst_display_clocks/inst/mmcm_adv_inst/CLKOUT0
                         net (fo=1, routed)           0.989    -0.029    datapath/video_inst/mmcm_adv_inst_display_clocks/inst/clk_out1_clk_wiz_0
    BUFGCTRL_X0Y4        BUFG (Prop_bufg_I_O)         0.029    -0.000 r  datapath/video_inst/mmcm_adv_inst_display_clocks/inst/clkout1_buf/O
                         net (fo=87, routed)          0.882     0.882    datapath/video_inst/inst_dvid/TDMS_encoder_green/CLK
    SLICE_X152Y129       FDRE                                         r  datapath/video_inst/inst_dvid/TDMS_encoder_green/encoded_reg[0]/C

Slack:                    inf
  Source:                 datapath/triggerT_stepper/q_reg[6]/C
                            (rising edge-triggered cell FDRE)
  Destination:            datapath/video_inst/inst_dvid/TDMS_encoder_green/encoded_reg[2]/D
                            (rising edge-triggered cell FDRE clocked by clk_out1_clk_wiz_0  {rise@0.000ns fall@20.000ns period=40.000ns})
  Path Group:             (none)
  Path Type:              Hold (Min at Fast Process Corner)
  Data Path Delay:        2.061ns  (logic 0.695ns (33.721%)  route 1.366ns (66.279%))
  Logic Levels:           8  (CARRY4=2 FDRE=1 LUT2=1 LUT3=1 LUT6=3)
  Clock Uncertainty:      0.190ns  ((TSJ^2 + DJ^2)^1/2) / 2 + PE
    Total System Jitter     (TSJ):    0.050ns
    Discrete Jitter          (DJ):    0.175ns
    Phase Error              (PE):    0.099ns

    Location             Delay type                Incr(ns)  Path(ns)    Netlist Resource(s)
  -------------------------------------------------------------------    -------------------
    SLICE_X149Y118       FDRE                         0.000     0.000 r  datapath/triggerT_stepper/q_reg[6]/C
    SLICE_X149Y118       FDRE (Prop_fdre_C_Q)         0.141     0.141 r  datapath/triggerT_stepper/q_reg[6]/Q
                         net (fo=1, routed)           0.105     0.246    datapath/video_inst/Inst_vga/vga_signal_gen/is_trigger_time1_carry_i_23_0[5]
    SLICE_X149Y119       LUT2 (Prop_lut2_I1_O)        0.045     0.291 r  datapath/video_inst/Inst_vga/vga_signal_gen/is_trigger_time1_carry_i_38/O
                         net (fo=1, routed)           0.000     0.291    datapath/video_inst/Inst_vga/vga_signal_gen/is_trigger_time1_carry_i_38_n_0
    SLICE_X149Y119       CARRY4 (Prop_carry4_S[2]_CO[3])
                                                      0.115     0.406 r  datapath/video_inst/Inst_vga/vga_signal_gen/is_trigger_time1_carry_i_27/CO[3]
                         net (fo=1, routed)           0.000     0.406    datapath/video_inst/Inst_vga/vga_signal_gen/is_trigger_time1_carry_i_27_n_0
    SLICE_X149Y120       CARRY4 (Prop_carry4_CI_O[1])
                                                      0.091     0.497 r  datapath/video_inst/Inst_vga/vga_signal_gen/is_trigger_time1_carry_i_23/O[1]
                         net (fo=13, routed)          0.201     0.698    datapath/video_inst/Inst_vga/vga_signal_gen/is_trigger_time1_carry_i_23_n_6
    SLICE_X150Y121       LUT6 (Prop_lut6_I1_O)        0.107     0.805 f  datapath/video_inst/Inst_vga/vga_signal_gen/is_trigger_time1_carry__0_i_7/O
                         net (fo=2, routed)           0.383     1.188    datapath/video_inst/Inst_vga/vga_signal_gen/is_trigger_time1_carry__0_i_7_0[1]
    SLICE_X149Y123       LUT6 (Prop_lut6_I5_O)        0.045     1.233 r  datapath/video_inst/Inst_vga/vga_signal_gen/dc_bias[3]_i_5__0/O
                         net (fo=11, routed)          0.463     1.696    datapath/video_inst/Inst_vga/vga_signal_gen/position_reg[row][9]_1
    SLICE_X151Y127       LUT3 (Prop_lut3_I0_O)        0.044     1.740 f  datapath/video_inst/Inst_vga/vga_signal_gen/encoded[2]_i_2/O
                         net (fo=4, routed)           0.214     1.954    datapath/video_inst/inst_dvid/TDMS_encoder_green/encoded_reg[0]_0
    SLICE_X152Y129       LUT6 (Prop_lut6_I5_O)        0.107     2.061 r  datapath/video_inst/inst_dvid/TDMS_encoder_green/encoded[2]_i_1__1/O
                         net (fo=1, routed)           0.000     2.061    datapath/video_inst/inst_dvid/TDMS_encoder_green/encoded[2]_i_1__1_n_0
    SLICE_X152Y129       FDRE                                         r  datapath/video_inst/inst_dvid/TDMS_encoder_green/encoded_reg[2]/D
  -------------------------------------------------------------------    -------------------

                         (clock clk_out1_clk_wiz_0 rise edge)
                                                      0.000     0.000 r  
    BUFGCTRL_X0Y2        BUFG                         0.000     0.000 r  clk_IBUF_BUFG_inst/O
                         net (fo=305, routed)         1.022     1.022    datapath/video_inst/mmcm_adv_inst_display_clocks/inst/clk_in1
    MMCME2_ADV_X1Y0      MMCME2_ADV (Prop_mmcme2_adv_CLKIN1_CLKOUT0)
                                                     -2.040    -1.018 r  datapath/video_inst/mmcm_adv_inst_display_clocks/inst/mmcm_adv_inst/CLKOUT0
                         net (fo=1, routed)           0.989    -0.029    datapath/video_inst/mmcm_adv_inst_display_clocks/inst/clk_out1_clk_wiz_0
    BUFGCTRL_X0Y4        BUFG (Prop_bufg_I_O)         0.029    -0.000 r  datapath/video_inst/mmcm_adv_inst_display_clocks/inst/clkout1_buf/O
                         net (fo=87, routed)          0.882     0.882    datapath/video_inst/inst_dvid/TDMS_encoder_green/CLK
    SLICE_X152Y129       FDRE                                         r  datapath/video_inst/inst_dvid/TDMS_encoder_green/encoded_reg[2]/C





--------------------------------------------------------------------------------------
Path Group:  (none)
From Clock:  
  To Clock:  clk_out2_clk_wiz_1

Max Delay            30 Endpoints
Min Delay            30 Endpoints
--------------------------------------------------------------------------------------


Max Delay Paths
--------------------------------------------------------------------------------------
Slack:                    inf
  Source:                 reset_n
                            (input port)
  Destination:            datapath/Audio_Codec/initialize_audio/initA_reg[2]/R
                            (rising edge-triggered cell FDRE clocked by clk_out2_clk_wiz_1  {rise@0.000ns fall@10.000ns period=20.000ns})
  Path Group:             (none)
  Path Type:              Setup (Max at Slow Process Corner)
  Data Path Delay:        8.273ns  (logic 1.178ns (14.236%)  route 7.095ns (85.764%))
  Logic Levels:           2  (IBUF=1 LUT1=1)
  Clock Path Skew:        1.699ns (DCD - SCD + CPR)
    Destination Clock Delay (DCD):    1.699ns
    Source Clock Delay      (SCD):    0.000ns
    Clock Pessimism Removal (CPR):    0.000ns
  Clock Uncertainty:      0.178ns  ((TSJ^2 + DJ^2)^1/2) / 2 + PE
    Total System Jitter     (TSJ):    0.050ns
    Discrete Jitter          (DJ):    0.152ns
    Phase Error              (PE):    0.099ns

    Location             Delay type                Incr(ns)  Path(ns)    Netlist Resource(s)
  -------------------------------------------------------------------    -------------------
    G4                                                0.000     0.000 f  reset_n (IN)
                         net (fo=0)                   0.000     0.000    reset_n
    G4                   IBUF (Prop_ibuf_I_O)         1.062     1.062 f  reset_n_IBUF_inst/O
                         net (fo=45, routed)          4.601     5.663    datapath/Audio_Codec/audio_inout/reset_n_IBUF
    SLICE_X142Y117       LUT1 (Prop_lut1_I0_O)        0.116     5.779 r  datapath/Audio_Codec/audio_inout/process_q[10]_i_1/O
                         net (fo=147, routed)         2.495     8.273    datapath/Audio_Codec/initialize_audio/SR[0]
    SLICE_X158Y128       FDRE                                         r  datapath/Audio_Codec/initialize_audio/initA_reg[2]/R
  -------------------------------------------------------------------    -------------------

                         (clock clk_out2_clk_wiz_1 rise edge)
                                                      0.000     0.000 r  
    BUFGCTRL_X0Y2        BUFG                         0.000     0.000 r  clk_IBUF_BUFG_inst/O
                         net (fo=305, routed)         1.643     1.643    datapath/Audio_Codec/audiocodec_master_clock/inst/clk_in1
    MMCME2_ADV_X0Y2      MMCME2_ADV (Prop_mmcme2_adv_CLKIN1_CLKOUT1)
                                                     -3.494    -1.851 r  datapath/Audio_Codec/audiocodec_master_clock/inst/mmcm_adv_inst/CLKOUT1
                         net (fo=1, routed)           1.760    -0.091    datapath/Audio_Codec/audiocodec_master_clock/inst/clk_out2_clk_wiz_1
    BUFGCTRL_X0Y3        BUFG (Prop_bufg_I_O)         0.091     0.000 r  datapath/Audio_Codec/audiocodec_master_clock/inst/clkout2_buf/O
                         net (fo=115, routed)         1.699     1.699    datapath/Audio_Codec/initialize_audio/CLK
    SLICE_X158Y128       FDRE                                         r  datapath/Audio_Codec/initialize_audio/initA_reg[2]/C

Slack:                    inf
  Source:                 reset_n
                            (input port)
  Destination:            datapath/Audio_Codec/initialize_audio/initA_reg[3]/R
                            (rising edge-triggered cell FDRE clocked by clk_out2_clk_wiz_1  {rise@0.000ns fall@10.000ns period=20.000ns})
  Path Group:             (none)
  Path Type:              Setup (Max at Slow Process Corner)
  Data Path Delay:        8.273ns  (logic 1.178ns (14.236%)  route 7.095ns (85.764%))
  Logic Levels:           2  (IBUF=1 LUT1=1)
  Clock Path Skew:        1.699ns (DCD - SCD + CPR)
    Destination Clock Delay (DCD):    1.699ns
    Source Clock Delay      (SCD):    0.000ns
    Clock Pessimism Removal (CPR):    0.000ns
  Clock Uncertainty:      0.178ns  ((TSJ^2 + DJ^2)^1/2) / 2 + PE
    Total System Jitter     (TSJ):    0.050ns
    Discrete Jitter          (DJ):    0.152ns
    Phase Error              (PE):    0.099ns

    Location             Delay type                Incr(ns)  Path(ns)    Netlist Resource(s)
  -------------------------------------------------------------------    -------------------
    G4                                                0.000     0.000 f  reset_n (IN)
                         net (fo=0)                   0.000     0.000    reset_n
    G4                   IBUF (Prop_ibuf_I_O)         1.062     1.062 f  reset_n_IBUF_inst/O
                         net (fo=45, routed)          4.601     5.663    datapath/Audio_Codec/audio_inout/reset_n_IBUF
    SLICE_X142Y117       LUT1 (Prop_lut1_I0_O)        0.116     5.779 r  datapath/Audio_Codec/audio_inout/process_q[10]_i_1/O
                         net (fo=147, routed)         2.495     8.273    datapath/Audio_Codec/initialize_audio/SR[0]
    SLICE_X158Y128       FDRE                                         r  datapath/Audio_Codec/initialize_audio/initA_reg[3]/R
  -------------------------------------------------------------------    -------------------

                         (clock clk_out2_clk_wiz_1 rise edge)
                                                      0.000     0.000 r  
    BUFGCTRL_X0Y2        BUFG                         0.000     0.000 r  clk_IBUF_BUFG_inst/O
                         net (fo=305, routed)         1.643     1.643    datapath/Audio_Codec/audiocodec_master_clock/inst/clk_in1
    MMCME2_ADV_X0Y2      MMCME2_ADV (Prop_mmcme2_adv_CLKIN1_CLKOUT1)
                                                     -3.494    -1.851 r  datapath/Audio_Codec/audiocodec_master_clock/inst/mmcm_adv_inst/CLKOUT1
                         net (fo=1, routed)           1.760    -0.091    datapath/Audio_Codec/audiocodec_master_clock/inst/clk_out2_clk_wiz_1
    BUFGCTRL_X0Y3        BUFG (Prop_bufg_I_O)         0.091     0.000 r  datapath/Audio_Codec/audiocodec_master_clock/inst/clkout2_buf/O
                         net (fo=115, routed)         1.699     1.699    datapath/Audio_Codec/initialize_audio/CLK
    SLICE_X158Y128       FDRE                                         r  datapath/Audio_Codec/initialize_audio/initA_reg[3]/C

Slack:                    inf
  Source:                 reset_n
                            (input port)
  Destination:            datapath/Audio_Codec/initialize_audio/initA_reg[5]/R
                            (rising edge-triggered cell FDRE clocked by clk_out2_clk_wiz_1  {rise@0.000ns fall@10.000ns period=20.000ns})
  Path Group:             (none)
  Path Type:              Setup (Max at Slow Process Corner)
  Data Path Delay:        8.273ns  (logic 1.178ns (14.236%)  route 7.095ns (85.764%))
  Logic Levels:           2  (IBUF=1 LUT1=1)
  Clock Path Skew:        1.699ns (DCD - SCD + CPR)
    Destination Clock Delay (DCD):    1.699ns
    Source Clock Delay      (SCD):    0.000ns
    Clock Pessimism Removal (CPR):    0.000ns
  Clock Uncertainty:      0.178ns  ((TSJ^2 + DJ^2)^1/2) / 2 + PE
    Total System Jitter     (TSJ):    0.050ns
    Discrete Jitter          (DJ):    0.152ns
    Phase Error              (PE):    0.099ns

    Location             Delay type                Incr(ns)  Path(ns)    Netlist Resource(s)
  -------------------------------------------------------------------    -------------------
    G4                                                0.000     0.000 f  reset_n (IN)
                         net (fo=0)                   0.000     0.000    reset_n
    G4                   IBUF (Prop_ibuf_I_O)         1.062     1.062 f  reset_n_IBUF_inst/O
                         net (fo=45, routed)          4.601     5.663    datapath/Audio_Codec/audio_inout/reset_n_IBUF
    SLICE_X142Y117       LUT1 (Prop_lut1_I0_O)        0.116     5.779 r  datapath/Audio_Codec/audio_inout/process_q[10]_i_1/O
                         net (fo=147, routed)         2.495     8.273    datapath/Audio_Codec/initialize_audio/SR[0]
    SLICE_X158Y128       FDRE                                         r  datapath/Audio_Codec/initialize_audio/initA_reg[5]/R
  -------------------------------------------------------------------    -------------------

                         (clock clk_out2_clk_wiz_1 rise edge)
                                                      0.000     0.000 r  
    BUFGCTRL_X0Y2        BUFG                         0.000     0.000 r  clk_IBUF_BUFG_inst/O
                         net (fo=305, routed)         1.643     1.643    datapath/Audio_Codec/audiocodec_master_clock/inst/clk_in1
    MMCME2_ADV_X0Y2      MMCME2_ADV (Prop_mmcme2_adv_CLKIN1_CLKOUT1)
                                                     -3.494    -1.851 r  datapath/Audio_Codec/audiocodec_master_clock/inst/mmcm_adv_inst/CLKOUT1
                         net (fo=1, routed)           1.760    -0.091    datapath/Audio_Codec/audiocodec_master_clock/inst/clk_out2_clk_wiz_1
    BUFGCTRL_X0Y3        BUFG (Prop_bufg_I_O)         0.091     0.000 r  datapath/Audio_Codec/audiocodec_master_clock/inst/clkout2_buf/O
                         net (fo=115, routed)         1.699     1.699    datapath/Audio_Codec/initialize_audio/CLK
    SLICE_X158Y128       FDRE                                         r  datapath/Audio_Codec/initialize_audio/initA_reg[5]/C

Slack:                    inf
  Source:                 reset_n
                            (input port)
  Destination:            datapath/Audio_Codec/initialize_audio/initA_reg[6]/R
                            (rising edge-triggered cell FDRE clocked by clk_out2_clk_wiz_1  {rise@0.000ns fall@10.000ns period=20.000ns})
  Path Group:             (none)
  Path Type:              Setup (Max at Slow Process Corner)
  Data Path Delay:        8.273ns  (logic 1.178ns (14.236%)  route 7.095ns (85.764%))
  Logic Levels:           2  (IBUF=1 LUT1=1)
  Clock Path Skew:        1.699ns (DCD - SCD + CPR)
    Destination Clock Delay (DCD):    1.699ns
    Source Clock Delay      (SCD):    0.000ns
    Clock Pessimism Removal (CPR):    0.000ns
  Clock Uncertainty:      0.178ns  ((TSJ^2 + DJ^2)^1/2) / 2 + PE
    Total System Jitter     (TSJ):    0.050ns
    Discrete Jitter          (DJ):    0.152ns
    Phase Error              (PE):    0.099ns

    Location             Delay type                Incr(ns)  Path(ns)    Netlist Resource(s)
  -------------------------------------------------------------------    -------------------
    G4                                                0.000     0.000 f  reset_n (IN)
                         net (fo=0)                   0.000     0.000    reset_n
    G4                   IBUF (Prop_ibuf_I_O)         1.062     1.062 f  reset_n_IBUF_inst/O
                         net (fo=45, routed)          4.601     5.663    datapath/Audio_Codec/audio_inout/reset_n_IBUF
    SLICE_X142Y117       LUT1 (Prop_lut1_I0_O)        0.116     5.779 r  datapath/Audio_Codec/audio_inout/process_q[10]_i_1/O
                         net (fo=147, routed)         2.495     8.273    datapath/Audio_Codec/initialize_audio/SR[0]
    SLICE_X158Y128       FDRE                                         r  datapath/Audio_Codec/initialize_audio/initA_reg[6]/R
  -------------------------------------------------------------------    -------------------

                         (clock clk_out2_clk_wiz_1 rise edge)
                                                      0.000     0.000 r  
    BUFGCTRL_X0Y2        BUFG                         0.000     0.000 r  clk_IBUF_BUFG_inst/O
                         net (fo=305, routed)         1.643     1.643    datapath/Audio_Codec/audiocodec_master_clock/inst/clk_in1
    MMCME2_ADV_X0Y2      MMCME2_ADV (Prop_mmcme2_adv_CLKIN1_CLKOUT1)
                                                     -3.494    -1.851 r  datapath/Audio_Codec/audiocodec_master_clock/inst/mmcm_adv_inst/CLKOUT1
                         net (fo=1, routed)           1.760    -0.091    datapath/Audio_Codec/audiocodec_master_clock/inst/clk_out2_clk_wiz_1
    BUFGCTRL_X0Y3        BUFG (Prop_bufg_I_O)         0.091     0.000 r  datapath/Audio_Codec/audiocodec_master_clock/inst/clkout2_buf/O
                         net (fo=115, routed)         1.699     1.699    datapath/Audio_Codec/initialize_audio/CLK
    SLICE_X158Y128       FDRE                                         r  datapath/Audio_Codec/initialize_audio/initA_reg[6]/C

Slack:                    inf
  Source:                 reset_n
                            (input port)
  Destination:            datapath/Audio_Codec/initialize_audio/state_reg[2]/S
                            (rising edge-triggered cell FDSE clocked by clk_out2_clk_wiz_1  {rise@0.000ns fall@10.000ns period=20.000ns})
  Path Group:             (none)
  Path Type:              Setup (Max at Slow Process Corner)
  Data Path Delay:        8.215ns  (logic 1.178ns (14.337%)  route 7.037ns (85.663%))
  Logic Levels:           2  (IBUF=1 LUT1=1)
  Clock Path Skew:        1.694ns (DCD - SCD + CPR)
    Destination Clock Delay (DCD):    1.694ns
    Source Clock Delay      (SCD):    0.000ns
    Clock Pessimism Removal (CPR):    0.000ns
  Clock Uncertainty:      0.178ns  ((TSJ^2 + DJ^2)^1/2) / 2 + PE
    Total System Jitter     (TSJ):    0.050ns
    Discrete Jitter          (DJ):    0.152ns
    Phase Error              (PE):    0.099ns

    Location             Delay type                Incr(ns)  Path(ns)    Netlist Resource(s)
  -------------------------------------------------------------------    -------------------
    G4                                                0.000     0.000 f  reset_n (IN)
                         net (fo=0)                   0.000     0.000    reset_n
    G4                   IBUF (Prop_ibuf_I_O)         1.062     1.062 f  reset_n_IBUF_inst/O
                         net (fo=45, routed)          4.601     5.663    datapath/Audio_Codec/audio_inout/reset_n_IBUF
    SLICE_X142Y117       LUT1 (Prop_lut1_I0_O)        0.116     5.779 r  datapath/Audio_Codec/audio_inout/process_q[10]_i_1/O
                         net (fo=147, routed)         2.436     8.215    datapath/Audio_Codec/initialize_audio/SR[0]
    SLICE_X158Y125       FDSE                                         r  datapath/Audio_Codec/initialize_audio/state_reg[2]/S
  -------------------------------------------------------------------    -------------------

                         (clock clk_out2_clk_wiz_1 rise edge)
                                                      0.000     0.000 r  
    BUFGCTRL_X0Y2        BUFG                         0.000     0.000 r  clk_IBUF_BUFG_inst/O
                         net (fo=305, routed)         1.643     1.643    datapath/Audio_Codec/audiocodec_master_clock/inst/clk_in1
    MMCME2_ADV_X0Y2      MMCME2_ADV (Prop_mmcme2_adv_CLKIN1_CLKOUT1)
                                                     -3.494    -1.851 r  datapath/Audio_Codec/audiocodec_master_clock/inst/mmcm_adv_inst/CLKOUT1
                         net (fo=1, routed)           1.760    -0.091    datapath/Audio_Codec/audiocodec_master_clock/inst/clk_out2_clk_wiz_1
    BUFGCTRL_X0Y3        BUFG (Prop_bufg_I_O)         0.091     0.000 r  datapath/Audio_Codec/audiocodec_master_clock/inst/clkout2_buf/O
                         net (fo=115, routed)         1.694     1.694    datapath/Audio_Codec/initialize_audio/CLK
    SLICE_X158Y125       FDSE                                         r  datapath/Audio_Codec/initialize_audio/state_reg[2]/C

Slack:                    inf
  Source:                 reset_n
                            (input port)
  Destination:            datapath/Audio_Codec/initialize_audio/state_reg[0]/R
                            (rising edge-triggered cell FDRE clocked by clk_out2_clk_wiz_1  {rise@0.000ns fall@10.000ns period=20.000ns})
  Path Group:             (none)
  Path Type:              Setup (Max at Slow Process Corner)
  Data Path Delay:        8.135ns  (logic 1.178ns (14.478%)  route 6.957ns (85.522%))
  Logic Levels:           2  (IBUF=1 LUT1=1)
  Clock Path Skew:        1.697ns (DCD - SCD + CPR)
    Destination Clock Delay (DCD):    1.697ns
    Source Clock Delay      (SCD):    0.000ns
    Clock Pessimism Removal (CPR):    0.000ns
  Clock Uncertainty:      0.178ns  ((TSJ^2 + DJ^2)^1/2) / 2 + PE
    Total System Jitter     (TSJ):    0.050ns
    Discrete Jitter          (DJ):    0.152ns
    Phase Error              (PE):    0.099ns

    Location             Delay type                Incr(ns)  Path(ns)    Netlist Resource(s)
  -------------------------------------------------------------------    -------------------
    G4                                                0.000     0.000 f  reset_n (IN)
                         net (fo=0)                   0.000     0.000    reset_n
    G4                   IBUF (Prop_ibuf_I_O)         1.062     1.062 f  reset_n_IBUF_inst/O
                         net (fo=45, routed)          4.601     5.663    datapath/Audio_Codec/audio_inout/reset_n_IBUF
    SLICE_X142Y117       LUT1 (Prop_lut1_I0_O)        0.116     5.779 r  datapath/Audio_Codec/audio_inout/process_q[10]_i_1/O
                         net (fo=147, routed)         2.356     8.135    datapath/Audio_Codec/initialize_audio/SR[0]
    SLICE_X158Y127       FDRE                                         r  datapath/Audio_Codec/initialize_audio/state_reg[0]/R
  -------------------------------------------------------------------    -------------------

                         (clock clk_out2_clk_wiz_1 rise edge)
                                                      0.000     0.000 r  
    BUFGCTRL_X0Y2        BUFG                         0.000     0.000 r  clk_IBUF_BUFG_inst/O
                         net (fo=305, routed)         1.643     1.643    datapath/Audio_Codec/audiocodec_master_clock/inst/clk_in1
    MMCME2_ADV_X0Y2      MMCME2_ADV (Prop_mmcme2_adv_CLKIN1_CLKOUT1)
                                                     -3.494    -1.851 r  datapath/Audio_Codec/audiocodec_master_clock/inst/mmcm_adv_inst/CLKOUT1
                         net (fo=1, routed)           1.760    -0.091    datapath/Audio_Codec/audiocodec_master_clock/inst/clk_out2_clk_wiz_1
    BUFGCTRL_X0Y3        BUFG (Prop_bufg_I_O)         0.091     0.000 r  datapath/Audio_Codec/audiocodec_master_clock/inst/clkout2_buf/O
                         net (fo=115, routed)         1.697     1.697    datapath/Audio_Codec/initialize_audio/CLK
    SLICE_X158Y127       FDRE                                         r  datapath/Audio_Codec/initialize_audio/state_reg[0]/C

Slack:                    inf
  Source:                 reset_n
                            (input port)
  Destination:            datapath/Audio_Codec/initialize_audio/state_reg[1]/S
                            (rising edge-triggered cell FDSE clocked by clk_out2_clk_wiz_1  {rise@0.000ns fall@10.000ns period=20.000ns})
  Path Group:             (none)
  Path Type:              Setup (Max at Slow Process Corner)
  Data Path Delay:        8.135ns  (logic 1.178ns (14.478%)  route 6.957ns (85.522%))
  Logic Levels:           2  (IBUF=1 LUT1=1)
  Clock Path Skew:        1.697ns (DCD - SCD + CPR)
    Destination Clock Delay (DCD):    1.697ns
    Source Clock Delay      (SCD):    0.000ns
    Clock Pessimism Removal (CPR):    0.000ns
  Clock Uncertainty:      0.178ns  ((TSJ^2 + DJ^2)^1/2) / 2 + PE
    Total System Jitter     (TSJ):    0.050ns
    Discrete Jitter          (DJ):    0.152ns
    Phase Error              (PE):    0.099ns

    Location             Delay type                Incr(ns)  Path(ns)    Netlist Resource(s)
  -------------------------------------------------------------------    -------------------
    G4                                                0.000     0.000 f  reset_n (IN)
                         net (fo=0)                   0.000     0.000    reset_n
    G4                   IBUF (Prop_ibuf_I_O)         1.062     1.062 f  reset_n_IBUF_inst/O
                         net (fo=45, routed)          4.601     5.663    datapath/Audio_Codec/audio_inout/reset_n_IBUF
    SLICE_X142Y117       LUT1 (Prop_lut1_I0_O)        0.116     5.779 r  datapath/Audio_Codec/audio_inout/process_q[10]_i_1/O
                         net (fo=147, routed)         2.356     8.135    datapath/Audio_Codec/initialize_audio/SR[0]
    SLICE_X158Y127       FDSE                                         r  datapath/Audio_Codec/initialize_audio/state_reg[1]/S
  -------------------------------------------------------------------    -------------------

                         (clock clk_out2_clk_wiz_1 rise edge)
                                                      0.000     0.000 r  
    BUFGCTRL_X0Y2        BUFG                         0.000     0.000 r  clk_IBUF_BUFG_inst/O
                         net (fo=305, routed)         1.643     1.643    datapath/Audio_Codec/audiocodec_master_clock/inst/clk_in1
    MMCME2_ADV_X0Y2      MMCME2_ADV (Prop_mmcme2_adv_CLKIN1_CLKOUT1)
                                                     -3.494    -1.851 r  datapath/Audio_Codec/audiocodec_master_clock/inst/mmcm_adv_inst/CLKOUT1
                         net (fo=1, routed)           1.760    -0.091    datapath/Audio_Codec/audiocodec_master_clock/inst/clk_out2_clk_wiz_1
    BUFGCTRL_X0Y3        BUFG (Prop_bufg_I_O)         0.091     0.000 r  datapath/Audio_Codec/audiocodec_master_clock/inst/clkout2_buf/O
                         net (fo=115, routed)         1.697     1.697    datapath/Audio_Codec/initialize_audio/CLK
    SLICE_X158Y127       FDSE                                         r  datapath/Audio_Codec/initialize_audio/state_reg[1]/C

Slack:                    inf
  Source:                 reset_n
                            (input port)
  Destination:            datapath/Audio_Codec/initialize_audio/state_reg[3]/R
                            (rising edge-triggered cell FDRE clocked by clk_out2_clk_wiz_1  {rise@0.000ns fall@10.000ns period=20.000ns})
  Path Group:             (none)
  Path Type:              Setup (Max at Slow Process Corner)
  Data Path Delay:        8.135ns  (logic 1.178ns (14.478%)  route 6.957ns (85.522%))
  Logic Levels:           2  (IBUF=1 LUT1=1)
  Clock Path Skew:        1.697ns (DCD - SCD + CPR)
    Destination Clock Delay (DCD):    1.697ns
    Source Clock Delay      (SCD):    0.000ns
    Clock Pessimism Removal (CPR):    0.000ns
  Clock Uncertainty:      0.178ns  ((TSJ^2 + DJ^2)^1/2) / 2 + PE
    Total System Jitter     (TSJ):    0.050ns
    Discrete Jitter          (DJ):    0.152ns
    Phase Error              (PE):    0.099ns

    Location             Delay type                Incr(ns)  Path(ns)    Netlist Resource(s)
  -------------------------------------------------------------------    -------------------
    G4                                                0.000     0.000 f  reset_n (IN)
                         net (fo=0)                   0.000     0.000    reset_n
    G4                   IBUF (Prop_ibuf_I_O)         1.062     1.062 f  reset_n_IBUF_inst/O
                         net (fo=45, routed)          4.601     5.663    datapath/Audio_Codec/audio_inout/reset_n_IBUF
    SLICE_X142Y117       LUT1 (Prop_lut1_I0_O)        0.116     5.779 r  datapath/Audio_Codec/audio_inout/process_q[10]_i_1/O
                         net (fo=147, routed)         2.356     8.135    datapath/Audio_Codec/initialize_audio/SR[0]
    SLICE_X159Y127       FDRE                                         r  datapath/Audio_Codec/initialize_audio/state_reg[3]/R
  -------------------------------------------------------------------    -------------------

                         (clock clk_out2_clk_wiz_1 rise edge)
                                                      0.000     0.000 r  
    BUFGCTRL_X0Y2        BUFG                         0.000     0.000 r  clk_IBUF_BUFG_inst/O
                         net (fo=305, routed)         1.643     1.643    datapath/Audio_Codec/audiocodec_master_clock/inst/clk_in1
    MMCME2_ADV_X0Y2      MMCME2_ADV (Prop_mmcme2_adv_CLKIN1_CLKOUT1)
                                                     -3.494    -1.851 r  datapath/Audio_Codec/audiocodec_master_clock/inst/mmcm_adv_inst/CLKOUT1
                         net (fo=1, routed)           1.760    -0.091    datapath/Audio_Codec/audiocodec_master_clock/inst/clk_out2_clk_wiz_1
    BUFGCTRL_X0Y3        BUFG (Prop_bufg_I_O)         0.091     0.000 r  datapath/Audio_Codec/audiocodec_master_clock/inst/clkout2_buf/O
                         net (fo=115, routed)         1.697     1.697    datapath/Audio_Codec/initialize_audio/CLK
    SLICE_X159Y127       FDRE                                         r  datapath/Audio_Codec/initialize_audio/state_reg[3]/C

Slack:                    inf
  Source:                 reset_n
                            (input port)
  Destination:            datapath/Audio_Codec/initialize_audio/initA_reg[0]/R
                            (rising edge-triggered cell FDRE clocked by clk_out2_clk_wiz_1  {rise@0.000ns fall@10.000ns period=20.000ns})
  Path Group:             (none)
  Path Type:              Setup (Max at Slow Process Corner)
  Data Path Delay:        7.820ns  (logic 1.178ns (15.062%)  route 6.642ns (84.938%))
  Logic Levels:           2  (IBUF=1 LUT1=1)
  Clock Path Skew:        1.697ns (DCD - SCD + CPR)
    Destination Clock Delay (DCD):    1.697ns
    Source Clock Delay      (SCD):    0.000ns
    Clock Pessimism Removal (CPR):    0.000ns
  Clock Uncertainty:      0.178ns  ((TSJ^2 + DJ^2)^1/2) / 2 + PE
    Total System Jitter     (TSJ):    0.050ns
    Discrete Jitter          (DJ):    0.152ns
    Phase Error              (PE):    0.099ns

    Location             Delay type                Incr(ns)  Path(ns)    Netlist Resource(s)
  -------------------------------------------------------------------    -------------------
    G4                                                0.000     0.000 f  reset_n (IN)
                         net (fo=0)                   0.000     0.000    reset_n
    G4                   IBUF (Prop_ibuf_I_O)         1.062     1.062 f  reset_n_IBUF_inst/O
                         net (fo=45, routed)          4.601     5.663    datapath/Audio_Codec/audio_inout/reset_n_IBUF
    SLICE_X142Y117       LUT1 (Prop_lut1_I0_O)        0.116     5.779 r  datapath/Audio_Codec/audio_inout/process_q[10]_i_1/O
                         net (fo=147, routed)         2.041     7.820    datapath/Audio_Codec/initialize_audio/SR[0]
    SLICE_X157Y127       FDRE                                         r  datapath/Audio_Codec/initialize_audio/initA_reg[0]/R
  -------------------------------------------------------------------    -------------------

                         (clock clk_out2_clk_wiz_1 rise edge)
                                                      0.000     0.000 r  
    BUFGCTRL_X0Y2        BUFG                         0.000     0.000 r  clk_IBUF_BUFG_inst/O
                         net (fo=305, routed)         1.643     1.643    datapath/Audio_Codec/audiocodec_master_clock/inst/clk_in1
    MMCME2_ADV_X0Y2      MMCME2_ADV (Prop_mmcme2_adv_CLKIN1_CLKOUT1)
                                                     -3.494    -1.851 r  datapath/Audio_Codec/audiocodec_master_clock/inst/mmcm_adv_inst/CLKOUT1
                         net (fo=1, routed)           1.760    -0.091    datapath/Audio_Codec/audiocodec_master_clock/inst/clk_out2_clk_wiz_1
    BUFGCTRL_X0Y3        BUFG (Prop_bufg_I_O)         0.091     0.000 r  datapath/Audio_Codec/audiocodec_master_clock/inst/clkout2_buf/O
                         net (fo=115, routed)         1.697     1.697    datapath/Audio_Codec/initialize_audio/CLK
    SLICE_X157Y127       FDRE                                         r  datapath/Audio_Codec/initialize_audio/initA_reg[0]/C

Slack:                    inf
  Source:                 reset_n
                            (input port)
  Destination:            datapath/Audio_Codec/initialize_audio/initA_reg[1]/R
                            (rising edge-triggered cell FDRE clocked by clk_out2_clk_wiz_1  {rise@0.000ns fall@10.000ns period=20.000ns})
  Path Group:             (none)
  Path Type:              Setup (Max at Slow Process Corner)
  Data Path Delay:        7.820ns  (logic 1.178ns (15.062%)  route 6.642ns (84.938%))
  Logic Levels:           2  (IBUF=1 LUT1=1)
  Clock Path Skew:        1.697ns (DCD - SCD + CPR)
    Destination Clock Delay (DCD):    1.697ns
    Source Clock Delay      (SCD):    0.000ns
    Clock Pessimism Removal (CPR):    0.000ns
  Clock Uncertainty:      0.178ns  ((TSJ^2 + DJ^2)^1/2) / 2 + PE
    Total System Jitter     (TSJ):    0.050ns
    Discrete Jitter          (DJ):    0.152ns
    Phase Error              (PE):    0.099ns

    Location             Delay type                Incr(ns)  Path(ns)    Netlist Resource(s)
  -------------------------------------------------------------------    -------------------
    G4                                                0.000     0.000 f  reset_n (IN)
                         net (fo=0)                   0.000     0.000    reset_n
    G4                   IBUF (Prop_ibuf_I_O)         1.062     1.062 f  reset_n_IBUF_inst/O
                         net (fo=45, routed)          4.601     5.663    datapath/Audio_Codec/audio_inout/reset_n_IBUF
    SLICE_X142Y117       LUT1 (Prop_lut1_I0_O)        0.116     5.779 r  datapath/Audio_Codec/audio_inout/process_q[10]_i_1/O
                         net (fo=147, routed)         2.041     7.820    datapath/Audio_Codec/initialize_audio/SR[0]
    SLICE_X157Y127       FDRE                                         r  datapath/Audio_Codec/initialize_audio/initA_reg[1]/R
  -------------------------------------------------------------------    -------------------

                         (clock clk_out2_clk_wiz_1 rise edge)
                                                      0.000     0.000 r  
    BUFGCTRL_X0Y2        BUFG                         0.000     0.000 r  clk_IBUF_BUFG_inst/O
                         net (fo=305, routed)         1.643     1.643    datapath/Audio_Codec/audiocodec_master_clock/inst/clk_in1
    MMCME2_ADV_X0Y2      MMCME2_ADV (Prop_mmcme2_adv_CLKIN1_CLKOUT1)
                                                     -3.494    -1.851 r  datapath/Audio_Codec/audiocodec_master_clock/inst/mmcm_adv_inst/CLKOUT1
                         net (fo=1, routed)           1.760    -0.091    datapath/Audio_Codec/audiocodec_master_clock/inst/clk_out2_clk_wiz_1
    BUFGCTRL_X0Y3        BUFG (Prop_bufg_I_O)         0.091     0.000 r  datapath/Audio_Codec/audiocodec_master_clock/inst/clkout2_buf/O
                         net (fo=115, routed)         1.697     1.697    datapath/Audio_Codec/initialize_audio/CLK
    SLICE_X157Y127       FDRE                                         r  datapath/Audio_Codec/initialize_audio/initA_reg[1]/C





Min Delay Paths
--------------------------------------------------------------------------------------
Slack:                    inf
  Source:                 scl
                            (input port)
  Destination:            datapath/Audio_Codec/initialize_audio/twi_controller/dScl_reg/D
                            (rising edge-triggered cell FDRE clocked by clk_out2_clk_wiz_1  {rise@0.000ns fall@10.000ns period=20.000ns})
  Path Group:             (none)
  Path Type:              Hold (Min at Fast Process Corner)
  Data Path Delay:        0.619ns  (logic 0.263ns (42.432%)  route 0.356ns (57.568%))
  Logic Levels:           1  (IBUF=1)
  Clock Path Skew:        0.909ns (DCD - SCD - CPR)
    Destination Clock Delay (DCD):    0.909ns
    Source Clock Delay      (SCD):    0.000ns
    Clock Pessimism Removal (CPR):    -0.000ns

    Location             Delay type                Incr(ns)  Path(ns)    Netlist Resource(s)
  -------------------------------------------------------------------    -------------------
    W5                                                0.000     0.000 r  scl (INOUT)
                         net (fo=1, unset)            0.000     0.000    scl_IOBUF_inst/IO
    W5                   IBUF (Prop_ibuf_I_O)         0.263     0.263 r  scl_IOBUF_inst/IBUF/O
                         net (fo=1, routed)           0.356     0.619    datapath/Audio_Codec/initialize_audio/twi_controller/scl_IBUF
    SLICE_X162Y121       FDRE                                         r  datapath/Audio_Codec/initialize_audio/twi_controller/dScl_reg/D
  -------------------------------------------------------------------    -------------------

                         (clock clk_out2_clk_wiz_1 rise edge)
                                                      0.000     0.000 r  
    BUFGCTRL_X0Y2        BUFG                         0.000     0.000 r  clk_IBUF_BUFG_inst/O
                         net (fo=305, routed)         0.879     0.879    datapath/Audio_Codec/audiocodec_master_clock/inst/clk_in1
    MMCME2_ADV_X0Y2      MMCME2_ADV (Prop_mmcme2_adv_CLKIN1_CLKOUT1)
                                                     -1.502    -0.624 r  datapath/Audio_Codec/audiocodec_master_clock/inst/mmcm_adv_inst/CLKOUT1
                         net (fo=1, routed)           0.595    -0.029    datapath/Audio_Codec/audiocodec_master_clock/inst/clk_out2_clk_wiz_1
    BUFGCTRL_X0Y3        BUFG (Prop_bufg_I_O)         0.029    -0.000 r  datapath/Audio_Codec/audiocodec_master_clock/inst/clkout2_buf/O
                         net (fo=115, routed)         0.909     0.909    datapath/Audio_Codec/initialize_audio/twi_controller/CLK
    SLICE_X162Y121       FDRE                                         r  datapath/Audio_Codec/initialize_audio/twi_controller/dScl_reg/C

Slack:                    inf
  Source:                 sda
                            (input port)
  Destination:            datapath/Audio_Codec/initialize_audio/twi_controller/dSda_reg/D
                            (rising edge-triggered cell FDRE clocked by clk_out2_clk_wiz_1  {rise@0.000ns fall@10.000ns period=20.000ns})
  Path Group:             (none)
  Path Type:              Hold (Min at Fast Process Corner)
  Data Path Delay:        0.627ns  (logic 0.246ns (39.166%)  route 0.381ns (60.834%))
  Logic Levels:           1  (IBUF=1)
  Clock Path Skew:        0.909ns (DCD - SCD - CPR)
    Destination Clock Delay (DCD):    0.909ns
    Source Clock Delay      (SCD):    0.000ns
    Clock Pessimism Removal (CPR):    -0.000ns

    Location             Delay type                Incr(ns)  Path(ns)    Netlist Resource(s)
  -------------------------------------------------------------------    -------------------
    V5                                                0.000     0.000 r  sda (INOUT)
                         net (fo=1, unset)            0.000     0.000    sda_IOBUF_inst/IO
    V5                   IBUF (Prop_ibuf_I_O)         0.246     0.246 r  sda_IOBUF_inst/IBUF/O
                         net (fo=1, routed)           0.381     0.627    datapath/Audio_Codec/initialize_audio/twi_controller/sda_IBUF
    SLICE_X162Y121       FDRE                                         r  datapath/Audio_Codec/initialize_audio/twi_controller/dSda_reg/D
  -------------------------------------------------------------------    -------------------

                         (clock clk_out2_clk_wiz_1 rise edge)
                                                      0.000     0.000 r  
    BUFGCTRL_X0Y2        BUFG                         0.000     0.000 r  clk_IBUF_BUFG_inst/O
                         net (fo=305, routed)         0.879     0.879    datapath/Audio_Codec/audiocodec_master_clock/inst/clk_in1
    MMCME2_ADV_X0Y2      MMCME2_ADV (Prop_mmcme2_adv_CLKIN1_CLKOUT1)
                                                     -1.502    -0.624 r  datapath/Audio_Codec/audiocodec_master_clock/inst/mmcm_adv_inst/CLKOUT1
                         net (fo=1, routed)           0.595    -0.029    datapath/Audio_Codec/audiocodec_master_clock/inst/clk_out2_clk_wiz_1
    BUFGCTRL_X0Y3        BUFG (Prop_bufg_I_O)         0.029    -0.000 r  datapath/Audio_Codec/audiocodec_master_clock/inst/clkout2_buf/O
                         net (fo=115, routed)         0.909     0.909    datapath/Audio_Codec/initialize_audio/twi_controller/CLK
    SLICE_X162Y121       FDRE                                         r  datapath/Audio_Codec/initialize_audio/twi_controller/dSda_reg/C

Slack:                    inf
  Source:                 reset_n
                            (input port)
  Destination:            datapath/Audio_Codec/initialize_audio/data_i_reg[4]/CE
                            (rising edge-triggered cell FDRE clocked by clk_out2_clk_wiz_1  {rise@0.000ns fall@10.000ns period=20.000ns})
  Path Group:             (none)
  Path Type:              Hold (Min at Fast Process Corner)
  Data Path Delay:        1.337ns  (logic 0.186ns (13.905%)  route 1.151ns (86.095%))
  Logic Levels:           1  (IBUF=1)
  Clock Path Skew:        0.905ns (DCD - SCD - CPR)
    Destination Clock Delay (DCD):    0.905ns
    Source Clock Delay      (SCD):    0.000ns
    Clock Pessimism Removal (CPR):    -0.000ns

    Location             Delay type                Incr(ns)  Path(ns)    Netlist Resource(s)
  -------------------------------------------------------------------    -------------------
    G4                                                0.000     0.000 r  reset_n (IN)
                         net (fo=0)                   0.000     0.000    reset_n
    G4                   IBUF (Prop_ibuf_I_O)         0.186     0.186 r  reset_n_IBUF_inst/O
                         net (fo=45, routed)          1.151     1.337    datapath/Audio_Codec/initialize_audio/reset_n_IBUF
    SLICE_X159Y126       FDRE                                         r  datapath/Audio_Codec/initialize_audio/data_i_reg[4]/CE
  -------------------------------------------------------------------    -------------------

                         (clock clk_out2_clk_wiz_1 rise edge)
                                                      0.000     0.000 r  
    BUFGCTRL_X0Y2        BUFG                         0.000     0.000 r  clk_IBUF_BUFG_inst/O
                         net (fo=305, routed)         0.879     0.879    datapath/Audio_Codec/audiocodec_master_clock/inst/clk_in1
    MMCME2_ADV_X0Y2      MMCME2_ADV (Prop_mmcme2_adv_CLKIN1_CLKOUT1)
                                                     -1.502    -0.624 r  datapath/Audio_Codec/audiocodec_master_clock/inst/mmcm_adv_inst/CLKOUT1
                         net (fo=1, routed)           0.595    -0.029    datapath/Audio_Codec/audiocodec_master_clock/inst/clk_out2_clk_wiz_1
    BUFGCTRL_X0Y3        BUFG (Prop_bufg_I_O)         0.029    -0.000 r  datapath/Audio_Codec/audiocodec_master_clock/inst/clkout2_buf/O
                         net (fo=115, routed)         0.905     0.905    datapath/Audio_Codec/initialize_audio/CLK
    SLICE_X159Y126       FDRE                                         r  datapath/Audio_Codec/initialize_audio/data_i_reg[4]/C

Slack:                    inf
  Source:                 reset_n
                            (input port)
  Destination:            datapath/Audio_Codec/initialize_audio/data_i_reg[0]/CE
                            (rising edge-triggered cell FDRE clocked by clk_out2_clk_wiz_1  {rise@0.000ns fall@10.000ns period=20.000ns})
  Path Group:             (none)
  Path Type:              Hold (Min at Fast Process Corner)
  Data Path Delay:        1.406ns  (logic 0.186ns (13.227%)  route 1.220ns (86.773%))
  Logic Levels:           1  (IBUF=1)
  Clock Path Skew:        0.905ns (DCD - SCD - CPR)
    Destination Clock Delay (DCD):    0.905ns
    Source Clock Delay      (SCD):    0.000ns
    Clock Pessimism Removal (CPR):    -0.000ns

    Location             Delay type                Incr(ns)  Path(ns)    Netlist Resource(s)
  -------------------------------------------------------------------    -------------------
    G4                                                0.000     0.000 r  reset_n (IN)
                         net (fo=0)                   0.000     0.000    reset_n
    G4                   IBUF (Prop_ibuf_I_O)         0.186     0.186 r  reset_n_IBUF_inst/O
                         net (fo=45, routed)          1.220     1.406    datapath/Audio_Codec/initialize_audio/reset_n_IBUF
    SLICE_X160Y125       FDRE                                         r  datapath/Audio_Codec/initialize_audio/data_i_reg[0]/CE
  -------------------------------------------------------------------    -------------------

                         (clock clk_out2_clk_wiz_1 rise edge)
                                                      0.000     0.000 r  
    BUFGCTRL_X0Y2        BUFG                         0.000     0.000 r  clk_IBUF_BUFG_inst/O
                         net (fo=305, routed)         0.879     0.879    datapath/Audio_Codec/audiocodec_master_clock/inst/clk_in1
    MMCME2_ADV_X0Y2      MMCME2_ADV (Prop_mmcme2_adv_CLKIN1_CLKOUT1)
                                                     -1.502    -0.624 r  datapath/Audio_Codec/audiocodec_master_clock/inst/mmcm_adv_inst/CLKOUT1
                         net (fo=1, routed)           0.595    -0.029    datapath/Audio_Codec/audiocodec_master_clock/inst/clk_out2_clk_wiz_1
    BUFGCTRL_X0Y3        BUFG (Prop_bufg_I_O)         0.029    -0.000 r  datapath/Audio_Codec/audiocodec_master_clock/inst/clkout2_buf/O
                         net (fo=115, routed)         0.905     0.905    datapath/Audio_Codec/initialize_audio/CLK
    SLICE_X160Y125       FDRE                                         r  datapath/Audio_Codec/initialize_audio/data_i_reg[0]/C

Slack:                    inf
  Source:                 reset_n
                            (input port)
  Destination:            datapath/Audio_Codec/initialize_audio/data_i_reg[1]/CE
                            (rising edge-triggered cell FDRE clocked by clk_out2_clk_wiz_1  {rise@0.000ns fall@10.000ns period=20.000ns})
  Path Group:             (none)
  Path Type:              Hold (Min at Fast Process Corner)
  Data Path Delay:        1.406ns  (logic 0.186ns (13.227%)  route 1.220ns (86.773%))
  Logic Levels:           1  (IBUF=1)
  Clock Path Skew:        0.905ns (DCD - SCD - CPR)
    Destination Clock Delay (DCD):    0.905ns
    Source Clock Delay      (SCD):    0.000ns
    Clock Pessimism Removal (CPR):    -0.000ns

    Location             Delay type                Incr(ns)  Path(ns)    Netlist Resource(s)
  -------------------------------------------------------------------    -------------------
    G4                                                0.000     0.000 r  reset_n (IN)
                         net (fo=0)                   0.000     0.000    reset_n
    G4                   IBUF (Prop_ibuf_I_O)         0.186     0.186 r  reset_n_IBUF_inst/O
                         net (fo=45, routed)          1.220     1.406    datapath/Audio_Codec/initialize_audio/reset_n_IBUF
    SLICE_X160Y125       FDRE                                         r  datapath/Audio_Codec/initialize_audio/data_i_reg[1]/CE
  -------------------------------------------------------------------    -------------------

                         (clock clk_out2_clk_wiz_1 rise edge)
                                                      0.000     0.000 r  
    BUFGCTRL_X0Y2        BUFG                         0.000     0.000 r  clk_IBUF_BUFG_inst/O
                         net (fo=305, routed)         0.879     0.879    datapath/Audio_Codec/audiocodec_master_clock/inst/clk_in1
    MMCME2_ADV_X0Y2      MMCME2_ADV (Prop_mmcme2_adv_CLKIN1_CLKOUT1)
                                                     -1.502    -0.624 r  datapath/Audio_Codec/audiocodec_master_clock/inst/mmcm_adv_inst/CLKOUT1
                         net (fo=1, routed)           0.595    -0.029    datapath/Audio_Codec/audiocodec_master_clock/inst/clk_out2_clk_wiz_1
    BUFGCTRL_X0Y3        BUFG (Prop_bufg_I_O)         0.029    -0.000 r  datapath/Audio_Codec/audiocodec_master_clock/inst/clkout2_buf/O
                         net (fo=115, routed)         0.905     0.905    datapath/Audio_Codec/initialize_audio/CLK
    SLICE_X160Y125       FDRE                                         r  datapath/Audio_Codec/initialize_audio/data_i_reg[1]/C

Slack:                    inf
  Source:                 reset_n
                            (input port)
  Destination:            datapath/Audio_Codec/initialize_audio/data_i_reg[7]/CE
                            (rising edge-triggered cell FDRE clocked by clk_out2_clk_wiz_1  {rise@0.000ns fall@10.000ns period=20.000ns})
  Path Group:             (none)
  Path Type:              Hold (Min at Fast Process Corner)
  Data Path Delay:        1.406ns  (logic 0.186ns (13.227%)  route 1.220ns (86.773%))
  Logic Levels:           1  (IBUF=1)
  Clock Path Skew:        0.905ns (DCD - SCD - CPR)
    Destination Clock Delay (DCD):    0.905ns
    Source Clock Delay      (SCD):    0.000ns
    Clock Pessimism Removal (CPR):    -0.000ns

    Location             Delay type                Incr(ns)  Path(ns)    Netlist Resource(s)
  -------------------------------------------------------------------    -------------------
    G4                                                0.000     0.000 r  reset_n (IN)
                         net (fo=0)                   0.000     0.000    reset_n
    G4                   IBUF (Prop_ibuf_I_O)         0.186     0.186 r  reset_n_IBUF_inst/O
                         net (fo=45, routed)          1.220     1.406    datapath/Audio_Codec/initialize_audio/reset_n_IBUF
    SLICE_X160Y125       FDRE                                         r  datapath/Audio_Codec/initialize_audio/data_i_reg[7]/CE
  -------------------------------------------------------------------    -------------------

                         (clock clk_out2_clk_wiz_1 rise edge)
                                                      0.000     0.000 r  
    BUFGCTRL_X0Y2        BUFG                         0.000     0.000 r  clk_IBUF_BUFG_inst/O
                         net (fo=305, routed)         0.879     0.879    datapath/Audio_Codec/audiocodec_master_clock/inst/clk_in1
    MMCME2_ADV_X0Y2      MMCME2_ADV (Prop_mmcme2_adv_CLKIN1_CLKOUT1)
                                                     -1.502    -0.624 r  datapath/Audio_Codec/audiocodec_master_clock/inst/mmcm_adv_inst/CLKOUT1
                         net (fo=1, routed)           0.595    -0.029    datapath/Audio_Codec/audiocodec_master_clock/inst/clk_out2_clk_wiz_1
    BUFGCTRL_X0Y3        BUFG (Prop_bufg_I_O)         0.029    -0.000 r  datapath/Audio_Codec/audiocodec_master_clock/inst/clkout2_buf/O
                         net (fo=115, routed)         0.905     0.905    datapath/Audio_Codec/initialize_audio/CLK
    SLICE_X160Y125       FDRE                                         r  datapath/Audio_Codec/initialize_audio/data_i_reg[7]/C

Slack:                    inf
  Source:                 reset_n
                            (input port)
  Destination:            datapath/Audio_Codec/initialize_audio/msg_reg/CE
                            (rising edge-triggered cell FDRE clocked by clk_out2_clk_wiz_1  {rise@0.000ns fall@10.000ns period=20.000ns})
  Path Group:             (none)
  Path Type:              Hold (Min at Fast Process Corner)
  Data Path Delay:        1.406ns  (logic 0.186ns (13.227%)  route 1.220ns (86.773%))
  Logic Levels:           1  (IBUF=1)
  Clock Path Skew:        0.905ns (DCD - SCD - CPR)
    Destination Clock Delay (DCD):    0.905ns
    Source Clock Delay      (SCD):    0.000ns
    Clock Pessimism Removal (CPR):    -0.000ns

    Location             Delay type                Incr(ns)  Path(ns)    Netlist Resource(s)
  -------------------------------------------------------------------    -------------------
    G4                                                0.000     0.000 r  reset_n (IN)
                         net (fo=0)                   0.000     0.000    reset_n
    G4                   IBUF (Prop_ibuf_I_O)         0.186     0.186 r  reset_n_IBUF_inst/O
                         net (fo=45, routed)          1.220     1.406    datapath/Audio_Codec/initialize_audio/reset_n_IBUF
    SLICE_X160Y125       FDRE                                         r  datapath/Audio_Codec/initialize_audio/msg_reg/CE
  -------------------------------------------------------------------    -------------------

                         (clock clk_out2_clk_wiz_1 rise edge)
                                                      0.000     0.000 r  
    BUFGCTRL_X0Y2        BUFG                         0.000     0.000 r  clk_IBUF_BUFG_inst/O
                         net (fo=305, routed)         0.879     0.879    datapath/Audio_Codec/audiocodec_master_clock/inst/clk_in1
    MMCME2_ADV_X0Y2      MMCME2_ADV (Prop_mmcme2_adv_CLKIN1_CLKOUT1)
                                                     -1.502    -0.624 r  datapath/Audio_Codec/audiocodec_master_clock/inst/mmcm_adv_inst/CLKOUT1
                         net (fo=1, routed)           0.595    -0.029    datapath/Audio_Codec/audiocodec_master_clock/inst/clk_out2_clk_wiz_1
    BUFGCTRL_X0Y3        BUFG (Prop_bufg_I_O)         0.029    -0.000 r  datapath/Audio_Codec/audiocodec_master_clock/inst/clkout2_buf/O
                         net (fo=115, routed)         0.905     0.905    datapath/Audio_Codec/initialize_audio/CLK
    SLICE_X160Y125       FDRE                                         r  datapath/Audio_Codec/initialize_audio/msg_reg/C

Slack:                    inf
  Source:                 reset_n
                            (input port)
  Destination:            datapath/Audio_Codec/initialize_audio/data_i_reg[6]/CE
                            (rising edge-triggered cell FDRE clocked by clk_out2_clk_wiz_1  {rise@0.000ns fall@10.000ns period=20.000ns})
  Path Group:             (none)
  Path Type:              Hold (Min at Fast Process Corner)
  Data Path Delay:        1.544ns  (logic 0.186ns (12.038%)  route 1.358ns (87.962%))
  Logic Levels:           1  (IBUF=1)
  Clock Path Skew:        0.904ns (DCD - SCD - CPR)
    Destination Clock Delay (DCD):    0.904ns
    Source Clock Delay      (SCD):    0.000ns
    Clock Pessimism Removal (CPR):    -0.000ns

    Location             Delay type                Incr(ns)  Path(ns)    Netlist Resource(s)
  -------------------------------------------------------------------    -------------------
    G4                                                0.000     0.000 r  reset_n (IN)
                         net (fo=0)                   0.000     0.000    reset_n
    G4                   IBUF (Prop_ibuf_I_O)         0.186     0.186 r  reset_n_IBUF_inst/O
                         net (fo=45, routed)          1.358     1.544    datapath/Audio_Codec/initialize_audio/reset_n_IBUF
    SLICE_X159Y125       FDRE                                         r  datapath/Audio_Codec/initialize_audio/data_i_reg[6]/CE
  -------------------------------------------------------------------    -------------------

                         (clock clk_out2_clk_wiz_1 rise edge)
                                                      0.000     0.000 r  
    BUFGCTRL_X0Y2        BUFG                         0.000     0.000 r  clk_IBUF_BUFG_inst/O
                         net (fo=305, routed)         0.879     0.879    datapath/Audio_Codec/audiocodec_master_clock/inst/clk_in1
    MMCME2_ADV_X0Y2      MMCME2_ADV (Prop_mmcme2_adv_CLKIN1_CLKOUT1)
                                                     -1.502    -0.624 r  datapath/Audio_Codec/audiocodec_master_clock/inst/mmcm_adv_inst/CLKOUT1
                         net (fo=1, routed)           0.595    -0.029    datapath/Audio_Codec/audiocodec_master_clock/inst/clk_out2_clk_wiz_1
    BUFGCTRL_X0Y3        BUFG (Prop_bufg_I_O)         0.029    -0.000 r  datapath/Audio_Codec/audiocodec_master_clock/inst/clkout2_buf/O
                         net (fo=115, routed)         0.904     0.904    datapath/Audio_Codec/initialize_audio/CLK
    SLICE_X159Y125       FDRE                                         r  datapath/Audio_Codec/initialize_audio/data_i_reg[6]/C

Slack:                    inf
  Source:                 reset_n
                            (input port)
  Destination:            datapath/Audio_Codec/initialize_audio/stb_reg/CE
                            (rising edge-triggered cell FDRE clocked by clk_out2_clk_wiz_1  {rise@0.000ns fall@10.000ns period=20.000ns})
  Path Group:             (none)
  Path Type:              Hold (Min at Fast Process Corner)
  Data Path Delay:        1.556ns  (logic 0.186ns (11.950%)  route 1.370ns (88.050%))
  Logic Levels:           1  (IBUF=1)
  Clock Path Skew:        0.905ns (DCD - SCD - CPR)
    Destination Clock Delay (DCD):    0.905ns
    Source Clock Delay      (SCD):    0.000ns
    Clock Pessimism Removal (CPR):    -0.000ns

    Location             Delay type                Incr(ns)  Path(ns)    Netlist Resource(s)
  -------------------------------------------------------------------    -------------------
    G4                                                0.000     0.000 r  reset_n (IN)
                         net (fo=0)                   0.000     0.000    reset_n
    G4                   IBUF (Prop_ibuf_I_O)         0.186     0.186 r  reset_n_IBUF_inst/O
                         net (fo=45, routed)          1.370     1.556    datapath/Audio_Codec/initialize_audio/reset_n_IBUF
    SLICE_X158Y123       FDRE                                         r  datapath/Audio_Codec/initialize_audio/stb_reg/CE
  -------------------------------------------------------------------    -------------------

                         (clock clk_out2_clk_wiz_1 rise edge)
                                                      0.000     0.000 r  
    BUFGCTRL_X0Y2        BUFG                         0.000     0.000 r  clk_IBUF_BUFG_inst/O
                         net (fo=305, routed)         0.879     0.879    datapath/Audio_Codec/audiocodec_master_clock/inst/clk_in1
    MMCME2_ADV_X0Y2      MMCME2_ADV (Prop_mmcme2_adv_CLKIN1_CLKOUT1)
                                                     -1.502    -0.624 r  datapath/Audio_Codec/audiocodec_master_clock/inst/mmcm_adv_inst/CLKOUT1
                         net (fo=1, routed)           0.595    -0.029    datapath/Audio_Codec/audiocodec_master_clock/inst/clk_out2_clk_wiz_1
    BUFGCTRL_X0Y3        BUFG (Prop_bufg_I_O)         0.029    -0.000 r  datapath/Audio_Codec/audiocodec_master_clock/inst/clkout2_buf/O
                         net (fo=115, routed)         0.905     0.905    datapath/Audio_Codec/initialize_audio/CLK
    SLICE_X158Y123       FDRE                                         r  datapath/Audio_Codec/initialize_audio/stb_reg/C

Slack:                    inf
  Source:                 reset_n
                            (input port)
  Destination:            datapath/Audio_Codec/initialize_audio/data_i_reg[2]/CE
                            (rising edge-triggered cell FDRE clocked by clk_out2_clk_wiz_1  {rise@0.000ns fall@10.000ns period=20.000ns})
  Path Group:             (none)
  Path Type:              Hold (Min at Fast Process Corner)
  Data Path Delay:        1.664ns  (logic 0.186ns (11.172%)  route 1.478ns (88.828%))
  Logic Levels:           1  (IBUF=1)
  Clock Path Skew:        0.906ns (DCD - SCD - CPR)
    Destination Clock Delay (DCD):    0.906ns
    Source Clock Delay      (SCD):    0.000ns
    Clock Pessimism Removal (CPR):    -0.000ns

    Location             Delay type                Incr(ns)  Path(ns)    Netlist Resource(s)
  -------------------------------------------------------------------    -------------------
    G4                                                0.000     0.000 r  reset_n (IN)
                         net (fo=0)                   0.000     0.000    reset_n
    G4                   IBUF (Prop_ibuf_I_O)         0.186     0.186 r  reset_n_IBUF_inst/O
                         net (fo=45, routed)          1.478     1.664    datapath/Audio_Codec/initialize_audio/reset_n_IBUF
    SLICE_X160Y126       FDRE                                         r  datapath/Audio_Codec/initialize_audio/data_i_reg[2]/CE
  -------------------------------------------------------------------    -------------------

                         (clock clk_out2_clk_wiz_1 rise edge)
                                                      0.000     0.000 r  
    BUFGCTRL_X0Y2        BUFG                         0.000     0.000 r  clk_IBUF_BUFG_inst/O
                         net (fo=305, routed)         0.879     0.879    datapath/Audio_Codec/audiocodec_master_clock/inst/clk_in1
    MMCME2_ADV_X0Y2      MMCME2_ADV (Prop_mmcme2_adv_CLKIN1_CLKOUT1)
                                                     -1.502    -0.624 r  datapath/Audio_Codec/audiocodec_master_clock/inst/mmcm_adv_inst/CLKOUT1
                         net (fo=1, routed)           0.595    -0.029    datapath/Audio_Codec/audiocodec_master_clock/inst/clk_out2_clk_wiz_1
    BUFGCTRL_X0Y3        BUFG (Prop_bufg_I_O)         0.029    -0.000 r  datapath/Audio_Codec/audiocodec_master_clock/inst/clkout2_buf/O
                         net (fo=115, routed)         0.906     0.906    datapath/Audio_Codec/initialize_audio/CLK
    SLICE_X160Y126       FDRE                                         r  datapath/Audio_Codec/initialize_audio/data_i_reg[2]/C





